{"type":"FeatureCollection","features":[{"type":"Feature","id":"371602","properties":{"name":"滨城区","cp":[118.020149,37.384842],"childNum":1},"geometry":{"type":"Polygon","coordinates":["@@B@@ACEAC@AD@@IDAP@@C@AA@E@@EC@@C@ABIB@HBDEH@DFLABBBDBDBBF@B@@GDAB@BFJ@@BHBFMCABEG@A@@C@C@@DABCG@@EAAA@@DEA@EGAA@@@@@BEAEEECAGBCCAA@ECEGEC@ACC@AA@CD@@ABC@CGAAA@@BKE@DIA@AGE@AAA@BKGB@A@@H@@CEAACG@@@AAAE@G@ACCCBCA@E@G@@@@HCPCB@@@CGAAGDAA@AEO@AFACIA@@@DAD@@BF@@@@AL@BBDA@DF@FBH@B@LGF@@@@AD@DCDIB@FBFA@ACACE@@BABIF@JBBCGACA@IBEBACGEE@@@ABEAEBA@A@@@A@AEBGBUBGCEGCC@EDCJGB@@BLBH@DADGDA@@AAA@@E@AC@BC@AF@BA@@BA@@CAC@C@@@CBA@ACA@ED@AACEB@DE@A@@ACAAB@D@BC@@A@AAAAAG@AB@JAA@CAAA@@FC@ABIABA@GAAE@E@@F@DSEBA@ADEDB@IBAHBBA@MNCA@CIAEQBAA@AAG@AC@G@@K@AB@@IBCDAH@J@B@@A@KLE@CD@@A@IBC@CBA@IBCDED@@@B@BABCACC@@@CAAAECIC@ESCEAADABCAC@@AFQ@@E@A@@A@AE@G@@BAFA@BQA@C@@ABCE@CC@AF@@CBCFB@CBA@@@@@@@CBCEACA@AIE@G@A@AOA@@@KB@D@@GBOCAA@GAAB@FI@@FGAAA@A@AO@AAC@ABAJ@B@@@HEDEAGHG@IBK@AABMC@@GQECDG@CBG@EAC@@FCBIAECE@@@ABBD@@B@AHABE@@EC@CBA@@JBB@@@@D@BHB@@LBDB@B@@@DA@BBHE@@@NHDAB@DBHJCFABA@AAAA@DAFD@@BAPC@A@ADCFAACAGB@@AB@CEA@HIFA@ABE@CE@BA@@CE@GAEGGCA@@BBH@@BB@B@@AB@@@B@@A@B@@B@@ADA@@BCLA@CBWMSGIECACAA@MAAAC@IAE@C@C@EDEJIHKFQFGBOFY@@@IAKCAB@DAB@@AJ@@@@@DVJHJCJKDC@@@@@U@O@ENCL@P@P@@@@@B@N@@@@@NARARAH@@@@AFIJ@BC@@B@FABA@@D@BC@@GA@A@@P@DD@BRDFFCDB@FB@D@@B@LBBD@AF@DE@EDAD@DB@@@B@DAD@DBBBBDBD@B@@CHALFLJFHHHJ@LCHKJAD@@CBIJADEB@FA@@BDDAH@@A@@CAACNC@ARBDC@AF@DN@@DDADBHFBBFA@EF@@DBH@BA@@@BDCFA@EAABA@AFC@CAIJ@@ADA@ABAFDB@DB@@A@@@FDBH@JBDJ@BABB@BB@BIJFDB@D@B@@ADALC@@FA@AD@LAH@RFB@D@FCBCD@DB@@LBD@BB@FCPBBB@ADAF@H@@F@B@BBAFB@@BGB@@@B@@B@@@@@@DCB@@@HEA@BBJBB@@DB@@BBAB@@C@A@@DF@@D@HB@FABBBBBAFCGGACBCDCDDH@ACBAXCDGDCFCF@FB@BFB@AB@@FD@@@@@@@@CD@BABC@CDAD@BDB@ACDA@AHFBABABEBEBAFABHDBBADE@@A@@ADED@@@BAHBDCA@@AFAD@ACB@BBHBD@JJF@JBBB@F@DABCF@DA@@BBFBBCDCAADBBFBCDDDBB@@@ACCDGB@BBFBJAJ@BCHAP@NBX@LBLI@MFIFI\\MjCJ@@D@@FBB@JAHJDBDBB@JDB@@@@@FB@@@D@DDBAD@@F@BFPEHAFAB@@JB@JADB@BB@B@HA"],"encodeOffsets":[[120965,38487]]}},{"type":"Feature","id":"371603","properties":{"name":"沾化区","cp":[118.129902,37.698456],"childNum":1},"geometry":{"type":"Polygon","coordinates":["@@FAJCLAN@^@`AbG`E¸E\\A^CQaACAACCCAECAA@CBADAJAD@F@@ADABCBCDI@A@AAACACAAA@AAE@CCEAG@CA@CACAEAA@AA@@@ABADE@CBC@C@C@E@EBE@CAEAIAI@A@GCM@SAIC_@CDABA@@AG@CBAFCBAGCIC@MBG@IBO@@C@A@BEOAAA@ABEDAD@JBF@BKBG@A@CAE@E@QJ@DABIEABADC@CDK@@DBAF@@DCHW@AA@AABCBAEADE@CA@E@AA@ABA@A@I@CBKHABCFQB@B@@B@VAFDBD@HEAEGB@IH@FIBEAOBEB@JFBDBBHBADB@bHCFB@NBADHBADBBB@AD@@LDDEBCDAD@JEHFDADBJBD@LUAABENY@AA@I@@AAGB@H@@BDBD@@CH@AI@@@EBAH@HCDA@AAC@AC@AA@CBABAD@@A@A@AI@@C@CL@@EB@B@BCBABEAABC@AEA@CA@AFK@A@AAAAACCICGACCE@AL@CEE@@KAA@@LINABE@@@ICCKEGBAKA@E@@CBCAC@G@AMAI@@AC@E@ABC@@A@GBA@MBEC@CBACAKAEEBACAEDKACCCEBBOKAAAAEE@AAAEDAAECAAAAA@AA@@FA@@CCAAIKAECIBGEECE@S@CBABCDGCEACBCDCDGCGF@DGA@AKAAB@DAFA@E@ACBA@AAAC@KH@BABCAEIQAABC@EC@@AECBA@CSCGA@ABG@C@BIE@@AH@@CC@AE@AAA@CGCI@@CBAJABGC@@FABE@@EBAB@@QAECECAEGABCC@EDEACKCM@ECEGGBA@A@@ACAIBA@@IA@EBGBOFAEE@@@BCCA@C@C@@EA@@@@A@ICA@CACAGIIBA@EA@@@CI@iD[NEJEJ@NKJKAW@MAO@GBADI@IBEAAAA@CHDD@B@@AACCDCEAAABCDBDCAAAE@AB@@CDEBA@C@EAAIAE@IIC@GAAAA@BDC@EB@BB@CDGAAB@@C@CF@BB@@@CFABCAAGEBABAFAFABABGE@BCBBDA@ACC@CB@DADABC@@D@@@@@@C@@EA@@BEA@AEAE@EDCDCHWDABBDG@CCCDADBDHHEDABAAAAEB@BBBA@CBD@B@@B@DA@@@ICEABEGCA@G@]CWBQHIHW\\KJMHMHUJSJYX@@@@EAAB@FGFF@DBNF@B@DADEB@BBFDADF@BA@@BHJ@@@@@@ABABA@@@@@@@F@@@@B@@E@@HF@BH@B@@C@@B@LCA@BAXB@NFB@DB@HE@A@AH@H@DJ@@FARBFDFBFDFD@DA@AI@HCDEBCDATCCC@DA@@C@ADCHBDA@ECB@A@ABAFB@DB@@EAE@AD@BDB@B@@AL@JDHFF@F@B@@BC@A@@BJABEF@@E@@DBB@HABCL@@A@@JAD@ACFBF@@EFADADB@BHFJDJ@D@DDBH@DBBDABDBHCB@FBFB@BB@PB@@G@@D@DFDHCDB@D@ZEB@@DBFDBDB@BHFHC@BDHBFCDADBJDDCDCBGBBF@DD@AGD@BHFF@@H@ADFL@LB@J@BBFFD@ABCAE@CDADBBLB@FBBRBFBHDDHHB@@@ADAJ@@BABA@A@DBB@@ABC@AA@@EA@@@@@E@A@DCDIIEBAB@FEDAB@FB@BTLFBD@@@FAJAD@DBDB@@@JBBAFDDDBB@B@B@FBDBFE@@BBDDB@@BABCCCD@F@@HBD@BG@AFB@BAHABA@@@GRDDLB@DBCAE@GDEDB@@AL@DB@BED@F@CHKREL@NHXHhDFLFN@L@H@DDFHFNAV@NFVHTFX@DABAD{fCF@DDHJPNTFTJ@ZAV@LBHDDBB@D@DADCJEFEHDBBBPPZZNR"],"encodeOffsets":[[120910,39078]]}},{"type":"Feature","id":"371621","properties":{"name":"惠民县","cp":[117.508941,37.483876],"childNum":1},"geometry":{"type":"Polygon","coordinates":["@@DBBLBFAB@BDDFDD@BAHADDDBFAN@@DEBCBADDHF@BBAHF@@CBACEDBDFJA@AHABBBB@D@@C@BD@BKDAB@HBJD@@DE@@DI@@LCL@DEFSPKXALCP@PFNDL@NBH@@@@@HBNUXGHEDOJ_PKDQTJN@@@@BDFJBJBNAH@@@@@BMPGH@@@@A@IFU@OAOCc@SDGHHJRHCD@@@@CDMD[FDPFD@@@@FDPDNBNBJL@NTHJHLHHHJLLHPEBA@@@@HEPGNCPCTIPGNAPBPLJPAPEN@@CFEAAB@FBDF@ADEDGBA@AA@@CBEDA@FDNFJAD@DB@@@AB@HBDFDHDDD@@BB@@AFGDAJ@B@DJFFBBD@AH@HBBFAD@H@F@D@B@@CDADBD@B@BEBAD@FFDFDB@@@@@@@CDAHED@DI@GB@F@AC@@DA@C@CHGBAD@BA@CA@@CBAL@FCH@B@BDBBABADBHBBDA@FHB@@@@@@HJADABAA@D@DBDB@BBF@BGDCDAD@DB@FB@AD@BF@@DDBRD@BB@B@@ABBD@BDDBBDNFBEFAF@@CB@@@LC@ARCREZILOHOBUASCOAMAQEoAIBSTMN@RFDD@@@@NJJR@@@@@BTFTJZZBD@@@@HJRRLFB@@AHAFB@BAFE@CBAJB@@BJABA@EHCJ@D@DA@AJAHBBCACA@BC@@BBABHBB@B@@@H@@@D@D@AJB@H@HHBBAHLBB@@CFCJA@GBEB@D@BCBCBAD@ACBQD@DMBB@DB@@@BGCC@AB@@EFABCJIDA@@BCLIDG@KGIGGIEEKBKDG@@@AACACAACAC@CBA@@@A@@CBCFCF@@CBEC@AA@K@AC@A@@ECAEDCEAQC@@C@OB@B@@HD@@A@CB@BA@E@AD@@AJIBE@@@@BGBQBQ@M@@@@@M@A@@@@@O@ODKFMP@V@@@@@D@LCDIGIUI@C@@@@BI@@BA@CBAQGIE[Ue[GCGCM@M@SDGBaDqJA@ODEBIFYTIFMBCBA@CAOGGCGCOSEIEGAEAM@IAIEKKKEGIEQECCCC@ACQGe@IEIEGMKCCEAOC_EKCIAICMGKGIE@@UCSE]EUCECSSAHA@AB@FCFABALAFEP@@@@@BCLCNCR@TEPGLMLKLKH@BAFCFKLCFCD@@ADADCF"],"encodeOffsets":[[120219,38118]]}},{"type":"Feature","id":"371622","properties":{"name":"阳信县","cp":[117.581326,37.640492],"childNum":1},"geometry":{"type":"Polygon","coordinates":["@@FLDNBPDP@JFLJJLJLFPLHLFHFR@LCL@BAD@BADCPBPBNDNFLJNLJNHNFHF@BBB@HCFABA@JNABA@DNF@B@@A@@BALIHADA@U@GCED@@CC@EGECAOF@CI@CFABEDITALFPJLFHJHRLLJKHG\\GPFNHPCJKJSDA@@@@FCRCF@D@BBDBBDDZJPHJDDB@BAD@F@BDDD@FH@@@BBDBB@V@L@BB@HLBB@ABB@BB@B@BHJIBAD@BHDCD@B@DD@HBFDFEDEFDHCBFFBF@@@AEDABHDBBA@C@C@AAADEB@F@BCHCHD@DBBJB@@B@F@BHR@FC@@AC@CAAJAAIB@@AN@FDL@@BDDB@BAD@J@JADA@ABCLA@@HCFAB@HCBAACL@BHFBBBBFFABD@DDALEC@@@DCD@DE@ACBAA@CBCB@D@F@BDJBH@@FCBBLBBAH@@D@@@@@CBDJABBFB@BABA@CB@@ECABADB@I@AE@@AFE@EHEF@HLBBDBBAFADALBBFCBC\\@BB@JDRFBW@ADB@K@AD@@@@AAGE@@GF@@@@A@@E@@@@@@@B@BABA@@@@@@GI@AB@@ACECBAE@AFABC@C@AMECAE@HE@EBAFB@@@@ZWTIVINGNGLIX[JGRGXA^DH@B@HDAFFBJD@@B@@C@AA@C@DAB@AA@AA@@G@CE@@CB@D@@@BAAA@@CA@@AAAI@AFB@G@@DA@C@@@@A@@@@A@@HA@AA@BEAAA@E@@@@GBEBCA@AADO@EAAC@KA@@CAC@ADEDC@A@QEG@KBC@@BEB@@KDCB@BA@C@A@ECJI@AAAA@BA@ACIIAG@CA@E@@@BA@@CCABEBAB@BC@@JIDBD@BEB@BAFBB@DEAC@@B@@AAG@CE@@FEBAAGECACB@CM@@CBEABADADC@A@AF@HIBED@DA@KABGAAGGG@A@BIC@C@@@G@@@A@A@GABAAA@@ADB@BDADGAIB@BCBC@I@GD@FABIB@AA@BIDAF@BE@AEAGB@BA@KEQQGI@@@@ACYYSISE@A@@@@IQMI@@@@CCQEM@SNATBJFpBRBNDPBTAVGPKPYJQFQD@BKD@@A@@DE@EBAFMEACCAACC@AA@BA@A@@AQCCA@CE@@ABCA@@ECAC@CBCDAHE@AAA@AC@C@CBBBABCGI@@@@@@GA@ECBAAAGBCBAAAACA@G@EDK@AB@DB@@DABC@ABGH@D@DCB@@BDE@A@@HCJC@GFCB@D@@@@@@CACEEEC@ABAFA@C@CACB@DA@C@E@G@C@EBAA@GBGC@AAEECIA@I@CBEH@BA@@AC@CCCGCEGAA@@B@@CAC@IBMEECB@FCDA@@BBB@HAFCBCE@AC@EBAFBDE@@FMBOIOOKOAMBOHSJODMDOHGF@@@@ABOFKGIKGGKGIGSGKLIDMB[DEJGJGLEN"],"encodeOffsets":[[120088,38434]]}},{"type":"Feature","id":"371625","properties":{"name":"博兴县","cp":[118.123096,37.147002],"childNum":1},"geometry":{"type":"Polygon","coordinates":["@@CB@DA@GBEAGBQ@@DBD@FKAGBAJDB@BBFADM@@@@DE@BB@B@@@@BBE@EBAJBD@B@BAAADAP@BCA@DFN@@D@@@@XB@D@FBJ@BBBB@HA@@B@FB@@DFD@CD@BBBH@DCBGBA@@AC@CAIBA@BAC@IB@FCDBDC@@DBDDDABABADCF@@@@AD@JA@GBCBCDCDA@G@BH@@A@C@AA@AAIG@QCGAE@IBECECKC@FE@@A@EGAEACA@FEAAD@@ABAD@BDBCD@@C@A@CFCDB@@BEA@@ABCA@H@HABJDLDDIJHHBDBBD@DNFAB@@JBCBBB@@CDGJCFCF@DGDADALBBB@@DC@EC@F@@D@BB@D@@E@@F@BA@B@DD@FFBFDLHBBEH@F@B@@B@@BB@BBBBB@@BB@@BB@BBB@BB@@B@@B@BEFAAA@CPAAA@@DAFD@AHB@DBAP@HC@A@@L@@PB@B@B@HJF@BDBFBAD@D@@@@@@AB@DEAAD@DE@@BDDF@AD@BD@B@ARB@BE@AH@F@@B@BB@F@@@ER@BD@DBBABCFBTD@FJDFDBBDB@@D@BDADABA@@@C@CFAD@JAB@DAD@J@BC@@DKF@L@BA@I@G@CBAD@JA@@B@LH@D@@BBH@BBBRABFDJB@MD@NABGAAB@JCACF@BABTF@C@EF@F@BB@HABJBBAD@@EB@BB@DBB@IBAH@BBBB@B@BD@@A@CBADB@BB@F@@CFABD@BFCB@BDB@DA@@D@D@DB@@PFbRbP@@PFF@J@@CBG@OBAFBBAACBARDD@@ABAB@L@H@DF@DCHBBJA@FN@BCBABQ@EB@JA@CBAD@@BB@DCB@BB@B@@@@F@RBDABED@@AAAAAAAAC@A\\@D@VBB@@S@g@QD@BAAKBCD@L@@@@@BA@EAKBAFATBF@@A@CJBBAAAG@A@ACBED@L@H@B@BAF@AIBADANB@ECAE@AABAT@@A@KF@@I@E@AM@ACAACAISAAG@I@EMAGBABANBAAGCLQDADCHI@CF@JC@@@CH@BE@CB@@AAGF@BIBAD@AE@ADA@GF@@A@EE@AEE@@IC@@IA@@S@CA@I@@GA@E@AE@@EBCBAAGI@CACQBAC@GC@CAA@ACBEBCH@@B@E@AA@I@C@DMDDHG@CAA@CB@B@DC@ABEACE@GD@@AEEDABE@A@ACB@B@D@BAAEFAAEH@BCAEI@AECCCE@GD@DGBABAAIAIACBEB@@C@AMGKGAGDCB@@AAGCEIGE@G@CACE@E@CCCIBCAACAEA@AAAEI@@OAA@A@BCFGD@CAAMDGB@BE@@@@AG@ACAAO@GB@E@@@@@CE@AKBC@IGAQB@EAAE@@C@IAAC@GCAEACG@@DC@EACCCEGACB@DKDA@C@BFGBBD@@@@@@B@@B@DADS@"],"encodeOffsets":[[121020,37866]]}},{"type":"Feature","id":"371623","properties":{"name":"无棣县","cp":[117.616325,37.740848],"childNum":1},"geometry":{"type":"Polygon","coordinates":["@@E[HORM|cqfYRKlS\\@ZJàČV@PEDMÏĽAE@IDEBAMQYYOOAACAFGFEDIBC@C@CAACCAG@KBU@YIESMSIOCG@CDE|eBCBA@CEWGSEU@MBUEMEGCCG@K@M@KECEGgGW@MFKLQDGE@C@AFA@@CBK@@CACF@HBFAD@CKACCHQ@@B@BABG@AEA@BAHC@GA@@@EDCDDBA@AA@CCAA@@EFCAEAA@A@A@CACCBEAA@I@@CACAC@IBEB@@C@EASK@AEAA@CBEFA@ABJFCJCDB@F@@@@@B@@FB@@BAD@BA@CAB@B@BA@AI@CB@B@@GACGGCEAQAAA@EKAAABCDCF@DBBAC@EEAAI@A@@KEKBCG@@@EEAGC@BHC@@CAEHADADCCCAIBCDCAECG@AGDGE@ACACAAE@CA@YFC@A@DCCGCEC@@@@HA@@OAAA@AE@EDAAGACCBAA@CAGCCC@I@ICGE@ACACBEB@FE@EABDC@IB@@@BK@ADGBA@CA@@@FE@AFIB@AB@D@@AA@E@E@GEICK@@BA@A@ACC@@BBF@FA@@CEAAB@B@BDA@FCBGACD@B@DB@@CDDSDCBADCFGDJ@@BCBC@CEAECEAEBQ@EI@@C@GBGB@F@@GCAA@MEA@QEICA@@AD[DAAEKACBEBABCAAAGKE@GF@FEF@BF@@B@JCAABDB@FA@@DABABA@AEBACIDA@@@@C@@@BGAAAKDA@EG@IAACE@C@A@AD@DBBDA@BCFC@CD@@D@KFCB@CACEBAEAAEAAGK@BDABGDA@EBGD@@KBAD@BCBIBI@C@ABA@CC@AK@ECM@@BA@BJIBBB@DBD@@EDQ@AGE@A@@@IAAA@CGCGDADE@A@CFBB@B@D@DABCAAGCBBF@@E@EAAEGDADBBKDCB@DDBADA@C@BBABG@@B@HFD@BDHCBDHABC@ABBFI@IBE@AJE@BBGB@AC@AB@HHB@BBDJ@D@DBFDBDL@DABF@BEBCBBBDABDABFFDDAB@@BFFNJN@@@@BD@DF@BA@@@C@@BAFJBD@DABCH@@@BHFDBB@D@B@B@D@JFJFDD@BBF@FBBBBDBFDHBDBBBBB@DBFIBAHGFC@GBGBCBGFCD@DDL@BA@@B@JA@@GAD@F@@GHKDMBKAQBINAL@NALAJQZCLTJNDnPDHBNCNAPAJ@LCPAPQPKHOB@@DF@D@FBF@FDDBBDDHFDDDDBBDD@B@@@@@B@@A@@@@@@B@B@@@@A@@@A@@@@B@@@D@@@@@@@@@@@@@@@@B@@@@B@@@@A@@@@B@AA@@B@@A@@@@B@@B@@@@@@B@B@@B@B@@B@@@B@@@BA@@@@@@@@B@@@@@@@@@@@@AB@@@B@@@@B@B@BAB@@@B@BBB@@@@@@@BB@@@B@BAB@@@B@@BBBBB@@@D@B@B@B@B@B@B@BB@@D@HHFDHBJ@PBJ@FALCFAF@NDN@XDN@LAH@D@FBDDDDFDHBD@JAZEJ@F@HDHHFFDBNJFBDFBH@J@FBDBDHHFFDHFFFDPFD@BBHBF@JDDDBJ@JCPCHAF@DBDDD@BDB@AB@BA@@B@@@D@BB@@BB@B@BB@BB@@D@DA@@B@FBB@BADA@@B@B@@@@BBDBBB@B@DBBB@@@@@B@B@@A@@BE@C@EDABABABDDDDBHDJ@DAFADBFFHDFDHDDBBB@@B@D@H@DBBBBNFRJHFh`BBFHHHDLHLv"],"encodeOffsets":[[120726,39221]]}},{"type":"Feature","id":"371626","properties":{"name":"邹平县","cp":[117.736807,36.87803],"childNum":1},"geometry":{"type":"Polygon","coordinates":["@@E@C@C@GCBG@AOBEEAE@@@@@@A@@A@AAQG@A@CAGBG@IDC@E@A@@C@AEAAA@@A@BAFA@@@@GA@@G@@EO@@HEBE@ABA@C@@IGBCCEB@Cq@@AC@CAAC@E@IJIAM@AA@@EA@CCCKC@A@A@AE@IAIEA@CDA@ED@@@@A@EE@@GA@C@@ID@@EA@@ARABK@I@A@@B@DDDEBA@AB@@B@@@BA@@B@@@BA@B@B@@@B@@@@@@B@DDAB@HAHGDC@EDCFCCGAA@EDCFAAG@@C@@CG@@@ACK@EAEAGDDDDDBBGHAFC@ABBB@BAB@BG@CA@CGAACB@@BD@DCACCA@CACCCB@B@DE@GA@ADCACEAB@BAA@AB@@ACC@A@ACBE@@A@@@@@AA@@CAA@ECCA@@@@A@@E@@A@@CEBE@A@GAECCI@@@@CC@A@@@A@@@@@E@EC@AF@AA@A@EAACCC@CB@@A@@@AAA@@@A@A@A@A@@DCAA@E@@@@@MBCF@DA@A@AAAG@AKAGFE@C@CABG@ACAIAA@@BBHEBA@E@AD@@@H@FBB@@@@NHPPLH@DELN`FDBDSJ[FG@G@CCe@IJEJCPOXOLm`UJkPMHQRIJMPOPEXBTFNHPCNEJGNOTIFMD]L@FIDE@DPFFDA@CBAHAB@DA@CD@@@DNPFHBBDDL@JCDC@GDUHAFBDFBF@@CB@AFBBADGFCDE@ACE@C@G@@CCAC@@CA@@EACA@@@C@AA@CAAKC@G@AAAAB@DGB@DADA@ABAHIBC@EB@BK@@CKAGAAAA@@D@B@@IAADE@AADE@AB@ADB@@@DG@C@A[E@BCBCACCC@MBI@OCGCGFMJMDCAAAGEIIWESBGHEPETETGVIJOHKD[JMDIHMN@PJFLFNJHJFT@PB@@BCDGBABABBDFDbGLAH@F@NF@@RJTNPHLBJBfDTBHBLJXXTTFDVD^FTFVD@@JFLHNHJDJBLD@ABGCA@C@AFB@CAABIBCDB@GB@D@CA@AL@DBNGFAAED@BA@CACAAA@@AKA@KB@D@@ED@BC@K@EBAF@BABAHC@DHBB@@CB@B@BAD@HBHBBBB@FBBBD@B@B@D@B@D@F@B@DAJCFAD@HAJAJAFAJCHANEJCJABA@@RAJATCF@B@B@D@P@D@BBB@B@D@F@DAD@B@HCDADAF@D@F@H@TBL@B@B@NFB@D@D@FBF@F@F@FBB@D@J@D@F@DAB@F@D@B@DAD@HAD@D@D@H@F@F@H@B@DAF@DA@A@@AE@AAAB@A@@AA@@A@@@C@@@A@A@@AC@CBA@EAA@GEKEGH@@EBCHABA@ABB@BDAAAB@D@@BH@@EBADB@DN@@GFADC@A@EA@CA@E@@@@BBB@@AB@@AC@CA@M@ABCAE@ADAAIF@@C`ADCR@TADA@C@GF@AS@EF@@QJEF@@C@@@@FAACFABCJAFEBG@OBC@@@A@@ACAG@EB@BFDF@D@B@BDFFDBA@GD@@CA@CC@EBABBBB@HB@BA@GD@@DDBBBF@@BD@FA@@AWE@@EAAC@GC@EAAG@G@C@@ABA@@@M"],"encodeOffsets":[[120772,37778]]}}],"UTF8Encoding":true}