{"type":"FeatureCollection","features":[{"type":"Feature","id":"371521","properties":{"name":"阳谷县","cp":[115.784287,36.113708],"childNum":1},"geometry":{"type":"Polygon","coordinates":["@@@AA@@G@@D@BC@O@AD@BA@KBEBAAIEOEIKMKMMMGKAIDKLQFQDWL[DSNGRCRCNCRECIEEICMImE[CKCEGsyYWaSKGGCMAeE_IYIYSGCC@G@SJIBE@oQECAAAECECEGCK@G@GDGDIHC@G@K@EB@@C@A@EBCAA@A@@@AAOCGAEAAAAA@@AAAAA@@AA@A@AAAAAACACACCAAAAB@BC@@B@H@WS@OGAECG@GAE@A@C@YCCA@@@@@@A@C@G@A@A@ABABC@EBIBA@GAE@AAA@CAA@AAE@EAA@AAA@CAAACCA@A@BA@@CCCEAC@EAG@CA@GEAACCCAOAEAECKCECAA@B@BAD@FFHFFFDF@D@DDBDBHBFDFFFBF@LD^DVFHFLA@C@AB@DBFEBDNAPDLB@B@@@B@@@@B@@@FA@ABCBBJB@D@ABEPEJKPGP@VB`HbBX@@@@@LFRPPVTTZLPFLJFBB@@@@HDDPFNBB@@@@FJFNHPDN@PARAJ@@@@AJGREN@@@@CDR@X@FADDBBD@DA@@BABAB@@AFAB@B@BADABEBAB@HB@AD@HAFDBBNAHL@BABAB@@BLDBJNFAJKTC@@@BBBNAFA@ANDDDHHDB@AF@DB@@@DPFB@BB@CJ@@BB@@@@A@AHCB@BDCBDHBBF@DAD@@BBDF@JCB@AA@AHCACB@JLBABB@BA@@BDD@@F@VC@@B@@ALADA@CF@T@FBADD@D@B@@C@@B@@DJ@@ADEDBL@F@ACD@NDDDHB@E@APANB@@@DP@BA@@BAAA@ABANIHE@BH@D@BC@C@AGE@A@A@@BAFGB@BA@A@AA@AA@ABCDABBLBBBD@FB@FJ@DA@A@@PB@@@@BD@@F@@AHBBDG@AAA@@@DH@FHDB@@ADAB@P@@CBCF@BEJ@"],"encodeOffsets":[[118865,37144]]}},{"type":"Feature","id":"371524","properties":{"name":"东阿县","cp":[116.248855,36.336004],"childNum":1},"geometry":{"type":"Polygon","coordinates":["@@FCTENANGNGNMXUHMFM@QCICGBMJKZ@PABB@@BBB@BBDDB@@@BBB@@ABADCLAPC@@CED@@EDAFBBA@AEK@ADEB@DCDABB@@LG@@@AFBTJD@BA@AGQF@@C@@BA@@@@@@HDFDD@BCEKBAAAA@BAECA@MQEICGCCICGA@@KKIGKIGICKCIAAGECECIAGAAECC@WFQ@M@GAEGEKCKGEMA[BS@MCSIQIMEUEYGUEQGQKOQGICKCKMMOMKMEI@MGIQOQIMKOOGEEIKMOMAACA@@@@KCIAQBQ@O@OBU@IE@ODQCKUESASCKCICIECCAIQFMDQDQDMHCTK\\CXERKRCLBJHLNNLNLNFJFPBJABAF@LABC@@B@PADC@@@@HB@@BI`D@@B@@@D@DBDfAB@@DBADADNDHBF@@@@BFFLDHCBADBDA@@@A@@DE@@BGBA@@FD@@F@HABA@@@@@@HF@FDHAFBDB@FFDB@@CD@DBBB@BC@BH@@F@B@DD@DOHEBBHCBBFDFF@@BCBBBF@@AFAF@FBH@@GD@@AJ@@HBBB@PEDCBGD@ANFFD@L@D@PA@@@CB@@@@@H@\\CXJTPTBRGLBNLPEPLDNHJTHPN@@DBDD@@@@RTNJRBJBPDRHTPPLANCN@RPN^N`fHNJJFD@B"],"encodeOffsets":[[119195,37402]]}},{"type":"Feature","id":"371502","properties":{"name":"东昌府区","cp":[115.980023,36.45606],"childNum":1},"geometry":{"type":"Polygon","coordinates":["@@EKBCF@BEBIBC@C@O@CCI@AAAECDC@AAC@@AA@AA@AA@A@@@ADC@@@@AA@@CA@@AA@A@@@A@@BAB@B@B@B@@@B@DEFCDAFABC@@@AAA@@AAA@@BA@@@AAA@CC@A@A@@@@AACBA@@@CCAA@@@AB@@A@@B@AAAAAAA@A@AAA@@A@@A@BABAB@@A@A@A@A@ABA@@BAFAD@HAJAD@D@BCB@BAD@DBD@D@@ABA@@BA@A@AAABCB@@@B@@BB@B@B@@@B@DABAD@F@B@DA@@BA@@@A@A@@CC@A@@BAF@B@@A@@@C@A@A@A@CBCAA@CAAAA@@@A@EF@DB@EJ@BCB@@CBCBAF@@D^@FAHDBB@FB@H@JE@DH@H@LLPLBBJ@HBHBF@@ENC@GJB@G@@B@@DJ@BHF@BFD@ACJABAAAF@@@BBF@AABCDCFAL@PJBJT@BCAIAGC@AA@ADAAABA@AGIA@BAAGA@C@C@A@A@@CAAEK@C@EDBBBD@@DF@B@@EB@BB@@NABA@CD@@CACCB@ACGDAF@PCDBBFHADBH@DAAC@AB@@CFAHABDDAAAB@@@BBD@@ACGGBCB@@@@@OEWAEE@@@CCBGDCF@BAAG@CB@AKBE@AD@BBBB@D@@B@DC@CHAAA@C@AG@@CCAO@EC@A@CB@BGACAACCA@CCC@EKFAAEBAJCBAF@PAD@@@@@B@DALGBAACAIHCDAJABG@EBADCC@EEBMC@AHCDOFA@AA@GI@@BC@@HG@EAE@EB@BE@AADA@AE@CEAEDAAGFAPG@CCCA@E@@@AGD@@AAACAC@@DA@EC@ECAEAGBECE@@G@@@@B@BA@G@EC@@EB@HA@AF@@CB@@@B@ACBCDACGEKAE@@@@AECGCMCBAB@CA@eBAC@C@C@@@AC@J_I@AFE@AD@DO@A@CB@BA@GC@ECG@@B@BBH@ACGA@BE@@@AC@@@@OA@@@BCBI@@EEAC@AAKAAACBAD@BBBB@@B@BABA@EHAB@@@B@BHF@B@DADC@G@@AGFMJAB@BBBAB@@ABO@@C@@MAOB@B@FGACCMCC@BDE@K@CACF@BI@@CA@@@@DA@C@C@BCEAS@E@@DCBKB@BA@@@UDE@@@CC@AB@@AAAABIKA@BDGD@BBBA@IDE@AC@AC@CBE@AACGDAACA@GD@B@B@@A@@AI@@DAAA@OE@C@@CAE@@BCAGGCCMC@BEBMBAA@A@@SDILEBIMCAAK@@BABA@AGKMBAAECGBC@@BGAA@ABAFCBABA@A@EB@BA@ABAB@@CBC@AACCEBW@Q@AP@@@@ADANERORIHIFGHHLJJFLBD@@@@@D@@@@BDENMJCB@@@@KBKHGPAT@PGNID@JDLBPDNANB@@@BBBDBBHFDADDFA@@D@NN@BEBHHF@BDDL@BABBDFABHHBBH@BC@A@BF@F@B@D@J@F@D@H@DHAH@B@@@@@BH@BFABD@@D@@B@@J@@FJA@@@D@@BB@@@DB@HAFABH@FFBABABFDFD@BFFDFBDFAFHBB@BFDLHBBCFAB@FA@@FCJIBAAC@ABDD@DCBDFEFE@A@@DBBB@BBBH@HB@D@BNGB@D@@@@BBBDDRCJGH@DB@@BIDEFG@EB@NAHAB@DHAL@@B@FL@@@@PBBB@BLB@@CH@@DD@ADAF@DA@EBeLGB@@@B@@@@Gl@P@FAFABG@@HL@DBBDBNZ@VBDABA@MBADELGPGH@D@@@@@FANB\\BR@TCHG@@@@DCFGTBLHVDLE@@@@@A@@@@B@@@@@DADMJM@@B@ZAJBB@@@"],"encodeOffsets":[[118692,37551]]}},{"type":"Feature","id":"371522","properties":{"name":"莘县","cp":[115.667291,36.237597],"childNum":2},"geometry":{"type":"MultiPolygon","coordinates":[["@@DAB@B@DBHFPQSA_QP`"],["@@ECQEWK[MWQY[U_OYCCKGECGEME_SMQCBgXMHAD@@BH@XFTDLFNBB@BADCF@@F@BJA@B@D@DZMBBBA@@BGBBLH@@DXE@BD@BPDBDVFH@HBVBHBPAJEHGHGDCFAB@BBLFRJZBJDBDBHBJ@VADBBBBD@HBJDDFFLFHD\\PRDNBPDFBDD@@@D@D@B@D@D@B@B@D@DBB@DBB@BAB@D@D@D@B@B@B@D@D@B@BC@@FAA@@@@@CC@@DA@@FC@BHHA@FD@@BD@BFD@AAB@BBDA@FHA@F@B@DE@@DA@BFBFBDBDFA@AH@@FAB@BD@B@BHA@BD@@@D@BBDFFBB@DBDBDBD@FBD@@BB@BBBBD@D@B@@@B@BBDBBBD@@BR@LAREnG`ALBFDN@NCJAJ@P@JBN@FAF@DC@BDA@@@G@@BC@@@EB@BA@@DBD@@@BA@B@@@BF@@@AB@@B@@@@B@@B@@@DD@@@CBBDA@@A@@@BA@BFA@@@CB@BA@@B@@@@A@@BAB@B@DABA@C@A@C@A@ECCAAB@@CBACSDBDGBC@@B@B@@@BA@@B@@BDE@@DE@@BI@@BA@BBCB@DA@BFA@B@B@@BB@@DB@DH@@CBBHCB@BB@@BBDEA@BB@BJA@@@BDDFADOFgGQIMGKCMEKDAPFJHFHLCTONMPIL@P@@@@@@@@@BAZZCPHPD`DXCNCjMXANCLKZKbBVDLHFJDRFJXDLABEFCF@H@B@BDBHDDF@DNBFD@BA@E@C@CBAB@@A@@DB@@B@@@@@@CJABELADCDAF@@BD@D@BAHAJ@F@BDAFABG@@BBDBD@DA@CBBLFDD@H@DAF@@@BFB@@A@AJ@ACH@AEBAJC^@TBR@dCJBRAJCHM@OBSHOLGLA@@@@DANIFMAC@@@@@C@@@@ACEKIIGKHGJEJGPQFQBMBC@@@@BODC@@@@FMHQBI@@@@BIBQ@OCMGOEMEI@@@@AAEMCOGC@@@@AAIEEKKOSYUSOOEQ@K@@@@AWGaA_@UHOLOFIFOBAC@A@AIDABAB@@E@@@A@@A@@@A@A@CKBOCMFAAE@CBAD@B@EKEGCUC]@KAEEECEAEAGACCCC@E@ECEEEG@EBC@A@A@CEGAACCG@C@E@A@CBABABG@SBOBGBEAKAA@OAKC{gKGKCSCgGORBFDDBBBBBB@BABABADAB@B@@CBA@EACAECCAA@EAAAAA@C@ABCBCDCFCO_"]],"encodeOffsets":[[[118268,36758]],[[118260,36742]]]}},{"type":"Feature","id":"371523","properties":{"name":"茌平县","cp":[116.25335,36.591934],"childNum":1},"geometry":{"type":"Polygon","coordinates":["@@N@DAT@P@@C@@AEB@B@AEHA@GC@AADADE@@@@BAJGRARCLKFMFKFMPMXGJ@@@@@F@TFVHLDLHRHHF@@@@FDNFRKNIRGNA^FNFLBNETGPCTIBE@@@@DEBIFGNA`FHF@@@@FDFD@@@@FBNMJOPK@@@@@@NGPQNITKNGFA@@@@LC`ATBTDLDPFDQAKKMCGBMDGFM@MAK@QEWCOCQCQAOCO@MDQ@AECIIGM_e]MOM@QDMBMOKSOQGOCIAQAMIQS@@@@CCCA@@OMSGGICMOKOFMKKAQHSASOWI[DG@@@@@A@@D@@OBC@K@CDAB@FAHIBCBGDBJBDABKHCBA@@@@@C@OBE@ABIDABBFEBFLD@DDB@DDBBBDAHA@@D@BFDP@DB@DH@@B@DBBGB@DCDA@@@@CAAAAC@@BAFBLA@@DBHABE@CDAHDD@@F@BFFX@P@@@@DAHADH@BC@AA@@A@BBCBACGBEB@DA@@BBDCBG@CAGBAECAODE@CBDH@BDABD@DC@@DABMB@@AAA@@FA@E@@CC@AACA@F@DFLBB@DB@B@D@D@B@BHABB@HJ@BABBBCB@BBBD@BHBJADS@AIOIK@EBCDADBBE@AA@@E@BBABIBBDC@AEE@AGI@@CA@@@@HIA@HMD@FE@GAGAI@AAOKKKG@G@@CIFG@A@@EAAGCEB]@@CE@ABAD@DA@ADI@@FCAE@@F@B@@BBBB@DBBAD@D@B@B@B@D@@@BA@E@AB@@@BDD@@@B@B@@AB@@CBA@E@C@ABCBA@@@A@A@A@@AA@@@A@ADBB@B@BAB@@AB@BC@C@CAC@ABA@ADC@C@IBGBC@EBAB@@AB@B@B@B@B@BA@ABABB@@@@BB@BBB@B@BBBBBBA@@@@BA@@B@@BBDD@@B@DABB@@@@@B@BDDB@BB@@B@@AB@BB@@BB@B@@ADEBCBEDCFA@@@A@A@A@A@AB@@@B@@@BBB@@DB@@BB@@@@CD@B@@@BBBB@@BBB@@BD@BCDFDBB@BDJ@D@P@DADAJAFE@ADFLB@B@@BFDHDBADBFDFBDDB@B@H@BAAC@@RC@C@E@@D@DRL@RDFBB@FB@@JBJPDP@B@@@@@LBRDLJNBBAJDJB@@@@@@@@@@BDABB@D@B@F@DBBDB@HDBB@@FABBDB@H@@FD@@BD@@BB@@DB@"],"encodeOffsets":[[118796,37650]]}},{"type":"Feature","id":"371525","properties":{"name":"冠县","cp":[115.444808,36.483753],"childNum":1},"geometry":{"type":"Polygon","coordinates":["@@@GH@BABE@E@OHk@@@@@A@@HAfKFAB@@CBEBCC@@CG@@DA@AKA@AA@O@@K@@E@AK@GB@CBABG@MFAH@FEJC@AA@@CHGDICQACAA@@@@@CHAAMC@A@@GAGAAA@AA@CB@F@FECEDA@CCCBAD@BBJADI@EB@@EBADEAAKGEC@AAAEGEBACCEEE@AECECBABAEA@EAGEBGBA@@C@@AA@@@C@@IB@EI@@@@AC@@@ACEB@AAG@@@@A@G@GB@C@G@C@E@I@C@A@EAEB@D@@AAGGAAGEBACBA@ACKACE@GGFA@AMMC@@@EBCCCBGEAAACAA@@A@BMCMAOCK@IQBIAcDQ@SA]@IDABBFG@BDI@@B@BA@AE@@E@CBG@C@ECAKDAB@@CACAC@AH@BABEACE@I@GBABC@C@@AE@CBCDKBAFIB@D@@@@A@@@CA@@@BA@AB@D@D@FABC@AECME@CCAGACA@G@E@EDAFKBWCEICQEIKGUCaAYLKLMDWBiNMDWD_COCOGYDCLKPOHOFUDODKFABA@AB@B@B@B@BBBDBBBDBB@BBBDBB@D@DBBBBBBDB@@H@BA@HC@@BD@@B@@@@AB@@B@BHA@BFA@BHEBBBB@@DCB@@@@@D@@A@A@AB@BCB@AA@@@EBBB@ABD@@@@@B@@@BA@@@A@EDABA@A@AAAACC@AACA@@@A@A@AB@B@B@B@@ADAFAB@BBB@@BBDBB@BB@@@B@BA@A@@@K@C@AB@@A@@B@B@BBD@B@B@D@BC@E@E@@B@@@BE@@A@@@FA@@@ABB@@BBH@BRCBFB@@B@@BBB@@CHADDBBBBBDDF@D@B@BA@AB@BABAB@BAB@DBBBDBDB@@@A@KBBB@B@@@BA@ABBB@@DBDDBBDB@@D@B@BAB@@A@A@A@C@@@A@AB@DBD@B@BBDBBDBB@BBBBBDBBBFBDDDBBBBBBBBBBBDDBB@BBB@B@D@B@F@D@F@DDHBH@DBD@FAF@BBDBFBDLCDHJABF@DK@I@@B@B@D@DBD@@BBDBHBB@BBB@CBGFABBBHFFFBDBBBD@B@FB@FED@@AHABABBBBDBBDDDDBDDBBBBB@BDDJBDHFBB@B@D@@@B@B@@AB@BAD@@@B@BB@@@DDBBD@@@FBB@DBB@FBB@B@FBB@BB@BBB@B@D@B@B@BBFDBBBDBBBD@BB@BB@@D@D@B@B@@D@D@FBB@B@D@BBDBBDB@@@@@B@D@DBBEB@BEACB@DB@KFEDEF@@CF@@IH@BIBE@AC@@KD@@@@@JENCVEVERA@@@@DAVBXLNJNLHLXRPHPFNDNBPCLIVOPKLGP@NHLH@@@@BBNFbA@BDBL@BBFNNPB@@I@@HALA@A@CD@@BBFAHCBE@@BFT@@BBDID@@CF@BB@DDJ@@BD@FBBB@B@B@BGFB@CBALA@FRA@BBD@BF@"],"encodeOffsets":[[118517,37584]]}},{"type":"Feature","id":"371526","properties":{"name":"高唐县","cp":[116.229662,36.859755],"childNum":1},"geometry":{"type":"Polygon","coordinates":["@@B@HDHBBCBCD@@A@@F@@@DCBADAB@AMG@IBCCACC@EAAC@@EBAFC@AAAGA@AADABAAMEEEC@@BCL@BB@AB@BAB@@CDGA@@ADCB@DB@EAAA@@@@AG@A@@CAAEBCACBCBDF@DMDAAC@ABIA@CGAACB@ACEMD@BEB@BA@CC@@BA@ACD@@CG@@ABIDCHAP@@DDABA@CACC@AEAIAB@A@@G@E@EAKE@@@CA@FCB@@ACICBAAAGE@@C@A@EFE@AGSAAC@@AA@ABAE@ADAECHCACL@B@@AAA@GD@AEI@@@BFABGCCB@AKG@CMCABABC@CADCEAAAAA@AFBB@CCBAB@BDH@@EBAF@N@BAAABAAEB@D@BCAGFODI@@@@DMCQCKIMGOBMHSNIDKBOAODMFK@YBKOEKCSCSA_BKD@@@@EBMHSLMJORMH@@@@@@OLIPMNEA@@@@ECEC@@@@GE_EMBEHAJCF@@@@AFSJODSHMFKAME]EMBQHMJQLMEEC@@@@GEQGKGKCUGSEE@@@@@I@WHONENELENKLQDQBIHAB@@@@CFCBBBD@@HGBBFA@A@BF@@@DO@S@CBM@@HDL@@BJBJDNBN@LHLDPJNLJDBCBRJED@@BNEB@BBBB@BBBD@@BHC@BF@BE@@BAFBDB@F@BH@BN@@D@HBDHBD@DAFBB@FL@DABB@HA@DDBFC@@DAJE@A\\AB@@CD@@@AB@JCA@BBHFBPDA@DBDB@BDBB@B@BAFABBFC@ACAFCDBBBLJB@LJDBDFFHJDDB@@RDFBHFDDBFBDBH@D@L@@@D@BAD@FB@@D@@DFJLB@FF@DD@ACBABDDAFHDCB@JJBAAA@AD@BBHAJ@BDBFABACA@BFA@JJB@FJE@GFCBAFBDBBRHFBDABBB@DDDHB@@@@@B@BB@@@@BLBFM@@DC@A@@CC@C@@DFH@B@@@DA@BD@DBDBFBB@BJDDAFAAA@ALAD@F@FA@AA@ACAEBCDA@@@AAADCDABGB@BFJ@NABA@CB@JAPKVKLCRGRMNSLCHA@BJ@DD@DA@@BDJB@F@BB@@DAAEF@AE@AB@BHF@B@DCH@@EL@CILA@A@CHAADJ@BD`DVB\\@T@FA@@D@@GDCDGDAH@AC@ANC"],"encodeOffsets":[[119245,37840]]}},{"type":"Feature","id":"371581","properties":{"name":"临清市","cp":[115.713462,36.842598],"childNum":1},"geometry":{"type":"Polygon","coordinates":["@@BA@CEKA@EACBC@GAAC@G@CM@@AAGE@A@ACBE@AF@@AAED@AG@@ACAAA@AA@AFAAM@@FCQIDACAKIIMCOGK@KAMCMAIAI@@CK@GA@@CA@@AC@@AC@@EG@A@ACBA@EA@CA@GCAAA@C@E@A@CAACB@A@@@@@@@@A@CIBIAAIMCKAQ@K@@@@@ACOIOIA@@EAA@EAQCK@CQC@@@@F@DQD@@BDABG@A@A@CCEAECCAABGCEC@AA@A@@@A@IAYBA@@@INCNCB@@@@A@@@@@@B@@@@KFUCKGSAEHCD@@@@GHSDQ@[AMAEB@@@@C@G@OHKHCFAB@NABCBUAY@AMACCAK@E@@AAC@AQB@EKBAB@DEAAHA@A@A@AA@EAC@@CI@CAAE@@DC@CJAA@@ES@AF@DABGAE@AC@@D@BKBGB@@@JA@MOEMAAK@CA@AaBMEAA@@@@KGMGO@KHOLUPKJODMAMCOEOGWQGKMKMIWKUACB@@@@QBUFUFMDIF@@@@C@@LD@@BAFAJG@@JE@@DE@CFEF@LCAA@BDAF@@@@D@@BADB@@@@@BBBBABABAD@BBB@@@BB@F@B@DB@@BBAB@@CB@B@F@B@DBB@@B@B@BBB@B@B@@@BBDDBBAB@@CBC@BDBBBDBB@@D@D@D@@B@@BBA@@BA@ABCB@@@@ABBD@@BB@@BBBAD@B@BBBB@@DDDDBD@@BDBBBFBD@B@@BB@BAD@D@B@@BB@@BBB@B@BBD@B@D@D@B@B@@BBBBD@BDBB@BBDBB@BBB@@@D@D@@@@@B@@@BADA@AB@@@B@B@B@B@B@@@BAD@DABAD@BAB@@B@@B@@B@B@B@@@BCD@B@@@BBB@@BB@@B@@@B@@@BADA@@BAB@@@B@BBBB@@@DBD@H@B@B@BB@DBB@J@DA@@BA@@BC@A@CBABAF@L@@@@B@HAD@BB@@BLGBAFEBCB@B@@@B@B@D@B@B@@@BB@@@B@@BB@BB@BB@BB@BBB@DBB@DBB@D@B@@@B@DBDBB@@@DBB@@@B@BBJDFBB@DBB@B@B@@BJDB@BBBBDBBBDB@@@@@@B@BAB@B@@AB@@@B@@@@@B@@@BB@@@@BB@B@@@B@BB@@@@@BBB@BBDBBB@@B@B@@B@@B@BBD@D@BBB@B@BBDBB@BBB@@@BBBAB@BABAD@@AB@B@@@B@BBBBD@DB@@@@@@@ABAA@@@@@@A@@@@B@@@@@B@@@@@@AB@D@B@@@BD@@A@@B@B@@@@@@A@@BA@@@@@B@BBBDBD@B@@@F@B@BBBBBBBBB@B@B@B@FAB@@@BAB@@@@AB@D@@@B@B@B@@@BBB@BB@FFB@@BBB@BBB@B@B@BBBBBBDBB@@@B@BBB@@AB@DAB@@@BB@@BDD@@BB@@DDBBBBBB@BBB@DB@@BBBBB@BDBDBDDJFBBDDB@DBDBHBB@@@@BBDDFDF@B@@B@@@BB@@B@AE@@JCJFB@BA@@AABAB@D@@@B@DLH@@@B@@B@B@@@F@@@@@@@BB@D@@@@BB@@D@D@DB@FA@G@EB@F@F@BAAOL@@FADBDBBJ@@DD@L@@@@AD@X@BIH@B@BBDDDDHAHCBN@BL@@CDCDAJAD@ADBBBBB@F@HGBGGBGABEDAHAJ@B@@AF@@CDBDBDDFXBBD@B@@BB@BA@KDCD@@EF@NALEJELGREXCXCNANAV@T@@@B@XA^CRDXDP@@DDBXHFADEDAJ@FCHB"],"encodeOffsets":[[118852,37775]]}}],"UTF8Encoding":true}