{"type":"FeatureCollection","features":[{"type":"Feature","id":"330402","properties":{"name":"南湖区","cp":[120.749953,30.764652],"childNum":1},"geometry":{"type":"Polygon","coordinates":["@@BE@CAO@EBCHGBEBCAA@A@AB@B@FDD@D@DA@A@AACAC@ACE@A@A@@@@@@AA@C@C@A@GAC@CB@F@FAFAACACBMAE@EAAC@@AC@UCE@KBA@A@A@@@@E@G@CDI@CBEAK@AAEBC@C@ABA@@@C@A@A@A@ABG@A@ABE@CA@@C@C@A@ACC@C@@AC@A@@BC@A@E@@B@D@@EAAACA@B@EECEEECEEAEEGCGAE@IBE@GBEBCBEDE@G@G@E@KCQAIAOAIAG@E@EDEBGDEBADGFCDCDGBCDEBI@EBG@CAGFADADABA@CAEACC@AAADEBG@G@@BCEABA@ABA@@BCDA@AA@@@C@A@A@AAACCAC@ABC@AFCHCDADGB@@@@AB@D@DAB@FAD@@@@@BIAA@C@EBGEAA@@@CE@@B@@A@A@@@@F@B@@@@@FBBBBBA@B@@AD@BAB@@@BBB@B@@BB@BAJEXRFPH@BCDCBAD@DAPGDADDBDBHBBBB@BBB@ABFDDBMZCA@@@@AAC@E@@AA@@@A@@@@AA@A@A@@BABCFCDCBA@CBAAA@@A@I@E@AOAAAC@C@A@EBA@C@CAC@AACCA@C@CD@@CDC@AACAC@ABAD@D@DABE@EAOIEEC@CBAF@FHJDHBFADABEBIACAACACCCGAE@ADAF@FBFDD@FAHAFNHPFTLDBDBNFFDDDF@LBJBF@H@HBH@B@@B@D@D@B@BAB@@@BABB@@D@B@BBB@B@@BDBB@BBB@B@@A@ED@@A@@B@@A@@@@@@@A@@A@@A@@@@@@@@@@BDBBB@@@@B@@BD@@@B@B@D@DBH@@@B@@@@BF@@@B@B@D@D@B@@@DB@@@@B@B@DBF@@@@A@@@@@A@ADEBA@A@@DBBB@@@BB@DDB@FDDG@@@@@@DC@AA@@A@@@@@@@@@@BADCB@@@HDHDFBFBHDHDHD@@CFCBA@@BA@A@@BADA@ABCDPR@@@B@@BD@@B@B@B@FHLLJFDHBBFDLJNHHDFBDA@@BAD@DAFABA@AA@@AB@BAB@JCPEHC@AAAECCAGECA@AAGAACACECGAECCEEA@@A@C@G@EAEDBFBBBFBDBB@D@B@DAB@BBB@B@B@B@D@B@DBD@D@B@B@@AB@@@BCDBDBDBFAB@F@B@D@B@B@B@@C@CBG@G@AAABABAF@L@FB@BABADDDFBD@@AAI@KAKBGDDHFDBBBDBBBBBBBB@@@BBFDBBD@F@F@D@B@B@BB@@DBB@HBB@"],"encodeOffsets":[[123864,31516]]}},{"type":"Feature","id":"330411","properties":{"name":"秀洲区","cp":[120.720431,30.763323],"childNum":1},"geometry":{"type":"Polygon","coordinates":["@@AACGIEKKEGA@A@A@@@AC@@@A@@OQDCBAB@BC@AB@B@@AB@DADE@@GCGCGCEAEAGCGC@@A@CDAB@@@@@@@@@@@BB@@BCD@@@@@@CHECA@CCA@@A@@AACA@@@BABCF@B@B@@@@@B@@E@CAA@A@@@@@CA@@A@C@C@A@A@@@E@@A@@A@@@G@CAC@A@A@@@C@@AA@@@@@AACA@A@@@@@@@@B@@@@BB@@@@@@@B@@@@AB@@@FCB@@@@AAA@AAAAC@@@AAA@A@A@CA@BA@A@@BA@A@A@C@C@AA@G@GAG@E@IAKAE@CCECMECACASKOEMGBEBG@ECCAE@EBEBCF@HBDDBDBDDBJBFABABCAECGGI@EBEDAD@FFPJFBF@BA@C@CBCBAD@DBBBD@DC@@DCD@B@DDBBD@DBD@B@FAB@D@D@BBPB@B@F@J@BB@BBDAB@DADCDEBA@AB@B@B@@B@@B@@@B@@BF@D@BB@@@@DBNYCAECBAA@AAA@AAGACACABCHCBO@CBCDADC@AOGQEFWBI@AAA@@@AAA@A@@BA@ABC@@@AABAAAA@E@@@@@A@E@@B@B@@@@AF@@D@@BBHFFAD@B@JB@A@@AAAAAAA@BAA@CACACACAA@IE@@@@ECAA@@@@QKMKMM@@GSA@CA@@AA@@AA@@A@@A@@A@@@AA@@AB@@C@A@ABA@C@A@A@ABBDC@E@O@SAMAG@GA[JIBE@@AA@CC@ACAA@A@EFADCBA@C@I@AAE@CAG@EBAAA@@BAB@B@@@DAD@D@@AB@B@B@@CA@@@B@B@B@B@BABABADA@@DCDA@@B@DBB@D@@AB@@@B@BB@B@@@@@B@BA@A@AB@B@@@B@B@D@@B@@@BBD@D@B@B@B@DBB@@@@B@B@B@FAB@FAB@BBB@@B@@@@A@A@@BAB@B@B@@@BDBHHDDBF@J@JALBJDLBHDFDHAFAFCHEBC@EFEFGHGHEFUKA@@@@BABEHS^ABABA@@@@@CA@@A@@@EF@@@B@@@B@@@B@@IJEDAB@@@BAB@B@@@D@@@B@@@BQA@D@@@F@@@D@H@@@JAFBDAB@D@B@D@B@F@@@B@F@@AB@B@B@@AD@FAHA@@@@@KAEAA@A@A@A@C@@@CDCDCDIDBDDDFHDFDFBDDFBDBDDBDFBDBBFFBBBB@B@DFFDBFDFBDFF@BBJFBDBDBBFDBBBBB@@@@@BABAD@B@BADAD@B@DAB@B@@@B@B@B@BA@@B@DBF@D@BBB@BB@@BBB@BBBBDBBBB@@@B@B@B@BAD@@@D@BAB@B@B@FBB@D@@@@@B@@@AEB@@AFADCD@@@@AB@B@@@B@@@@@B@@@@B@@AB@B@B@@@B@B@D@@@B@@B@@@B@B@@B@@@@@B@D@B@@@@@B@@@@@B@@@@BB@@@B@@@B@@@@B@@@@@@@@@BA@@@@@@@@@@B@@@@A@@BC@@BA@@BDBBDDFHFJ@BDBD@FBBB@BBDBBBBB@@ABA@A@A@ABAHAFCAA@C@ADABBBABABAB@DBDDBDAFADABAD@DBBBBH@D@JB@BAD@FAHAH@HAF@DBBBD@DBD@B@D@D@B@BAF@DAFAHCHCHCBADCDCD@@AFA@GBIDGDBDFFDBBBFF@DB@BBDD@BDADCBADAB@BBBB@BBB@BBBB@BAFAD@DBF@D@F@D@HEBADCBCDAF@D@F@BABADAB@DABBD@DDDBB@FC@ABA@AB@FAFAAMDAFEDABGBC@A@ABAA@AAEAAAA@CCC@AA@@AECI@CDCDADM@AAC@C@CDEDEB@D@D@DBBD@FBBB@BAH@FADABBHABAAAA@A@AACA@ABGBGBIAACE@@@ABCBC@EAKCI@A@@@ABCAC@EBEBAB@@A@A@C@E@CCG@CAC@CBAL@L@D@DBDBBD@B@D@D@BBBB@FBDAB@@ABMBC@ABAB@B@"],"encodeOffsets":[[123725,31568]]}},{"type":"Feature","id":"330424","properties":{"name":"海盐县","cp":[120.942017,30.522223],"childNum":1},"geometry":{"type":"Polygon","coordinates":["@@HDZVFFDDFA@M@EBCBEDCF@H@J@J@DB@@B@@@@@@@DBH@DBF@JFFFF@H@FCDCHCHIHEDCBC@C@EAEAC@G@IDSVs\\k`iLKvuhaOCqSGC[oWwi[_KOKUCISMEEKGQCSCwO[KMGaQ_IC@ADIPIRITGRGPARBdAXAJAHELCHEDC@CDGBC@CDCDAD@F@FBH@FBHDJBHBJ@HAFCHG@CDAHABAHCJ@FCDIFEFAHAD@D@HAHBH@JAH@B@@@@ADCLAFALCH@JGBE@OAEBG@GDIFGDGHEFEFAD@D@DBF@DBHANAD@F@DADCHCFEDADCDEFAJCFCN@BB@HT@@NNNLRL@@@@BBFD@@@@JFB@DBDBDBDBB@ABB@BBBBBB@@@@@@BC@EBA@C@CBA@@@@HABCDCDGBED@BAD@DBBDBBB@B@D@@@B@@BCBAD@@AB@BABFBAD@@@HAHCFBB@BDDFBDBB@BABCBCHEDBH@FAJ@FADCHADCDCHEBCFAHCFAFCF@H@JBPBJBRBLDF@H@H@F@FCDAFAHAF@JAF@HBHDFFFBDFFFDFFF"],"encodeOffsets":[[123858,31362]]}},{"type":"Feature","id":"330482","properties":{"name":"平湖市","cp":[121.014666,30.698921],"childNum":10},"geometry":{"type":"MultiPolygon","coordinates":[["@@UtCT@J@HBDBF@F@DADCDGFGJGDCDEDG@E@EEIEE@CAG@CA@@@@@@A@@@CAI@I@G@E@CDAFAD@F@NEBCCEEYUGCA@B@BDBB@FC@A@@@@F@BAD@@@BBD@@@DDD@B@B@D@DB@@DAF@B@BAH@B@B@B@B@D@@AB@B@DADBF@BBLAF@DCJ@D@H@F@@B@B@B@LAF@VDD@@BD@BB@FBFANBDBDEBEBE@A@@DBD@H@B@D@DBB@@@@@@@B@BDF@BBDBD@B@BCBC@C@ECA@A@@B@BBBADAFGHAD@FBP@DAFF@HBDBFDDBFBBAB@@AB@B@LAHAJAHAFAJAD@D@HDNLNPHL@B@D@@@B@@@@@@B@@@@B@@A@@B@@@@@@B@BB@@B@@@@@@@@B@@@B@BAB@D@H@@@@@@BB@@B@B@@@@B@A@@FBJBCHA@AB@BA@BC@AA@A@A@AB@@DB@B@B@@@@@@@@@@@@@@@@BB@@@B@@B@@@@B@@ABA@@BB@B@B@BBBCBAB@FAENJBJFLDAB@D@BADD@CDHDDBBBB@F@B@D@J@B@B@B@FBBBDBHDFDFB@@B@A@@AB@@@@A@AB@B@@@@AA@BADA@AD@BAFDF@BD@@B@A@@BB@@@B@@A@@@@BCJCBBB@@@BA@@@A@@BAEGAA@ABCACCCB@BBBA@BF@DAD@D@BABDBABABAACBA@@@CDA@D@@BB@A@A@A@A@C@@@@@@A@@AAA@AA@AA@AAA@AAA@@@AA@@@@@@A@@AA@A@A@@@@@A@@@@AA@@@@@@@A@A@AAC@A@A@A@@@A@A@@AC@@@A@A@A@@@@@A@@@A@@@A@@@C@@@A@A@@A@@@A@A@C@A@A@@@A@@AA@@@@A@A@@@@@A@@DA@@BA@ABAB@@A@A@@B@F@B@B@B@@AD@@AH@B@BB@@DB@A@AB@BB@@D@@@BB@BD@D@BAD@D@DABABBB@BA@@D@@@@GBBBBB@D@BBD@B@@@@BB@B@@A@@AAB@BAB@BA@AFBDBB@B@BBB@@@DBBB@B@B@@BBB@BAB@@B@@BB@@@ABABABADCBCDBD@ADAF@DBB@B@BB@FBDBH@H@H@BA@ABCBABCBCBADBB@@C@A@AB@BAAABCBABCBC@EBE@C@AFADAAABA@BD@@A@@BBDAAABABBDAHCLEDADADEBCDAFEB@@BB@DA@AB@@AAA@A@@BCAA@@B@@AA@DC@AAC@@AA@A@C@AA@CABEAAAC@A@ABA@@@@B@@A@A@A@ABAD@@AA@BA@AA@@AB@@@@AB@@GBIDUC@[CCCYeCEEEOIUG]GcEaO]SCAEACCAC@E@G@A@A@@@AA@AAA@EAOGC@ABE@ECCAEEKGSwW"],["@@@B@@B@@@B@@@@A@@@AAA@AAA@@@@A@@@@@A@@@@B@B@@BB@BB@"],["@@@@@@@@@@@@@@@A@@@@A@@B@@@@@@@@@@@@B@"],["@@@B@@@@@@@@B@@@DA@@@@@A@@@@@@A@@@A@@@AB"],["@@@@@@B@@@B@@@@A@@@@A@@AA@AB@@@@@@@@@@BB"],["@@ABBDFAACA@A@"],["@@@BBB@@B@@@B@@@@@@A@@@AA@@@A@@@A@"],["@@@@@@@@@@@@@A@B@@@@A@@@@@@@@@@@B@@@"],["@@@@B@@A@@@@@@@@@@A@@@@@@@@@@@@@@@@B"],["@@BB@@B@@@ABB@@@@@B@AA@@@A@@AA@@A@@B@@@@"]],"encodeOffsets":[[[123964,31298]],[[124055,31333]],[[124038,31327]],[[124036,31322]],[[124035,31314]],[[124227,31209]],[[124249,31232]],[[124251,31225]],[[124252,31229]],[[124216,31239]]]}},{"type":"Feature","id":"330421","properties":{"name":"嘉善县","cp":[120.921871,30.841352],"childNum":1},"geometry":{"type":"Polygon","coordinates":["@@B@P@@C@EBCLFD@PEBDDADBBADAHAD@@BGJABBB\\BDLEBBFCBBBB@BADB@@B@B@B@FABIBCBAF@BAEEBAD@D@F@F@J@J@@ABAB@D@B@B@B@B@CABEDCAABC@@@CA@@CB@@A@ECABCHBBEAABABCB@BI@A@ABCB@B@B@@CCA@A@A@AA@@AC@@AA@@@@@@@@@@@A@E@@AAABCA@@CD@@A@A@@ACDGE@BGD@BGB@@KAABABCBCDA@@@A@CAM@S@E@A@A@@@A@@AC@C@@BBB@D@B@B@@EA@@AAAA@ABC@@CC@A@A@@AA@AA@@@C@@@ACE@@@AB@BA@@@A@C@AB@@@XADAB@B@@A@AAC@@@A@@DAD@H@B@BABA@@BABA@@A@ACFAAAA@@ADACACDEEFAACA@CEDCCCB@ACABA@@ABACCHCCCC@AB@@A@AC@AC@ACAA@AA@A@A@@AAAAACBAC@ABAA@ACA@A@A@@@AA@ACC@AAAD@DAGEBAB@DA@A@@CC@@@ABAD@B@BB@BA@BBBADFA@BDB@BBB@@A@ADA@@B@@@@BAB@@BAFFHH@@DBB@BCJAJCFADA@@HIBEB@@ABA@A@@@ABC@@@@@A@@A@A@@@AA@@@@@@@G@CBA@A@A@@@A@@@@@@A@@@AAA@@@@@@@@AB@@@@A@@A@@@@@@@@A@@@C@AGKMOMKGCC@C@IBEBGBIBGBKBA@A@@BA@ABEACAECCAGAE@A@GAA@CA@@AAA@A@C@E@E@C@AAECAA@@A@AAAAAACAAACAGECCAHBL@LBJ@BC@EACCBCBA@AEAK@E@ABABBB@B@HAH@D@DA@A@A@C@A@E@A@EBCACACAAD@@A@@BA@A@C@C@CAA@C@A@A@A@A@AAA@CBA@C@A@CAEAAAEACABF@F@H@D@BB@FFDDBFDHDFDBBBBH@BDBHFDBFDBB@BGDOFIDA@ABA@@BB@@BABEBCBC@AB@@CBEAGCMGKIECA@A@AB@BADAN@BA@CBEAA@AA@A@C@C@AACCACAC@K@K@AB@DBD@DDH@D@F@D@B@BA@ABAF@FBDAD@B@@@BDJBL@FADAD@B@@DFBBAJAHAH@BDBBBB@B@BBABGBAACBEBG@ABA@AA@EACCAC@C@A@CFCF@D@DBD@BCNCBCD@DDJBF@@BBD@DDB@BBFBBBB@AB@B@BADAHCBEFCBBNEBEBA@@BAB@BEDA@CACCC@AACBA@CBABABBBB@DDBBBBDDDFBBDBDBFBH@FB@B@B@DABAF@F@D@BBBBD@D@BB@@@B@@ADAB@BBDDBDDBnJV@NBDAPETIBCBC@AB@@@@@@AB@@@@@@@B@@@@B@@@@B@@@@@@@@@@@@@@@@A@@@@@@BA@@@@@@@@@A@@@@@@@@@@@@@@B@@@@@@@@@B@@@@@@@@@@@BB@@@@@@@@B@@@@@BB@@@@@@BB@@@@@@@@B@@B@@@@@@@@@@B@@A@@@@@@@@@@B@@@@@@@@@BA@@@@@@@@@@@@@@BA@@@@@@@A@@@@B@@@@@@@@@@@@@@@BB@@B@@@@@@@B@@@@A@@@@@@@@@@@B@@B@@@@@@@@@B@@@@@@@@@@A@@@@@@@@@@@@B@@@@@@@@@B@@@@@@@@@@@@@@@@@@@@B@@@@@@@@@@@@B@@@@@B@@@@B@@@D@@@@@@@B@BB@@@D@B@D@@@@@B@@BB@BBD@D@@@@BRHDBBNFB@LJ@@@B@"],"encodeOffsets":[[123803,31762]]}},{"type":"Feature","id":"330481","properties":{"name":"海宁市","cp":[120.688821,30.525544],"childNum":1},"geometry":{"type":"Polygon","coordinates":["@@@ADMDEBIFEDCBCFCDEDGBC@C@EBCBMAG@CAE@C@CBCFEFEHGHCJEHCH@FAPBF@HA@IDGBKBEDKBC@@@@@ABG@IAGBG@G@CBCBGFEJEDC@EDIBGBABGDCH@DGBE@GAIAGCIAG@EAG@E@EBCDCDCD@HADCD@FCDGFKBGBIBWAcBQHOHQJSJQJOBC_GsKq@WBCBE@QF]HKDE@E@GBKFOHGFCBGDA@CDIJGHCLELAN@^@@@\\Al@BAFABADABCDAB@@CBA@ABODG@IDE@EBGBG@@@GBWFE@A@QBG@U@O@]@OAk@µBI@M@A@WCSCKAIAIAGAKA@@GCGCA@CCAAAAAGGMSmCICE@IEGEIEFGHE@ABCDKJKFGFA@@B@@@BGD@BCDDLDJC@@B@B@@BFJNDD@@BBD@F@D@@@BDB@DBBB@B@D@HAF@@CBEAKCKAGAKCCAIAGCI@@@@@@@C@EACACCCAAAAAA@@BAFGDID@@A@A@A@ABA@A@ABEBKB@B@D@@@@@D@@@B@HAB@B@@AD@@ABE@C@A@@AA@@@CDAB@B@@@@@BB@@BB@@@@@B@@BB@@@JBB@BBHF@@B@@@@@@B@B@B@@FH@@LH@@DDBBALAD@@AB@@@@LH@@@@HF@@@BAB@@@@@@@B@B@B@@@B@@@@DD@@AP@@A@CD@@@B@B@@@@@D@@@BAB@BBF@D@B@@@@@@@@FDBB@B@B@@ABBB@@@@B@@@DBB@AD@F@@B@DBB@F@LBJDJBFBFDFLJLD@FDFBH@FADAFAJALELEHCDCFCFFBDBJBNBDD@F@F@HAF@HAHBH@FBD@DBHBDBHBDABCFAFEFCH@F@F@F@DAHADADCHCHCFCH@FBHBDAFBH@R@VBJDDDBF@D@HDHDHFHHHHJFDFDD@J@HAJBDBFDDDFBHDFBH@F@F@F@H@J@LBFBDBDDFFDHBHBH@H@DCFADKHCDABBHAFDJBF@BF@JA\\IHBH@NBTBP@F@D@ACBAB@B@D@B@BAB@D@@@BA@@BB@@B@@@@BB@@@BB@@BB@@DB"],"encodeOffsets":[[123625,31320]]}},{"type":"Feature","id":"330483","properties":{"name":"桐乡市","cp":[120.551085,30.629065],"childNum":1},"geometry":{"type":"Polygon","coordinates":["@@JCDCDCDC@@D@B@B@B@B@FBLB@@@@B@BG@EBC@@@A@ABA@@@E@A@@@E@A@C@A@CBAACBE@I@@@G@C@@@E@@@CRB@A@@@A@@@C@@@ABA@A@@BAFCJI@@@A@@@A@@@A@@FE@@B@@@DB@@@@B@BABAT]FGBA@A@@B@VLFEHGHGFEFED@FADGBEBECGCEAGCKAIBK@I@IAECCGGCA@A@@@A@ABA@AB@B@@@@@@AA@AAA@EBA@EBA@A@A@@@@@AA@C@A@A@A@CAC@A@@@AC@A@A@@@A@A@@B@BABA@@@@@A@A@@A@A@@BA@@@CAA@C@AB@DC@CB@BCBABA@A@A@A@A@A@@DB@@@A@ABA@@@CBC@C@@@ABA@AB@BBFAH@DBF@BBJ@D@B@DABCFEB@B@DB@BDDB@AECIBEAGBADCLGBCDE@C@GAGAGCGEECCCAEAKAI@G@E@E@E@G@EAGCEACCECCAIAGBI@C@ECECGIGGEGCGCG@G@CAECCICUAQ@G@EACBGAEAG@EDGDGDCDCBGBCBE@E@E@G@EDEFEBADCBGACAGACAC@EAG@GAGBE@GBE@E@C@ACAMAIACEEEDCDGDKFKFIBEBCBEBG@EAECC@IKEKECEAIAICKAE@A@CAA@@@@EBCA@CA@@A@@B@@G@CACACCA@A@AF@DADCH@DBBBD@H@FAFAF@D@DADCH@HEPCHC@A@EAWAAB@DBDBDBFAH@F@H@HAF@LAHCFAD@FB@B@D@BBFBD@FBB@BDBBHDFJ@B@DABADEFGFCDKH@D@B@DBB@F@F@DBBDBBBDBLAHBJ@JBFBB@BBBBBFJX@D@FBHDF@FBBEJBH@F@DBBDBBBD@HAD@B@B@DCDEJEB@D@@BBBBBB@DAJBHBDFDF@DDFDFJBLDL@TBTDPBNDV@JBAFCFIHIDCDBFFFLAXBJDBBHFFFDD@B@B@@@BD@@BBBBDBDBDFH@B@D@BABADC@@BAB@F@@AD@DEHCNKXF@F@F@DAB@D@BABBB@D@B@@@BADAB@DAB@BAD@B@DABA@@B@@@B@B@BDDBBDBBBBHJDDBBDFFJDD@BBBFFBDBBDHB@"],"encodeOffsets":[[123427,31534]]}}],"UTF8Encoding":true}