{"type":"FeatureCollection","features":[{"type":"Feature","id":"330103","properties":{"name":"下城区","cp":[120.172763,30.276271],"childNum":1},"geometry":{"type":"Polygon","coordinates":["@@@@@@@@@B@@@@@@@B@@@@@@DA@BA@@B@@@@@@@@@@@@@@@@@B@@@B@@@@@@@@@@A@@F@@@@@@A@@@@@B@@BA@@B@@@@@@@@@@@@@BAB@@@BB@@@@@@@@@A@@@@@@@@B@@@@@B@@D@@@@@B@D@@@@@@@@@@@D@@HAD@BABA@CBCBAB@@AB@FBB@B@@@@BBBBJBDBHD@@AD@DABABCDCFCBAB@B@@BBDDFJHJDD@@BDBBDDBBBDDDDFBDHHDF@@BB@BB@BBB@F@B@B@DBFB@B@@F@BBD@DDACAE@CBEBGFGDE@@@@B@BCAAC@C@AA@@@AAA@Q@@ECGGAAA@A@AAAA@A@CAC@AAACECAAACA@CAIAE@C@EBCBABC@@@@@@BCBCAE@CBC@EAM@BA@@@@@E@A@@@C@@@@@@@@@@@@@@@A@@@G@@@@@@@@@@@@@@@I@@@@@@@@@@@@@@@@@C@@@A@@@E@A@A@@@@@@@@@@@C@@@@@@@@@@@@@@@@@E@@@A@A@"],"encodeOffsets":[[123041,30985]]}},{"type":"Feature","id":"330104","properties":{"name":"江干区","cp":[120.202633,30.266603],"childNum":1},"geometry":{"type":"Polygon","coordinates":["@@GD@@@@@@@@@@@@@BA@GFED@@A@@B@@A@@B@@@@A@@@@@@@@@@@@@@B@@@@@@@@AB@@A@@BA@A@CB@@AB@@@@@@A@@@@@A@@@A@A@@@@@A@@BA@@@@@@@@@@@@BBB@D@@@@@@@@@@@@BF@HBN@FAD@DBFADAD@@@@@@ADABAD@F@DBFBJ@DDBBBDBDFBB@BBD@D@BBBBBB@B@BBHHFD@@@RBB@B@@BBD@D@BBADA@@@@@CFEHAHAF@DBFBDDDDDBDBFBDADAFABCH@B@BBBBDVPLLD@B@DALCFECIACCEAA@ADAFCNQBACCA@@AACBAAEAE@EEEIIBAPJB@B@@ADG@AB@DAD@D@D@F@B@B@B@A@@A@AEA@@BABA@@BCBA@@@@BA@@@ABAFDB@ADABJFDBB@BBFD@@DC@A@@@@@ABC@@@@@@@@@@@@BC@@@C@@@@AA@@IGAAAAA@@@@A@@@@BAD@D@PA@@LA@ED@D@B@@@B@@@D@@B@@BJ@H@@A@G@@@C@@DBF@@DJ@DBB@@@BBB@@@BBDB@BD@@@@@B@DA@DBB@BBFDH@B@BBB@@@B@B@JBD@B@B@B@@BB@@B@@@B@BBBBBFBJBFF@@DDFDB@BBBBDBDDDBFBD@@@@@@@J@HDJBDBLDHBLBLDFBDA@@BE@G@C@AAACAA@AC@@C@E@C@AA@@CCIMAE@@@A@AD@CICKDC@AHC@A@@@AB@HELELIDCBAF@HGFEEOCICGEOCGCEGKKO[YGEGEICGAIAG@KBGBIFGFIJGHEFEHGFEHEDCDCBCBABC@MBG@GAKAOCAAGAKEOGIEKOguAAEEIG"],"encodeOffsets":[[123099,30957]]}},{"type":"Feature","id":"330108","properties":{"name":"滨江区","cp":[120.21062,30.206615],"childNum":1},"geometry":{"type":"Polygon","coordinates":["@@FCDEB@JED@B@@A@A@E@WAA@AAGBG@KAKAA@CB@@ABAB@@@@A@A@AAAA@@@A@CAC@C@E@AA@@@AAAAC@AAA@A@@BCDCBABEBG@@AA@ABA@A@A@A@AAAAECAAA@A@C@CAG@C@AACECCAA@A@CFA@AAAAC@ABCBCFADABAAA@CBABCFGHA@ABC@AAECCCA@A@A@C@ABC@CAABC@C@C@CACAECEEGICDMJILEFEJAHAHAH@J@JBD@DBDDDBDDDFDFBFBB@DBLD`LZHLDJHRJNLJHFFDDJHFF"],"encodeOffsets":[[123107,30964]]}},{"type":"Feature","id":"330102","properties":{"name":"上城区","cp":[120.171465,30.250236],"childNum":1},"geometry":{"type":"Polygon","coordinates":["@@@GAE@@@@@@@@@@@@@CAA@A@@@@@@@@@@B@@AB@@@@@B@B@@@B@@@@@B@@@@@@@BA@@DAB@B@@AB@@@BA@@@@@@@@@A@@@@@@@@@@@@B@@@@@@AB@@@@AB@@@FCHEB@@A@@@@@@@@@@@@HCCCEEIGMKQIIGKCYG_KKCCAA@CDAD@B@D@BDBBBBB@@BDA@@BCBA@@B@BBB@@JAB@B@BBDBBBNTHJ@B@@AB@@@B@B@@@BCBCBAB@@A@@B@@@@@@@@B@@@@@@@@@@@@B@@@@@@@@@@@@@@@@@@@@@@A@@@@@@@@@@@@@@@@@@@@@@@@@@@@B@@@@@@@@@@@@@@B@@@@@@@@@@@@@@@@@@@@@@@@B@@@@@@@@@@@@A@@@@@@@@@@@@B@@@@@@@@@@@@@@@@@@@@@@@@B@@B@@@@@@@@@@@@@@@@@@@@@@@@@@@B@@@@@@@@@@@@@@@@@@@@B@@@@@@@@@@@@@@@@@@@@B@@@@@@@@@@@@@@@@@@@@@@B@@@@@@@@@@@@@@@@@@@@B@@@@@@B@@B@@B@@@@@@@@B@@@@@@@@B@@@@@@@@@@@@@@B@@@@@@@@@@@@@@@@@@@@B@@@@@@@@@@@@@@@@@@@@@@@@@@@@@@@A@@@@@@@@@@@@@@@@@@@@@@@@@@@@@@@@@A@@@@@@@@@@@@@@@@@@@@@@@@@@@A@@@@@@@@@@@@@@@@@@@@@@@@@@@@@@@@@@@@@@@@B@@B@@@@@@@@@@@@@@@@@@@@@@@@@@@@@@@@@@@@@@@@@@@@@@@@@@@B@@@@@@@@@@@@@@@@@B@@@@@@@@@@@@@@@@@@@@B@@@@@@@@@@@A@@@@@@A@@@@@@@@@@@@@@@@@@B@@@@A@@@@@@@@@@@@@@@@@@@@@B@@@@@@@@@@@@B@@@@@@@@@@@@@@@@@@@@@@B@@@@@@@@@@@@@@@@@@@@@@@@@@@@@@@@@@@@@@@@@@@@@@@@@@@@@@@@@@@@@@@@@@@@@@@@@@@@@@B@@@@@@@@@@@@@@@@@@B@@@@@@@@@@@@@@@@@@@@@@@@@@@@@@@@@@@@@@@@@@@@@@@@@@@@@@@@@@@@B@@@@@@B@@@@@@@@@@@@@@@@@@@@@@@@@@@@@@@@@AB@@@@@@@@@@@@@@@B@@@@A@@@@@@@@@@@@@@B@@@@@@@BA@@B@@@@@@@@@@@@@@@@@@A@@@@@@@@@@@@@@@A@@B@@A@@@@@@B@@@@B@B@@@F@@@@@@@@@@@@@@@@@D@@@@@@@@@@@B@B@F@@@B@@@D@@@@@@@@@@@@@@@@@J@@@@@@@@@@@@@@@H@@@B@@@@@@@@@@@@@@@D@@@B@F@@@@@B@@A"],"encodeOffsets":[[123073,30984]]}},{"type":"Feature","id":"330106","properties":{"name":"西湖区","cp":[120.147376,30.272934],"childNum":1},"geometry":{"type":"Polygon","coordinates":["@@@@@@@A@@@@B@@@@AB@@@@@@@@@@@@@@@B@@@@@@@@@@@@@@@@@@@@AB@@A@@@@@@@A@@@@@@@@@@@@B@@@@@@A@@@@@@@@@@@@@@BA@@@@@@@@@@@@@@@@@@@@@@@@@@@@@@@@A@@@@@@@@A@@@@@@@@@@@@@@@@@@@@@@@@@@@@@@@@@@@@@@@@@@@@@@@@@@@@@@@@@@A@@@@@@@@@@@@@@@@@@@@A@@@@@@@@@@@@@@@@@@@@@@@@@@@@@@@@@@@@@@@@@@@@@@@@@@@@@@@@@@@@@@@@@@@@@@@@@@@@A@@@@@@@@@@@@@@@@@@@@@@@@A@@@@@@@@@@A@@@@@@@@@@@@@@@@@@@@@B@@@@@@A@@@@@@@@@@@@@@@@B@@@@@@@@B@@@@@@@@@@@A@@@@@@@@@@@@@@@@@@A@@@@@@@@@@@@@@@@@A@@@@@@@@@@@@@@@@@@@@@@@@@@@@@@@@@@@@@@@@@@@@@@@@@@@A@@@@A@@@@@@@@@@@@@@@@@@@@@@@@@@@@@@@@@@@@@@B@@@@@@@@@@@@@@@@@@@@@@@@@@@B@@@@@@@@@@@@@@@@@@@@@@@@@@@@@@@@@B@@@@@@@@@@@@@@@@@@@@@@@@@@@@@@@A@@@@@@@@@@@@@@@@@@@@@@A@@@@@@@@@@@@A@@@@@@@@@@A@@@@@@A@@@@AA@@@@@@@@A@@@@@@@@@@@@@@@@@@A@@@@@@@@@@@@@@@@@@@@@@@@A@@@@@@@@@@@@@@@@@@A@@@@@@@@@@@@@@@@@@@@@@A@@@@@@@@@@@@@@@@@@@@@@@@@@@AA@@@@@@@@@@@@@@@@@@@@@@@@@@A@@@@@@@@@@B@@@@@@@@@@@@@@A@@@@@@@@@@@@@@@@@@@@@@A@@@@@@@@@@@@@@@@A@@@@@@@@@@@@@@@@@@@@@@@@@@B@@@@@@@@@@@@@@@@@@@@@@@@A@@@@@@@@@@A@@@@@@@@@@AB@@@BADADA@A@@@A@A@@BA@@@AGIMSAACAAAA@A@IB@@AA@A@AB@DA@AB@AC@@AAAACA@A@C@ABCDCEAEAECCCACCCAC@CAC@I@IBGBGBGFIFEJKNIDCTMFCRIFCFADABADABCDCBE@CAC@@GCA@MCQEUMGEWTIBACIGAGGGCCEAKCG@MAMAG@E@EBIBGFIFKLEBC@CACACCCEA@AAA@CB@B@FADABA@C@EAEBCBAB@B@FABEFCFC@A@E@ABCB@DBDBBADABC@EBGAC@EAA@AB@@@BBD@BBDBF@DDDDD@BBFBF@BDJDBDFBDBD@D@DADAD@DD@BDBFAB@DEHABBDBD@BADCBCBK@E@G@CAJNDHDDD@DD@B@HCFAD@B@BBBDBHB@@@@@@B@@@B@@B@@BBBA@@@@@@BB@B@@@B@@A@A@@@@@@A@@@@CBA@A@AB@@@@A@@BAB@@@@@BAB@@A@@@@B@B@@@@@@B@@@B@@@B@@@BA@@@A@@@AB@BA@@@@@@@@@A@@@@@@@@B@@BBBB@@AB@@AB@DD@@@@@@@B@@A@@@@B@@@@@@AB@@@@@BAB@B@@@B@@@@B@BB@@HB@@@BB@B@@@HDB@BB@@@@BA@@@@B@B@@@HD@BB@@@B@B@@@BFDB@@@@BB@B@@@@@DDDD@FBB@@@@B@@@BD@B@@@@D@@@D@@@D@@B@DB@JAVAJE@@@A@CB@@A@@B@BBDFJ@B@@BBBBBB@@@B@@BBC@A@@BC@ABBDBBDD@@AB@B@BABA@@@GF@BA@EBC@@@@@EAICEAA@@@CF@BAB@@A@AB@@@@@BBF@@@@@@@B@@C@@@@@A@AB@@A@@@@BA@@@@B@B@B@@B@B@B@@@@@@B@B@DA@BL@B@@A@A@AD@@@@@@ABA@A@@@@B@D@@B@H@DBB@@@B@@@@B@B@B@B@BAB@D@B@B@D@@@@@BA@AB@@@B@@@@HB@@BBB@B@BBBBFAB@D@B@B@@@B@@BB@F@B@@B@@@B@@@@B@B@BA@A@A@AB@@@F@BB@@@@BB@@DA@@B@BBDA@B@@@B@@@@B@B@@AB@@@@@BB@@@B@@@B@@@@D@B@@@@A@A@@DCBADAB@BABCBABADCDMB@BA@ABA@@BA@@@@B@@AB@B@B@@@@ABA@@@@@A@AB@BA@@@@@BB@DABCDE@ABA@@@@@@DEBC@A@A@AB@@G@C@AAA@A@C@@@A@A@@BC@A@@DE@@HAHBH@B@B@@@@@@@FBF@B@DBB@B@B@BABAB@B@B@B@DBF@B@@@BABA@@@@@ABA@@@@@@@@@A@@@@@@BCDC@A@@@@@@@@@@@@@@BCBABC@A@@B@@@@@@@@@@@@AB@@@@@@@@@@@@@@@BA@A@@@@@@@@B@@@@@@A@@@@@A@@@@@A@@@@@A@@@@@@B@@@@@@@@@A@@A@@BA@A@@@@@@@@@@@@@AB@@AA@@@@@B@@@@@@@@EB@@@@@@@@@@@@A@@@A@@@@@@@@@@@@@@@@@AB@@ACB@@@@@@@A@@@@@@@A@@@@@@"],"encodeOffsets":[[123041,30985]]}},{"type":"Feature","id":"330105","properties":{"name":"拱墅区","cp":[120.150053,30.314697],"childNum":1},"geometry":{"type":"Polygon","coordinates":["@@UOACAA@A@ADGBABEBCACAEACCCCCCCC@AAE@@@@AEACAA@A@E@A@AAA@@AAA@@CEGGACCECCACAACCAAAC@@CCGIEICCAA@@@ABADADEDCBABA@CBC@@GCCAIAAAAA@@@@@AAA@EBA@@BADADAB@BA@ABC@GC@@@@@@@@@@@C@A@@@@@C@@@@B@@@@@B@@@@A@@@@@@@@@@BAB@@@@@@@@@@@@@@A@@B@@@@@@@@@@A@@@@BADABAD@@@@@@@@@@@@@@@BCDAD@@@@@@@B@@@@@@@@AB@B@@@@ABAB@@A@E@CAA@A@A@A@ABABA@A@A@CAA@E@EA@@@@@@A@A@G@GAGB@@CF@@@BAD@@@B@B@@@D@BBB@B@D@HA@@B@B@BADCF@@@@@@AB@BCFADCBA@@A@@@@ABA@@B@B@@@@AB@B@@A@A@A@@BA@@@@@B@FFB@@@@@BAB@BBB@@@@@BBB@FB@J@@DDBAB@@AB@F@B@@@@@FAF@DABA@@P@BBFBFDH@DBADAJAJCBADAD@F@JA@@@@@@@@H@L@D@F@BD@BADADAD@B@@AAABADAFABBB@FDFDD@B@@A@CAADAD@BCBAF@BBBDFDD@FABEBAB@B@BDFF@@@@JJBD@B@D@BBBDFDDDD@@B@FADAH@HAFAHAFEJA"],"encodeOffsets":[[123107,31117]]}},{"type":"Feature","id":"330182","properties":{"name":"建德市","cp":[119.279089,29.472284],"childNum":1},"geometry":{"type":"Polygon","coordinates":["@@@CBCBECC@C@ADABABE@EACCGEECA@ADADC@EAEE@@A@BA@AA@@AA@@AAA@ECAACAA@A@@@A@CBA@A@@@EBAAICEA@@C@@AA@CAAAA@AA@@@@@A@@A@AA@@@AB@@A@ABAB@@A@@B@@@@@FC@@@@DCBABABC@ABA@@BADCFCDABABABA@A@@@@@@ACCCCAEACAA@@@C@C@C@@@C@@C@ACAEAEAAE@K@@@@@ABC@A@C@AAA@ACACCA@AA@@ACAA@AAA@CA@@@ACAEBCBA@CAA@CBEBEHCDOCGEEAEBEACCAE@G@EBCFCDC@A@@CAG@C@G@EAECAGCGAABCB@BEJC@A@E@EAA@CDCBA@CAA@IBCBCJEBCAACEECCEEECGAAAACBC@E@CIMEGKIEAC@AAAC@CBAHCHEHEBC@EBE@CCAAAE@CBEBCAC@GDEBCDEFGBMBEAA@CEAAACEAE@E@IBE@AACCCACAEAEBIDCDEDAAEACAGECCDCBGACAEACAEEEGKEEACCEGBGBC@MEAAC@E@CBK@ABADAB@FBDADADIHCBCAE@CBABCLGNADDFBDADCFAFAFAHBDBD@DADAD@DADCDEDEDADAD@DBB@BADCB@D@D@D@DABA@OCA@ACBADCDC@ACEEIAAAAG@EAEAE@C@ACCAC@AB@D@FABCFCDC@CAEBAJCL@HCHIDA@CACACEAEEECGCCGBE@C@AAACCEEAE@AAE@C@EDCBA@A@ACCC@CEKECAA@CBCFADADCBEFCBCAC@ABCCCCE@EAE@ABCEQAABEBCDABBFABCDADEDGBC@EACCGAE@AD@BABCBAACAACAIAaMAA@CLK@I@CA@A@@@A@@@@BCD@BA@@E@C@A@ABAAC@CIICAE@G@GBE@GAEDEBE@AAEA@CBEBEBEACGAAA@EAAEAECCC@EECSGC@C@EBIDIBEAE@A@@FBFBFCDCDAJAFCDEBADABBHBD@BCBCBCACACAA@GBE@EBCBAFC@EDA@@CAE@ABCBC@EBAAAHA@A@AAAE@ECEGEE@A@C@CDADADBBBDABCFEFCFCHA@A@@CAAA@QAIBEDC@A@ACACAE@CBAD@FABA@A@EAC@CBA@CAAAACBADEDABC@CEMCGE@KBGBAD@DCDEDADCDE@GBABGFEFCBAAA@CECAI@AACCC@IBAB@FADFREBE@E@GCECGCGCECKBE@E@ADABG@E@ECACGEC@EBCBC@K@OGIAABG@CAIEAAMCEAI@EAMACAECC@CCA@CB@DCFAFABC@ABCBAFEFCBAH@D@FAD@F@BDBBD@BABGHADAFCJCAABCDCDCDEHEAA@A@ABCDAFGHCBCBADADBDDBHBJDBBDD@D@BABC@EBIBEBCDEHABABG@GDG@GBCDCFEDGBCFCDADE@EFCFEDBBHDFBF@D@FFBBDBBBF@F@F@DBJDLFJDJDHDDDBF@DBDBBD@FAD@B@HDD@D@BAJIB@B@B@BBJLDDDBF@L@HAD@DBDDHBFDLDJBBBBDBDBBJHF@D@BDFDFBBFB@BBB@BDBBBHBHFDFFDDHBJBF@J@F@JBJBFBDFBF@B@DCFADBHDBDDFDHHHFFAB@D@D@FFBDDADAD@D@FBB@DCB@D@F@FBHBFBFDF@F@FBJBF@HABBDDDDDDDBFBBDBB@D@H@FAH@F@FBF@FBDBBDBDDBDBDBDHHBFADAD@DAFAFEDAD@BBBDBJDDBD@DAFCDEFAHEBEB@D@DBBD@@AB@B@BBBDDNJDDFDJBHFFDTLDF@BADANBDBBD@JAJ@BDBBBDDBBD@BADCBC@E@CAACEAECICG@I@ABGBIBCD@B@DAFADGHEBBBBBDBHJJNADBHBFBBBFBBADCDBB@BDB@DBHDFBDD@FBHBFFHBHDDDBFRLFDHDB@DAFAHBDDBBBBAF@FBDBHBFD@HBBBBFDHDD@LBFDJDFHHBDBBB@FAB@BBBBFHHHFH@BDFFFDHAD@DDDDLDHFDBFBDBDBBHBDDBB@B@B@BBDHJDDDFBBFAD@DEBC@EFCCSDCBCHCPCDBFDDFDDBF@DBDFBD@FE@ABABAHCFCFEFEDAFBDBDAFAB@D@DBBDB@B@DADADAJAFABCBCBEDAJ@DABABCHGDCBAD@B@DBDBFABBFBBBDBJBJDFDFDDBH@DBBBDBHBBDDNBBJDVFRAFCBCBCDCDCBEFK@CDCLEDADCDGBCD@HADE@IAEAIRK@MDABC@CASBGDEBCBCCKD@DCD@F@FBD@B@DADCF@BBF@F@FCH@F@J@HBFBDHD@BAFABC@CCC@A@CACAC@CBCDCFADCBE@E@CHCDCDAB@FAD@B@BABA@ECOAG@ABEBEHGFGDCDBFB@D@DBFBBJJ@BBFBFBDD@B@D@B@BBDBBBD@B@DAFAJCDADADCDADCFCDCFAD@D@@@BA@@@@B@@@BA"],"encodeOffsets":[[122640,30307]]}},{"type":"Feature","id":"330111","properties":{"name":"富阳区","cp":[119.949869,30.049871],"childNum":1},"geometry":{"type":"Polygon","coordinates":["@@DBH@F@L@DADABC@AACACBAFG@CBAAEACC@@CBCBC@C@CACACCECACI@AAEAE@ACCCC@CAEAC@AAC@A@@BAB@FBD@HBFAD@BABCAAAC@CDABAF@B@D@DEFEBA@E@ABADAFAFBD@B@BABC@E@ADAB@BBB@DFDDDBDBD@FALKJEHEJAFAF@H@NBNBH@LDFBDDHHBHJHBDJAXSECCCAAKE@ABEDIAA@AEI@A@@BADAAC@A@@@@CA@@CC@@A@AA@@AAAA@@BAA@@AA@A@AA@@@AAA@@@@@@BAB@@A@@@AB@B@@@B@@@@@B@@@@@BA@@B@D@@ABGBG@EBG@GCGAUAAAEKQAEAAAAEC@@AAAA@A@@A@G@@ACAACA@AAEAA@AA@@@@@ABA@C@A@C@AAC@AAEAE@A@E@A@AAAEECCAAA@CCA@@@AA@@@@@ABA@@BAFEDCHE@@@A@@@@CECE@A@ABG@@@A@@AE@AA@GGA@@@C@GBA@@@A@@ACC@A@@@A@@@ABADEBA@CBG@CAC@AAA@CAAA@AAEA@@AC@@@@AABABCBGDEBABABA@AFCB@DCLMBA@ADE@A@@DCFC@@@@@AACAA@A@A@@BA@@B@@AB@D@B@DBISEGAA@A@E@ABABA@@@AGICAAACAA@ABCBGDABCDABCD@BA@ABA@@BAAC@ECKGA@@@A@A@A@IBEBC@E@C@GAI@@@AAA@BA@AACAA@AEECE@@AGBA@@BAB@@ADE@@@ABEBE@C@E@@@@AAGGA@AA@A@C@E@I@A@A@AA@@@C@A@C@AAAAACA@A@CAC@A@AAA@@@AC@C@A@A@@@@A@A@CAC@CAE@CAGAE@A@EDABEBEBABAF@HC@C@C@ECCAAEEECCC@E@E@EBG@EAKECCGAECEECBAB@DADEBGBCFABEAEAC@A@EFKHABEBA@A@C@@@@@C@C@GBCBEBA@ABA@@@CDCFADAD@@@@@BA@ABABA@AB@@@BABAD@FDDDJDHBF@@@B@@BB@@@@@@B@@@B@@@D@H@HDDDDFDFAD@FAFAJ@DBBBBBD@DBDBDDD@B@@@D@B@@AD@BA@AB@@A@@@A@@@AACAA@CA@@A@@@AAICA@@@AAA@CAAAA@C@C@A@A@ABA@ABA@@BA@AB@@@@QTCFA@@BAB@BA@AB@@CDIFEDAD@@ABAH@FCFCDABA@C@C@C@ECA@GAEAIAGAEBG@SA[EE@I@C@CCIAE@G@ABC@ABC@CCCAGCGAGCGAAAC@@AAB@@A@CFADABABABAB@@ABAD@@@BABABCBEDCDAB@@A@C@A@A@@BA@EB@@ABCBA@CBAB@BAB@@@B@B@B@D@B@B@BBDADAD@D@DBD@H@B@BBB@@@B@BAD@B@BA@AB@@@@A@A@@@E@AB@DAFKBEBG@KAIAIEE@C@CBCFEH@BBD@F@FABGDEBAF@DAFCBCBCB@DAB@BB@@B@BA@A@C@C@C@EFABAJA@CBE@GB@BA@A@A@CAC@A@EDGDCDCBEDEBCAE@CA@AECCAECC@CBCBABABCBAB@DAB@BB@@BBBBD@@@BAFAB@DBDDJ@F@BABGBC@CBABCDABGBABCB@@C@C@IAECCACA@@ADGHADAD@BBHBFDFBDBFFBBDBB@B@B@BEHADAD@D@D@DBDBHBB@BADABCDEBABABABCAE@GBIHEBA@IBC@C@AAAAGGA@A@ABAFADAD@DADADCBC@A@C@CAA@EAE@CBC@EFAD@DBFBBFDLFJDFBFBBDBBBB@DBF@FADCDGBC@IDEDCFADAHBBDDDBH@DABBBBDBB@FBFDBBDADABAB@LDHBBBBA@ABCDAB@B@B@BBBDB@BABAB@FADAB@BB@B@@ADABBBDBD@BB@B@F@FBDBBD@J@P@H@DAF@BB@B@@@H@F@FFNDNBBB@DBBBB@B@BADBB@B@DDDBFDFBLDNFD@D@DAFAFEBEBCBICUAGBCBAB@D@B@DCFCFAFAJAFADABEBCBE@A@E@E@EDAB@B@BBBAB@@A@AAC@G@CDEDABAFAJBJ@JDNFNFBBB@BAB@BCDEBCFEJCJCBABCBGDEFCPIFCLAHA@A@ABCODBB@BBBDBDBBDBB@DAHGHCXEH@NBB@@B@DBL@HBDBBDBDAFAB@@B@LBB@BNFHBBB@BBDAFBDBFHDFBBDDDBBDBJBFBB@BB@DBDBDBDDDARAD@DDDFDLLNHHFDDHFFBDDD@B@FBF@BBB@HDHFDBF@DBHBFDBBBADCHCBAB@B@DBDDLBD@JAJAHCJQ@A@CAGAE@E@EBEBADAD@DBBBBDFDDDFDJ@D@D@B@FDBFJBJBF@FAH@HBDBHFFD"],"encodeOffsets":[[122877,30906]]}},{"type":"Feature","id":"330109","properties":{"name":"萧山区","cp":[120.27069,30.162932],"childNum":1},"geometry":{"type":"Polygon","coordinates":["@@yqAC@@@@A@IMOQEGIICEA@IEMGIGIECACAAA@A@AAACGEGEICEEGEGAC@AAAACCEAEGKCGAC@CACAIAGAAAAA@A@CAC@CAEACACACAEBC@ABABAD_@C@ACCAA@A@A@ADADCBEBCDG@EBG@MBG@EACAGAAB@@@@C@A@@@@@MDGDCFCFCFCBGBIBKBCBAA@ACAAAABA@CBG@GACMAABC@C@CBAAA@AA@C@AAAA@@AAE@A@CBAAAA@A@CAAACA@@A@C@CAE@AA@C@CAE@SCG@ABAB@B@B@B@BBFDFAB@@@@A@@@@B@@@@@@@AA@@@@@@B@@@@B@@@@@A@@B@@@@@@@@A@@@@@@@@B@@@@@@@@B@@B@@@@@B@@@A@@@B@@@@@B@@A@@AAC@@@@@@AD@@A@@B@@B@B@@@@B@BA@A@@@@@@A@@@@AAAA@A@@B@@@A@@@A@@@AA@@A@@@@@@B@@@@A@@@ABC@@A@@@C@A@I@IBG@AA@@A@@@@A@@AA@AAA@CB@B@B@DBD@BABA@A@CAC@ABAB@BB@@D@B@BABEBABCDAB@DAFADABA@@BC@AAAA@@CAA@C@C@CBC@CAEAEACAACA@@AAA@@A@ABCDABA@A@@A@A@C@ABCBA@@@AAAE@I@E@C@A@@A@@@A@A@AA@AACAACAA@@CGCE@@@@CA@AA@CBCBAB@@CA@AA@ABAD@HADADCBA@CACAICCCCCCA@ABAH@D@@@@ACC@AACAC@@AACACACGAAAAECA@AA@ABCBC@ABADAFADAD@B@DBDBBBDDDDBDDBB@B@BADADCFCFCDAD@DAD@BABABCBCBEAE@GACAG@ABADABABC@A@C@A@A@C@C@AAACAAAACACC@CACAACAA@@@CBABCDCDCBCD@DADBF@D@BA@CBCBGBG@A@AAA@A@AB@BAD@DADCHI@C@E@CBCDADCBCACAG@E@ABABAAC@A@@BCBABAAC@AAAAAA@AAA@C@EBA@G@C@@@A@@A@@CI@@CC@A@A@A@C@A@AAA@CAAA@GE@@CACCAAECCA@A@@@C@G@@@@AAEAAAACCCEEAA@AA@A@IDMFA@C@@BABC@ABA@AB@@AA@@AAACAG@ACEACA@@AC@CAC@EAA@@@ABCBCBCBABA@@B@B@D@B@DA@ADADAD@DABABCDA@AB@@A@AA@@@@AAAE@CA@AA@@C@C@A@ABCD@@A@ABE@I@C@C@CBCBA@ABAAA@CAA@CAA@AAIG@AA@CAA@EA@@AA@@@A@A@@BAFG@A@@@AAAGECACCEGEIAAAAA@@@@@C@@@A@ABEDA@EB@@@@AB@@B@@D@B@B@@CDA@@BC@A@CBA@@@A@@@AAAACEAAAA@CA@@@@C@A@AA@A@@AA@ABEBA@A@@@@AAA@C@C@A@C@A@AAA@@AABABE@@@C@A@AAC@CEGAEACAACAIG@ACCAA@CAAAACAEEGCCAC@@@A@AAAAGEAAA@CAA@C@A@@BA@@@AB@@@B@BBBBD@B@@@@EDCD@@@BCF@BABKNCDA@ED@BABABABCFAHADABBB@@@@BD@@FBBBB@BB@DBB@BBD@DAH@DABCFAB@B@@@B@@@BDD@BB@@@B@HAD@@@B@HHB@@BBF@@@B@@AH@B@BDFDF@@@@@B@@GFCDEFAB@@AB@B@@@@BB@@B@DDB@BBDDFFBB@B@B@F@BBFBF@BBD@B@D@B@DAB@B@@@@BBB@FBBBB@BDDB@BH@B@@@@BBBBB@@FDBBBBBFLRBFBBBVDH@HAH@FAHAH@BC@A@@@AB@@@@A@@@@@A@@@A@A@@B@@@BA@AB@@@@@@BB@B@@BBB@B@@BB@AB@@BBBB@@BBB@@@DD@@DB@@@@@BBDCBAB@@@BFJ@BBBCJAF@BLFBBDDFDHFVNRFNDB@HD@@BD@DAFCDADCBABCBEBEDQJEDSNHJFFFDDBDBD@D@D@BADBD@BAD@B@B@B@DDFDBBD@BAB@HGDEBADAB@BBBABCDEDABAD@BBBBB@DEB@B@DBFDBD@B@DBH@D@D@BBBDBBFBB@B@B@B@BAB@BBB@@AHAFABCDAD@@@BBB@BBDBB@B@@BBF@D@D@DBB@@@B@BB@B@B@B@@A@AB@BA@@DBBBL@LAHBH@BBB@X@F@B@BA@C@IFA@CFEDBBhvLPJFPHLFHBBBPDLBHBH@NAD@BADADADCFCFGHEFGFEHGJIHEJEHALAH@JBHBJDHFHF\\ZLPHLDFDHFPDHDJFPFJFH@JDFDJTnHNBHBBBBDDB@HDHD@@LBHBJBJBLBTDXDB@N@J@¶Al@PB^@P@V@H@RAB@F@XEHA@@H@HAFAF@JCH@PCBAB@DA@@BADCBABCBABE@ABk@[@@@]BMFKDKHGJIDCB@"],"encodeOffsets":[[123620,31014]]}},{"type":"Feature","id":"330110","properties":{"name":"余杭区","cp":[120.301737,30.421187],"childNum":1},"geometry":{"type":"Polygon","coordinates":["@@@@@@AABA@@@A@AAAEC@@@@@@@@@A@CAE@ABA@A@@@C@@@@@A@A@@DCB@@@BO@@CC@@@@@A@@@A@A@A@@@@@@BA@A@@GE@@@@KG@@@@BA@@BCBKAACC@@KG@@EG@@@A@A@A@@@@A@@@GEAAA@IA@@A@@AA@@@@@A@@AA@@A@@@@@ABADC@@B@@BB@D@F@BA@@BC@@@ABA@G@A@@@C@@@@@C@ALAFABAB@B@BAB@B@B@@@JCHCBE@AECCC@@EEIAEAAAAA@A@A@@@AA@@AA@A@A@C@IAA@A@@@A@AAA@G@ECAAA@CAB@@C@A@@@@ACA@AC@A@@AA@A@@AA@CCI@@AE@CD@@@H@B@@@@GAI@@@AC@@@A@@@A@C@C@@FKB@@OBC@C@AB@@@@@B@@B@BBBBJH@@BB@@@@@D@@AD@@@@@@@@@@@@AD@B@@@@@BCD@@ECAAA@CAIEBABCA@ECAB@B@@AB@@@@ABAD@@ABAB@@FB@B@BB@A@A@A@E@C@C@C@CBA@@BCH@BA@A@OIABJJFF@FBFBFABBD@BB@DDABMREDCB@BBBDFBDDJEFKDCBA@C@KKIBEFGBEBGBG@CBEBA@@@CCCCCEAA@A@C@AACII@@@@EEACA@A@ABAFEBC@ECACAAE@ABADC@CBBB@D@BA@C@ECECA@AAEBCBABBB@BA@C@CBCBABC@@A@E@C@K@G@@@@@@B@@I@EBCBCDABIBIBCCAG@ECEAAAO@@@ABCBE@EB@@@@A@E@A@@BA@ABCC@@@IEAA@AA@@@@A@AAA@AB@@@@A@EEA@@@@@AB@@AB@BABA@CNCDABABADABA@CBABCD@@@B@B@@A@C@@@@@@A@@@A@@AA@@@@A@@BA@A@@@@@@A@@@ACBAAA@@@CB@@AA@@@@AAE@@@A@@B@B@BABA@A@@@@@@A@@@AA@E@A@@AA@@@A@A@C@A@EBAAAAA@A@AA@@GA@@@@@A@@BAB@@A@@@@@C@A@A@CBA@A@A@A@A@A@@A@@@A@CAG@A@@@@C@A@@B@B@BA@@@@@@BCB@B@@@@AAKB@@C@A@A@@@@A@A@A@@@@A@A@A@@B@@A@@B@@@BAB@@@@@D@@@@A@@@@@@AE@A@@@@BAB@@@BA@ADE@@B@FBJDFB@@@@D@FAB@@AHE@@B@BA@A@ABA@@CCAAACBAD@@AB@D@AA@@@A@@AAAAAA@@@AEIAC@A@AB@@@DAB@@@F@BIBU@ICAA@@@@C@@@C@@@C@@A@C@@A@@@A@@A@EAC@CC@C@@@@@AAA@@@@CAAE@@A@A@@@A@@AGC@@A@A@@@@@AB@@@@AAA@GC@@A@A@@A@@GA@@AAA@@@@@@A@@@ABA@A@@@@BA@@@@@@@A@@B@@@@A@@@@@@CCA@@BA@@BA@AA@AA@@@@@@@@@@B@@@@@@@@ABA@@B@@@B@@AB@@A@@@A@@@A@@@@@@@@A@A@@B@@@BA@A@@@@BA@AB@@@@@BAB@B@DA@@@@@B@@@@B@B@@@@A@@@AAA@@@@@@ABAA@@@AA@@@A@@@@@@@GACAAA@A@ABCDE@G@ACCC@CCCGIMECGECAGAG@EBE@IAIAAEECA@C@C@I@ECCCECACAACAC@CBABAF@F@FBFBH@D@BIRGDIBIBC@KACCCAA@A@ABGDCDABAAECGACAE@CAGEGCA@AAE@EAA@C@CCEAGECHAD@F@DADCBCDE@EFCFAB@B@BFHDFBHBF@BBBBD@B@D@B@BB@@@DBD@DBDBFFHLBDBDDHBHBD@@@@BDBFIHCJADBH@DAFCBIBA@IEAACDA@IAE@EAGAAA@B@D@JBFCF@B@BFFHBBBBBBB@D@BALCLADA@ABCAE@KEECGEGEAAA@A@A@KDAHDHBFBFBJAFAD@D@@BBBBB@BBBBBDAH@DCLADCBCBA@A@@BEHADEL@BEDEDGFABEBC@ABA@@DAHADABA@A@KBGBC@CBCBGB@B@B@BBBBBD@BBBB@BCBGDEBCBA@AAABEBC@ABAAKGECEAA@ABEBIFEDGFEDCBIBWJGDDDBFBDBDJHFFFDDBFBHBDBBBBD@BADABEF@FCDADCDGFAB@@@D@F@DAHBBB@B@FBBBBDBJDFDJDH@FEJADBBB@DB@D@DBL@FADCJ@D@FAFADCFCDCHCHCH@HCH@L@D@@BBB@D@JADBDBDBBDFF@BB@BAB@FADEDA@@PQTCJ@J@HBb@DCBEACCG@EAG@G@I@CACEACAAABABAFCXCLADADCJEB@BAD@DBLDF@DBHDF@F@DAFCLGBEDCDADAF@D@JDBD@DB@BB@@BAB@DIBGJKBCJEBC@CBADAB@DBF@F@FC@A@@@AAAC@CAAAAAAE@I@ABAF@B@J@DAHAFCDAD@B@D@BDDBDBB@BAFCB@B@@@B@DBDBDDDBFBD@D@BAFCBABC@E@GBAB@@ADAD@DAFBD@HAB@DCDC@EFIDADAF@FADBD@BBBDDFDBDDFDFDDBD@HAZAD@FIDCDAD@LAH@H@F@JALAD@BA@ABA@CBAB@F@@@FBFBB@D@F@DBB@@@@BCDAD@@@BB@B@BBB@BDBD@D@D@BEHEDAFCF@DBD@D@D@DAF@FBD@BHFBFBD@DBHBND@LA@@B@BBB@BBB@JAJAHBD@DAB@B@@CCCACAABC@CDCF@DAD@BABABABCBAF@B@@@DBDBHBF@HBLBJBFBF@BAB@@A@CAG@A@A@A@ABABA@ABA@@@@B@BBD@ND@B@@DDFBF@B@D@@@BB@@B@@@@@@B@@BBB@ABAD@F@BB@FABABA@BB@@B@@@BABA@AB@B@BBBA@GF@BB@@@BBB@@@B@@@DC@@@@BBHBBBB@@@@@ABCB@@A@@@@BB@@@@@@B@BA@BB@BDBB@DBF@H@B@BB@B@BAB@DBD@BBBDBBB@@BABGBC@CB@BABBDDB@FDF@F@F@FATEFAF@H@HBH@H@FAF@F@RBFADABB@DDBB@D@B@BABB@B@DBBDBHBFBD@BDBB@DXBFBB@D@DGFO@GDGBC@C@CBEBE@E@GACAA@CDGBC@CBEB@B@DDDBDBH@@@@A"],"encodeOffsets":[[123230,31203]]}},{"type":"Feature","id":"330127","properties":{"name":"淳安县","cp":[119.044276,29.604177],"childNum":1},"geometry":{"type":"Polygon","coordinates":["@@ABC@C@A@CCCCCACAC@G@E@CBGBEBIDCBCBC@A@@@GAICCAAAAEAABCDCFCDAF@FADAD@DBJDBAFAF@F@FBDAB@DC@ACGCC@IDCBCBAB@BA@@H@AE@ABABAAA@C@A@C@CCEGCEAKAEBE@C@MOGICGCCBIGKECACCEBQFEHEBCBCDGDALEFAFBLDHDDBF@BCDEHAFADAB@F@B@FEDC@@BA@@DAB@DABABAD@B@@@B@BB@@@@B@@BDDFFDDBB@@@BBB@@@@B@B@@@@@B@B@B@@AB@@@@@B@BA@A@@@@@@@A@@@A@@@A@@@@@E@ABE@A@A@ABA@AB@BABC@ABGAC@ACCCA@@AAAAAAAA@A@@@C@@@@@CDCB@@@BABADAB@@AB@B@BA@@@@B@FIB@@AB@@@BABA@@B@@@BABA@@BA@@B@@A@@@@@@@@@ABAAA@A@A@@@@@A@@@AA@@AB@@A@CAC@A@@@A@A@A@A@A@CA@@A@A@A@C@C@@@AA@@A@A@A@AAA@AAAAAAA@@@@@A@@@C@A@@@A@@@AA@@ABA@@@C@@BABAB@BAD@D@F@@@B@DBB@@@B@DAB@D@B@D@B@D@@@B@@@BABA@C@@@A@@@C@@@AB@@@@@D@@AD@FAFA@@B@B@F@@@DBFBB@B@BBB@@@B@B@B@B@@@DA@@BA@@EGGGEGAAAAA@EBA@AAACGGCECIAE@KCCCGAEAAGAC@AEAGAC@EBEAAAACCGAEBCBA@GCECQKAECCGCGAEEGAEAC@ACCEAG@CCA@AAADCBCAAAEAAAEAGBCIMGICAAAAAFAHGBCBE@C@ADCJAHABAJ@H@JDFDFBBDDBF@D@DABC@AACCAACAAACI@IBC@AAACBMBC@ACESKECGEIAECCCMICCAA@A@ABA@@ACCAC@A@AFGFEBCFEDCBC@CAICCAAA@ABCFCBEBE@CBCBCAEGGACACACCCCAAAAC@EAE@E@EBG@E@G@CAAACEACACCCCCCAAGBE@IAEAE@E@ECEAGAEAE@C@A@CDA@EAC@C@CBCBACEEC@C@A@EBGEGGECCCCAAGBCDE@C@AAECEEAIAIAE@I@E@IAGACCEEECAGAGAAACA@AAA@AEEAECACC@E@IGAAACACAAIAKCECGACCCAC@GBK@E@CACCIKAAA@A@A@IJABC@C@GCA@C@EBC@AAAC@CAECCGCICICKEICCAE@E@E@AACAAAEEC@E@EAGCAACAGACCACAECAE@GDGDEACAGCGGEACECECE@CAC@CCCIEE@C@CACCCCEEGCEA@E@@CGCAE@CBEBC@EAEEECKEMIEAE@A@AA@C@EACAAC@ACAACEAAC@G@E@C@ACAAAC@CAC@CBCBAFC@C@CAE@EBE@ACCEAEACCAAECEBE@GAGCAAIEACAGAACAC@GAEGCCEEMAEBGDGFGDIHEDA@CAGAE@C@G@EAWEG@GCIAICG@K@@BCFBBBDHFBD@D@D@HAF@HABABC@GAI@ADCJEFAFCFEFABBBBBDDDDDDBHADAFCDAFADADCF@BBDBBBD@HBFD@FABAFADBBEBEFCHIDCFAB@@BB@@DADAFAFEJADEDEFADEHCDGHDJBDABEFGHIHCD@BBD@D@DAB@BCDIFC@CAECA@AB@D@DABC@GAA@CBEFABCBI@I@GAGAEACBC@G@AB@BAF@BCBC@C@GBEBK@GA@DDHBDDF@DBFADA@CBGBEAGAIEEDABA@C@E@A@CBAB@BABABABC@C@AAE@C@AACCEAAACA@AA@E@C@ABCBCDABCBABCBADABADABADCBA@A@CAC@ABCBGFCBCBGFABCB@BAB@BBBBBBDBB@B@DABC@ABABC@ABCBABA@C@A@CBC@ABAB@B@@@BDDBBBBBBBBBDBD@B@@@BEDCBABE@ABC@EAC@CAC@C@ABABABCB@DAD@BABA@C@CBA@CBA@ABCD@DABADCFAD@BAB@@EBEBC@C@A@CBC@AB@B@FABADABAB@BADAB@D@D@D@@@HBABAD@DBF@FBDBBBBBBDBFBBDBDFDDDB@DBBBDDDDBBDBBDFBD@BBDB@BAFAFAD@F@F@H@D@FBD@FBD@F@FAFCDCFAD@DBD@FBBD@DB@BBBA@AB@BBDBFDBBD@BCDAFCDCBAD@FBF@FBDBFBHDBBDBFBFDDBB@FBD@@D@B@B@B@F@HADBD@BBDBH@D@DADADAD@D@DBDBDBDBB@F@HBD@HBDBBD@DBFBDBFDDDDBFBDBD@HBHDHBBFDDBDBDDJBBDDFHDFDAB@DBJNDBDFFDBB@B@F@DBDDDFBDBH@JBHDF@DBDBF@F@B@XNFBDDB@B@HCFAFAFADCDCDCDAD@D@DBDDDDFDDHBDFDNNHDDDDD@D@FBBDDHFBB@B@D@DBDBBBDFBDBDBBH@BDDDDDDDDH@\\FDBFHBD@D@DBD@DDDDBDDFBHJDDFBDBBDBH@DBDBDBL@D@FADCFAB@DBBBDAD@BADAFEDEFCD@DBT@F@FBHBJBDDBDDB@D@H@HAD@D@FD@@@BBBBBBBB@@B@@@BABCBAB@@A@@BA@GBA@@@C@A@AB@@ABBB@BDD@BBB@D@B@F@@@DB@DBDBF@BBBBB@B@B@BA@@DAHCBADABAB@B@D@DBFDBBBF@DBBDBFFDBDDDBDBDDDD@DDBJFDDDBDBJHBBFDFBDDDDHFFDDFBB@FBB@D@D@F@H@F@FADAF@FAJCD@@CH@DBDDDFBD@D@D@B@@AFAHAFAF@B@BBDDBD@DDD@@BBB@@@B@@@B@DADADCFGB@F@D@JAB@@BAD@DAFAD@B@B@DBD@@@HCDBHBLBDDJDBBFBDABCHGHAD@DBBBD@BB@@B@B@B@DAD@BCDADA@@B@BDBBBDBFDDADAF@D@JAH@PELA@@FBB@DBF@FDJFDBDBBBH@BBDDDBF@FAJ@F@DABAHEBAB@@@B@DBBBBA@@B@B@DBDBNDJDHFHFBBFDD@F@FBFBDBBADA@A@CEEGGACBAJABCDCDEDAFCB@B@FBD@DADABC@@B@@@DBJBDAF@P@J@JDDBDDD@FBHAHAT@HADABA@C@AAEACEGHGBGBEDEBEDCB@JBFBDBB@FAFCDCDA@@DAB@B@@@D@BABA@AAAJCHBB@@@BA@ABA@@BAHAHADADA@@DBBBB@BBBA@@B@BBF@D@B@BAB@D@D@BAB@DAB@B@B@D@FADABCBADBFADAD@D@DB@@BB@@B@BBB@B@B@@@B@B@B@DA@@BABABAB@@A@A@@@ABA@A"],"encodeOffsets":[[122099,30670]]}},{"type":"Feature","id":"330122","properties":{"name":"桐庐县","cp":[119.685045,29.797437],"childNum":1},"geometry":{"type":"Polygon","coordinates":["@@D@DAF@FBB@DBD@B@D@DABCBC@CBCBCBEBAB@B@HHBBBBD@D@JAB@FAJGHAF@DBBABABAFADCBABC@AAAAGAC@C@C@CBCBCFG@A@A@AAAACEAAEACCEAEAG@ABCBCHGBC@@DBDBFDJBD@D@@@DABAHABADCBADAD@HABA@A@ECIAC@CBABE@A@@ACAA@AA@@ABA@CBADABABADADAD@FDDBFD@BDBF@DBFAFCDADCHCFCB@D@DBB@B@B@@AHAF@DAB@BIBAFED@D@D@B@B@@A@AA@@ABA@CDADADABE@CBEFAHCBA@E@EAC@AFGDEDAD@F@JFJBLBH@FALABE@CBAF@@@B@B@@@@@BAB@@A@ABC@A@A@@AA@A@A@GAC@C@CBCBCAC@A@A@A@C@A@A@A@@BA@ABADAB@DABA@@FAB@@AB@B@D@B@@@BADCFCDABABA@A@@BCBA@@BABABABABCDEB@@@BA@BD@BBHBHDHBHDDBDDD@BAD@BAH@F@JBDDD@J@F@\\FTBH@FAHBJBFBHBB@FDD@D@D@B@BADCDE@EBGBA@@BCFCJEDC@@BAB@@ABA@AB@DERS@@@@BAB@@AB@BAB@BAB@B@D@D@B@BBDBB@BB@@B@JDBB@@B@@@DBB@DBBB@@B@@@B@@@BAB@@ABC@@@A@C@@@ACCACAC@CACAAAA@CBIBE@EBCCECECCGCG@C@@@A@@@A@@@@@@@AA@@@A@@AECGCICC@EBCBA@A@@BAB@BABAB@@A@@@@BCBCDEDC@@B@BAB@FADAHAD@D@@@@@D@@@@C@E@AAAACBABCBADABAB@BADADC@@B@@@@AA@@AA@@C@EB@@A@CDKHAFCFGBCAE@A@EBABEDA@@@A@@@@@@AA@@@@@A@@@@@@@AFEDCDCB@B@B@B@BBD@@@B@BCB@@@B@@@BB@@B@@B@@AB@@CB@BA@AB@BB@@@@BBBDB@@@@B@DBB@B@@@B@BA@@BA@@B@@@B@B@@@BAB@DCDABCB@@A@@B@D@D@B@@@DABA@@B@DA@@HA@@B@BABA@@BA@@DC@A@@@ABA@@@@@A@E@IAE@CCEGBIBC@A@@@A@A@@@CAECGAAAC@C@C@A@A@@AA@C@@@A@A@ABA@A@A@ABA@CB@AAB@@A@@@@@A@@@@@A@AA@AAE@AA@CBGDE@CCACE@EAMAGBI@@BC@ABA@ABABADA@@@GDCAGDAAC@C@A@CBCBE@GCAAABGFEDCBIBABABBD@B@BA@AACAEGIIE@EBABAAA@CAEGACIAEAACCCAECAE@CAAA@CA@@A@EAECAACECCCAAAE@EAEACAA@E@A@@@AHO@E@A@@@E@A@A@@AACACCAA@@@@A@@AA@@@IACAAB@@A@@@@@AB@@C@C@EBCDEDCDCBCDCBCBIDEBCBA@C@AACAAAA@C@A@C@ACAEAE@AIIAAAE@C@CEACACDEHGHAFAF@BBHDP@FABABA@C@EBA@CBCDGD@D@FAFCDEBCDAD@DBDBD@D@BDD@DADEBABC@CGEAGAI@E@G@EDE@E@AAE@CDCBA@C@EAE@C@CDC@DLADADCFAHBT@DADCB@NQLBJBF@JCFGBC@ADCHCDCBKFCD@DELAFCDCDADADEDQBUEICAACMACGACAAACAG@CAECECICIACAAAEAAAEBCACAA@C@ABCDGHADABCBI@CBAFADADEBIBCBCBCBA@A@ACCAC@A@EBCBCAEACBEFEFEDGDABAB@BEFC@EAAC@CAECCCEECCAODGDADCDDTED@FADCFC@EBAACECCGIAC@A@A@AAACCGAAAACACAEECCGCKCC@CBCCGEECE@A@@AB@@CB@@A@A@A@A@@@A@AAA@A@EACA@@E@A@A@@@EBEBC@@BC@@@@@A@@B@@@D@@@B@@@DABAB@@A@@@C@A@C@A@C@A@CBA@@@A@CAA@@@E@C@C@ABA@ABAB@@@D@@AB@BB@@B@@@B@@@B@D@@@B@@@@BBBBBB@BBB@B@B@B@BB@@B@@@D@D@B@B@BB@@D@B@B@B@B@B@@@BBD@D@BA@@BB@@B@@@B@@@@@B@BBBAB@B@@@@@@@@@BA@@@AB@@ABAB@@A@@@ABAB@@A@@BA@EJA@@@@@ABA@A@@BA@CBABAB@@A@CD@D@@@@@D@@@BBBBBBBBB@@DBDD@BBDAH@BADABA@@BAB@B@B@BAF@B@F@@@@@B@@@B@@@B@@@@@@@BABA@@@@@A@@BA@A@A@@@@@A@A@@@@@AA@A@@AACCEECC@AA@@@@@AAA@@@A@C@ABABCBA@CB@@AB@@CDEFA@E@A@CBEBGBCFADE@CAGCKCEAEBKFCBCHADADGFEFARDFBDFDHLAJDDDHHJNPD@F@FALBFBHDDF@D@D@B@DBBABAB@BBFG@@@ABA@ABADCD@JDDDH@BCDA@CBEAE@E@EBABICCAC@CBEBE@CBEDCDADBBBFBBDBJDHB@@B@D@DADAJCFAHADAF@H@D@DBDBDDDDB@D@D@BA@@@A@ABCBABCB@@C@ABCBA@@@@@ADA@AD@BAB@D@DBD@DBBBBBBDBB@@AB@@AD@B@DBD@B@@@D@F@B@BCFCFAD@B@DAB@D@H@D@B@BBDBB@@@@CFABA@CDCDAD@@@DBD@D@BBBBBB@B@DBF@B@BBFBDFB@B@B@@CDCD@@@FBD@DDDBFHBBFBJFB@BAD@DCFE@A@ACC@A@ABADEBABADABAHAFDBDB@B@BAFADD@BBBNJHFDBDAF@FCFAF@LAHAJCLCDA@@B@BADADADCFADADAB@B@@@@@@@BB@BBB@@@BB@D@DBBBD@D@DBB@B@@BB@@@@@B@B@@AD@@@B@FAB@FCDAFA@@B@D@B@@@B@@BBD@B@@BDAFNZADAF@HAFBJ@F@JDFBDADAFADAB@B@DCFABABCDEBAB@DB@DBRFB@BB@BADEF@D@F@BDDBDFDHB"],"encodeOffsets":[[122307,30810]]}},{"type":"Feature","id":"330185","properties":{"name":"临安市","cp":[119.715101,30.231153],"childNum":1},"geometry":{"type":"Polygon","coordinates":["@@HCXIJADAFCHEFCJEFABAB@FBFDLHBBBAD@FABABBB@DAFAHCDA@AAAAAC@AAAA@A@A@AHADADAD@HALAB@B@BABCBG@CB@BAD@FABAHEFCFC@AFKBCFG@AB@B@DADABCDK@CBGACAAAAA@AAAA@@@CBCBEAIAEAECGBGLCB@B@B@BBHFHFFDLFF@DBBAB@BCDKBK@A@CAAAAAAGAEE@A@ADEAE@I@C@ABBHBFBF@JBB@DCBBJFB@JADABE@CAGBCDIJGAEAC@@@@ACAGCGACACGKEECACAC@CA@@A@@A@A@C@AACAA@AAEAGCEEG@A@ABADEFEF@DCDABC@C@EBCDGCCGEMGKKECCC@CBCBQCCACACAC@CAAA@EAIACAAACCACEAGCAEACBEAC@AAAGAME@AAA@K@AA@EBCBCAAAAC@GAK@C@AA@MAG@WFGDGHCBA@CAAAACACAAA@CAPAD@B@BGBKBEDOJEDCFAHADABIDIDEFADCFADA@ABA@AAMEMEICI@IAEBABCBCF@D@HBD@B@BA@ABAAA@A@CB@F@F@F@BAFADAFCBEBIBEBEBEDCDA@C@A@ABADBHDVAJADAFEFEBCBC@C@MEKCEAECCACCA@A@CAABA@A@AACAA@AACMEM@E@E@G@@@AAAE@CBG@O@I@C@AAAC@E@E@AAAC@CAAABABC@@@AAAA@CBEBA@ABABA@ACAAA@A@A@CBAD@BABAAGAKCA@ABCBCBAAECEAA@CAAAAACBG@CACCAABGBCDEFCJCD@HADCBC@EAE@CAAAAACEAEAICKEECAAAE@CBCFEGAECACCC@A@E@CFEBC@AAAA@QECAA@@CBAFADCBABADE@C@ABABCBEBCACCE@I@EAIBE@GBEBCMYBEAC@@@AAC@AA@@@A@C@A@@@EBCBEDA@EBA@@@C@@BA@A@@@@@A@@AA@A@CAC@C@AACAC@A@@A@@AA@AAA@@@@@@A@A@CBCBEBCDCBCBABA@@@CBKDIDGBKBE@EBEDE@CBCAGEMIAA@ACCEBABA@A@ACECGBABCBABABCFAB@B@BDD@B@BEFCDC@ABA@IEEAAAEGCACCC@EA@@C@CD@DA@A@A@CEEAAAA@E@CAA@A@AAAA@A@CAC@C@@BCDCDCB@BADE@@@@AAAC@A@A@C@G@CBA@C@ABCDEDE@A@A@E@C@@@AAC@C@ABC@@BA@@AAACAAAACAC@CAC@A@ABC@@BCB@B@@@@ABAD@B@DA@ADABAD@B@B@@@BAB@B@@@B@BA@ABABAB@@CBA@A@A@@@A@A@A@AAA@@@AA@@CAC@C@CBEBCAABADCBEBC@A@A@A@CBA@ABC@C@A@ABA@C@E@AAA@@@ABAAA@AACA@@CBCBGBGBAB@@AB@BAB@@A@GAIDBB@BABABC@@@A@A@CB@@CBCDEDEBA@CAEAIAA@CDAFCFAFAHGHFHBDBF@B@DABCBGBS@GBGBEAC@CCCAICI@O@E@CBIACA@@A@@@ADCBCBC@EAA@A@EDCBCFCDADIBABBDHHFF@D@BCBABCAEAEAE@C@ECAAGEGEICMCCACAA@A@@@ABAACAA@@@A@ABGFABCBE@I@EBE@CACCAAG@AACACAIEECE@CAA@EA@@KBOFG@IBC@E@CBCBBB@B@B@DBBDJBBAB@B@BA@C@EBCFCFCFBB@BBBB@BDDDBB@D@B@@ABCDCBAFCDABCBABC@C@EBAD@DADAB@FADBDADAB@DAH@J@D@BABEJ@D@D@DDFBFDDJDD@B@F@B@B@BBBB@D@D@J@@@BFFDDBBBDBFBJ@B@FABA@CACAE@G@E@G@EBCDCBABG@CCCAA@CAE@ABEBCDABCBABABBFBDBDDDBBDBFBDBF@HBLDFDHBNFFBJDLDFBD@BDBDH@D@BBBB@BDDBFHFBBHDDBD@B@@BBBAB@DCF@DABABCBGBG@G@MBCDADCFAHCHAHEJ@D@BABA@ABCBC@CBCBAB@D@BBBHBD@B@BBAB@@@BADCD@FAB@D@DCFGPAHAD@F@FBDDDBD@D@F@FCP@D@BB@DBNBJDHFDBDDDDJHBBDBB@B@D@D@DBFBDFHFFBDBDBBDBHADDBDBLHHDJBBA@A@CBC@CBEBABAB@@BB@BDD@BBD@D@B@BABCBAB@D@B@FBD@HBB@B@@ABC@AAC@E@C@G@ABA@@D@FA@@@AB@@@@@@@D@LADAD@BABABCBADCD@FAB@BABA@CDAFCDAD@F@DAH@LBH@@@B@@ABABC@ABA@ABADAF@F@B@DBBBFDFHDDDDNHDDHBDBD@B@DADCBADAD@DAFEHCDCF@LADCDADCB@D@D@FAN@H@H@B@D@@@D@@AD@BCBCDAB@B@BBB@B@B@B@B@BCB@@ADADAD@FBD@D@DAFCBAB@D@B@D@H@F@B@B@BB@BBF@FDD@@B@HCF@DBDBB@B@DABABABC@E@CBC@AB@B@DBDBBBDDBBBFDHDHDLBDDJBH@BABABA@CBAB@BDHBFJL@BB@B@FAFCDAD@D@D@DBDBHF@@B@B@DAB@B@B@DBDDHFHFHHHHDHBB@BD@DBFBHBZHFBD@@@DADCDADAHEDABABA@GBEHIF@H@HBRFFBHBFDFBDFDDBBBBDBFBDADBFBB@DFBFH@TDDBBBDDHFBBB@DBB@BBDBBHBBB@B@F@LPBD@DDD@DDH@BBBDAD@JAHAFCD@H@H@H@FBN@HAHAHAHALEB@HBJDHDFDJBBBBBBB@DAFAF@DBDJHHFDHBBHH^HDCBADCBC@CBC@CDCFCDEDANAFAH@BBD@DDFDDBD@DAD@F@FBB@FDDBDBFDDFFDDDBBDBFADAFCBOCAA@E@EAE@CAAA@A@CBEBCBGBGBG@ECCAAA@@AB@DAD@FAFCB@F@FADBFBF@H@LDFFHDHDFF"],"encodeOffsets":[[122554,31139]]}}],"UTF8Encoding":true}