{"type":"FeatureCollection","features":[{"type":"Feature","id":"330702","properties":{"name":"婺城区","cp":[119.652579,29.082607],"childNum":1},"geometry":{"type":"Polygon","coordinates":["@@@GAMECEAEBADA@AC@EAEC@EBCBIAIAK@GCECCAEEAGGCMMAEFAHBBABCCC@CJIACAGJSHSBCBIBGDEBC@IBABEIU@@@@AEEI@GBADE@@@@BA@@@@DCBE@E@EIEGIEAFADA@@FEBAFCBGBA@AAECC@AAEAE@ABADEBEBE@G@GBA@ADAHGFADAFAHBFBFBDBD@FBBBB@@@@BABBB@BDBBBBBBBBBDBD@DADAFAHAHAFAFAB@BABC@A@EAECCAACCCC@CAC@CACBCBIBCBEBEBC@C@@@AC@CAECAAA@@A@@@AD@BAD@D@D@DBBBFBDB@@DBBAD@BADABABCBAB@@@B@DBFDBBB@BBDAB@@A@A@CGAA@@@@@AAAA@@AA@@A@@AA@A@A@A@A@ABABC@AAA@EA@CAABA@C@A@AAAA@AAA@C@GAEC@@ACACACAC@A@A@ABA@ABC@C@ACCACA@AACAECA@EC@@AAAA@AA@@A@AB@@AB@B@BAB@B@@@@A@@@CACCACAC@A@C@E@A@C@AA@AA@AACBC@C@C@GEGGEEEGEAEAA@C@A@CBEBI@C@EBA@C@AA@@AAAA@A@CAG@IBE@E@A@A@A@AAECCEGMOAACA@AAA@EAG@CCCCA@AABC@@@ABAB@BCD@BA@CBABA@CBCBA@ABA@A@AA@AAA@C@CACIIAAACAC@EBCEECGCCAAA@A@CBABCBADEDEBE@@@KGEAGGCA@A@@A@CECEA@@EBCDABABABADC@ABC@C@AACCE@AGIIKQQECA@C@CBC@EBCBAAGECECGEEGIGGGGEKCKCACCCC@C@C@ABABADA@A@A@AC@C@AAACACACAA@@A@@@ABABCBADABABADAB@@A@@B@@@@AB@@AB@BABAB@BABABADAH@D@D@@BF@BAD@BABA@CB@@ABA@EAAAC@ACCACAAAC@A@C@A@A@AAAAAAA@A@C@A@A@A@C@C@AACAA@CCCAAAA@CCA@A@GBC@ADAD@H@FADABCBCBCBCHCFABABC@A@@B@@@B@BADAB@BEBCDAB@@A@A@A@C@A@A@A@A@C@C@AAC@AA@CAE@E@AAAAAA@AACAC@AAAA@@AA@A@C@C@@CECCECCAE@CBE@ABEDABAFAHCJGFEH@DADBDBL@D@B@DBDAD@@@BA@A@@@A@C@@@A@@@@@@B@B@BBHBDBBBDD@FBJDFBDBBDBD@@@B@BA@CFCDCD@@ABABAD@DBDDD@BABAB@B@@@BD@D@D@B@@B@BABABEDCDA@A@A@AAAA@AACAC@@AAA@ABC@CBEAC@AAECAA@@AB@@BF@JBF@D@@@D@@BD@BDHB@BDBBDDB@@@B@D@DCBCBABAB@D@B@BDBDDL@BABABCDGDCB@BAB@BB@@@F@FALCF@BBDFBL@J@HEFCDGDEBADAFCJED@B@D@@@DAFAFCFEHABADCFAD@DALAHCHEFEB@DAB@DDBD@D@N@DDFDDDDFDFBD@D@BABA@CBA@@B@@@B@B@D@@@BB@@@B@@@@B@@AB@@@@@B@@@@EF@@@@@@AFBD@D@DDLBF@DBFBH@F@B@D@F@BBB@@D@@ABAAGBC@CBABA@ABA@A@AB@BBB@@B@D@JAD@B@BCJAB@F@D@BBD@B@BBB@@@BCBCB@@ABADAP@B@B@B@BB@BDB@BBBD@B@BABABA@ADCJAD@BA@ABA@DBBDJJLJNLFBFBFDFFBFBF@FDDDDFBF@DBH@FAFABADAD@DBDBDDDJFHBBLPD@DAAE@E@ABAB@B@BBBBBB@BB@D@@CACBA@@@@B@B@@@@@JHB@JBHDB@BABAD@FADCBABE@CDCDADDB@DABE@CCCEC@ABGBC@@D@@@BCBAB@BB@@@BADAB@B@B@BB@BBBABGBE@A@ABAB@BAD@DADEBEDCFCDCD@D@D@BBBBBDDDFHHJL@BABADBB@BD@DADAF@FB@@FAD@DADB@B@BBDDJ@VAhABBDBFJ@BB@@A@E@CAE@AF@BDDDJRBBAD@FBDHDBDBDDF@DABADAD@DBFBJBDBFBHBDDBHFDBFBDHDDBBFFBFDDHFDDDJDL@FDBFAHCD@HBHBL@FAJAH@D@LAFBDBHBDDD@F@F@FDFDF@F@F@FBDDhHF@JDDB"],"encodeOffsets":[[122584,29943]]}},{"type":"Feature","id":"330723","properties":{"name":"武义县","cp":[119.819159,28.896563],"childNum":1},"geometry":{"type":"Polygon","coordinates":["@@@AAAAC@@CEAC@CCEAAAAG@K@IAE@AACAAEAEAAA@AAA@A@A@@AAAAACECAACCAAACCEACACACAACAA@C@G@CAC@G@CAGACAC@A@CBABA@A@A@EACCCAC@@IIOSIEGAE@E@GDCBIHIFEAI@EACCAEAEAG@EFCNGFAFEFCFADABC@C@C@CAAACEEAC@C@CAA@@AA@@CB@@CBCBCBGBK@I@C@CA@AAA@CBEAAAAAAAAECCCGIGEEEACAC@E@C@CAAACECIGAA@A@C@EACACCCECE@CAE@A@A@C@EAG@A@I@C@EDMLGDKDA@IBC@A@AAAAACCG@@EKEEG@C@O@CBC@C@A@@@AB@@EAE@E@GAE@C@EBABA@C@AACCA@AAA@C@E@G@A@@B@BAFADCBABC@G@E@G@@@C@A@A@A@A@A@C@A@A@C@@@A@A@ABADCDADAD@D@@@D@B@@BD@@@D@B@@@DABADA@ABE@EBIB@@EBCBEBA@C@AA@@CA@@ACCKECCAAA@@A@ABA@AB@B@BAB@B@@@B@@ABB@@BB@@D@D@LBHBFADAD@BBFDFDF@BDDBDBBB@BB@BBBBD@@DJ@HAJ@DADEBCBEDIFEBCBCDEF@F@D@DABABA@A@ABAAG@AAA@GC@ACAC@C@ABCBABAD@B@B@@CJADAD@B@BBBB@BBBFBDDH@B@JAHAFCJ@D@FBDBDBDBB@B@F@FBF@DBD@HAF@B@B@B@D@F@D@DAJAF@F@DAD@DBB@BB@BBDAD@DAB@BAB@B@F@H@@@@@@AB@@@BABCBABABCDABABA@@B@@@BBBDBDBDBBD@D@@B@B@BCBABAB@B@D@DDDDDDBDLFLHHHHHJFFDHDFHFBBDAFAD@DAD@B@FDRRJLHJ@BDFBD@B@DAD@BCDABABABCBAD@FB@DFDFB@@@@BDBHHFBLH@@F@FAFCBCDABADAB@B@BBDDDHFFAD@FBDBDBBJJBD@D@DBB@BBBB@B@BAB@DADAB@BADAB@@ADC@ABABA@@D@BA@BDBDD@DBH@FBB@BDBBBNPFHDDBF@B@B@B@B@FAF@JBH@D@BBBBB@@BBD@B@FAD@J@FADAB@D@B@FBFBFHFFHHHFD@D@D@DABBB@@BBBD@B@F@D@B@D@DBDBBD@D@@@B@@A@A@ABA@A@@BA@@B@BB@@BBBBB@@FDB@FDDBBBB@BDDD@B@DAD@BAB@B@B@BBDBDBDBD@@FDHBD@B@BBB@BB@B@B@DABBB@DFBB@BBD@BABAB@B@B@B@B@@BB@@@BB@@BBBB@@@@B@HB@BB@@B@@@BD@BB@@@@@BBD@BDDJBNDDBDBFBF@F@DBJBB@D@FAJCFAD@L@HDBBBFAFDFFHDFBFFBJBBBBBD@FAD@DBDBDBD@DBBDBDFFBDFFFFDDFBJ@H@D@BA@A@CDCF@F@FBDBD@DCDAFGOSCCECCAG@CCCA@C@EBE@CAAAABABCBG@EBI@AA@@@@@@@@AAAAA@@@@@A@@A@@@@@@@B@@ADAB@@@B@BBBBBBB@B@BB@@@@@BB@@@@@B@@A@@@@@@@@AA@@B@@@@@@@B@@@@@BB@@BB@@@@@@@@ABA@A@@@A@BBDBD@JBFBF@D@DABE@@@@@@B@@@@@BABC@@@A@@@A@@@@AA@@@AAABABA@ABADABAD@FAD@DA@C@AACAE@CAAA@ACAA@@A@@@A@ABC@AAA@ACAAAAAEAKCEA@CAAAEACAC@AAAA@@ABC@CB@@C@AAAA@ABCDEDADC@CBCBCDAD@DADAFABA@A@AAE@C@AAA@AAA@C@A@A@@@A@@BA@@B@@AB@@@@ABABCBA@C@AAA@A@CB@B@DAB@F@D@D@D@BABA@C@CBCFGBABCFEDABCDCFABC@@B@F@B@DAB@DA@ABCBCBEBE@CBEBA@A@A@AACAACAAACCAC@ABCBCBCFIBCDCBA@CAECEAECCAAEAC@EAEAA@CBE@EBE@CAAACAA@E@CAGACA@A@ABCBC@@@@BA@@@@@A@@@@A@@@@BA@@@AB@@@@A@A@A@A@AAA@A@A@@A@@@E@C@C@C@A@CACAACACA@@A@@@@A@@BC@A@@ACCAKGGICI@@@@@@@@BEAAACCCOKE@A@@@ABAFA@ABA@@@AAA@CAACCAAAAAA@@A@@@ABABCBA@AAC@A@@"],"encodeOffsets":[[122751,29423]]}},{"type":"Feature","id":"330703","properties":{"name":"金东区","cp":[119.681264,29.095835],"childNum":1},"geometry":{"type":"Polygon","coordinates":["@@jQBA@ABADBBABAJIFEHCB@FBJ@B@DABC@EBCDEDCBAFBDADBBBDABBBAB@B@@ABC@SBABABAB@PCBABABABGBABAF@D@N@DAB@@ABC@CAE@CACACCCCA@AAC@AAG@MBA@ABCDCJGDABABC@A@E@A@A@@BA@A@A@AAAACAA@CBABAFEDGFCDABA@G@E@C@EBSBABABAD@DABABA@A@C@C@EACAAACCA@A@C@E@GAEEEGAEAG@OCCACA@C@CBICAACBCDADAD@@AACCAAAAC@EAAA@A@C@C@EA@@AC@E@CBCDAJABABAA@ACECEEGCCCCC@ABCACAAEA@BABC@G@I@EACCEEEEACEEACACCAC@CACACAC@EBC@AAAAIAEAAECEEGCEBEAEAAGCK@C@EBIDEBC@A@IACAE@E@EACACAMCIACC@AAC@A@@@@AAC@@A@@@AA@@A@D@B@BA@CBAAA@AAECCAA@@@A@ABADABCBABC@ABCA@@CAEAAACAC@C@C@ABC@@B@@@BB@BBFDDBD@@B@@@DADAFAFADAJADBD@DBD@DDDDDBBDDBF@F@BADABA@EBEBGBGBEBCBCBC@CAAAAAAAAACA@AAABA@A@@A@AAEAC@CAEAEAGAEBCBEBGHCB@BAB@H@HAFAFCFAB@BBFBF@BDDBF@BABAHEDABEF@@CBEBFBHJJF@F@FAFCD@@@@AB@@@@CFAB@HFJBF@@@@JVAFAB@JADCFAHAJADGTITBHBDIJ@DDDADABGAEBBFNNHDBHFFDBFDHDL@JBJBDAFAD@BF@FBDB@BCFAFBFDBN@H@@BBBHDBDBFDFDDBF@LBH@LDDBBDDF@FBBBDFBFDHFDBDDFHFFDDF@D@DDFDDDFBFDBBFBFBHBDFBBF@FBFBDBHBFD"],"encodeOffsets":[[122696,30011]]}},{"type":"Feature","id":"330781","properties":{"name":"兰溪市","cp":[119.460521,29.210065],"childNum":1},"geometry":{"type":"Polygon","coordinates":["@@AEAECACAE@CBCACAAECI@C@CCCECGAIAIAE@EBAAA@@CCCCA@CAABAAAAAE@CBACEEAAA@KAC@GAEGCCCE@E@E@EECGACAEAEAE@AACEGAEAEAAAECEACCECCCC@E@CCEEEGCCCAGEECEAACAA@ECEACCAKCG@KAE@CAECECCACAAGAA@@CAICE@gGCCEAE@E@E@ECECE@E@C@CCGACAEAKBC@G@IBEBK@GAGAC@GDEBCA@ECKCICCGECCAEEEAACCCGEACAGECAACAGAEACAIAE@CBCBCBA@CCEACACGCAC@EBCAAIQCCACE@@BBF@D@F@BA@@AEICAAAgBUBI@CCAAA@A@BC@CBC@EA@@EBEBC@CACA@CAABABK@GIEGCCACAAAAC@C@C@CDEDCDAFCFCBC@ABA@AB@B@BAFAHABAAA@@A@A@ABABC@A@@AAA@ABAD@@C@@@ADAH@BFDDD@DAFCBA@CCCBCD@DAFABCDEBC@ABABA@GCIAA@IG@@@@A@A@@@@@ABBD@DC@A@@AAAAAAAA@A@AB@B@FBFCBC@KOAAEGCICCCACAC@CBABEBEBG@CAE@EACCCC@EAEAEEEECEAEAMKKIIIACCA@ACAC@G@CBA@CAEAC@EDCD@B@DBHBHCDEBEDCBCDADEHABCBEDE@CBG@C@C@@LAL@HABABEBKBCBCBAB@B@B@F@FDF@FEBEDCFGJADBBDDBD@@CDAD@FBDBD@DAFADABEBKBCBA@@BDBD@BF@HBFAF@DDD@BABAF@D@DBBNJFDHFBDDFBFBDBBDDDDFBTHFD@FDDFDFBBB@FBBHBBDAFAFAF@DFBBBF@FAFCHBF@HAH@F@DBJJ@DBDAB@B@B@D@FB@@ADC@A@@B@@@B@B@@D@JKL@DBBbNJBDBBBBDABADABC@@BBFDHBD@FADCHCFCBADEBAACBADAFBBFRAD@BBF@FDFDDAD@BBDADEDAFCDCBEBAD@DBBFDFL@DDDBDB@B@DAFCD@F@BBF@FBDFBDBBD@F@HADDDHFFBFDFDBDBB@JCDG@GDKBIFADBD@DCDEBA@E@CBAD@DBBDD@F@FBFBH@BBBBFJDF@BCDCDABBDB@PDB@BA@C@C@C@CDABC@AAA@CBCBCFCFCDCBC@CBCBC@CACACBGBEBEDEBCACCEBCHMDKBADAF@DBDAJGBCBCAC@EBABCBAL@DAF@D@BBNFD@HAHADFBDFFHLFFBFBDBFBDAHCDDDHFDBFBBBFCDCJCFAFBDBDBDDBBF@JAF@F@FBBDBBDFB@FBNAHAFEDCFAHCD@DBFADAF@BBDB@DAF@FADGFGFGDAB@DBDBBD@FBLJFHJN@D@FADBDBBHBFDFFDDFFBDDBFADIDAJAB@DBB@DADCB@FBF@B@D@FI@ADABAHBHDDBBF@F@H@DBH@DB@D@DCDEFAH@F@DBBDAFBFFFDHCPVEH@FCFABCDE@CBCBCD@B@BABAJQ@CCCACAA@ADCFCFAF@HAFCBCBCBA@@BABA@@B@B@@@BABAB@BCB@DA@@FAB@D@B@B@@@@@F@FANEF@DABA@GDCDAD@HBBBDB@BAFAD@DBDF@DDBF@D@DDBBBDAFADADAB@DBBD@DDDDBDBDC@@BAD@BBFAFAHED@D@F@B@DCDCBAB@B@DBBDJFBAD@BA@CDCFADABA@A@CAE@CBEBC@A@CCA@CBCDCBA@C@CBCBCFA"],"encodeOffsets":[[122777,30075]]}},{"type":"Feature","id":"330726","properties":{"name":"浦江县","cp":[119.893363,29.451254],"childNum":1},"geometry":{"type":"Polygon","coordinates":["@@DCDCDEDAHCDCDCBE@CBCH@F@J@FALGBAD@BAB@F@D@@@B@JHDB@@BB@B@D@D@DBD@BAD@D@@@B@@B@@@B@DABABADC@@@C@A@C@EAA@A@AAAA@AACACAE@AAA@AA@@@C@A@@BABAFA@@B@BA@@@CBABA@AB@F@@@B@DAHCBABA@@BA@A@@AA@AEGACAA@@EACAA@@@A@A@IDA@C@C@C@AAAA@A@CAEAA@AAA@AEAAAAA@CCGCEAE@@@ABE@E@ABC@A@@CC@A@@@C@E@ABA@@BARCFAB@H@@@B@@AD@DC@@B@B@@@B@DBLF@B@@B@@A@@B@BIBA@@BABABADA@@B@DAB@B@@AB@A@@ACE@@AI@@@@BA@@DA@@B@@ADCBABA@@DALCB@DADAD@V@B@B@BAB@FE@@BA@@A@IS@A@A@CBC@AA@@@@AA@@AOBAA@@A@@@@A@@@ADK@@@AB@@@BAJALEB@@@D@@@B@BFB@BDDBB@B@B@B@@@B@BABADCFEDABA@@JC@AAAAA@ACA@@C@GAA@CA@@CAIGAAA@E@CAA@AAAAAAC@@A@AGICC@ACECG@ACCACACAE@CAEAGAKCE@@CAA@@ACEA@AAA@@AABE@A@@@C@CAC@A@A@@@AA@@AE@AAACA@ACAAA@@@AACAC@ACA@@CAAAEAAAAAEGAACACCEIEECEAA@@IEGEACCC@ABC@CAAACGCGAED@@C@A@CAACAGAE@IAEAEAAE@EFBHBFDBBBADA@CBC@CDC@CBIBADADAHADADIDADADC@A@CAC@E@CACCCECGAACACACAA@EDCFAD@B@B@F@D@DABADA@ABA@A@CA@@AAAIAE@C@C@AAAAAGCEBADAD@D@DABCDAD@DDB@D@BADAF@DBF@D@BABCBEBCD@DABC@ABIEACCAA@A@ABCDCDA@E@C@C@GFEBEBAAC@AB@@CDCACACC@CACCAA@CBCBEBCBAACA@C@CAECCE@AC@CBCBE@ACAAAGAC@CBCD@HABCBE@MFEBE@@@@@A@A@C@A@EB@@CBA@ADA@ABAB@@A@A@@@ABAB@@ABADADEDGBE@EBEDCD@BBBBDDD@DIRABABA@C@ADAD@DCFADEBEDG@UFGDAFAF@DBB@DABADBFBD@@B@@DBB@BBBBD@@BBB@DDDB@BBB@B@D@BAD@B@@@@@LBFFBFBDB@B@DD@@@D@D@D@@@B@DBFBDBDDBD@@@@@@@BABABABCBEDCDAB@@AB@BADABABCD@@@@ED@@@@A@@@@BA@AB@B@BA@@B@@BBB@@@@B@@@@BBB@BBDBB@@BD@@@FBJDBBFA@@B@B@DAB@@@B@B@DBBBFDB@BB@@BB@@BBB@@A@BF@BF@FCDCB@BDBFFDHBD@FAFABCB@B@DDDAFAD@DDBJB@@B@@BB@@@@@BBDDDBBB@@@B@B@F@@@B@FGP@B@@@B@FBBBDBF@FBFBBDDFDBDDBBF@F@BB@@DBBDBF@DBBFDDBDFBJBBDFHDBB@BBBAFAF@JJFHDBBBB@@A@AACBABAJADAFCHEBABBHDF@DADAB@D@D@BBHCDBHC@@B@BCBABAB@BAD@@AJ@HANBFBF@BDDDF@HCDAB@@BBF@BBBB@@@@@B@@@@@B@@@BA@BDAB@BAB@B@B@BAB@B@@@D@B@@BB@B@D@D@D@BBHBFDDB@@B@B@@@B@D@JAHADF@D"],"encodeOffsets":[[122853,30388]]}},{"type":"Feature","id":"330727","properties":{"name":"磐安县","cp":[120.44513,29.052627],"childNum":1},"geometry":{"type":"Polygon","coordinates":["@@DCHCB@@A@@@AA@@@AAGEAA@@@A@@@E@A@@AAAAA@@@AA@@@A@@BAHG@A@@@@@ACAKGECKCAA@@CAACAA@AAEAAAACCCAIGCAACCAAAGAEA@AA@EEAAAACC@@AAEKAA@@A@C@A@@@AAAAAE@@@A@@@ADCFEBA@A@ABABE@@BAB@@@B@BBBDBB@@B@B@B@DADAB@BA@@@AFI@AB@@@BA@@D@H@B@@@@@@A@A@EA@@AAA@AA@AACAA@C@@@A@C@A@A@CBA@@BGFAB@@A@@@@@AAEK@CAA@A@@CCCCAAGI@AA@K@CA@@A@AAGIA@@A@AAABA@ABCBABAFCB@BABCBCBA@A@GAA@ACEAA@CBA@AA@@ACAEEIEA@@A@@@AB@DCJED@@A@@@@@AAA@ACA@@A@CBA@@@AA@@@A@@DG@G@ABABAHIBADABAB@@@BBBB@DBJ@D@BBB@BB@@@B@DBBAB@@@@AB@@CBG@@@ABAB@@AB@F@@@BA@@@@BA@@AACGAA@AAE@A@A@@@@B@BA@@BBDD@@@BB@@@@ADE@@@A@A@G@A@CDGCACAE@A@@A@@BC@@@@BA@B@@B@@ABCB@BA@ABA@A@C@AAAA@@AC@A@CAA@@@A@@@AA@@A@@@BA@AAAACA@CAC@C@C@A@ABC@A@CAA@AA@@AB@@AB@BAD@D@BA@A@CBCAEAAAK@GACCCCAEBE@I@EAECIAEGCA@CE@ACEAE@G@CFEBCBE@GAEAAAAAAA@AA@AACAACAAACAEEACA@@@ICI@GAEAKAE@E@ECECGACAA@@BC@@ACEECCAEACAAAA@AAAAAC@AAAAACCACCAA@AAA@C@CAA@A@AAAACCCAEAA@C@C@C@A@A@A@A@ABEDABCBA@C@A@AAA@@AA@A@A@CBAB@@ABAD@BABBD@BBBB@B@@@DB@B@@A@ADA@A@C@C@EACBA@@@ABABAB@@A@@BA@@@@B@@@B@@BBBB@@@@@BA@ABABC@@B@@@@AA@AAAAAACAA@AB@@C@@@A@AAIIC@@A@CAI@CA@AAA@EBADCBADC@ABABA@@AAAAA@AAA@A@@@AA@@@AB@@AB@BA@@@AAA@AA@@@A@@BA@A@CAEAA@A@@@AA@A@@BCBA@A@@AAA@AACA@AA@BA@@B@@@@ABA@AAACCAAAA@@CBAB@@A@@B@@@@@@@@@B@BBB@BA@@@@BCHA@@BA@C@ABA@A@A@CAAAA@A@ABA@@@C@A@ABGBA@A@A@C@C@CAA@AAEAAA@@A@AAA@AACA@A@@ACA@EACJARADABABADABAAA@@AACAAEACAE@@@CD@D@B@F@BABABA@@@A@CCCGAAAACA@CAABABA@C@EAE@@ACACCAA@C@CBADCB@BAAA@C@AAABC@EFCDC@CBCACBC@@@A@@B@DADADEB@BABBBA@@@A@A@@@A@@@AB@DAD@FABA@IBC@ABABAB@@B@@B@@ABCDCDCBC@EDEBABCDCBA@B@BF@B@@AH@DA@@@@@@BA@@@A@@@A@A@@@ABCBABEBA@@BA@@@@B@@BBB@B@BBBB@B@J@B@D@DBBBDHHBFAFGJEBADBDBF@DFJBFDBDBBFLHHHDBD@BBDBDBB@@@HDDBD@B@B@@@B@@@@@B@@BB@@B@@AB@@@@A@@@A@@@@BBDBD@FB@@@BABA@A@@B@@@B@BBB@BB@BBAB@BAB@@A@@@@DCDAB@@@B@@@B@@@@BBB@@B@@@B@@@B@@B@B@@BB@@BBDB@B@@BB@BBB@BBBBBBDABAB@@A@@@@@A@@AA@A@@@A@@B@B@BABAD@B@D@BB@@BB@BBBB@@@@BABABBDBBBLBDDDB@@@@DBB@BB@@@BBD@BAD@@@D@@BB@@DDBBBBFDB@BBBDDDBDBD@B@@@B@@A@ABCB@B@B@BDDFFDDBB@B@B@BABABEDAB@B@@@B@DDJ@F@BDDBDBDBFB@BBDBJDHDD@DBNDB@B@JAB@D@DB@@BBBBB@@DBB@F@BB@@BB@B@BBF@B@B@D@D@DADADCB@B@J@D@@A@@@E@C@CDADA@@AE@C@A@@BA@@B@DAHAB@B@BBB@@BBF@@@B@BEFAB@@@BBB@BBN@B@@EB@B@B@DBFBFDJ@BBBB@BD@@BB@D@D@DAD@BADAHCFABAB@@ABA@OBE@C@ABA@A@ABAHAB@B@@@D@BBDBD@BBBBB@BDB@BD@BBF@J@F@B@BBFBJFFFFD@@@@F@D@D@FA@@BAFEDA@@B@BA@@D@HBJ@DBB@B@DBDB@BFDHJFDBB@B@@BHBD@@FHBDBBAHBB@BDBBBDBBBF@@BLDHDHDD@FDB@BDDBDDJLBDBDBBBF@D@B@DAD@B@B@@BBD@DBD@BBDBB@HFB@B@D@N@B@BB@@BBBBDDBD@B@B@D@B@@@@@@@B@@B@BBB@@BHHJJ@@AD@@B@BBJHDDBBHDFDDDDB@@B@FBD@DAB@DADABAFCBA@@B@B@F@@@B@@ABA@C@@@@@AC@AA@@BADC@AB@@B@BB@@@DA@@B@BBB@@@@@@B@B@B@@B@@@FADABAB@FEB@@AB@BBJDFB@BB@BB@D@@@F@B@DBD@BBDBBBBHFBBBB@BDJBDDFDFBF@@@B@BAD@BABABCBEDF@FAD@DBF@BBBBJFBB@@B@B@D@B@@ADAD@FAB@FCDAFCDCBA@A@@@A@AA@@ACACCAAEGKICC@ABC@ADA@A@@FAB@FAHAF@DA@@@@BA@AAGAAACAA@A@A@CBE@EFWBC@CAC@CCE@CAABABEBCBA"],"encodeOffsets":[[123676,29927]]}},{"type":"Feature","id":"330784","properties":{"name":"永康市","cp":[120.036328,28.895293],"childNum":1},"geometry":{"type":"Polygon","coordinates":["@@B@@C@@@@B@@@BBDB@@@@BA@@BE@@@AB@@@FBB@@@@@DCB@@@DB@@@@BABABA@@B@DA@@B@@@@@FBBBBB@BDH@@BBDBFDBB@@@@BA@@BEBEB@BABCFCDCBAB@B@DABB@@HFBBJH@@B@B@D@@AB@B@D@B@B@FCBAB@H@B@@@B@@@DCBAB@@ADBB@@@DBFHB@@@B@@ABA@AAA@@CACCCAIGGECC@@AA@@@A@@@@B@BBLD@@@@B@@@BCBA@@B@BAD@@@@A@@AC@@@AB@@@DADAF@DAH@B@BAHEDABAB@@@D@D@B@FBB@BBBBDDD@BBB@D@BAD@B@B@D@B@B@@@@@DAB@BAFABAH@DAB@@@@@BABGBA@A@@B@B@BA@@BA@@A@AEAA@CBC@EBCBE@CBA@@BABABA@@JADABAFAB@DAB@D@@@DBD@B@JAD@BA@@@@BA@@@CBGBA@@BCLIBAB@D@B@HDB@@@D@D@JCD@B@@@@@DB@@B@B@BAB@B@F@DB@@B@@ADEBA@A@AA@ACCGCAA@AA@@@@A@@@@A@@@A@@@@@@@@B@@A@@@@BA@@@@@@@A@@@@@@BCB@BAB@BA@@@@B@@@@@@@@A@@@A@@@@B@@@BAB@B@@@@@BA@A@@@@@AA@@@CAAAAC@@@C@C@A@@@@@@@@B@@A@@@@BCB@@@@@@@@@@@BA@@@@@@DA@@B@@@B@@@B@@@BB@@@@B@FFDBDB@BBD@BBB@@B@BB@BBBBBB@BB@@@@BC@ABE@C@C@A@@A@@EACAC@A@@B@@@B@@@@@BA@@@AA@@AA@@@@@A@@@A@A@C@CAGC@@A@CACAAAC@CAGGKGAECACAAEEIGCABA@IAG@GB@@A@AAC@CAEAC@A@AB@B@BBB@D@@@@ABA@@B@D@BAD@@@@@DAD@@AB@BAB@@A@@@CACCAA@AA@@@A@@A@@@A@@@ABA@A@@@AAAAAA@@@A@A@A@@@@@@@AA@@AA@AAAAA@@@ABABCBA@@B@@A@@AA@@@AA@AAA@@CAA@ACCAC@AAA@@@@BAB@BAB@B@@@D@B@B@D@B@@A@@@A@AAAAA@@AA@A@A@CBABA@@@AB@@A@A@OAQ@KBKACAACACACA@@MAECEEEIAGAECCCCECCC@@EAGAECCA@EAC@CEEKMIKCKBC@@BADCBADAB@BABA@A@AAAACAACCCCCAAAA@A@E@EBCBA@C@C@C@@AAA@A@@@@@A@@@@@A@@AA@@@@@@A@AC@AACAAA@A@A@C@A@E@C@@@A@AB@@@B@BCBGDI@CBABA@CB@@ABA@@@C@A@A@AAA@A@AA@@AA@@@@@A@@BAB@BA@ABA@A@@@@EKCIEECC@BCAE@KB@@ABABABAAC@E@A@@@@BA@@@@B@D@B@BA@A@A@C@A@C@CBAACBCDEF@B@@AB@@ABABA@@B@BBB@D@BB@@BB@@@@@@B@@@@A@@BCBIA@@IC@@A@AAAAAAAAAAGCCACCECCAAC@@ECGEAACAEAKAE@GAECC@ABADAFCBEBCDEDEBEB@FBF@DADA@@@A@CAA@@@@@@@@BC@@BEBGDCDCD@@A@C@@@A@A@AB@@A@@@ABABAB@@@B@@@BAB@BA@AAAA@@A@C@A@C@CA@@@@@EA@ACAAAA@@C@AAA@EBCB@BAAA@@@A@EAEA@BA@@@@@AB@@ADABCBCB@@@@E@A@C@EB@@@BA@@@@B@@@@AB@@@@ADAD@B@BDBHBDBF@B@DBBBDBF@FAF@DAB@FBFBD@FBBBDDBFDFBF@DABCDADEJADADAD@BBDDDBBDBBBBD@B@B@BABAF@DAFAFADAD@BCBA@CBA@E@A@@@ADEBCDADCBEFADABEHAD@D@DABABC@C@C@E@A@CBA@A@@D@BBB@B@DABADAB@B@@A@@BA@@@AB@@@B@@@B@B@DBB@BBB@B@DBF@B@BABEBCBCBC@CBADAD@DCDCBCFAD@BBBBBD@@@DAD@BA@@BBBBD@DBFBBBDBB@DFBLBFBBBBBDB@BBD@BAB@@@B@@@BBBDB@BB@DBFBD@B@DCBC@EBC@ABCBAB@BABABBB@B@@BB@@@@@B@@@B@@ADAB@@@@A@@@@@@@AFCBC@E@EAIAC@CAAAB@@@B@B@BA@@@@@@@@AA@@AA@@@@A@@@@@@@A@@@BB@@@@@@@@@BA@@@@@A@@A@@@@AAA@A@AAAAAAA@@@A@CB@BA@@@@@@@B@@@@B@@@@BBBB@B@@@@@@B@@BAJ@FAHADABBBBB@DAF@F@DDBDDH@DBFDDDPTEHCBCDC@CAEADDBFHDHDFBHADAD@F@D@DFDDDDD@H@H@FCDAHGFCFCTMHIDCBCB@DADBDHBBHVDBFBDBDBDBJ@NDJDHFB@DDBB@@@@B@JEBAB@B@B@BBB@JFBBFBD@FBDBH@B@@@DA@@B@FD@@@@@@@BGD@@A@@B@B@@BBBD@@@@B@@AB@@@@@BBB@@F@@@@@BDB@@@@@D@B@@B@BBBB@@DHBD@B@FAF@B@@B@@BB@@@@@@@DC@AB@BA@@"],"encodeOffsets":[[122959,29797]]}},{"type":"Feature","id":"330782","properties":{"name":"义乌市","cp":[120.074911,29.306863],"childNum":1},"geometry":{"type":"Polygon","coordinates":["@@QDC@C@A@@A@@CAAA@@@A@CB@BC@ABACC@A@AAEAEAGEI@ACA@@@CAA@A@@@@@ACACA@@AAAA@A@AB@DE@@@A@E@C@C@E@C@C@@AAKGGEGECA@@AA@@@AAC@@AA@@A@I@A@AACAA@AC@ECE@CACCC@CCACCAE@AA@A@C@A@A@AB@BA@A@C@C@E@E@A@E@CBA@ADABA@A@A@@A@@AAAEAAAAAAA@A@A@@@@@AEAG@CAAAAIGA@AA@CA@@AB@@ABAB@HCDCB@@@DE@A@@@@AAACAA@@@ABABA@A@@@@CA@A@@BC@@@@BADA@@BADCDCB@@A@A@AACAA@@AAEAAA@@A@AC@@AAAACEA@@@A@IB@@A@@@@D@@@BA@A@GAAAAAA@C@@@A@@@@@@A@@@ABAB@DC@@@@@@GK@@AAA@CAAA@@AA@CCECECEACCAACCACAGCCAA@@@AA@A@ABC@@BCBC@@@@@A@ACIA@@AA@CCOGAAAA@@AA@CBC@E@@BABA@@AA@@CCA@@@@A@CBE@@@@@A@A@@CACA@@AA@A@KAI@AAG@A@A@ABADCDEBABABKBC@E@EAA@AAAA@ECA@@ACE@AA@@AB@DIBC@A@@A@@@A@C@ABA@@B@@A@EAA@@@ABA@@BCD@@@@@@A@@AA@@@@ABE@E@AACCG@@AAAAA@@@@A@C@@@@CA@A@@@@@EA@AA@@@@A@@BA@@@@@ACAA@@@A@AB@@@HC@A@@@@@@ECA@@@CB@@A@G@CAEAC@EAAAIEA@AAA@A@A@ABIFA@@@@@AACCA@GEICMCI@CACACAEACAGUAACGCACBA@ADCDGJSNEDEDGHCBEDG@G@C@CCCCCEC@E@C@CBGBEAGCGCAECCE@E@CD@DFBBBBDAD@BDDDDHDFFFDBDB@ABABIBCBAD@D@FBD@@FBD@D@B@B@BB@FBDBBDBBD@BC@CBCBADBDDBAJ@D@DDBDBPDH@FBHBFFBF@H@F@D@BDBBDBBBD@F@D@D@BABABCBC@ABABABAT@F@D@F@HABCBEDCHEFABAB@DBBBDBB@B@B@BAB@@@B@B@F@BADABCBIHCDAD@BAB@NBH@BBD@BDBDDBDBD@DBF@DAD@BA@CBM@C@E@ABABAHABABABODA@ABABAB@TAD@BA@A@ABAACBAACACBEAABCDCFAD@FADCBA@I@EAA@GDEFIJABABCAAB@BABiR@F@F@FDFDDFHHBD@LBB@BBFFBDDAF@BBBBABBB@DDBDD@DB@BBFAF@JBJBHBFDDD@D@DDJBFDBDBDAF@DBDBBFBFHDBBBB@B@D@DBFBJBB@@DBB@B@BAB@BCBA@C@C@E@A@ABCDEFCB@DBDBDBBBDHDFDDDBF@D@DBB@D@BCBCJCBCBCBGBCBCJADAD@DCD@DAB@BCAACAAEAGFEF@BBBFBF@JBFBHBDDBB@D@@@FCHBHDBDBB@DAD@BDDBDHFJF@@BBDFFFFJDDDBBBFHBBBBFBBBDB@@DB@BBDBD@B@@BBDB@BDBBB@BBF@@BB@@B@B@D@DBD@@@B@F@BA@BB@BBB@DF@BB@DB@@DFBLBHBF@DBFBDBDDD@BDHDF@BDDHJ@B@BD@BBBBBBB@DBF@B@BBJHDB@@DBB@HBD@@@DB@BBBBB@BB@BAD@DA@@D@BB@@@@BBPTDDBB@BD@D@D@D@D@DBFDB@F@BBB@DDFFBB@@B@D@BBBBBBBFDFBDBBDBBB@BBDB@@BDBBBBB@DDH@B@BAB@@BB@@@@DADA@@D@B@B@HDD@D@B@B@@ADCBABEDEBCBC@AAACEAAAA@@BA@@@AB@BADAD@@AH@HCB@B@@A@@BCDE@CB@@AD@DAFAD@B@D@BBB@@@@@BAB@BAFEBCBA@@@AAACE@@@@BABA@@DCB@@@DBB@B@HAB@BA@BB@@@JFB@F@D@B@DCB@BCDCDC@CB@@A@A@AAAA@AAA@MCCACA@@CCACCGAC@AAA@I@C@A@@BCDEBABABA@@HCBAFEBABAFCBABA@@@A@C@CA@AEA@@@@E@G@E@E@C@AAAAAACCCCECEACAAA@EC"],"encodeOffsets":[[123151,30107]]}},{"type":"Feature","id":"330783","properties":{"name":"东阳市","cp":[120.23334,29.262546],"childNum":1},"geometry":{"type":"Polygon","coordinates":["@@@ADA@@D@BADCDEDCBA@@DATKBADABC@@@A@@@CAE@A@A@@@@B@@@@@LF@@B@@@@@DA@@B@JBB@B@B@@AB@@ABABEBEBA@A@@DA@@@A@@@A@@AAAACACAA@@@@A@@AECOAC@G@E@G@@@K@A@ABCDCBAFCBABA@AFMBA@@@AB@B@DAB@B@@@BADCDCFEBABAB@@@B@@@B@LBB@B@@@BADEHIDC@ABA@@AAEGAAA@@A@@@A@ADA@ADAB@@@F@DBB@B@B@@ADABCB@DCDABABADA@@@A@A@@CCACAC@AAAAAAC@C@@@A@@BCB@B@BAB@D@BBBB@BBBBDBDBBBB@@B@B@D@BAB@@@DCBAFGDE@ABC@AB@B@B@@@FBB@@@DADAB@B@B@DDD@FBB@B@D@@@DAB@BA@@FCD@FAH@@@BA@@BABAB@@AB@@@BB@BFDBD@BB@B@B@B@DABAHCDADABADABAB@B@@@BBDDJJBBLJDD@@BB@@D@BAF@D@DBB@BBFFBBB@B@B@B@@@@A@E@C@A@CAGAC@AAECCAEAAAA@A@A@@@ABAFEDEBABIBABADC@@B@@AF@D@B@BBB@@BBBDH@BB@BBB@D@B@FCDABABA@ABC@A@A@@AECECEACCI@AAAAAGEAAAAAC@AAC@C@A@E@@@CAAA@@AEAICAAA@@BA@EFA@ABCBEB@@A@@@@A@A@A@@@@A@AAA@@@CB@@A@@A@AA@@BCDAB@@BBD@@B@@@@@DAB@BA@@@E@A@A@@@ABEDABCBCBA@CBC@EAA@@@CACCECGCAACCIGAAA@@@BC@@IIGG@AA@AAA@@@@A@@@@@@@A@C@A@AACCCAAAA@@AAA@M@C@A@A@GEA@CAAAC@CAC@AA@@@A@ABC@C@A@CAEAAACACIKCCCAACA@ECC@GCGCKC@AE@AACAAACA@AAABGAAACEG@@ACAG@@@AAAECGIEC@ACACAA@A@CAI@GAC@@@ABA@@@CBEFAB@@EBC@C@E@@@@@ECEEIEEAAAA@E@I@E@AAC@@ACA@AAAAA@AACAC@A@C@@@ABABGBAB@B@BAD@F@PAB@BA@@BABADEBGBC@ABC@C@C@CAA@@ACA@AA@ACIAEAE@C@A@AFA@@@AAM@AAA@A@@BAFE@A@A@@AE@AA@AAA@A@GBCBA@@@AB@@@B@DBF@@CBCB@D@D@F@@@BC@I@A@A@CDCBCBC@C@A@A@E@AAA@A@@AA@@A@EAA@CA@AAAA@@CAC@A@IBA@A@MCCAC@GCICCAAAA@AEACACCC@A@ECI@C@A@@@ABAFCBABA@A@A@AAACCEECC@A@A@ADABAB@@@@A@@@AACACCCACAAA@ECAAAACC@@AA@@@C@@BC@AAC@A@@AAA@CA@@@@CACCKAAACAAAABAB@@@@AAAAA@@AA@@A@C@ABCBA@A@A@AB@@@B@B@@BB@@@@@B@@@BABAACAAAA@AAA@AAA@@@ACAAA@@AA@@@A@AA@@@A@@@A@@@AA@A@@A@@@A@@@A@CBCD@@@@@BA@ABA@AB@AAAA@AAA@@@A@@@@BABAB@B@D@DAF@BAD@@@@AAA@AAAA@AAAA@@@AA@AAC@ACACAEEA@@@@@AA@@A@@@A@@@A@@@CB@@@@@@AB@@@@@@@@@@A@AD@@@@@BA@@@@@@@@@@B@D@D@@BDBBDB@@B@@B@@@@@BAB@@@@A@A@AB@@A@@@@@@B@@@B@@@@@@A@@@@@ABA@ABA@AD@@@@@@@B@@@@@@AB@@@@@BA@@@@@@@@@@B@@@B@@B@@@@@BBB@DBDHBDB@@B@BABCF@BA@@@CAE@A@A@ABA@A@@@CA@@@@A@C@IDC@C@@@A@GCA@C@A@ABKJAD@@ABAH@D@@AB@@@@ABC@IBA@C@CA@@C@A@CBA@EBABCBIB@@ABABAB@@AB@DAFAD@FAD@DBBBFB@@@AB@@ABA@A@@@@BABAHAB@@@@A@CBG@ABEBABA@CB@@@@A@A@C@A@A@C@ABC@A@AAC@CCAAAAA@EAA@C@C@@@A@ABCBGFABA@G@CBE@CBCB@@A@@B@@BD@@@B@@C@ABA@@@ABAD@@A@@@@@KCAAA@@@@@@B@@BB@@DDHFJHDBDDDB@@BB@BAB@BA@@@A@EGCA@@A@CA@BA@ABCD@@A@@@A@G@A@ABEDA@A@C@A@A@@BC@A@A@@@IGAAGE@@AACBA@A@ABCDEDADABA@AFAF@@AB@@@@AAECCAAA@@CG@AAAAAEA@@@@A@@@CBA@@@ABABAB@@@@CA@@A@CD@@@@A@EA@@A@@B@@AF@@AB@@@@CAAA@@A@@@@@@DA@B@FBB@@@@AB@BAD@B@@@B@@@@BADCJA@@BB@@BDF@BB@FDB@BB@BBB@F@FADALABABCFCDAB@B@B@BBH@BBJ@L@BBB@@DBDB@@@B@B@@@@AF@D@B@@B@DD@@BB@@ABAB@@@FAD@DBB@@BBBBPHDDB@@BB@DJ@B@B@@@@ADAD@@AD@B@BBB@@B@DBHDDBDBBDDBBDDFDFDF@DBB@@BBDBB@BB@@HL@@@@@@CDA@AB@B@@@B@@@@B@@@D@B@BBBBHBB@B@@A@@@C@@B@@@JAB@@@B@DFBBBB@@BDB@@@BBFBBB@@BBBD@B@B@BA@CDCDAB@@CBAB@@@@AD@@@BDB@@@@@BABAB@B@@BBBDBB@@@@@BCF@@A@CDGDA@AB@BA@@BB@@DBBB@JHBBBB@DBHBF@@@@B@B@B@BBBBBBBFBB@@@BB@B@B@BABCB@DAF@B@F@F@D@D@B@B@@ABAB@B@D@B@B@@BBFDDDB@DDDBD@DDF@FBDB@DBBBB@J@B@@@BB@@BD@B@@BB@@DBHFHFLHBB@@@D@D@F@D@D@F@B@@CFA@@B@BBBBB@@DBDB@B@@@@@BBB@D@@DB@BFJBHBFBF@B@BDDAB@BADA@@D@B@@BBDB@@@BB@D@D@RCCGAC@C@C@ABA@AFGBA@@@A@I@@BA@ABAHI@AB@DEDABA@@BAJAB@DABCBCB@@ABAD@@@B@B@B@DBB@BB@@ABCD@B@@@B@@B@BBDBJBB@BBBBB@@BBFBB@BBBBBDFBBBB@@B@F@DBB@B@@@B@@DDDFJBFBBBD@F@F@BBB@B@@B@BBDBB@BBB@BDBB@BB@D@HBPD@@DB@@@@D@BBD@F@D@DAB@@@@BBB@B@@AFCJ@D@BA@@BGD@BCD@@@B@DBDBH@B@BB@BB@BBBD@FBD@@@B@BBBBBD@@DDBBB@BBB@B@B@B@B@DAD@H@@@B@B@@@DABCD@@@JCB@B@B@BB@@BBBBBJDDBDBDFJDFBD@BBBDBBBDBB@@@D@B@HA@@B@B@FBPFDBB@FBD@BBB@BBBD@BB@BBD@BBB@@@BB@B@B@D"],"encodeOffsets":[[123362,30204]]}}],"UTF8Encoding":true}