{"type":"FeatureCollection","features":[{"type":"Feature","id":"422825","properties":{"name":"宣恩县","cp":[109.482819,29.98867],"childNum":1},"geometry":{"type":"Polygon","coordinates":["@@MCICKGICGEGCGAGAEEGGCIGKOGIECGAKBI@OKIKKUKOI@G@GBEHCLEDCFAAECECAMGMGAC@I@KAICECGEGEEKIQMSOOGIEGCKCCCAE@GBK@CAKCECGAGAGBIDGDGDGJMHGFOBKBMBKCICIEKEICE@GLIHKJEDEKEKEGCGGEG@ECAEAOBA@@A@@@@@@A@@@@A@@AAA@@@@A@@@@@A@@BA@A@@@@@A@@@A@A@@B@@@@@B@@A@@B@@@@@BB@@@B@@B@@@@AB@@@@@@@AA@@A@@@@@@AB@@@VGDCDC@A@AAACCKEECAAAC@C@AFCB@DCBC@C@C@CACACCCCCIEGAGAGCECGCWEEAC@IAA@AEBGHO@EEKGKIGGEAA@CRIDEDEDEBEBEAACAGCECGAE@WBKAI@GACAGEECCAA@C@C@CDEFGJ@D@BBV@D@BA@A@EAEAEACBIBQFCBGBEBGFC@A@SAQAIAOCCAAAAA@CBC@C@AAACCGEEEGCCAAAA@ABEDCDEBABI@A@C@A@A@A@@BC@@@@@C@@@A@@@@@A@@@@BA@@@@BB@@B@@@@@@@B@@@@BB@@@@@@@B@@@B@@A@@@A@AB@D@BABA@AA@@AAA@@@A@ABA@A@A@C@CBAAAA@A@C@A@C@ABABA@ABABABAB@B@DAB@B@@A@@@A@AA@A@A@ABA@@@@AAA@A@A@A@AAAAAAAA@A@CBCBCBCBIBC@CAAAAA@C@ABAD@F@B@B@@A@C@C@A@CBCAAESAGCKCCEE@@AA@AAC@CAA@C@AA@A@A@A@A@E@C@C@ABCB@@ABA@C@@B@@AB@BA@AB@@A@AACAAA@ACC@A@AKBQDKDGDC@EDCBEFAD@B@DBDBB@D@D@B@BBBABABEFCDC@AAC@A@A@CJ@D@D@D@DADEFA@CDC@EBG@ABADCBC@A@A@GBG@CECEAKBGCIGKKJGJCJ@LBLANAJELIHKDIDSJKLAHFHBJJADBDBFFBJCJKJKHMHEFCLALBHFHDH@FEHGFGFEJADBDDFHHDDFFDFBHAFIDIFED@FBJJHJJLJLJBF@J@F@J@F@FEFE@GFCFAFAHGDIBWEOAIAYDSECAGIMMKKOIKBGBKNGHOFMJCHCR@HBD@HAJ@JDPDJDHHFFBN@J@L@RBH@JFBH@F@J@J@JBLDHHHNJVL^VLLBLBJBLFFNFDFDFBLBLDPFPDJFJBFDDHHJHLLFFFFFFDHFJFDFJDLFNFHNFN@L@J@PEPEHAFBHHLHVHH@PBH@JIDMDOJKDILGHEH@HALFHJFJLVDHFNDDHLJLFJ@FCFCDEDKJFNHPJ`@@FHDHDFBDDFDHBBFDFF@DABCHBDDH@FEBO@@F@BBBB@D@BBDBBB@@ABCBCBABAD@B@DBBDBF@FBFBB@@BDFBB@@J@D@H@FADAB@B@DBDFBBBHFJBB@BDBBBB@B@HAJ@JBFAB@D@D@B@D@BAJCFCD@FADAB@B@HBB@B@DAB@B@@@B@BBBDBBDFBBBBBBB@J@F@DAB@D@@@@A@A@@BA@ABAFCBA@A@A@AAC@@@A@CAECGA@CGEI@ICI@IAGAI@G@CACFCJINGREJCJCNOHKBKBIFCPBLBNFXDNAPAJENGHEJMHMDMFOHOFGHCNBHFFJBJAF@L@JTb@@DDJNDBH@@A@CDCLEF@D@B@BJBJBDB@NFB@FAF@H@FAJ@FBDDFBF@DBFAJB@@B@LKJIFGFCF@NFPFPGHIFMDKDIFOBI"],"encodeOffsets":[[112570,30800]]}},{"type":"Feature","id":"422826","properties":{"name":"咸丰县","cp":[109.15041,29.678967],"childNum":1},"geometry":{"type":"Polygon","coordinates":["@@@A@ABCBQAE@A@CCGACCCAE@E@ECEAEAIA@BAAC@@BAD@J@HDPHBBPLD@B@FC@A@AAEAAAA@CCC@ABEBC@EECAA@ABABE@A@A@@@CBABC@ADC@C@AAACE@CAK@E@GAM@CBA@CBEDE@EAOAKEIAGCI@EDIFELMAICEEECE@EBEDIBGJKJEPGNE@GDQDGNIPEHGLMHALAPJLLNNHJDBTFZCJBPBXFJAHCBGBEDEHEF@FE@E@E@I@E@IAEKIKIIIIGAI@EFCJEJCBEAGCEEECCGGCEACBCFIHEHEFG@ECGEGAGBKDKFENGLGLIDIAIEECACAIBIFMBM@GDK@IAGECGCOCICKGIGGCC@AAAAA@C@C@EAA@@CAEBC@CDEBC@CBCDABAHADADA@A@AAACBC@ABCBCAAA@@@A@A@AA@CBC@C@CAAC@ABIJCBCBA@C@A@@@B@BABA@ACAA@CAAAAA@ACAIAC@G@AB@C@I@C@AAAACC@EAABA@GBEF@BAF@H@HADABA@C@A@AC@C@G@ACAAAC@AAAA@C@GACAACCGCKCOGICMGMEKGEGCIGKEEIEGECIGGGGIGICGCEAA@ED[VMBACAEBG@GAGMEGBQBKKGOEMBIHE\\@TGBE@A@AACACACACAAAAACAAAC@CAC@AA@GGKEEE@GDIJIFKHKHIJODC@GACAAACACCGAA@AAA@AAE@@EAA@@@ACKEEGCGAG@K@IBM@A@@A@AAA@@BABG@G@C@IAK@IFGBC@@@AECCAA@AAA@A@@A@K@CCAE@CDMAIAEA@GAG@AAACA@A@G@K@KBE@G@KAKCA@G@A@CBC@A@C@KCA@@B@BCJ@BDDBFBBBDBBBB@F@B@BBB@@B@@@D@B@@B@BAF@JAF@BBBFHBB@FAH@FBFFF@BBD@DA@AB@BB@BB@D@BAD@B@BFHFFFDBB@B@@IJ@HGNELIFKDW@CBIDA@CBABA@A@CAK@E@C@ABEBABAFAB@BA@C@AB@@@BAFAF@H@@B@B@@D@@ADEH@BCBA@@B@B@FDNBHBDBBB@H@D@@BB@@B@BA@@@BDBBFBDDBBBBBB@D@D@F@L@BAFABBB@DBB@D@FAD@DA@AB@@ABA@GHAFFLLPHFVNBBDHDBFDDBB@BB@BAB@BABCBA@C@@@A@ABEDCF@B@@BDJHFFB@AB@@GJCDCHACAA@EA@@A@CAAAAA@AAA@ABABA@AA@@ACCGA@A@ABAB@BA@ABC@ABMFCDAB@BBBBBFBB@@BBDHJHJDFBB@BBBDN@BA@@D@BABABABC@A@AB@@AB@D@@EDMDIECCECC@A@A@ABCF@B@FADA@ADALAHCBC@EGICECGBCF@B@@@B@BBB@BJHDF@DABEBGB@A@CCQEIACCCCEAG@IBCBCBECAG@EBED@FAFE@CAGEKAMAGDAFAF@D@DDDB@BB@@BBBBB@BABAB@FC@B@B@B@@BD@DBDBBDF@@@HAHCHEBG@EF@DDHDJ@FCFIBIBM@S@IC@A@AA@A@@AA@B@@ABC@ABEBCDAD@DDFBFAHCHGBC@CGSBCBCDAJ@B@BA@A@ACCC@E@C@CH@@EFGDG@EA@ABADGB@@@CG@G@A@@A@@@A@@B@B@HAB@@A@A@@A@A@A@@G@@BABEBKH@D@HCHGHEDKBABEDC@EBA@@@A@ABKDCFDFFFHFBB@@@F@@ADED@@E@A@KCIEIEGAG@CHDFHHDH@FADKH@@CHEHADBBDFBD@DBHDJ@DABAFABABCD@@@@EAA@@@@B@D@P@D@BDDDDBD@D@@CDADAF@BBN@P@HBH@B@BABADABEFEFA@C@AAA@EBEBCBAB@BAB@BB@@@LAF@DBB@BBBD@D@HAB@BA@A@A@@@ABAB@B@BBBBBBB@B@D@B@BADA@@@E@CB@@CDCD@BB@FD@@BD@B@@ABA@CBA@EAEACAA@ABABA@EDC@EAC@A@@@A@@@@BA@@@@@@@@B@@@@@B@@@@@@@@@B@@@@@B@@BD@@@B@@@@AB@BA@@@A@ABA@@@A@@@ABA@@@@@A@A@A@@@BDDBD@D@F@DBD@B@HBF@TBFBBDAFCHCHBD@@@@JDHBNFPFHFL@JAJ@NDNAJCHIDGBGJMHGJIJGLGHCDDFDFHBFFLBFFFDBDBDGBG@KBGFAJJBFBDJHJDH@JCHAPAFAFALFJBN@LARGFCFCHAD@AHALCJCLALBN@FBJ@HFHFHHHFDDDHJDH@FALCHCJEDGFAHAHBHBFFHDHDHLHJHHFFHFHDNDHDHDJFFJDFDPHFFLFFBFA@CAGBCFCFCH@HBF@FAJEHGDKBMCSCIEKCIAKFQFIFQAIBEHGHEJCLAPBNBFFHJ@F@JDHHLLJLLDFFLDFDJHDPHNDF@HAJBVELCLEJAHBLHHLZdNLFDHBHBDBHBHDDJBBFD"],"encodeOffsets":[[111771,30765]]}},{"type":"Feature","id":"422822","properties":{"name":"建始县","cp":[109.723822,30.601632],"childNum":1},"geometry":{"type":"Polygon","coordinates":["@@BAFCDABCBABED@B@FBDBFBHB@@H@PDNBNCNKHGJCPAT@XEPCRIDIAKCGCKGGCC@AAGAMA@A@AA@@A@A@A@A@A@@@A@AAAAA@A@AA@@AAA@A@AAA@@AAA@@AA@AAAA@AAAA@@AAAAA@A@AAA@@AA@AAA@AA@A@A@@@A@ABA@@@A@A@A@@@AC@AA@AAAA@AAAAA@@AA@A@AAA@A@A@@@AAA@A@AAA@@@AAA@AAKMGOGMCIAM@KEKGGEGGECAECE@E@C@A@EE@GCCAEEE@@@@@@ECECECCEAAAEAA@CFEFEBC@EAE@KBGBCJEDE@E@IBEDIDGBGBE@EBCBIDGDAFEDIDEDG@ICICIAE@GDGBI@G@ICKGMAGAIBAHCHAHCDABABKBK@MCEGIIIAG@GBKFI@I@IAGEOAGBMBKBGAKCEGGEEAC@ABC@CFA@GEEGECG@ALWBKCSCKCKHQBMBI@GEECGCEEEAG@G@GHKDAFBLFBBBBFDFBHDBDDFFDBBBDBDDDD@@BB@FDDB@@B@B@D@BB@@B@BBBBBL@@BDDLDBBABA@ABABC@AHCDAFADA@CACAE@EBEBE@ECGAEAG@CBADBB@FFB@BGDCBADBB@B@@@BCBC@C@A@A@E@ABABA@A@ACCAA@@@CAEAA@C@@CK@AAE@AAE@ABABAB@@ABC@A@CAA@AAAACAA@@AA@AAA@@CCCAAAAAAA@AAA@AAAAAAC@C@EIC@@CAAA@A@@AA@AA@A@EAAA@A@@AA@CA@ACEAAAIA@@C@A@C@EACCAAAAA@AAAAA@CAA@A@AAA@A@E@A@EAA@C@C@SIOGQGQGSGOIOIQGQISEGAMBMAIACCIGCCGACECCIAAB@BAB@B@BAB@@BB@BAB@D@B@@@BBFBD@@@J@D@@@D@B@@B@DBBBBB@@ABCBCBGBE@C@GBGBEJ@J@NARCNEJILEHGRCPGDKEGACFBHAL@FDJDHHNBH@FFHF@HBD@FDFF@H@FCDAFDFNDLHBHBH@NCRAN@J@@A@ABABA@A@A@A@ABGJAB@@CDCDAB@BCB@BAB@BADAB@BAFAFADCF@B@BC@IAIAGB@@B@@FA@@B@B@B@B@@@D@@BB@BFDDB@B@BB@@BA@ABA@@DCBABAB@BABABABCDAD@BCB@@ADAB@D@B@D@B@B@B@B@DA@AD@DAFABADAB@@@@@B@D@B@BA@@B@BAF@BABAB@@ABA@@B@@CBABCDCFCB@BC@@BEHCFIJCHCNAL@JBLDPFNDJFB@BDAFEJADABC@C@CBADAJABABA@CB@D@BBBD@DBDADCJABBDDR@B@FA@@BABAB@DABCFCD@@ABA@E@@@AB@@@@EdABEHGJMDKASCUEOBMHI@MBMDICECBMDKJGAIECQBQHC@E@E@MCA@AAA@GACACCA@CCAACACAAA@A@A@C@AGI@AAAACACA@CCEGCCAA@@@A@EA@AA@BEDCDCBA@C@CDABC@AB@@@B@@B@@BA@A@@@@B@BABABABABABABCFABABAB@@C@@@@B@@BB@@@BC@@@@B@@B@@B@BA@ABA@ABA@A@A@@AC@A@CBAB@A@@EAA@@@AAAAAAA@GAC@@@ABAB@@C@CB@@A@AAAAAA@A@@A@@B@@@B@@@BA@@@AA@A@@A@@@@B@B@@ABCDABA@@@AAA@@@@B@B@B@@ABA@@BAB@@@@A@@@@@AA@A@@A@@BAB@DA@@@A@@@AB@@@B@@AB@@A@ACA@@@@B@B@@BB@@@B@@ABGBCDA@A@@BAB@F@B@B@DAD@BA@ABIFEF@DBFJL@H@DABABK@G@GBADBD@BABC@KAKBKBA@CFA@A@A@ABAB@@AB@B@BAB@B@B@@ED@@C@A@CA@@A@A@CDA@E@A@A@A@G@E@A@AB@BA@@AA@@BCBCDEJCDIN@VDNFFFLDJBJ@D@FB@H@DBFDBB@FAB@B@BD@@BD@DFDBBBBBBBBB@DABC@CBCDBFBFDDDH@DBDBFBD@FHBPHVDJ@PDHDh^FHLRDH@@BB@D@FABBDABAFAH@F@FAB@BDD@@FBD@D@DBHBJBHDF@DBDBDFDHBDDDJDFB@@DABCACAEAAAC@A@ABAB@FDHHRFBBBBBB@DABEDCHBD@@BB@B@B@FAFBFDFHDBBDDBBDDB@TJXPPJl`PFRJNDRBNB@BFDDBHB@@VLbTRHNDNFTNLH@@B@F@FBD@FAJGNEH@F@DADAHGB@FBDBDBB@DG@GBA@CBAB@J@FAD@F@DDFFFDHBHDBBB@F@BADALBLBB@BABC@ABAB@DBDBD@D@BABA@A@A@@AA@EA@@A@@@AAA@A@C@A@@@A@@@AB@@ABA@@@ABA@@B@@AB@BA@AB@B@@A@@BA@@@A@AB@@A@@BA@@B@@@BA@C@@BEBG@GAEBIAE@ABAFCFABABC@AD@DC@@D@F@D@B@@AAC@A@ABCDADA@A@A@AAA@A@@BCBAHGD@FAH@HBB@D@D@D@D@BBD@DB@@@@D@DCDA@@@@B@B@BD@B@@@B@@BB@@@B@@@@BB@@@@@BB@@B@@@@@B@@B@BB@@@@B@@@@B@@@@@B@@@B@@@@@@AB@@@@@@B@@B@@@@@@@@@B@@@@@@BB@@@@B@@@@@@B@@B@@@@@@@@@@BB@@@@B@@@@@BB@@@@@@@B@@@@@BB@@@B@@@BA@@@@@@@@@@BAB@@@@@BB@@@@B@@@B@@@@BB@@@@@@@@B@@@@@@@@B@@@@B@@@@@@@B@@@@BB@@@@BB@@@@@B@@B@@@@B@@@@B@@@B@@B@@@@@@@BB@@@@BB@@@@@@BBB@@@@@B@@BB@@@BB@B@@BB@@@@@@BBB@@@@BB@"],"encodeOffsets":[[112758,31585]]}},{"type":"Feature","id":"422801","properties":{"name":"恩施市","cp":[109.486761,30.282406],"childNum":1},"geometry":{"type":"Polygon","coordinates":["@@@E@CAICIEKEECM@UJMDCFIDCDA@AB@@BB@@ABAB@F@H@B@B@B@F@B@DCB@B@@@DBB@D@@@FC@@@A@ABA@A@ABA@@BABAB@B@B@DEB@LALALBD@BA@AACBCHAH@L@BABA@C@GIKAE@CFEJEBAB@@ABC@C@A@A@EBA@AB@B@DCHABA@@@A@@AA@@@A@A@@B@BDB@@@BA@@@A@@BA@@B@@@B@@CBA@AB@@@@BBB@@@@B@@@@@BA@AB@BA@@@A@A@A@@B@BB@@B@BADCBA@@@A@A@@B@@@@BBB@@B@@A@@@A@@@AB@@@@BBBBBBBB@@@DAD@@@BABA@@D@HBB@BBBBBB@@B@FB@@@BBADAB@D@@BB@B@B@BAB@BAB@@A@AA@@@@A@@D@@A@@AA@@@A@@D@@@BABABADEBABABABABABA@A@A@@B@B@@AA@@@@A@@BAD@BADCD@B@DADCFC@ABBB@@F@B@@BBDDFHDDB@BDBDBB@BHJ@B@D@B@BBBDBDBBBDDB@DDDBHBB@BBB@NDF@F@D@RGRAFDBJIHCLANFDJDNCNAJ@NGPAVFTDLBNCHIFGBAFc@@@@BA@@F@B@BA@@DCDEBA@CBABA@AB@@E@ACQACBADIBCAC@CACAAC@A@@DABABIBCBAB@D@DADCBIBEFCB@AEACIEMCOAK@IBKDMDGJIDEFG@AD@@ADADEDCBADA@@@AB@BA@@BABA@ABE@A@AB@@A@A@C@A@@@@BABCBABE@CBCB@@C@A@A@A@A@C@A@CBABC@@DA@ABCDCBABABA@ABABADA@CB@BAB@@AA@@A@ACAEC@AAA@@@C@@@A@A@A@AB@@EA@@@HAJBJBD@@A@ADEBCBEBE@ABABC@ABA@ADA@ABADCDC@@BAHIBAB@B@B@B@BABAB@@@@IBMDQ@MAGAGKGMCCEBEDC@E@GEEECC@GAE@EG@EAGGMCGCI@EBKAGDEHBLFHCDOHQFGJKFIDMBQ@M@IFIHAHAD@F@HADADABA@@AAAACAA@@@@A@C@@@C@I@@ACAE@A@@@A@CBA@AAA@@BA@A@ABA@ACBSCSGMCCEFEFMDICGAGAEEEEEECCBIFKHEBAJEPCJCLENGJOHOEMEE@EDEHIJKLA@@@IAEBCAE@EACCEAI@EBG@E@EBA@MEA@ACAIAIA@C@E@KFCD@D@BG@CAIMCC@@Sa@I@KBEAIEIGEMAGDEHGPEPCNGNINGFMHIFOBMBWCMEKAOAEDAJALGLMPIDIDQFMHIJEDBD@D@HBJBH@JDJ@JFJDHB@DHBF@D@B@@BD@B@B@BABEDAB@BAB@@@B@B@@C@A@CBE@I@A@AAAAAACEAAACAAA@@@A@A@CBA@A@GAA@A@CBEBC@EDIDABC@A@C@C@A@EBIAI@GBA@A@AACA@AAAEIAGAACECAA@A@CBEBG@C@I@@@AACE@AA@EAEAE@CAAA@C@ABCBADADABA@@AACAAAC@A@AA@A@EP@FA@ECGACDGBA@CEEECAACGCEACCECGEG@@I_GOEMLIFCDCDE@EEIIKGKCCEMCGKUEIGIKEGBG@GFKHCJILCPCNIJG@OAG@UGKGGGEAGBOFOFI@K@M@MEEGEMCKEIECEICGEEEEEEKKIGGGCCAEEICIEOCOAKAKCECEMEEEAKAIAKKK]UUKMIGGCGAK@I@I@I@EAGIEG@QAK@I@M@EAGECGCICO@IBI@GACMFOHIFILAHCJAF@FDFFFDFBJKNEFCJ@FDJBHFJBLBP@FCFAF@DAB@DBN@H@FBL@DDFBB@B@DCD@BADAB@D@@@B@BAFAB@BBBFD@FADAF@BDD@DBBBBBF@B@BEDA@C@OKAAOGGCI@C@AB@@BDABB@BJBFDF@F@FBFDDBDDH@D@BBFARAD@B@B@@@B@@@B@BEDC@E@E@EACBCB@FAN@BDFDJBJDN@HCLBFBFFJDHBJ@JCJ@HDFHDRJLHBFAHGNENGDMBMEEGGIKKEHIJIREJKJCJBJFJLHLFNHDHFJFFDBJHLDFDH@HFFBJFLFDDD@@@@@DBDBH@J@FCLCD@LDJFHHDDAHAH@HBHDDJFfRPHDDLJLLLHNHPJ@@@@DBHHPJNLHDDJFDBJ@N@LGFIDGDIBIDEJGJOJOFEDAFEBCH@FCJCJIFGDI@KEIAOAOAMBIDG@KCGCGCGACD@HEFCHIHEBKBK@MAKBE@ANEJINGPBH@NBJBHCNALKHIJEBC@A@A@CBA@A@A@@@A@A@A@@BAB@@@B@@@@@BBBB@@BBBDBB@DDDBB@BBDBD@BBDBD@D@D@D@DBD@BB@BBB@D@BAB@BADBB@@@DBB@BBBDDBDBDBBB@BB@@@@B@J@D@JDBBCF@DGACB@JFBBB@BBDBDDBFD@BFBDDFFBBDDBHDDB@BBDADBBA@@B@B@B@B@B@@@D@@@D@BBB@B@@@B@BAB@BA@@BBDDBBd\\TNBBHDNFFBJFDDFD@@@BA@CBC@CAG@AAA@CAEACAAB@@@D@BBBDDDBDBJBRD@@HBLFNL^PTTPPFFDBD@@A@CAC@CDEHGDGDCDCBBB@DDFFDBHBB@BCACCICIEAGACA@ABEHCHCPKLIHENMFIHKHGDE@E@AEIOMIKEGGKAE@@@A@AFGBC@EAE@EBCBK@ABA@@BAFABABCDCBAB@B@B@BBBBLJDFHHHLJPFH\\ZX^LNNPFHFJDFDHDLDNDFDJBBBBDBFBFBDBDD@BDDHLBBDDBBHDFBTDNDD@BBBDDFBFBDDDBBDDHFDDHFBBB@BBB@BBJJDBDBJFB@BBBBBBBB@@B@D@BBB@B@B@B@B@@@@AFIBG@EIMEG@A@AJAJDPFPDHDF@BA"],"encodeOffsets":[[112197,31382]]}},{"type":"Feature","id":"422802","properties":{"name":"利川市","cp":[108.943491,30.294247],"childNum":3},"geometry":{"type":"MultiPolygon","coordinates":[["@@@BB@BBBBDBDBF@DBD@BBDB@BB@@DBDD@@BBA@@B@BA@A@@BA@@@C@A@@BAB@@A@@@AB@@@@AB@@@@@B@@@BA@@B@@@B@@AB@@AB@@@@@BBB@@@B@@@B@BA@@B@@@@@B@B@@@B@@@B@@@B@@@B@@@@@B@@A@@BA@@B@B@@BD@BB@BBBB@@@@@@@@A@@B@@@B@@@B@DBBB@@@@@BB@B@B@@@BBB@B@@AB@B@@@@@B@@@BAB@@@@ABA@ABABCBAB@@@B@B@@@BB@@B@B@@@@@BB@@B@@B@B@B@BDB@BB@B@B@B@B@B@BA@@@AB@@@@@@ADC@AB@B@@@@ADEBCBE@AACCCCC@GEICEICC@GAI@GAGEGCACAGBEBADCFGBGBC@EBA@ADEDEDCJGBA@ABCDEBC@AHKBCHEJGDEB@@AAA@AAC@ABABAD@F@B@BB@@DBDB@@BBD@BABA@A@@@E@C@CBCDCB@@IDAHB@CDEAAICC@I@A@@@@@AAA@AAACACCCAA@AAA@C@@AABC@ABA@A@CAA@AAAC@CAC@C@C@C@CAAAC@CAAAA@CACCA@CAAA@AA@AA@A@@@@@A@@BA@AB@B@B@@@B@B@B@DAB@B@D@FAJILGBKDMAGAI@MAGHOJMFIBMF@LANBL@LAFAJGDGFE@GDCHBHDHDLDH@JCNAPBPBJBLFJ@HCJEDIDI@EDGFABEFCPEPIHIFIJCJAHCJCHE@K@MAIECCIGCMKOIGGCA@@@@OIMGKGKKKICCOGeQIECCAG@GBGBGCCGGIEKCC@KDEDI@G@CACA@@@@C@CCKEIEEAGEG@ECKCIGCAEEEICGMGKEKGEIAIDILIFIJQJIFGLLHJFHNFNAHCFMHMBGAEKGQIGCCE@GDI@IAICGEIAEAEDK@GCMAICICE@ABM@EDADAFBF@F@D@FC@A@A@@@A@@ECAACIGCGACAGAGAECMKYcGKKGGAIBKFKDUFIAGBE@MCOGGCCICEEKCEKKKIGKCG@I@EGIEEMAOAKBIDGFGHAFBJEREJERBLDJFLDJDTANCLGHIFEBE@GAG@EDEDADBH@DEBEAKEEEOGECICEECICGCGCMEGEGGEIGKGCGCGEGAEAGBGBGHEFCDIDGBK@ECGGICCECGGEGEG@GAI@EAMBKDKDIBKBGC@GBEDEDQHKBM@IAKEEBEBOBGBIDG@ICIGACAEIIEBAH@LAHCHCACAEEAEEKAEEGECCCGDKHIHIJGHINAHCHGJIDMBMCI@IBK@GEOEMEGAIC@@@@ACDGDGBEACEASAE@GAA@C@CAE@C@C@CAACAB@A@@AA@@A@@@@@A@A@@AA@A@A@A@C@A@@@A@AAAA@@A@@@@@ABCBA@ABA@@@A@@@@@@A@@@A@@@@@@ACA@AAAACAAAA@AAA@A@@@@@CE@A@E@@@CAAA@E@A@C@A@AA@@AC@ABA@A@A@@@ADE@A@AAC@@@A@@@ACAACCAECGCCCA@@CA@@A@@CBA@C@C@AACCKOEGGKEIGKCKIMACCCAI@@ACBABA@ABA@@BAHAB@RCJEFGBGCEGCIA@A@A@AA@CAA@EAA@CBA@CAEC@AAAAA@@A@AB@BADADCBA@AA@@@AAA@AA@AAC@AAA@@@A@A@@A@AB@BADABADABCDEBC@A@AAE@AAAAAKCC@A@GFADKNEFCB@@MBQDA@CBCDEFADCF@B@B@BA@C@@AC@IAC@E@GBG@ABA@@@@BDJBH@@@DAB@F@B@@B@B@BBDFBDBB@F@D@D@FADABAB@BC@A@CAOEICA@C@AB@@@BAB@BADABAJAFBBBDBD@B@H@BBB@BD@B@@BDD@B@H@B@B@B@BAD@@@B@B@@AB@@@BA@@@A@@B@@A@@AA@@@A@@@C@@@@@A@@@ABA@@@AB@@AB@@@@A@@@A@@@A@@@A@@B@@@@AB@@@BA@@@@@@B@@@@@B@@@@@B@@@B@@A@@B@@@@@@@BA@@@@@@@B@@B@@@@@@@@@@@B@@@@@@@@@@@B@@@@@@@B@@@@@@@B@@@@@@A@@B@@@@@@A@CDA@E@C@A@AC@@BABA@ABC@A@EAC@E@C@AAC@@GA@@ABA@KBK@G@EB@@A@ABA@@@@B@@B@@B@@@@@B@@@B@@@B@@BB@@BB@B@@@BBD@B@@@B@@BB@@B@@B@@B@@BA@@BAB@@@B@@AB@@@@BD@@BBFBLFNJFDBB@@@BABCBCFAB@@BBDBFB@@B@DC@ADCFABADA@@BB@@@@@@@@@@@@@@@@@@B@@@@@@@@B@@@@@@@@@B@@BA@@B@@@B@@@@@@@@@@@@B@BB@@B@@@@@@@@B@B@@@@@@B@@@@@@@B@@B@@@@B@@@@@@@@B@@@@@@@B@@B@@@@@@@@@B@@@@@@B@@@B@@@@@@AB@@@@@@@BB@@@@@@BB@@@@@@@@B@@@@@@B@@B@@@@@@@@BB@@B@@@@@B@@@@@@B@@@@@B@@@B@@@@@@B@@@@@@@@@@BB@@@@@@@@@B@@@@@@@B@B@D@B@@FDL@XKPE@ABEBADABAH@HAD@VFNBF@D@BBBB@DBBDHDDBBD@H@B@FA@@B@@@@AB@BA@C@@@@@A@@@AA@@@@@@@BA@ABA@@BABAB@@A@@BA@@@ABBBDBD@D@F@BAD@D@F@BABAB@BBB@@B@BBFFBBBD@B@DCHAF@BDBB@@B@DBBADCHKV@D@@@DBLBFBJJTHPBDFHDD@BBD@F@FBHBD@@DBBBBDBBBF@H@D@@AFCBABCBEBA@CAAB@@AB@DALBP@J@LBJBN@BB@@BCBA@C@AB@@@B@BFBFB@B@B@DABCDCBE@CCCCGCA@ABAFBFBDBD@BFDDF@@DFDBDABCDBFD@H@NFJV^Rj@DDJHZDFDJFH@B@BA@C@A@C@A@CDEBCDCB@@@BBNBFJjFPBNJ\\@BBD@@ABCD@DDFBDD@FBJPDLDFAFA@G@EAC@E@CA@BA@AB@BAD@DA@ADA@G@C@CB@@A@@@A@@B@@@B@@A@@@@@@@A@@@@BA@AB@BA@A@@B@@@B@@BB@B@D@BABABABA@A@A@@@A@A@@@A@@@@@AB@@@BABA@@B@@@B@@@@@B@@@B@BA@@B@B@@@B@@@B@B@@@BA@A@AB@@AB@@@BA@@AA@A@@@A@A@@B@@@@@BA@@B@@@BBBB@B@@@@BA@ABAB@@@@B@@B@@@@@B@@B@B@@BABA@AB@@@B@B@@@@@@@@ABCBABABABABC@@@A@CAA@AAA@AB@@C@C@@@@@@@A@@@ABA@@@@@@@A@@@@@@B@@A@@@@@@@@@@@A@@@@@@@@@@B@@@@@@@@@B@@@@@@A@@@ABADAB@B@B@@@@@@@B@@@@A@@@A@ABAB@B@@@BA@@@@@@@@@ABCBAB@@A@@B@@AB@@@B@@AB@@@@@BA@ABA@CB@@A@ABAB@@A@ABA@@B@@@@CBA@@B@@@B@B@B@@AB@@ABAB@@AB@@@B@@EH@BADABA@A@EC@@CAAAC@EAK@MAC@CBA@@DABGJCFABGBEBCBIHCDA@A@AA@@A@AB@@@B@@@BBHAF@BCD@D@B@@BBBBD@FBN@J@FBDBBBBB@B@B@BCBAB@LAFBB@@BBB@BBHBB@@B@@@BCDEJEJABEDEBCFCB@B@B@DBBBDBDDBDDB@BBB@BB@B@B@BCD@BAF@DDH@DA@@BC@A@A@AB@B@B@B@@B@@B@BAB@BAB@@@B@BB@@B@@@B@@B@BB@@@@@B@@@B@@@BBBB@BBB@@@BB@@@@@B@B@@B@@@B@@@@@BAB@B@@@@B@@@BAB@@@BBB@@B@B@BAB@@@BBB@BBB@B@@@@AB@@A@ABABC@CB@@@@@B@@B@B@B@B@B@@BBB@@B@@B@@@B@BA@@@@B@@@@BB@BB@@B@@@B@@BB@BB@@BBB@BA@@B@@A@@AA@A@A@C@@@A@@@@B@@BB@BBB@@AB@@@BA@@B@BA@@@@B@D@@@BAB@B@B@B@B@BB@@D@B@DBB@FDBBFFBDDFBBDBJBJBF@H@BAD@DABADAFGDAHEBA@ABA@@@AB@@@@@B@@BBD@@BB@@BABABADABA@@BA@@B@B@@B@@ABAB@@ABA@AB@@B@DBH@B@D@@A@A@@B@BAF@HAD@B@BA@A@@A@A@CAA@A@@@BA@ADAF@@@BAFCBCBABCAC@CBABAB@D@BBBBBD@FB@DBDFBBDABBBBBD@FDBBBF@F@B@@B@BAF@D@@DBDAD@DABBDBBBHDLH@B@B@BA@C@C@@BA@AD@F@@B@D@B@D@HDNDDF@B@@B@@BC@CBABBBBBDBBBB@DAB@BDDDBBB@DBJBFBBBBBBB@BDBB@@@@@@BB@@B@D@BAB@@@B@B@BAB@@BBBB@@@B@B@D@B@@AB@@ABAB@@AB@@@@A@@B@B@@@@@BA@@@@@@BA@@@@B@@@B@@@BA@@B@B@B@B@@AB@B@@@D@@@@@@AB@@@@@B@@@@@BDDBBFDLFFDHDHBB@F@F@N@PAB@D@B@B@DA@@BA@A@AB@@AB@@A@AAA@@@A@AB@@A@C@@@AB@@A@A@A@@BABC@@@CB@@AB@@ABA@A@A@AA@AAAA@AB@BA@A@A@A@A@A@A@A@@BA@@@A@A@@@@@AA@@AB@BABA@@BAB@DA@@@A@@@AB@BA@@B@B@B@B@@@B@@@BA@@@A@@@A@@BAB@@A@@@@BCA@@@@AA@A@@@AA@@@AA@@A@A@@@A@A@@@AB@@@@A@@@@@@@@BA@@@@@@@@B@@@@@BAB@@@@@B@@@@@BA@@B@@@@@B@@@@AB@@@B@@@BA@@@@B@BA@@B@@@@A@@@@B@@A@@@@@A@@@@@@AAA@@@@A@@A@@A@A@@@@@A@@@ABA@@@@FEFCJE@@LEFA@@D@BBFBBBBBBHBBB@DBB@FBD@DAHAD@B@B@NHRLB@@@D@DAFGFCBCDGBC@EBCDCB@BA@@HBLFTJXHBBFDFDLJBDDF@B@BADBBBBHFHDHBDBDDHHLPPTHHBB@D@B@D@B@DB@^^TPDBHDDBXLJFNNHHFFTRJFHDD@FABCDCDCDBPNDBDB@@DCDEB@B@BABB@@B@B@@@B@BBBBB@@B@B@BBD@BB@BBBBBBBDDBBB@@"],["@@A@ABCFCBAD@B@BA@BB@@B@@@BA@@BCDCBCDCB@BA@@A@A@A@"],["@@@@@ABA@AD@BA@A@A@A@A@A@@@A@@AB@@CBCBCB@@@BA@@B@BBB@BBBB@@@B@"]],"encodeOffsets":[[[111639,31378]],[[111725,31305]],[[111725,31320]]]}},{"type":"Feature","id":"422823","properties":{"name":"巴东县","cp":[110.336665,31.041403],"childNum":1},"geometry":{"type":"Polygon","coordinates":["@@AEAGCC@ACCCAC@GAC@IE@A@A@ABADCHEDC@@@E@I@CFE@AA@@CEAAA@A@AHIBCBAD@FCFADCBE@EBC@AB@BAB@BBLBB@B@B@BAFCDCBABCDA@AB@B@DBJDB@BAHABAB@DBLBDAFADC@ACAECCACECCIEECCEAA@A@IBGBGBCDE@A@A@AAEACAAA@EAGBE@AABCBC@CEE@@BADCBCAGF@F@D@F@JAH@FADABCACACAC@C@ABM@E@ABABAF@FABAHGDIAEDCDCB@FCJCREDADCB@@AAMACCCIEACCACCAAAAA@EAAAAAA@AEAACE@EAAIKQKO@MAI@IAIAEACE@GDKDKN[DMBK@@OEUCQAG@EM@W@MAKDUBKA[I[BGAGGICICIAK@@AC@AAA@@AA@A@E@A@@@AAAACAAA@@ABAB@F@B@B@BCBC@A@A@A@CBCDCHIBA@C@C@AB@@ADC@C@AA@@AAAA@AAAAIEA@A@AAA@AAA@A@CAC@@AC@GFGDA@EAICEAGEIGEE@ACCACAA@@C@CCCCCAACACCCC@CAE@C@ECAAEGCGACCACAEAK@OCBABC@@CAAAA@AA@CBC@CACBADEHEAGEKACCCCCCC@@GIEMG]BCDCDCFCLAFAJ@TBHBFBJD@@BBFFDDBBB@BBFBDBBB@@BBBBDF@@DF@@BFDDBBLBR@X@VALELMBG@C@CBGBGBIDGBEDAFEFCHKDCH@F@AM@EBEFCBEAGCCAECAA@AAAC@I@GAG@G@C@EEC@CACBGFCBAN@@ABGBEDGDE@EA@CBEBA@EAC@E@E@E@BGAE@IACAC@CBAAAACCESIAC@A@CBADADCBCFGDCDAFBB@HAJEFCJG@@BEBEBA@CBA@G@ABABAAE@C@A@AA@CCA@@AAA@E@@@AB@NAJ@FBDDB@BAFM@CAAKBA@EAA@@AA@CACAAA@CBCDA@A@EGQGSCACAE@A@CBC@EA@C@CAAAACACCAA@A@C@CACAKACAAAA@ABA@A@AAAEAC@C@CACAAAAAE@C@C@E@A@C@AAAACBCB@BEDGDA@@C@AJGDABABA@AA@CAGASGECECE@C@IFGDA@ECCC@C@C@CNYDEBC@AEEAC@EBEBK@E@EAAIEAAACAKBE@CDABABANC@@@G@CCEAACCCACAEECAACEKCEACEGCM@I@OLIHCFEBAKEI@E@CCFIJIHEJGDEBADEBGACEOKQCIGMCKCICI@KAMACKBODSFEBQCGAOEIAQ@I@Q@IAMEEA@@CCEAAACDA@EBG@C@A@CAG@GAC@CAEC@AC@A@A@CAA@C@CAEAOCC@C@ABCBA@C@A@E@A@ABAB@BBF@BBF@BDL@@@DBBBF@D@@BBDD@B@BABAB@B@F@B@B@DADAD@@A@A@CAABCDAHA@EEA@CAAB@DBHBFDH@FAFAF@FBFBD@DCBEBCBGD@BADAB@BABABCACKAC@@AKAAAAA@@@AAC@A@A@@@CAECA@@AC@CCACACAAECCEACGCEAECAAAAKEEACBGL@H@HBHFFDFDHFF@HAJANGRDLDLDTALKX@BDHHFFF@HEB@DAD@BBDFFHHDFBLAHALANBHFPBH@J@JEJAL@HBHJJHJDF@NALALABCBGDGBGDABBJBHHNDL@J@HAJCH@HBFDJDJ@JCHCFCJEFCBCHAJAD@FAFAHCHCJAF@J@FCFIFADAH@LBF@FADEFEF@DBBBFBBDFFDFDFD@@@@@@FFBFDD@HFFB@D@F@F@FDDBHFFHHHFL@LBNDJHNHPLNBBB@BB@@B@BBB@B@BB@@B@B@B@BBB@B@@BB@BBBBB@BB@BBBD@@B@@@B@B@B@@AB@B@B@@@B@BBBB@BBB@@BB@BBB@B@BBBB@@BBBBB@BB@BBB@@BB@BB@BBB@B@BB@@BBB@B@BBBBB@@@B@B@B@B@B@@@BBB@B@BNBH@BDDHHDLDHBLCJQJODWFS@OBIDGHMLMDMAOCG@@@GAEACAEAA@C@AFABADCBEDAB@@BB@@@@@@A@@B@@A@@B@@@@@B@@BB@@@@@@@BB@@@@@@B@@@@B@@B@@B@@@@@@@BB@@B@@B@B@B@@@BB@@@@B@@B@@@@B@@@B@BBB@B@@@@@B@@@B@@@BB@@B@@@B@@B@@@@B@@@@BB@BB@@B@@@B@@BB@@@@@BB@@@@BB@@B@@BB@BB@@@@BB@@B@@@@B@@B@@BB@@@B@@@@BB@@@@@BB@@@@B@B@@@BB@@BBB@BB@@@@BB@@@@BB@@B@@B@@B@@BB@@BB@@BDBB@@BD@BBB@@@BBB@@@BBB@B@@@@BB@B@@BB@@@B@@AB@BA@@@@D@@@BAB@@AB@@@@AB@@@@@@AB@B@@A@@B@@@B@@@B@B@@@@@BB@@B@@@BBB@@@B@@@BBB@BBB@@BB@B@@BB@@@B@@@B@@@B@B@B@@@B@B@@BB@@BB@@@B@B@@@B@@@B@B@@@BBB@@B@@BB@@@BBB@@@@@BB@@B@@@@@BB@@BB@@@BB@@BB@@B@@@B@@@B@B@@@@AB@@@BAB@B@@@@@BB@@B@@@BB@@@@BB@B@B@@BB@@@B@@BBB@@@BB@@@BB@BB@@@@BB@@B@@@@@B@BA@@B@@@B@@@B@@@B@B@@@@AB@@A@@@A@@BA@@@A@A@@@@@AB@@@@@@AB@@@@A@@B@@@@@@A@C@CAEAC@GAKAEAA@E@A@@BBBBF@FAF@D@@HL@N@NADCDAB@DBDB@BB@@@B@BG@MBEBE@EA@B@B@D@B@DB@DBB@BD@B@D@FAD@@BDBFBBDB@DD@BBBB@B@DABABABAACAA@A@@BA@BB@@@@@@BB@@@@@@@@@@@B@@@@@@@@@@@@@@A@@B@@@@@@A@@@@@@@@@A@@B@@@@@@@@A@@B@@@@@@@B@@A@@@@@@B@@@@@@@@@@ABB@@B@B@@A@@@@@@@@@@@@B@@@@@@@B@B@@@B@@@@@B@@@B@@@@@BB@@B@@B@@B@@@@@@@@A@@@@B@@@@@@@@@@@@@B@@A@@B@@@@@@@@@B@@A@@BB@@@@BDHBBH@B@DBBFBDDHBBFBD@B@JBBDALBBFBJBB@B@BAFABAB@@@FBDBDDHBD@DBF@BBDDDBDDDD@JABAB@B@@@F@F@DBDBBJF@@DFFF@@BB@B@B@BADA@ABIDKHADCBCH@DABAJ@HCPAD@B@BBFBB@BALAFAD@@EFAB@DA@@D@BBBABADBDBBB@@B@BBD@FBFBF@@ABADAB@D@BA@@@@@C@ABA@@BA@A@AAA@A@AB@BADABBBBBBD@@CF@@CF@FCH@F@BA@@F@FBD@B@@DFDBDB@F@H@FBB@DHAHEHGB@B@F@B@BBBBJ@PFPFHBNDJFPLNRLLPJRJPDRFNNRRNPNNTRLJHNNBNAN@D@@ADEHEFADAFBBD@DBBFAFADAFADDB@DABADABADGDCBCFCFADAB@D@JBH@FCDCHEHCHCDAFALCLCDA@@BA@G@EACAC@E@CDCDAFADABC@I"],"encodeOffsets":[[113099,32082]]}},{"type":"Feature","id":"422827","properties":{"name":"来凤县","cp":[109.408328,29.506945],"childNum":1},"geometry":{"type":"Polygon","coordinates":["@@AA@E@C@AAC@A@GAE@C@EBCBCBA@ABCBC@ABCBA@C@@AC@@A@AAC@CBABADCBABC@A@ABABAB@B@B@D@DAB@BCBA@E@AACBA@@BA@A@A@CAAAAAAA@A@ABC@A@AB@BA@AAC@C@CBCAG@CBC@ADADEDADA@CBCAAACA@CAA@ABA@CBCDIFEBCBA@A@A@@@AACAAAACCCBC@ABCB@@A@C@ECGCCCCACAA@ABABCDEBCDADCHEBC@C@CA@AAABAB@BC@A@CACCIC@@AABADABABAAA@C@A@@BA@A@AA@A@ABABABIDCBC@CACAAAAC@CA@@ACACAEAECCAAAA@@A@A@@@A@AA@AA@@@A@@@@@A@@@A@@AA@@@AAA@A@A@A@AB@B@BABAB@BABA@AB@BABA@ABABABCBABABCBA@C@CCCAEAA@AB@BAB@B@B@BCDCDCBC@A@@AA@@A@C@GDODABCHCBABC@AACAGCICIACAECCCAC@GAM@KAKAGAK@AH[BO@ECE@CBAF@HAB@BAAC@CBCBC@A@A@@@A@@@@A@@A@@@A@@AA@AA@@AB@@A@A@@@A@A@AAAAA@@AAAAAAAAA@@@A@@AAAAA@AAAA@AAA@AA@ACACCAAAAA@AAACCCAACAAACAA@AAAAA@AAAAAAABAAuSSKOGMGEE@E@EBADADCFEFEHGDEBCAGAKCIAE@E@EDEBA@A@ACAECEAIMAG@IBCDG@ABADC@ARIDC@M@EECUAID@@C@KKECCAEBIDGDA@@@@@AFAHABCFEHIFADCFA@@D@BA@GDIFGDABEHCDEFCBEBEDEDABADADA@CBA@A@A@ABADAB@BGBEDA@A@CCCACCAAAC@AA@AACBC@GAGCA@A@@@CFGHCHINGH@BDBBB@D@@CFABGFCDAD@@@B@B@BCFABCB@BA@BB@BJPB@DDB@@BAJFHDFBD@@@D@@@D@@BBD@@@B@BDBB@BBF@BBBBBJNHNCFILIHKDMDIB@@@@A@A@@@A@@@A@ABA@@@CH@BFJBFB@FTBF@D@BCBC@AB@B@BBFFLBDBB@B@BABADABCF@B@@BDBHDH@BADAF@BBB@BABABGF@BABADCFABEDA@EBCBEBKRGHQFABILCBA@EBABEAC@A@DHBDBDBBBD@HCDIPGJGLELIJCJ@HFFLFHHB@@BBD@DBDBBBDBBBBBDBDBDBD@B@BAFSH[@GFAJFNHPLLRAHANFBH@HAHBFBDNA\\UFCB@FBHDJDJHHHHHDJHFJFFFHLDJFHLHNFNHJDPHLDHDDDBBBD@H@DBBBBD@BBDB@B@H@DBDB@D@B@BABC@G@GBE@AFEHAB@BAFBD@BDBB@B@D@J@DBAH@D@JBDB@BBBBBDBB@DB@BABABA@@@B@D@B@DADAJIBAD@BB@D@DAD@DBBB@B@@@B@BBADAD@BADBDBBB@B@BCBCBGBADCDAD@FADCD@FADB@@BB@F@D@DBBBB@BDDHHHJDLDJDPDHHFJBL@HCN@NAJEAIEGBGLKTIJCLCJGFKBIBMAK@KDIHILIHLDJAHBLDFDFH@HAB@B@D@DABCBAH@FAD@DCB@FEBC@C@C@C@CDIB@B@D@BBD@DCFEBABAAA@A@A@C@CAAAC@C@ABCFEDAFCD@HCLCRCLA"],"encodeOffsets":[[112089,30262]]}},{"type":"Feature","id":"422828","properties":{"name":"鹤峰县","cp":[110.033699,29.887298],"childNum":1},"geometry":{"type":"Polygon","coordinates":["@@BCDEDGBCFCD@DAF@FAJB@@BAH@BALG@AHA@@B@DADGDGBCACAAEAEAC@MAIC@@ECAAACAIBEDCDCJCNCXIBM@I@GBCDEDAPELAJERELEDCFEBEEGEGMGMIKIEEACLCVILADGBGAGEEUMIEGKBKBKDGAEEGEEAG@I@G@OGIGECECI@EBGHKFM@GCGEGEGEGBGHGPG`KTCJFFFNNLDTDLCLCR@N@RDVALBHDFFBD@@@@BFFHFNHLLNJJLJPLBBB@NDBBDBBBBBBDFBFBB@HFDEDCDCHCFCLEJCFCDAH@JBH@H@JAFAFADC@@@ABCDCDADCBC@AAAACEEAAEAIAEAEACACCEEAAECGCGECACCAC@C@C@EACAACACC@AAC@E@EBG@G@E@GCCAACCCCEC@C@A@@BAD@D@D@F@BADADABCBADAB@B@@@DBBBDBF@DADCDAFCDCBABC@C@E@CACACACAA@CDCBCDCDCDCBCBCBA@EBGBG@EBCBABAD@D@D@F@H@J@HAD@@CBABCBEBCB@DADBB@FDB@DBD@DBFBB@BA@A@@@ABAB@BB@@B@D@B@@A@A@ABAB@DADADADCDCBEDCDGBEBEDEBCBC@I@CDCBCDGDCBABCDEBEBCBC@CAC@CCCCEACCECACC@@C@C@C@CACCCCEECC@@OEMGEEMGKEECGEEEIIGGECICMEKCGEKGGEMCGCKAG@GBEFIDKHCBGBEDGBOFCD@@ABABCBA@A@CCCA@CAA@CACAACCCECCCAAE@AAEBGAC@G@CAEBA@E@CAA@AAAA@AAA@A@CAA@C@AA@@A@A@A@A@A@A@A@A@@@A@C@C@A@C@A@A@A@A@A@A@AA@@@AAA@A@C@@@A@A@@EA@@AA@@A@A@@A@@AA@@A@EACACAA@AAA@CACAAAA@CAEA@AA@A@AACAAACAA@AAAAA@AAA@A@@@A@@@ABA@A@C@CBA@ABA@CBCDA@@BABCF@B@@@B@@@DBB@BBB@B@BABABABABABCDCBAB@BAB@B@@@B@B@@@B@@C@CBIAKAOCIEKAIBE@CBEDEDCF@DAH@H@D@PCPCFEFGHEFEBKFIHGDGJIHKHGDMHGBEDEFIFKBSHKDG@GBE@GAI@IAG@G@EBE@EHCFEFGFADEFGFEDGFEDGDEDKFIDK@MAKAMAIAG@MCQAQEMCICQCICKCMAMBIAGDG@GBE@GCGAGAE@EDGDQBI@I@A@ADA@@@@@@@@BB@@@@@@@@@@@@BA@@B@@@BA@@@@@@@A@@@AAAA@@AA@@AA@@A@@@@AA@@@@BA@@@@@@@A@@@A@@@@@AB@@@@A@@A@@A@AA@@A@@AAA@@@@AAGAMEMEI@EHEDCBEAECECE@EBC@EDCDEBEDEBMCE@K@MCI@KAG@K@K@OCIAIAIAMCCFIFGLKJ@HDFFJFLDJDJALANALEPGHINCHCHCHAJBHBHDHDFBL@DAL@HBFDDLDHDJFPHTPRNLJFFFHDHDFBJ@L@JBDNHNHDBDFBFEBCDKFGDAF@H@HPJVLLLLJ@PAJBLDHJFPHHLDJHHFFHBHBHDHFJDLHJDNDFALGJEDAFDFFFFBFBHDHCJENEFDFNDTHTDDABAJBDDDFHBDDJHDDJBNBNAHBTFRJRHPJPJTHRHRHPHTJD@D@B@FBB@F@B@B@BBB@B@DBB@BBBBB@BBBBDDFBD@B@D@@@JBBBFBBDB@@DBB@@@BBBFBB@B@@BBB@@@BBBDB@@JD@F@DBDBBBB@BBB@BBBBBBBDBDD@@BB@BBB@@BBBDBB@BBB@D@BAD@BF@B@D@B@DABAD@D@PDFBDBD@B@DBB@B@D@@BFDDBD@HBH@DBB@D@H@FAB@DC"],"encodeOffsets":[[112902,30961]]}}],"UTF8Encoding":true}