{"type":"FeatureCollection","features":[{"type":"Feature","id":"530723","properties":{"name":"华坪县","cp":[101.267796,26.628834],"childNum":1},"geometry":{"type":"Polygon","coordinates":["@@B@D@@@D@FADADCFAFAH@JDDBF@DDBBBBH@BCBCFCDCDCBEDCDAD@LBD@DABADAD@FBBBD@F@FADAD@FAD@FABC@C@CBA@ADEDC@CDCBALEFABCBCBADEBCBCBCFCFCDA@ABC@CACACEGCCACCEAA@CAC@CCACEEGACAACA@ACAEAACB@BA@@B@BABA@@D@DC@@@A@C@CAABCAAACCCKEGGEACAECAAACBADCF@DBB@DABABCDEBADABABABC@A@CBA@AD@HDFD@@DA@ABC@A@CAC@A@CFIASACAABABADAF@JBHBDBH@@@D@DADAB@DBDD@B@H@FDDDBDDBBFBFBD@DCBADCBAD@JELCF@BB@FBV@FABAFAFCDAH@DADEDCFAFADBFBDFFFBHDDBBBH@B@B@DCHCH@HCJEFEJCDAFCF@D@DBBBB@HADABA@E@C@G@@AE@ACCA@C@GDEB@@CACCGOACBCFEHEBA@@@A@ACCOGMCGCICCAAACMACAAC@A@CAACC@EA@AA@AAAAAC@E@AACBE@CFCBADA@@BADA@@DBD@BBB@B@@A@ABA@ABCBADABADCB@B@BABA@AAAAA@@@@AAAIACAAA@AAAA@C@C@GACCCCACCACCCAA@E@EFEBCBC@C@CAAAC@A@ABA@AAIAAB@AA@CACA@@@IE@@CCCAA@C@E@CBGDG@C@GCEAA@A@G@KB[FE@AAAACKBAAC@@@CF[DG@E@ECEGE@@@EB@@@BABABABABAD@BBB@B@B@AA@AAKCCA@A@CAA@@ABA@ADA@AB@BBDBPNFDB@@AB@@ABA@ACICE@AB@B@BBB@BA@CBEBADAB@D@FBLHDDD@@@BA@@DE@AB@@ABA@A@@@AB@@A@@@A@@AAAA@AAAAA@AAAAC@A@C@CBC@@BADAFCBADCBADCBABABABADCBADCBABC@CBA@A@A@C@AAAAA@AAAAAA@AAAAAAAAACAA@C@A@A@A@A@CBA@CBABADCDABCBAB@BAB@B@D@B@D@B@D@DA@ABA@@BA@A@A@C@C@E@A@@@A@@@CBA@@@C@A@AAAAAAAAACAACCC@AA@AAA@AACAA@C@CAC@A@AAA@CCA@AAA@A@C@CAC@AA@AA@AAAA@A@C@A@CAC@A@A@C@AAA@A@AAA@AAAAAC@AAAAC@AAA@C@C@ABA@CBABCBCBABA@A@A@CBCAC@C@CBC@CBC@A@E@C@EAA@A@E@AAC@C@CAEAAAEAEAECECAAEEEAAACACAC@CAAAA@A@C@EBC@CBGAE@CAC@AAA@CAAACACAAAE@A@CAI@C@CAEAEACACAA@A@AAAAA@AAAAC@AAC@ABC@C@A@C@CBA@EBC@C@CBA@CAGAC@CACAEACACAC@CAA@A@A@GBA@EBC@CBA@CB@@ABABCDA@ABC@A@A@EBE@A@CB@B@@ABE@ABE@@@AB@DBF@B@HBJ@F@BUJWLEDABADAD@JADADADAB@D@DADAD@DADDHBBDDBF@D@DAFADADEFCBEDKJCBA@EDCDGDCDCDEBEAA@G@ABGFAD@BCFA@A@ABA@ABAFAB@BG@G@@@C@AAC@ABEFCDEF@BADBD@F@DADADAD@BABCD@D@D@DBBDHBD@D@DABABADGJEDGBEACAEBEBCAC@ECC@ABCDCDC@EBCDADADCDEDC@EBABABCDEDGHCHCFADAHABCDADCBADABADABC@CACDABAFABADB@BBB@DBB@BB@@@B@@BB@BBD@@BB@@@@@B@BB@@@B@@B@@BB@B@B@B@@@BBBB@@@B@@B@@BB@@B@BB@BCBA@C@C@@B@B@J@BBBD@BBBD@F@FBL@B@@ABC@A@A@A@ABA@CD@BAB@B@B@BBBDB@@BBBB@FBN@B@@ABCBA@A@ABABAHAB@@A@@@CAC@C@A@AB@B@B@DBBBBTJF@HDFBFJBBJFFHBB@BAB@B@B@@BBD@B@BBD@BBD@BB@B@B@B@DAJ@B@D@D@BADELADAB@B@B@@BBB@D@FBHBBBDADBD@HHBBB@F@BA@@@@H@H@F@BBBB@J@BB@DBNBTFB@DAB@D@B@B@HDB@B@BAB@BCRGBAB@FAFAFADCBA@@B@DBHFHJFBDBD@BBFD@B@B@DCBGDCB@DAFABAB@@AAA@A@A@ABCF@DA@@@A@@BA@AB@DBDAD@BAD@BABABABABCBCBEDCBE@GBE@EBC@A@@@ACCCCCAACACAAAAAAA@@@B@B@BDB@B@BC@ABAB@@B@B@BABAB@B@B@BBB@BDBB@BABA@ABAB@BABC@A@@BBB@@@@@B@BA@A@@@A@AB@@BBBB@F@D@BBD@@@BB@@@BABAB@B@B@@@B@@AAA@ACC@CAA@ABABCBA@C@AB@B@BB@BBBDBDFBB@B@@B@@A@ABABEBCBABABAB@DAH@HEJCDABABA@A@A@A@@@@BB@B@B@D@B@B@@ABA@@@A@@@AB@@A@@@ABAB@B@HAB@BA@ABA@@@A@@@AB@@ABAJ@H@BA@@BAB@BEHAD@BBH@DABABAB@H@DBH@BADAFABAB@B@F@DATBLJJNPDF@FCDCB@@M@MACBABCDAFCFABGB@@C@@@ABA@A@@@AB@@@BA@A@@@A@A@@@CAA@ABA@A@@BA@@@ABA@@@A@@@@@AB@@@BA@A@A@ABAB@B@@@@@B@@BB@@@@@B@@@@@B@@@@@@@@@BA@@B@@@@A@@@@BA@@@ALBRDDBDB@FAFCJGB@B@FAD@FBHDFBDBB@FAB@BABBBBB@@B@BABA@C@A@@BAB@BBBBBD@F@D@BABADAD@H@B@B@DAB@@A@@@CAA@CBEAC@A@A@CBCDCHIBCDAB@@@BBBBBFBDDBB@D@B@BB@@NVDBB@F@JAHAN@FAB@@@D@F@HB@@BB@@@BBBD@BB@ABA@AAACA@A@ABCBC@@@AAAC@AAAA@AA@ABA@A@A@@A@@FCBA@AAA@@AA@ADAJEBA@@D@@BFL@BAB@B@@BBBBF@H@DAB@B@BABCBC@OBCBEFEFCBABADAB@BBFDDDDBFBH@F@B@BCFG@@B@B@FDVPFDB@@A@ACCAAAA@ABABCBADEBEBG@ABAB@B@DBLFBBB@BADAB@BBBBBBDBDH"],"encodeOffsets":[[103704,27548]]}},{"type":"Feature","id":"530722","properties":{"name":"永胜县","cp":[100.750901,26.685623],"childNum":2},"geometry":{"type":"MultiPolygon","coordinates":[["@@AAAA@AAAAAAA@AAC@AAAAAAACAC@CAA@E@CBC@C@CBA@A@CAE@A@C@C@A@C@A@A@ABABAB@BABCDADADCDCBABABCBA@EDC@CBE@EB@@E@@@ABA@CBAB@@ABAB@B@B@B@B@B@B@@DFFF@@@B@BABA@CBC@@BCBAB@BA@C@C@C@A@CAABAAC@CAA@CAAACCECCAECAAA@AACAA@A@A@A@C@EBC@CBA@E@CBC@AAA@A@@A@A@@@CBA@C@A@@@A@AAA@@@CAA@CAAAA@@CAA@C@AAC@C@AACA@CCCCAAACCEACAIAAACAIAEAGBEAGAA@IABEACCECAEACAKCCACAAA@CBEE@C@A@CAACEAGBEA@C@CBE@C@CACECCCCCCACACAGACCGGAC@EDEDGBEDC@C@CACACCAAC@CBEBGBGBEBG@C@E@CBCBABCBE@CBCBEDC@CBA@E@A@CBCBCDEDC@A@@BIBC@AAAC@C@EBIBG@E@ABA@ABA@@@A@@A@EA@@@@@ACACACA@@@@@ABABA@@@A@A@A@@@ABABADEDABEBAAC@MCOCC@C@@@AA@@AA@@AAA@A@GGA@A@CAA@CBA@C@A@A@C@@@@AAA@@@@@AGAC@C@@AA@@@AB@BCF@@@B@@BB@B@@ADAD@B@B@@A@AB@B@@@BBB@B@B@B@B@@BB@B@BADABA@@ACAA@A@C@A@EB@BA@ABBB@B@@@@@@@@AB@@@B@B@@C@CBC@EBQHIDCAIM@@ACCEAACACAC@E@E@CBABC@A@@AA@@@@@@@@@AA@@A@@BCBABC@@BA@AB@D@B@B@DAD@D@BABCDCDADAD@DAF@F@DBDBD@DBFAD@B@D@D@BBD@@ABA@ABCBADCDAD@D@D@D@D@B@@@DBDBFDDBB@B@@@DADEJAD@B@DBBDBF@HAB@DDDF@B@BADADINGPABEDEBEBC@CAEAAAAACAEACACAC@E@CBI@GDGDCDEFABGDA@@B@B@DBB@DBB@D@DABADKRGNBNDHLJp^@D@DCB@@G@A@CDEDAB@BA@@DABBBBBB@DDB@@D@D@DADABCBEDEDCDADCD@DCDAD@F@D@F@DABCHCHAFAHAF@F@D@FBHADADCFCDCDABC@A@CAA@A@A@AB@B@B@DBDDFDHDDDDDDFBFBD@DBBAB@BCBAB@BAB@BBB@BDB@DAB@BBBBBBAFABABA@@D@FBBFFDDDFBBBD@D@B@BDBDBDDBBBDDBDBBD@BCDA@C@ACCACCCAA@CBA@AB@BABAB@D@DBB@BDDFBFDBBFDBDBF@D@F@D@F@D@BDJDFBDBBBBD@FAFADAF@DAF@F@FBF@B@JAF@FAB@B@@BB@@BDVENABCBCBCBCBA@C@CBC@A@AB@BAB@BBBABADABCBC@A@CAE@AAAAECACCAAACAC@CACBABADAFCHA@AH@BBBBFBDBDABAFADCBC@CBCDABADAFADBB@BBDBDAF@FABCBABABB@@DDFFDDDD@DBF@DADAD@FAD@BBBBB@D@HAF@H@D@@BBB@BAB@B@B@B@B@BABA@CDC@CBABABADABABABIDEBC@CBAB@BBFPVBD@BBJ@D@DABCDC@GBC@A@IA@@[CM@CBCBABCB@B@D@B@DBBADCBABAD@BAD@B@D@F@DFJ@HBFBDDDDFDDBBBBDDDBBDDHDDBFBDBDAD@B@DADABABCBEDIBCBCBEFCBADCBABADAD@D@BBDDBDDBBBDDDBBBDBB@B@BADABABCDCBC@CBABABAB@BAFADBF@F@F@F@D@BAD@BCDCB@B@B@DBBBBDBBBB@BBBB@B@B@B@FAD@DAD@BAD@BADADCFCBADAB@BADAB@D@D@FBF@F@BBB@B@D@BADAF@DA@A@ABBF@BBB@B@DADCBADADABCDA@A@AB@B@BDFB@BBDB@B@BBBFBB@DBHBDBBBFDBBBBBBBBBD@BBDBBD@BBB@BAD@DADAFADADBD@J@FBF@JBDBDDBBBDBB@D@D@D@BAFADADAD@DAFBD@FBH@DBD@DAB@DAD@B@D@BDDBDBDDDBD@B@F@DADBHAD@F@HADADAB@DAB@B@B@D@BBDDHBHBBBDBFBB@D@BBBBFBB@DDBBF@B@D@BAHADAFAFAD@B@BBFBB@DBB@D@D@BADABCDABAD@DAFAB@FAHAH@DBD@DABCDCDCBC@CD@B@FBH@B@F@F@D@F@BD@BBD@D@D@DBDDDBBDBD@BB@@BBB@D@D@F@B@DBDBBBBBB@B@BBBDDBBAD@D@DABADAB@DBB@@BDBB@BB@FBDBDBB@FDDBFDBBBBBDF@D@DADCBABAD@DAD@BA@AB@@AB@@@BA@@DAB@BABA@ABA@@BADABADAFA@@HAFA@AAAACCCA@AACAC@CAC@A@CAA@A@ECA@A@@ABAFGBC@A@CAACCACAA@CBA@CACAA@A@@A@AAC@A@@@C@EBA@A@A@@@@A@C@@@A@A@@A@@AEAGAECGCAA@@AA@@NMNIFCDADABAB@B@FADABBJBD@B@DAB@DABADABCB@BABAB@B@BBD@BBFHDBD@D@BD@BBAB@BAB@B@DBRFBBBADAFGBA@AAA@@@A@CBC@AAA@AAACC@@AABCDC@AA@@AGAA@U@C@AA@@AA@ECCCEA@@@@A@A@CAE@A@ABA@@B@B@B@BB@@B@B@@@B@@@@ABAB@@@B@@B@@BBB@B@BA@@BEB@B@@@HHB@BBB@@@BADABCHCDAFBHBRHBBBABA@AACAAACAA@A@AAAAACBA@C@A@CAAAACBC@CBCDCBABA@@BBBB@FBBBBDBD@BBB@@BB@@B@@@F@FB@B@B@BAFKBABAD@DBJBDDHFB@D@@@FEB@H@NBHBDD@B@@@BA@A@@BIBC@GBGBCBA@ABCBCBG@ABAB@@BDDBNJDJ@DADABAJ@D@DPL@B@BABABA@C@OIA@A@ABAB@D@BDBFDJBRHFDHJBBD@B@F@D@@@LCHGB@B@B@BB@@B@@DBBB@D@D@B@B@@@DFFDB@@BB@@@B@@BB@D@B@@@B@@@@@BA@@B@@A@@@@@A@@A@@A@A@@@@@A@A@@@AAA@@@AA@@A@@@A@@AAA@@@@A@@A@@ABAB@VAB@DA@A@A@@@G@AGAA@CCEECGMIQCGCAAAC@K@ABAF@NBDAJCLGHA@@DC@AAACCE@CACC@A@A@AFG@EACAAECAA@CBE@EACACCAEAA@CECCCQBG@@@KDGFGJEJCFEBE@ACCAA@CJEFCHKBCJKBCHCB@D@FF@@BADADAD@FBFDD@HCNEFEBAB@BBDBDBB@BC@C@ACAA@A@A@@A@A@AUMCBC@C@AAAAAA@AAAB@@AD@BAD@F@F@F@@BB@F@@A@@DC@@B@BADEFCFCHADABAAC@G@@BAD@D@B@BA@A@A@EBA@AD@FBFBF@FAFABCBADCHKDCDADADBBDBDB@D@H@H@D@B@DFFJDNBLBH@JDFBDDBHAH@FBLDdLNLHLHF@D@HDJNLBBBAD@BC@AAEIQAA@ABAB@@A@@B@BABA@ADEBEB@HCLMLKHCDC@IBGHGFC@CEIEMCO@ABCFEJGDEBABA@CAAAACAAAACACCECGAEDKACACECGCCCAMCCIAMAGAEAAE@C@IGWMOIEEGBABE@CAE@E@CBAB@DBF@F@FAHABA@ABCFEDABADBDDDTBBBBP@TBD@BCDCB@B@@@JLB@B@BABCBCB@B@F@BBBBBDB@DBBABABAB@BBBBDFDDHDF@D@DA@A@A@A@ADADC@A@AACGKCEACCACECCCCEAEAOAAAAAACCCACACCAGIEEA@CACBGDIDC@EACAEACCCC@EBG@CFAJABABCDC@CBEBEDCDADABBDBLLLRFBFBF@HFDBFAB@BADBDBFDFBDBBAB@FABBDBB@F@B@HCLCDAB@AI@ABA@AB@B@D@DB@BB@@BBB@@B@BCBABEBADCDBD@BABCBABCDABCDCBABGBCDEDGHGFCDCBABAFAD@FCDCBCBCDCFAD@DCDCBAD@FDD@DBFAFADBFBHAFCHIBCBABA@C@CACCGAA@C@C@CDCBA@ABCBCBC@C@EACBC@AFEDCFEBAD@BBD@@@H@H@@ABABEBAB@BAB@B@DE@ABCHEBAH@B@FBFADCDCHCDCFCB@DALIFCDAFEBCBCBE@C@CAECCAACGBC@CBCBC@C@CBABCBCBC@IBCBCBAFCXKVI@A@EAI@G@AAE@CBA@@F@BAF@BA@@@ADAC@AA@@AAAACAAAAAA@ACAAACAACCAAAAAACAAAAAC@AAC@A@A@C@A@C@A@C@A@C@C@A@C@C@C@AAE@C@AAA@C@AAA@C@C@E@E@A@C@AAAACAAACACAAAAAA@AAAAAAAAAAAAC@AAAACAAAIECAA@CAEACAA@C@E@A@E@AAE@AAAAA@ACAAEAC@A@AAAAAAEC@AAAACAAACAAAAACAAAAA@AAAAAAACAA@CAACE@ACAAAAAEEECGAECCAC@CACAECEAEACAAAA@CAAAAAECEACACCCA@ACAA@@AAA@@AAAAAACAAAAAC@AAAACCAAAAAAC@AA@AAAAACAACCACCCACAAAA@CC@@AACEAAEC@ACCA@AAAAAA@AAA@AAA@CAAACACACACACAA@AAAAC@A@C@AAAAA@AAAA@AA@ACAACAA@@AAAA"],["@@@A@A@A@ADABA@@CCAAAAAA@A@@E@@BABEDCBVN"]],"encodeOffsets":[[[103332,26795]],[[103149,27462]]]}},{"type":"Feature","id":"530721","properties":{"name":"玉龙纳西族自治县","cp":[100.238312,26.830593],"childNum":1},"geometry":{"type":"Polygon","coordinates":["@@HCDADEFCBADAF@DADADEBEBCDCFCDCDADAFCDC@E@E@GCE@CAA@CAA@C@E@GBEDE@CCEAEECCCCCAGBEDEDAFAHCF@D@DABCFEDCDEBE@CBC@CACAEACACBABADBH@H@F@FABABADADE@CAE@C@CEEAEAC@A@E@E@EAG@EDCDC@G@CBCBADABC@C@G@E@E@CFE@AAEAE@CAA@A@AAE@ACE@AAACCCCACAC@A@C@CAE@EAA@AACACAEAC@CAAACAAACACAE@CAA@E@CBCBA@ADEDABABC@C@A@ABCBC@A@E@EAE@ABCBCBABCBABA@C@C@ABCBC@ABCBCFCBABCDCBE@CBC@CAABC@ABADAFABAFABA@@DAB@BAD@DBFBB@DBD@DBD@B@D@DA@@DA@ABABCFCB@BAB@@@BA@@B@DAB@D@HBD@D@B@B@BAB@BABCBA@A@CDA@CBA@C@AAAACAAEEACCEAEAA@C@ACC@AAC@AA@CCCA@AACACAAAC@@@ABCBA@ABA@G@A@A@ABABA@A@EAC@A@A@A@C@CBEDE@ADC@C@CBAAE@C@CBA@ABE@CBA@C@A@A@A@C@@@A@C@A@C@AACAA@A@C@ABCDABCFCDGBIDG@ABCBABAB@BABABABA@@BA@A@ABA@CBA@ABCBCBE@A@A@C@AAE@CAC@AAAAA@AAACC@AAA@AAAAAAC@C@ABA@@@EAC@A@AA@CEAA@CA@@A@A@@AAAA@A@A@CAA@AAAAAAAAACEAAAAAACAAAA@ABA@CBCBABA@CBAAA@EBC@GACCACACAC@EAEBA@EACAACAA@C@CDA@C@A@EBADEDEBA@EBAAA@CACCAAACAAADAD@B@BAB@@BB@@@BA@@B@@@B@@@B@@AB@@AB@B@B@B@@@@BB@B@BBD@@@@@@@@AB@@AB@@ABA@@@@@AB@B@@ABA@@@A@@B@@A@@@AB@BAB@@AB@@@@@@A@@@ABC@A@C@A@A@@BA@@@@@@@@BA@ABA@@@A@A@A@@BC@@BAB@@AB@@AB@@@@@@@BA@A@@@AB@B@@AB@@@@@B@@@B@BABABCBC@C@CBGDA@A@@AAABABAF@DA@A@@@@@A@@AA@A@@AAA@AA@@A@@@A@ABA@A@A@A@A@@BA@@BA@@B@BA@@BAB@@@@A@@@@@A@@A@@A@A@CAAAC@@AA@@@CBA@A@@@A@A@@@A@A@AAA@A@E@@@ABA@@@@@@@A@A@A@C@A@A@A@@@@A@@AC@A@A@A@@BA@A@@@AAA@AA@@AA@AAAAAA@@A@@@AAC@@@@@@A@C@A@@@@@@B@BA@@FAB@B@BAB@@@@ABCBA@C@A@@@AAA@A@A@@@@AAAA@@AA@@@AA@ACAA@@@@@@@AA@@ACC@AA@@A@@A@@@ACAC@AAA@A@A@A@@@A@A@A@@AAAC@A@A@A@@@A@@@AB@BCBA@AB@@AB@BA@@BABAB@BADA@@BABA@ABA@ABA@A@A@ABA@@@A@A@A@A@@@A@A@@BC@@@A@A@@AA@AAAA@AAAAAA@@@A@C@A@ABA@A@@@A@@@@@A@A@C@@@@@@BA@@DA@ABA@@AA@A@@@A@AA@@A@A@A@A@@AA@@ACA@@C@A@@@A@@BA@AB@@A@@@A@A@@@AB@@A@@BA@A@@BA@@@A@@B@B@F@F@D@DAFCFC@CBCAACAA@ABA@A@ABA@CBABA@ABA@ABA@A@A@@@A@AA@@A@AAA@A@AAC@AAC@@@@@AE@E@A@@@@@A@A@@BA@@@ABA@@@AAA@AAA@@A@C@AB@@@D@B@BA@@@@B@@@B@@AF@B@D@DA@@B@@@BAB@BAFA@@@BB@B@B@@@DBB@F@@ADABA@@B@@CD@BA@AB@@C@A@ABA@@@A@@@ABA@A@A@AAA@C@C@CBA@A@C@A@A@A@@@A@@B@@ABA@A@A@A@@AAA@@AA@@@AA@@AAA@AAA@A@A@@@A@A@A@@@@@ABA@A@A@A@A@@BAA@@A@AA@A@@@@@@A@C@@@A@@@A@A@@@A@@@ABA@A@@@A@@@A@@@@@A@A@@@C@@BA@CB@@ABC@A@C@A@A@C@A@@AA@A@A@A@@@A@AAA@A@A@A@@BA@@@A@@@AA@@A@A@AA@@@@A@A@A@@@A@@@A@A@@@C@A@A@@AA@@@A@AA@@A@A@AAA@@EYK[IUAK@KBI@G@EAGGCGAG@S@Y@WBcHUHQJOFGAGEM[CMDWFQXcJMFMDIFC^@JA@@@@@@F@FC@@@@@@FGJ[DEBCHAH@XHPDDAFEDC@GIgE_EIACCAG@KBUFIBE@AAKKEGCMDi@I@GCAIAS@K@C@I@CAECGGKIKOIGEEC@CAGBE@UBSBUASEKO@G@EBE@E@ECEOQCGEmCc@@ABAAOBGBCBEFA@A@A@C@A@CEAG@CACAC@C@EAE@G@A@CBCBA@CBC@C@A@A@E@E@I@@@ACACAGBE@@AC@@@@@CAAACGC@E@A@ECCAEAC@@@G@IFIFKFOHeJKFEDED@@AB@@ABEBC@E@ABCAE@AB@@AB@@@B@B@B@B@B@BABA@AFABABCBABCDCBEDGFCBCBAB@BOHUHM@CA@C@EF]@ECCIAI@O@WFI@A@A@U@KAIAG@IBA@ADABABCFCDEFEBE@E@@@ABAB@BABCBADEBEBEBEBC@C@C@G@E@AAC@AAA@ACCAA@AAC@EAG@KCEAIECAECCCA@A@CBA@A@AA@AACAAAA@AA@@AC@I@E@A@CAABC@EBIFCBA@@D@B@B@DAB@@ABEFCDCDAB@BAD@BBD@D@FAB@D@BAFCBQNEHKDOHKDE@IBI@CAGJGJEFCDEDADC@ABA@ABC@C@KDMFEBAFAD@FAD@F@FBH@D@B@BADEJEHEJCVEPETAD@@@DADADEJEJAFAHAD@D@F@BBDBBDD@DBB@B@@@BA@A@@BA@@BBBBBDBBBB@BB@BAD@BAB@B@B@BBDB@ABABA@C@A@E@CAC@AACAC@C@C@EBCBEBAB@@AB@BBB@BBBBBDABAB@DADAF@DADBB@BBBB@BAD@DBD@BBBBBBDDB@DBD@@@BABA@C@CAA@@@A@A@A@@B@@@@ABABA@@BA@@BA@@@@B@@@B@@@BAB@@@BA@@@@BAB@@@B@@@B@@AB@@B@@B@@@D@B@@@@AB@@@@@BA@@B@@@@@BA@@B@@@@A@@B@@@B@@@@BB@@@B@B@@B@@BB@@@@B@@B@@@@B@@AD@JDHBHEFKFABA@CBABC@ABA@EAK@GAC@C@ABABABADCDABABAFABCDAD@D@B@BAB@DADCBABCBADCBABC@AB@BABAD@FAD@FAD@DAF@BABBD@D@F@DADADAD@D@B@BBB@BADABABA@A@ABA@ABADAB@DA@ABABA@AB@@@BADADAHAJAFAH@FADC@A@EBCBEBEDEBGFADCDEFCDCD@HAFAF@HBFADC@CBC@ADAFAFAJ@F@HDLBJDL@D@DAD@DEDEBCBAF@B@DBBDBF@B@DAH@FAFC@B@DBDAFADA@CBEDAB@D@D@F@F@LBH@HCFCDCBC@C@E@G@ABABAFDRCDEFEBED@D@HFLDD@BCDGBAB@@@@A@@B@@@@@@A@@@@@@@A@@A@@@@@B@@A@@@@@@@@@A@@@@@@B@@@@A@@@@@@@A@@@@@@@@B@@A@@@@@@@@@@@@@@@A@@@@@@@@@A@@@@@@@@@A@@B@@@@@@@@A@@@@B@@@@@@@B@@@@@@@B@@@@A@@@@@A@@@@@@BA@@@@@@@@@@@@@@@@@@B@@A@@@@@A@@@@@AB@@@@@@@B@@@@@@@@@@AB@@@@@@@B@@@B@@@@@@@B@@@@@@@B@@@@@B@@@@@@A@@@@BA@@@AB@@BBJBHDDDFFFFDBDBF@FBF@HBDB@@@DAFCDADCJADCJCJAFAHAFCFCFCFAHAJ@F@DBD@D@DBFBFBBD@B@F@FBFBBFBDBFBFDFDDBD@D@BBDBDBB@D@DBBBBDFFFHFFFDD@B@BABABA@@D@BABABCBC@ABCDABAH@DBD@BA@A@C@A@CBCDCB@B@D@B@DAB@DAD@D@DBBBDBHBF@D@FAFAFABCFCDAD@DABABCDCBADABBDBFBFBFBDDFFDDBB@BB@BCDADAD@D@BBBBB@BADABABCFAF@FBD@DDBBDD@D@J@FBD@FDFDFBDDDBDADAF@DAH@HBLDJBJDBBD@D@F@FBFBDFFFBFHFDHBBAJAF@DBFDFDDBF@DABADAF@DBDDBDBF@HBFBHBDBDBBDFDDBD@FBFDFDFBB@BD@D@FADB@D@B@BAFCBABE@CBE@E@EAC@CAA@CAC@ABA@AFCFEDCD@DABBB@B@BABC@E@EAE@EAEAECCACAAAG@E@E@ABEDCBADA@ABC@AAG@GBEBCFAFAFCFCDCDA@C@GBEDABAD@DBDDBBD@B@LCDCBCBCAEACCCCAAA@CBC@AAACGCCAC@ADCHEJGFCFEBCDCBE@C@C@C@@AC@C@CBCDCHCJEBAFAHCJCFCDEDG@CDEDCHIDCDCBCBAAC@AECECMECCAC@ABC@AAGCG@G@EDIFEJENCDADCBA@AACAG@G@A@A@ABCB@DAFAB@HBBAFABCBC@@@@AA@A@ABAFAJGHCFCFADADC@ABG@GBEDCHAJAF@D@D@BC@C@A@ABCBCFCJCDCFEDGFGBEBGDADCFCHCH@H@JAHAFAFG@CBG@CBABAB@RCHCHCBCBG@A@E@CBC@E@CBABCDEHEHCNCHADABABADGBEBABAFEFGDEDADAFCD@BA@A@E@EBEBEHQDMFKHGFCF@F@DBD@F@FCNGJGHEDE@EBEAG@EACBEDEFCDCDEHCDCDAD@DABABCDCBEBCBCDEFE@A@ACE@C@@DA@ADCDADABAJIHEBABABABC@I@E@A@C@A@@@AB@FCDADCFEDEDCBCBC@A@A@A@ACAA@C@C@ICAACC@@BCB@BEBCBABC@A@A@ABA@A@CAA@CAA@A@ABCDC@C@E@C@CACCECCACACAE@ABADCFCDEDADCBA@CBC@C@C@CACCCACAE@CBCDCDEF@DAB@DBB@BBBDBBBB@BBBDBB@FBFBD@F@B@BB@DBDBBBBB@DBD@DBB@D@BBB@DDDDDBBBBBDBBBBBBBFBHBD@HDBDBBBB@B@D@BAB@D@BBDB@DDBD@FHLDFDBDBD@DAD@DB@BBH@HAH@FAD@D@D@BAD@B@B@DBDBD@BBF@F@D@B@B@DDFBDBF@BBFBDBBBBFHBDBDBDDHBFBH@F@DAFCDCBCBABADAD@F@BBDDFDFHFDD@FAFCJAJ@HCJCBC@ABABABADAB@H@N@F@BCFAJEFCFAJBF@LBN@LBJBLBHBJDLBFFDHDJDB@BDB@D@JDLBJDD@F@FDDBDD@FBB@BBBBBBBBBDBBBBDDD@BBD@DBBBDBDBDDDDDBBFDDDBDBFB@@BBBBDBDDDBDDBBDBB@DB@BBBBBB@@@D@DBBDDDBBDDBDDDBBBB@BBB@BBHBDBBBBDBDBHBBDFBD@BB@FB@@BB@B@B@BBBFFBBFDBBBB@BBFBDBDBDB@BBFDBBBB@@D@D@B@D@@@BB@@DBD@BBD@BAB@B@FBB@FBDBDBB@BB@B@B@DDDBD@@BD@H@D@B@DAB@B@@@@ABCBA@ABA@@B@B@D@@BDBF@DABAB@B@B@B@B@H@B@D@DAFCDAFAFABCDCDABABADADABABADCDEF@@AB@BEF@@AB@BAB@BB@BBBDBDB@@BBDDF@DABADABCBAD@DAD@D@D@F@B@BAB@BADAF@BA@CFABCDAFADAFADADCFABADCDCDCDADAB@BEF@@ABAD@F@B@D@BBBDBD@BBBDBDBB@D@BBBBD@DBD@FBDBDBDBDDDFFDDBDDBDDFBB@BBBBBBDDDDDFBB@BBB@DBD@DBDBBBBDBDBB@DBDBFDBBF@BBDDDDBFBBBB@BAD@DAB@DAD@B@D@D@D@B@BAD@DAB@H@F@B@BBBD@B@HBB@B@D@B@D@D@BBDBDBBBD@BD@BADAD@FABADADADADAD@F@BBDBDBBDBD@D@D@B@DB@BBF@D@B@B@BBDBB@@@DB@D@H@B@BBBBBBAD@B@FBDBDBBFBDDDDBBBB@DCD@B@DAF@F@HADABEBEBEBCBABAB@B@DBFBDBDBD@D@BBBB@BBDBFBBBDB@B@B@FBDBF@FBD@D@DABBB@HBBBBB@HBDADCBC@CBCDCBCBAFCF@F@F@FADBD@@DD@DBDBDDDFDDBDBDAFBF@D@DDBDDBB@BAFBBBDDBF@FDF@DAFCJAFA@@"],"encodeOffsets":[[102784,28421]]}},{"type":"Feature","id":"530724","properties":{"name":"宁蒗彝族自治县","cp":[100.852427,27.281109],"childNum":2},"geometry":{"type":"MultiPolygon","coordinates":[["@@@@@A@A@A@A@ACA@AAA@AAA@AAAA@AA@AA@A@AAA@@AAA@@AA@A@A@A@C@A@C@@AA@A@A@AAA@@@A@A@A@A@A@AAA@A@A@@AE@@@A@@@AB@@@BA@@@@@A@@@@@AB@@@@A@@@@@A@@@@@@@@@A@@@@@@@A@@@@@A@A@@@@B@@A@@@A@@@@@@@A@@@AB@@@BA@AB@@A@@B@@@@@B@@@@@@AB@@@B@@@@@@@B@@@@@@@@@@@B@@A@@@@B@@@BA@@@@@@@A@A@@BAB@BA@@@@@@B@@@@BB@@A@@@A@@B@@A@@@@@@@@@A@@@@@@BA@@B@@@B@@@B@@@B@@A@@@A@@@@@@@@B@@@@@BABA@AB@@@B@@@BA@@@A@@BA@@@C@@B@BA@@BABAB@DAB@D@D@BAB@B@@@BAB@BADABB@@B@BA@A@A@A@@BC@@@ABA@A@ABA@A@@BA@@@ABABAB@BAB@BADABA@@BABABC@ABABA@ABA@A@C@A@@BA@A@A@A@A@C@A@C@C@@BE@A@C@C@C@A@ABC@A@A@ABA@C@A@A@ABE@A@C@A@ABA@A@ABC@ABABAB@BA@AB@BA@A@AB@B@BAB@@@B@BA@BB@B@B@@@B@B@B@@@B@B@B@B@B@B@B@BBB@B@B@B@B@B@B@D@B@BB@@DAB@B@B@B@B@D@BABBBAB@B@B@BA@@B@B@BABAB@BABADABABABA@ABA@@@@B@@@@A@@@@@A@@@@@@@@A@@A@@@@@@A@B@@@@@A@@A@@@@A@@@@@@@@@A@@@@@@@@@@A@@@@@@@@@@@@@@AA@@@@@BA@@A@@@@@@@AA@@@@@@@@@@@@@@@@@@AA@@@@@@@@@@@@@A@@@@AA@@A@@A@@@AAA@@AA@@@AA@@A@@CA@@A@@@A@@@A@A@@@A@ABA@@@@@A@@B@@@@@@@BA@@B@@@@@@A@@B@@@BA@@B@B@@@B@@@@@@@@AB@B@B@@@@@B@@BB@@@@@B@@@B@B@@AB@@@@@@AB@@@@@BA@@@@BA@@@@@@@AA@@A@@A@@A@@A@A@AA@@A@@AA@@@AA@@A@A@@@AA@@A@@A@@@@@AA@@@@@@A@@@A@@@@@A@@@A@@@A@@AA@@@@@@@A@@A@A@@@A@@A@@A@AAEIACAEAA@@BAFARB@BDBDBBBBBBH@BHBHA@@BC@CC_AGBGLCH@HCHMV]FIDG@@@AB@@IAEB@DADABA@ABA@AFG@ABABEDEBABA@ABABADABAB@@ABA@ABA@ABCBMAWEK@EGKEEAABEBABCBMCSAOA@B@AAB@B@@@B@BB@BBB@@@@D@@@BBBBDB@@@@BB@@AB@@BB@@BBBB@BBB@BBB@BB@BBB@DBB@D@B@@@B@@@BAB@@@B@D@@@B@@@B@@@BAB@@@@@B@@@B@@@@@@A@@@A@@@@DA@AB@@A@@BC@@BA@AB@B@B@@AB@B@@@@A@@@@BA@@@A@@@@@ABA@@DC@CBABABABABA@CBABC@A@A@AA@AA@AAAA@@AAAAA@A@A@A@C@ABA@@BABABABABC@ABABABA@ABCB@@A@A@A@A@A@A@ABC@ABABADAB@BAD@@ABBBA@@BAB@@ABA@ABA@C@ABA@ABA@ABABABA@A@ABABABABAB@BAB@BAB@BA@@BA@ABA@ABCB@@A@ABA@A@A@C@A@A@A@A@A@A@ABABCBABABAFABAB@B@B@D@B@BBB@B@@AB@B@B@B@@AB@@@BA@@@A@@@A@AAA@@AA@A@@@A@A@AB@@AB@BA@@@ABAA@@A@AAAA@@@AA@@AA@AAA@@AA@@AA@@@AA@@AAA@@@AAA@@@AAA@A@AA@@A@@@A@@BA@@B@BABAB@@@BAB@@AB@BA@@BAB@BA@AB@BABABAB@@@FGBEBO@IGQ@C@CBEDCFCT_BC@@@EBE@AEACAAA@ADODIBADCBCDADAB@@@B@BAB@B@@@BA@A@@BA@@@A@@@A@@@A@A@@@A@A@@@AA@@A@@@ABA@@@@BA@@B@@AB@@@BAB@B@B@B@B@@@BAB@B@@@BA@@B@@@BA@@B@B@B@@AB@BBB@BA@@@@B@BB@@B@@@B@@@@BB@@@@BB@@@B@@B@@@@@@@BB@@@@@B@@@B@@@@@@BB@@@@@B@@B@@B@@A@@@@@@B@@@@@@B@@@@@@B@@B@@@@@@@@@@@@B@@@B@@@@@B@@@B@@@BB@@B@@@BB@@@@BBBB@B@@@@@@B@B@BA@@@@B@@@@@B@@@@@@@B@@@@@B@@@B@@@@@B@@@@@B@@@@@B@@B@@@@B@@@B@@@@@B@@@@B@@B@@@@@@@B@@@@@@@@@BB@@@@@@B@@@@@B@@@@@B@@A@@@@B@@A@@B@@@@AB@@@B@@@BA@@@@B@@@@@BAB@@@B@@@@@@@B@@@@@@BB@@@@@@@B@@@@AB@@@D@@@@@B@@@B@B@@@B@BA@@@@B@@@@@BA@AB@@@@@@@B@B@@@@@B@@@@A@@@A@@@@B@@@@AB@@@B@B@B@B@@@B@D@@@BB@@B@@@D@@AB@@@@@BB@@@@@@BA@@@@B@BB@@@@@@BB@@@@B@@@@@BA@B@@B@@@@@@A@@@@A@@@@@@A@@B@@A@@B@BA@@@@@A@A@A@A@@@AA@@A@@A@@AB@AA@@@A@A@@@@@AB@@A@@@@@@@A@@@@AAA@@A@@@@@A@A@@@@@@@A@@@@B@@@@A@@BA@@@@@@@AB@@@@@@@@A@@@@A@@AB@@A@@@@@AA@@@@@AA@@@@@@@A@@@@@@@A@@@@@A@@@A@@@@@A@@@@AA@@@A@@@@@A@@@@@@AA@@@AA@@@@A@@@@@A@@@@AA@@@A@@@@@@AA@@@A@@@@AAAA@@@@A@@A@@@@A@@@@@A@@A@@@@@@@@B@@A@@@@@@@A@@@@@A@@A@@A@@B@@@@AB@@@@A@@@AAAB@@A@@@A@@@@AA@@@@AA@@@@@AA@@A@A@@@@AAAA@@@A@@@@@@@@@A@@A@@@B@@A@@@A@@@@@A@@@A@@@@@AB@@@@@@@@A@@@A@@AA@@@@@@AA@@A@AAA@@@@AA@@@@@@@@@@C@AAA@C@@@AAA@CAAACAA@AA@@A@A@ANKHABA@A@C@C@IAA@@ACAAAE@CAAAAC@AACA@ACC@GBCBA@C@CAAACDG@CAC@CAA@CACAAAA@AA@EE@CAQ@CBCPGPIREXC@@DABAD@DABADADADADABADADADA@@BAFAFCF@D@DBD@DBFEFENEBADE@EACAGAO@EBC@CDADCDCD@H@H@L@H@H@DBDBF@B@DG@CAECEEECIAGAEAC@C@AFIDCBABABC@IBCDCDC@@D@FACGCAAAAAAAA@CBABA@AAKECAA@A@AB@BAHAFCFABADAB@BBBBBDD@B@BA@ECUOECA@A@@@EHADA@E@G@EACACCECAAA@CBABABEDEFAFAD@PADADABA@A@CBG@E@AAAA@@@ABA@AEK@AC@@@ABIFCB@BBB@@BB@BABED@@@BB@B@B@BAB@@BBBBBD@BB@B@@ADAD@B@BDBBB@BAB@BAAC@AA@A@@AA@@GAE@C@@@A@EBM@GBIBE@A@CAMU@@AAA@C@A@CAACAEAAAA@@A@CBADGJCDAD@D@B@BBDAF@DBB@D@@@BA@CBA@A@G@C@CBABABC@E@C@AAAA@ABA@AB@D@B@BA@A@AA@AAAAABA@EBA@CAEAGCEAC@EBA@A@IHEDEBA@ACCCAQBK@@B@@A@@B@@@@@@AB@@A@@@@@@@@@A@@@@@A@@@@AA@@@A@@@@@ABABAB@B@B@@A@@BA@@@@B@@@B@BA@@B@@AB@B@BAB@DB@@B@B@@@B@B@@A@@BA@@B@B@BA@@D@@@HABADEBEDCBADANBN@@@DADC@ECEMOIIAKBS@C@E@ABABABEBC@AAG@C@GBABABA@CAG@ABCFG@ABA@AB@@A@GBIBA@@BA@@B@@@B@BAB@@ABA@G@ABABA@@B@@@BA@@B@@@B@BA@@@A@A@C@A@AAA@@@@@B@B@BABABCBIDGFG@CBA@ABABABADAFAB@B@BA@@@@AAACECAAA@AAAA@A@@B@DABADAB@BBB@DDD@BBB@BA@@@A@A@A@ABAB@@A@@A@@AC@A@C@EAAAA@@BAB@@@B@B@@A@A@@@@AA@AB@D@BA@ABABAB@BA@AAAACA@AAA@A@A@ABABA@A@@@BABAD@@A@ACA@A@A@A@@BBBBBBDBDBBBDDDDBD@@B@D@FAF@HAF@DAFCDADABABABABA@ABC@ABCAC@CBAB@@AB@@@B@@CDEBAB@B@B@BB@@BABABE@CDAHCDA@C@A@AECAAC@CAEAGIGECAA@@@ABCDEBEBEBA@ABQHADA@ABA@A@GCA@A@C@A@CBA@SEMACAA@@A@IAAAAE@G@G@@@@@ABE@A@AAGGC@CACBAAGAEAC@A@AA@@@A@ABABCFKBC@A@C@C@ABI@C@A@A@AAAC@AAC@AAA@C@AA@@@A@ABA@AAAEGIEAAEIEAGCE@SIAAAA@C@A@ABAB@D@D@DB@@B@@@BABGBABAB@B@DABA@@@AAM@EAAAA@@CAAA@A@A@ABA@ADCB@BAB@B@B@D@BA@@@AAK@E@EACAAC@AA@A@I@A@AD@D@B@DA@AAAA@@@AA@@@AA@@@A@AA@A@@@A@A@AAA@@@AA@@@A@@A@A@@@@AA@@AC@AAA@@@A@@AAA@CAA@AAA@A@@@AA@AA@@ACAC@A@A@@BAB@BBJA@CBKDGDA@E@A@CAAAEBA@ABCAEAECCACAABA@EBCAGEE@EAEAKQKKCAAACBCBCDAFAF@DCDADABIBEB@DAH@FDDDDFBDBFBD@JCHCDADBB@FFHJDBBDBDDDBDBBBBPBFBFBDDDDDFDBBDDFHLBD@B@BCDCB@B@B@B@BCBC@E@GCCCCEAAAAA@ABABABCAA@ACAAAAE@A@A@ADADABA@A@IK@@A@A@CDADC@SAO@AAAACSCCCAABCBEFAD@BABGBEBE@E@CAA@AB@D@FBF@DAFABFHJFNPHX@J@DBFFBHBNBJBDDBNDDHDFDBDBDCLBFDHDFBDBDBBDBBBBB@DABABCFIHEFAD@BDPFNFJ@DEDGHAH@JCDGDKLKNGDA@AFCF@BABABA@@@@BA@AB@BBBJRBF@BADC@ABAAMKCI@G@CGEGKMKcKKCEAG@GBCAACCE@IAGAKCMEICEA@C@G@G@C@A@ACACCACBCBCDGLCDABADEBEBE@EAEAC@@BAB@F@B@BABA@C@C@AB@@@HBDABCBGBEDEDCFABA@@@CD@@@B@@@BBBBBBBDD@@ABCB@B@B@B@B@B@B@BB@B@B@DB@B@DADA@CACAAAA@ABEFMFGDC@ECEAC@CBCBAB@@EEC@A@GDADILADGLEDIF@DBBDD@BAFEFIDIFEHCH@L@@AHDRDDDFB@FBDBBDBD@FAF@DBBFDBBBD@FEH@B@B@BDDDBF@DDBB@BCD@@GBKHIDCBMAE@AB@B@LBDBBHDRDNJDHFFDDB@HB@B@H@@@B@BCBA@UBA@AB@BB@@@@B@@B@BB@@@B@@@BB@@B@@BB@B@@@B@B@@@@@B@BB@@@@B@@@@@BA@@@AB@@@@A@@@A@C@A@@AA@@@A@@AA@ECCE@@A@A@C@C@A@AA@CA@@@AAA@A@A@GHKD@@C@E@A@C@AAGIECQGIAECCA@A@CBABAB@B@PJD@B@BABA@A@AOK@C@CBIBABC@CCIMICAAC@@BABAH@DADABAB@DAHAHAD@JA@AB@B@@A@@@ACCGAMAG@A@EF@@C@A@GECCIACAC@ABABELABA@A@A@@E@E@@@AA@@AA@AAC@CAAAAA@EAAAA@@ABABCDAD@DADBDBBDBB@D@B@DABBBB@B@BBBBDBBBD@BABABAAQGGAEACBGDADCBAB@@A@AAA@GG@@A@A@AF@@ABA@A@AA@@@AA@@@A@AB@B@@A@@@A@A@@@AAA@A@A@@@AB@B@BBF@D@B@B@@B@DFDD@FBB@@BBD@V@B@HB@BB@@BCDADBB@@DDBB@BBB@BAD@D@B@@BB@BABEHCBABAAQECAA@A@ABA@AB@AACC@C@CAEGAAC@AAA@A@ABABA@ADCBABCBA@CBA@C@IAAACBEBA@A@ABCBCBEDMJMN@@BB@@BBHDFDHBFB@BB@@@@B@B@@@D@B@@B@B@B@FAD@@@B@D@BBB@@@@BBBBD@DAB@DBBBDDDBB@D@BADEHAB@BB@B@FDB@B@DBB@D@DBD@DBBBB@DDBDBB@BEBGB@@EBCBABCBAB@@AB@BABABA@CB@@AB@@A@@BA@@BABC@CBC@ABABCDCBC@E@BB@B@@BBBBBF@D@B@BABADABEFABAFCF@B@F@@@DBFDDBFBD@D@BABADCBABCBE@CBCBCBCBCDAB@B@F@F@BABBD@B@B@DADA@ABCBCBA@GDADCBABAB@BBD@DBBBBBDBBDDDBB@BBFAB@FAFCBCFAB@D@B@DCD@B@DBBBBD@FABBF@FBDBDBDDDHBD@FAB@BBDAB@BADADAB@BAB@BBDBBBBBBBDFBBBBBBBB@BBB@D@B@BBBBB@@@B@BB@@DBBDFB@@B@BBD@F@@AB@B@DBDBBBB@BBB@BDDBB@BBBBB@BBD@DBF@B@D@B@BAFADAD@BAB@DAB@B@BAB@@ABABABABA@ABABAD@BCHAJCHEDADCBAD@B@D@BBBBD@B@D@B@D@B@@@D@B@B@B@DAB@DAF@BAB@D@DBFAB@D@DCD@BCFAF@D@D@B@B@BBD@F@BABAB@B@B@B@HAB@BABAD@B@@BDBBBDBD@BDBDDB@@BBD@BDD@B@DBBBFDFBDFFBBBDBB@B@DAB@DCB@D@BABADABA@ABA@A@C@C@GAC@A@CBA@@@AB@@A@ABA@EDADAB@BCB@@CBC@A@C@CAC@CAA@EACAC@ABA@CB@@ABEBABEBCBAB@BADBB@DAD@DAFCDADABEDADAD@BADAD@B@D@DABABADABADAD@BBF@F@F@BADAD@B@B@DADABCBCF@BABAD@D@FBB@DBFBDBDBBBDBB@DBDBFBDBD@BBB@FBF@D@D@BBDBDDDDDBB@BDF@BBF@B@BBB@DBFBF@BEF@D@F@F@H@DADCBABAD@D@HCDCD@FBH@F@F@F@BBDBFFF@D@DBF@DCFCBABABEBE@G@G@CAABABBDBDBFBD@DAD@DAFCFCDEFADCBC@E@GDEBCBCFAFBHDDDDFDBFDF@DCFAF@H@F@DBB@DBB@DDF@H@F@FCDEDCBCBCDEDCDADAFCFCBCBE@CBABEDCFCBGDB@BB@H@B@BBFBD@BBB@D@BAB@B@BA@@B@B@BB@BBBBB@B@BDDB@@BBDBB@FFBBBD@B@B@BBBDBDDDDDDDD@BBBBB@B@BBF@BBBB@@DBBBB@@@DBBBD@@CB@B@FADBB@D@@@B@B@BBBBDBD@B@BBBB@BBB@B@B@BD@@B@B@BBB@@DBBB@B@@@DBBB@B@BBB@@@B@@@DBB@B@B@B@BA@ABABBBBBJBD@HBHAHAHAHCJAF@F@JAHCDCFADEFEDAFCFCBDDFFD@@B@BBB@B@@A@AB@@C@A@CBE@ABCBA@C@CBIBA@A@AB@DABADABABAB@D@B@B@BBB@BDDBB@D@F@DABC@ABABABA@ABC@ABA@ABA@ABABAB@B@@@BBBBBBB@BBBB@@BB@B@@BB@B@@@BBB@BBBBBBBB@BBBBB@BBBBD@BBB@BBD@BB@BBB@@BB@BBBBBDBBBB@B@B@DBB@D@@BB@BB@BBB@@BB@DB@@BBBBBB@DBBBDBB@BBBBDBB@BBBB@@BB@BBB@B@B@D@B@D@@AD@B@@AB@B@BBD@DB@BBBB@BBBBDBBBBBBBB@BBBBD@B@B@BBB@BBBBB@BBB@BBB@@BBB@BBDBBBBDBB@B@B@@@B@B@B@BBB@@BBB@D@@AB@B@B@B@B@B@D@BAB@DA@ABAB@B@B@D@@@BBBB@BBB@BBBBB@@BBB@BBD@B@B@B@@@DBB@BA@@B@BBB@B@BBB@@BB@@B@@B@BBBA@@@A@A@@@A@A@A@A@@@AAA@A@@@AB@@@B@BAB@@@B@BAB@@@BAB@BA@@@@BA@@BA@A@@@A@A@AB@@A@A@A@A@ABA@A@ABA@@BAB@@AB@@AB@BAB@BA@@BAB@@A@AB@@C@A@A@CAA@AAAAAAA@AAC@@AA@A@ABA@AB@@AB@@AB@BAB@B@BA@@B@BA@@B@BA@@B@BAB@B@BA@@BAB@BAB@@A"],["@@A@@AE@E@E@C@ABC@@BA@BB@BBBBBBBD@D@DADAFCBA@A"]],"encodeOffsets":[[[103137,28527]],[[103144,27450]]]}},{"type":"Feature","id":"530702","properties":{"name":"古城区","cp":[100.234412,26.872229],"childNum":1},"geometry":{"type":"Polygon","coordinates":["@@AA@CAC@ABABADABCHCB@DADABAB@BC@C@A@AACBA@A@E@E@ABADCDADADADAF@DABADABCBA@A@CACAECCAE@C@@@E@ADEBEBAFEBABCBA@A@A@CAEAAAA@@@AAAACAAAAECCAECA@CACAEAA@@AAAAC@@AA@CBABCBA@C@CBCAACCAA@A@AAAAAAAAC@C@A@E@C@CAA@AA@@AACACCACCCAC@C@C@AAC@@A@E@C@E@E@AAG@E@ADCD@DADCDCBA@CAC@CBGBG@EBABE@CBCBADCBABC@A@C@CAA@CAAAE@A@ABCBEBEBCBG@A@C@AAECA@CAAAEAA@A@CAAAEACAAAGCGAC@A@C@A@ABA@CBABCBC@G@EBCAGBC@C@E@AACCCACACCC@A@C@ABC@CBA@CAC@CAG@EACBE@CBCBCBCBE@A@C@C@CAAACAACCCAIAE@EAI@C@CACBEBCBCBC@ABA@AAC@AAAC@AACAAAAAAAAECAACAGACAA@EAAA@A@ACAAAA@CE@A@ABAB@B@DCBABCBCDABC@C@AAA@AAEBAB@B@@CBEBC@A@C@AAA@A@EAE@E@C@CBABC@ABABCDADEBCBC@ABC@ABC@CBC@E@A@A@AAAAAA@AACAAAAA@C@A@ADADC@ABC@A@C@E@E@EAEBCBE@ABABABADAD@DADCBABABC@A@AAAACAACCACAACCCAAC@A@CBCBCBADABCDAFEDADAJAFCDABABABC@C@ABCACACAECCCGACCACCAAAACCCECCACAE@GEI@@EBE@GBGBC@GBKBE@C@CACAA@KAC@ADADAF@FHHDJJJ@BBDADEDC@A@A@@B@DHLAFADEJC@CAEEAGCMAAACG@GDEBAB@B@@@D@B@BDF@F@@BJ@B@BB@DDBDBD@BABA@CAG@C@@BCBEBABC@A@A@A@AAAAA@AAC@@@A@CBA@C@GAC@GFA@ABCDCBCB@D@BBT@LAB@BC@EEWAE@C@GICAC@C@GBE@GAIEE@C@CB@B@@@D@D@B@DABABAB@BAB@DBB@DDD@BBDAD@FAJADAD@DBB@BBBBBBDFBBBAF@B@D@BAD@BA@@@AAA@EAECCAA@AACACACAC@C@C@ADCBCBCDC@@@A@@AA@@AACCAAAAAC@C@CAAAAA@CAC@CCACCAAAC@CCEAEAEGMEEEGEKGKCEIKIQ@ACCAACAC@CAA@@AAA@@AAAAA@C@C@AAA@@AAACA@A@@E@I@C@@@ADABA@A@CAAACAAAC@AAA@AB@B@B@BBBBD@DAB@BABC@CBC@E@E@C@C@A@@BADA@ADABCB@@AB@BBD@DAB@DABAB@DCDEDDdFnDHPRDF@F@FAF@F@HLPTFVBTAVAF@HADBD@FFJHLPLJHHFDDBJ@D@L@T@JBDB@H@JCjDNFHLLBBF@JAVELAH@DBBDFJF`Jh@HCDEFCBOCWGG@GBADCFI\\EH@@@@@@EDE@@@@@@@IB]@EDCJENINWdERCXDNN\\HFHBPERIVGdGXAZ@T@H@HBHDBH@F@HAJ@LBLJVL\\FZ@@BB@B@B@BB@@B@B@@BB@@@B@B@D@@@B@B@@@B@@@B@B@B@@B@@B@B@BB@@B@@@B@@AB@@@B@B@BBB@B@B@@@B@B@BBB@@@B@D@B@B@D@BAD@BA@@DAB@@@D@@@B@B@@@@@B@@@B@@@BAB@B@@@B@@@B@B@@@B@@@D@B@@@@B@B@@B@BB@AB@@@B@B@B@BAB@B@@@@@B@B@B@@@B@BBB@BBB@BB@@B@@BB@@BB@BB@B@B@B@BA@@@AB@@@B@B@B@D@B@B@DAD@D@B@BBB@B@B@BA@@B@@@B@BAB@D@@@BAB@@ADC@@@AB@BABC@@@EAA@C@@@A@AAA@@B@BE@ABA@A@@@AB@@C@C@ABE@@@A@@@A@@B@@A@A@C@@BAD@B@@@BB@BBB@B@@AB@B@@AB@@@B@B@@@@@B@FBF@@@@D@BBD@BBB@B@BBB@@@BBB@@@B@B@B@BAB@BAB@BADAB@BAB@B@BAB@DBBBAD@DEDEDCBC@E@E@A@A@@@@B@@AB@@@BAB@@@BA@@B@@@B@B@@@BA@@BAB@@@B@@@B@DB@BD@@BB@@@B@B@B@BB@@B@B@@@BBB@@AB@BCB@@AB@@@@@@@D@B@B@@@@@B@@@BAB@B@B@D@B@@BBBBBBB@BB@BBB@@@B@B@@AD@@@B@B@@@B@B@B@B@@AB@B@B@BAB@BAB@BABAB@@CBABA@ABAB@@ABA@@BA@@BABADA@@B@@@B@@@B@B@BBDBB@@@B@B@B@@@B@B@BBB@BBDBD@@B@@@@BB@@BDD@BB@@B@@@@@@BBBDB@@B@@BB@@BBBB@@@@@B@BBB@B@@@B@DABAD@B@@A@ABA@A@EB@@ABA@@@@@@@@B@D@B@@@@D@BB@@B@@@BBBBBBB@@BB@@BBB@B@@@BAB@@@B@B@BBD@@@B@@B@B@B@D@B@B@B@@@@@@@B@BA@@F@B@B@BBB@B@@@B@B@@@B@B@DA@@B@@BD@BBDBB@B@@@@BB@@@@@B@@@@@BA@AB@@A@AB@@AB@@AB@B@B@B@B@BAB@@@B@@@BBB@BB@@@BBB@@@B@@@@@BCBE@ABABBB@BB@B@HCDAD@D@DABABA@A@A@@@A@@@@BA@@@ABA@@B@B@@A@@@@@@BA@@BA@@BA@AD@@AB@B@B@@@B@BAB@@A@@@@@@B@@AB@B@D@B@D@BA@@B@@@@@@@BA@@BA@ABA@@B@@@@AB@@@B@BA@@@ABA@@@@B@BA@@BA@@BA@@@@@@@@AC@A@AAA@@@@@A@A@ABA@@BA@@@A@@@A@@@AB@@A@@AA@@BA@A@ABCBC"],"encodeOffsets":[[102859,27809]]}}],"UTF8Encoding":true}