{"type":"FeatureCollection","features":[{"type":"Feature","id":"532901","properties":{"name":"大理市","cp":[100.241369,25.593067],"childNum":1},"geometry":{"type":"Polygon","coordinates":["@@A@ECAAAAAAAAA@ACC@CAC@EAEBE@EBEBE@CACAAA@CAA@@AC@ABC@ABABADADCDC@@@C@AAAACAC@CAE@E@C@C@C@AACCC@CAE@C@A@C@E@CAAAACA@AAEA@KEAAA@@C@E@KAEGCOEC@CAACAE@EAGBCHEFCLCDABA@E@EAGBCDEFEHAB@BBB@B@B@B@@@@@@B@@B@B@B@BAD@DE@CBAFGDC@CACEGCAA@CDCBCDIBA@E@EAC@ICCAAAAA@C@CDCBABAACACAC@C@CBAB@BCAAAACK@E@G@CBEBC@K@E@CBO@E@EBCBAD@BBHFBBDBD@D@DELQDCDEBC@A@AEE@ABCDCDADADC@A@@BIBEDCBADAFBFB@@DC@CDUBABCDADAFBHBHBH@D@FABADCBGFGBE@A@A@A@@@@C@A@@@A@@@@@@@@A@@@@BCDCBAHIDE@A@C@A@CDAFABA@A@EBCDCB@D@D@DBB@BABCDCDA@@B@DEDEFGBG@EFCHGBCBCBEBEBC@EBGDCDCHMBCGAAACAA@EBEBEBAAEGAA@ABCFCHG@@@@HEBA@ABABC@C@@BE@ABAB@BAD@BABA@@DE@@@@@A@CCCAAACAEAAAAA@ACACEC@@@A@@@A@A@@@AB@@AAAAA@A@A@ACGCIAC@AACECAAAA@AAAAAAAAAAA@@@ABC@A@@@AA@@BA@AA@@AE@AA@CACAAAAA@A@A@A@@@CAG@C@KAA@A@A@ADG@CAAA@AAA@AA@CCWEI@@AACCCAAA@AAAAEACAAAAAAC@E@G@E@E@ECE@C@A@AB@D@BBDAD@BCBA@C@A@CAA@ABEB@@BB@BBDAD@D@BBBD@BBBB@D@D@F@B@DABA@A@CAECC@ABCD@DCDABC@E@CB@B@BDF@BCBA@A@C@AB@BADCDADAB@BBBDB@BABABABAFADBF@D@D@BABCBC@AAC@EAABEBCBC@C@C@A@ABCDADC@@@AB@B@@@B@@A@A@@@@B@BC@A@A@A@AACACCACACCCCEAACCECCAAACAEACBCBCDABCBCBCBCBAD@BABADABADCDAFCB@BAB@@CFEFCFEF@@CBCBA@CBA@@@@@@@@@ABAB@@A@@@ABA@CAC@CB@@ABA@CDABCBCBC@CAAA@A@A@CAEACACAAEAA@A@CCEACAC@ADCDCBC@EBGACACAA@@@@@AB@@@@@@@B@@@@@B@@@@@B@@@@A@AB@@@@A@A@A@@@A@@@A@@@A@A@A@@@@@@A@@A@@@@@@@A@@@@@A@@@@@@@AA@@@@A@@@@@A@A@@@@@A@@@CAEAGBCBAD@B@BA@A@C@AAKKGCEAA@C@C@CAA@@@ACCA@AB@BA@A@C@CAC@CBA@ABC@CACBADOECBEFGDG@GCAKGECI@GD@@A@ABAB@BAHAFEJCFK@UBQ@CBIDABADCFABAD@BBD@D@B@DABAD@DABBDBDDB@DBBFFDD@D@D@@B@AFCDCBIDE@C@EACA@@C@A@B@@DBD@DBDBB@BDBBB@F@@BDBBB@@B@B@B@B@DBBBB@BDB@BFB@BF@B@BBBA@@BBB@@BBBBB@B@B@@DDBB@BABB@BBBB@@@BB@@@B@@@@B@@@B@@@@@@B@B@B@@@B@@@B@@@@@@@B@@@B@@AB@@@B@@@B@@@B@@@B@@@BA@@B@@ABAB@@AB@@@B@B@@@BBB@BAB@DCBCDABABAB@@AB@@@D@@@B@@ADAD@@@BA@@B@@AB@@@B@B@@@B@@AB@@@@@@@BAB@@A@@@@B@@@B@@BB@@@BAB@B@B@BAB@B@@@BAB@B@D@BAB@B@BBB@B@@@B@@@BBBBBBD@@@BBB@@@B@B@@@B@@@B@B@@@B@@AB@@@@@B@@DABADEHCFCHABCDCDCBCBADAB@B@B@DBDBFBDFDBDDDBDDDBBBB@FBDBBBBBB@B@BABABAD@BAD@D@D@@ABCBABCDC@ADCD@B@D@D@DCBCBCBEBCBADA@@D@BADADADAB@B@DAD@BCDABA@ABAD@B@DADAD@D@F@B@BADABAFAB@D@B@B@BADADAB@D@D@FADABAB@BCBADABCBAB@BCBADCBABABADABADADCDCDABA@A@A@C@ABABADADADAD@BC@@BAB@DAB@B@D@BBD@B@BBD@BAB@BABABCDABCD@BAD@B@DA@CBADCBA@@BADAB@B@BAB@BABCDAFABADADAD@DAD@BAD@D@B@B@@@BBBDD@B@D@DAB@DAF@B@D@BA@C@CBA@ABABABADADAB@DBBABA@ABCBABCDADAB@DAB@@ABABABABCBC@CBEBCBEDFDTHFBDBBDBDBFHRDH@FGP@H@F@DBDDDFFDFFFFDJBFBJADAFCHCF@FBBBB@BF@D@D@F@DBFDD@@XPPBJ@H@J@DBBD@B@B@BABCDAD@B@BD@NBV@F@BDB@AD@F@BAF@@@BAH@H@D@BBFFBFDLDJBLBVFNFJFFFDH@P@BABAB@@A@A@IEA@AAA@ADEF@BABBBBDRJ@BBHBBBD@B@BEDAB@DDDH^BHDBBBH@RFFBD@HCFA@@@AA@BA@AFCDCDCDA@ABAAAHC@IDKFGNIBBB@@ABA@A@CAC@E@EAAAC@A@C@@@A@ADAF@H@L@FBF@HBNDH@FBHBLBH@J@H@JBH@F@FAD@BBB@BB@@BBHFNFHDHDHDJ@H@PED@JGJEAGACACBCBEDMBGDIBGBABEBCBEBEBCBC@CBCBABCBA"],"encodeOffsets":[[102761,26597]]}},{"type":"Feature","id":"532922","properties":{"name":"漾濞彝族自治县","cp":[99.95797,25.669543],"childNum":1},"geometry":{"type":"Polygon","coordinates":["@@FCDAFADAD@DABABABABA@@BA@CBABCDCBADABAB@BAAA@CBABCBCBABABAB@DAD@B@@A@C@ABE@CBA@C@C@ACCAA@A@@@A@A@CBC@ABC@CBCBCBCBABEDCBA@ABA@A@ABABC@AB@DABCDAB@@C@ABC@ADCBADCBABA@ABA@AAC@A@AAC@A@C@ABA@CBA@AD@@ABCBCBCBCBABAD@B@B@B@BADCDCBCBCBABCBABADABCDA@ABADABABCDA@ABABABC@E@C@CBABCBC@A@A@A@CBABEBABC@A@A@E@CBCBC@C@ABCBAB@BADC@ABC@C@ABABCBCBC@A@CB@BCDAFADADADA@C@C@C@ADCBCD@DCBADABA@@@C@CBC@ABCBABA@A@AAAAAAAAC@EAAAACCACCCACECACAEAC@C@A@ABABCDADADCDCBADGDEFGBCBA@CA@@@@@A@@BA@@@A@A@@@A@@@A@A@@@A@AA@@C@AAAAAA@@A@@@A@A@AAA@A@ABC@A@A@AB@@A@A@ABA@A@A@AB@@A@@AA@@@A@@@@@@BA@AB@@@@@@A@@BA@@@A@A@@@A@@BA@@@AB@@C@CB@BA@@@C@@@A@@BA@ABABCBADCDA@ABA@AA@@A@A@@@A@@BA@AB@BA@@@AB@@A@@@A@@@A@@@A@@@A@@BA@@@A@@@@@@@A@@@A@@@A@A@A@@@@@@@@A@@@A@@A@@@A@@A@@AAAAA@BA@AAACC@@@A@AAAAA@AA@AA@@ABAAA@E@@AEA@ACA@AAAAA@C@A@A@A@AA@AAAC@@@EAACA@AAAAC@CAC@CA@@A@@AA@@@@AA@@A@@@A@A@AAAAA@CAAAAAA@AAA@AAAAAC@@AC@A@AAAAA@AAA@A@A@@AAAA@@AAAAAA@A@A@A@AAAAEAAAA@AAA@EACAABA@A@C@E@CBABADEBCBCBC@E@E@C@A@@@A@CAC@CAC@A@C@@AAAAC@C@CACAAAAABC@CB@FEBAB@BABC@AAAAEAACCAAECAA@A@ABA@AD@DAF@B@D@BBDBFDBBBA@@BB@B@@F@B@B@D@DCB@DABA@A@ABABCDA@CBA@@@A@C@ACCACAACCAAEEAAAAAAAAAAACAA@ABADA@@B@DAB@B@@ABA@A@A@A@A@AACAAACA@CAAAB@BABABCB@BADABABADA@ABCB@@ABA@A@C@A@ACAAAA@@@A@@@@AAAA@AACCCA@A@ABCBAB@B@B@DBBAB@BA@A@@@AA@@@CAA@AA@A@@@ABCB@FABC@C@C@C@A@AAACC@@@E@CACBA@@@CBA@@AAACAAAACC@A@AAA@@@AACCA@AAAA@@ACEAC@CAACCAAAAAACAAAA@@@A@AAAAC@AAA@CACAC@AACAAA@@BA@A@ACAAA@BG@A@A@A@CACAAAAAC@CAE@AAAAAE@@AEACACAEACAECEAA@CAACCAAAC@CAE@@@C@C@AAACC@C@ABC@AA@CCCACCAAABCBCBCBCBCDCDCDEFABCBCAAA@@ACAACGAAACAEAC@CAAA@C@ABABADABC@CBEAA@@@CDABFFD@FDBB@B@@@BCBCB@@A@IHABA@CBCBEBEBEBEBADBB@BDDDBDBFDBBDBF@D@@B@B@B@B@FBB@DDBDBFBDBFBBB@B@D@BBDDBBDDDBBBDDDDBDDBDBD@DABABA@AAEAA@C@@BBBBDBB@D@@ADABABABABAB@BB@@DBD@DABABC@ABCBCBEBABCBCBCBA@CAC@AAABA@ABCBABCBAB@FBDBDBBFBDADAF@F@D@DBF@D@@BBB@DBD@D@BABABAB@BBB@BAB@BC@E@E@G@G@EAEAC@AAA@CBABCBABABCBC@E@CBABABAB@DABABABABCBAD@B@D@B@DBDAB@DADABCF@B@BBB@BBDDDBDBB@B@BADADA@ABABCBABABC@C@C@EBCBAB@BBBBB@FBDAD@D@DADABABADADABBB@DBBDDD@DBFBDBBDBB@BAB@BBB@BAD@B@D@B@D@D@B@BABA@AD@B@@DBDBDBDBBD@BA@@@A@@@A@AB@DA@@BCB@@A@CB@@CBABC@@@CAC@@@A@A@ABAB@@A@@@@AA@@AA@A@A@A@@@@D@B@@B@@B@B@B@@@@ABA@AB@@@BA@ABA@A@@BA@@@@B@@@BBB@@@B@B@BBB@B@@B@@B@B@BAFAD@@ABA@A@AB@@@B@B@B@@@B@B@BBB@BAB@@@BA@A@@BBB@@@B@@A@@@AB@@AB@@@D@@@B@B@@@B@B@@AB@@A@@B@@A@AB@B@@@D@@@BA@@B@@@BA@@BCB@@AB@@@BA@@@E@ABA@A@A@AB@ACAA@@@A@AB@@@BBDB@B@BBB@@B@B@B@B@B@@@BA@@BBBBDBD@@@BAB@@@BB@@BBBB@@B@B@@@BAB@B@@@B@BBBB@BB@@@BBDBDDB@BBBBBBB@BBBBBB@@@BBB@@@BBB@@@DBB@@BBB@BBB@BB@@@BB@BB@@@BBB@@B@B@DB@@D@@@BBB@BB@@B@@@B@@B@@@B@@@@@@B@B@B@@AB@B@@@@@D@@@B@BA@@@@BAB@B@@A@@@A@@BAB@@A@A@CB@@C@ABC@A@A@ABA@CBABA@ABAB@@ABAB@B@BBB@B@@ADAD@B@@A@@BA@AD@@A@A@@A@@@A@@A@@AA@A@@@A@@@AACA@@A@C@A@@AA@A@AA@AA@@A@@AA@AAA@@AA@AA@AAAA@@AAAAA@@AA@AA@@@ACC@@AA@@C@AAAAA@AA@@AA@AA@A@@AA@@AA@@@A@A@C@C@@@A@A@AB@@A@A@A@@AA@ACCAA@CAA@AA@AAA@@AAA@@AAA@@@AAAC@AACAC@AAC@@@A@@@A@@@ABAAA@A@@@AAA@A@@@AA@@@@@AA@@@@A@@CA@@AA@@@@BA@@@A@@A@@@C@@@@BADA@@BA@AB@@A@A@AAA@@AAB@@@BA@A@@@A@@@@BABAB@@ABC@A@A@@@ABADA@@B@B@@@@C@A@A@@@A@@@A@AA@@@BA@@B@@@@ABA@C@@@ABA@CBA@@@A@A@@@ABABA@@@ABAB@BA@@BA@AAAB@@A@@@@B@B@@ABAB@@C@A@A@@BAB@@C@A@AB@@@@@BBF@@AB@BA@CD@@@@@B@@BBDBBB@BBB@@BB@BB@BB@@DD@@@BBBBB@B@@@BB@BBB@@B@@BBDDBBB@@@@B@@@@@B@@@B@@@B@@@B@@@D@@@@B@@B@@@@@B@@BB@BA@@B@@AB@@@@@@BB@@@@@B@@@B@@@D@@@BB@@@B@B@@@B@B@@@B@BBB@DBB@@@B@D@@B@AB@@@@@B@BABBB@B@@@B@@@@@B@@@@@B@@@B@@@B@@@@@B@@@@@BAB@B@@@B@@@B@@@B@@BB@@@@@@BA@@BA@ABA@ABAB@@@B@@@B@@A@@B@@A@@B@@@@@B@@@BA@@@AB@@A@@BAB@@@@ABABA@@BA@@B@@A@@BAB@@AB@@@@@BB@@@@BA@@@@@A@@B@@A@@B@@@@ABA@@BA@@B@@AB@@@@@BAB@@A@@@AB@@@B@@@BA@AB@BA@@@AB@@A@@B@@A@@B@@@@A@A@@@@@AB@@@@@@@@@@@@@B@@@B@B@@@B@@@B@B@@@@@@@B@@BB@@@B@@@B@@BB@BB@@@@@@B@@B@@@BB@@@B@@@B@D@B@@@BAB@@@@AB@@@@@BA@A@BBBDBBD@D@BBD@BBFBB@DBB@@@DBBB@AD@DA@@BADAD@@@BBDBDBBBBDBBBD@BAB@B@BB@DBBB@AB@BCBCB@B@B@DBD@B@BABABABCBAB@@@FD@@B@D@D@BBBB@B@BB@BB@@B@B@B@@ABABCDA@AB@@@@BAD@B@@BDDB@@BBB@B@D@BAB@@@@@@ABA@ABBBAD@BBB@@@BBBA@C@CB@BCDAB@BAB@DBFDBDBDBBBBDAD@DBB@@@B@B@B@@AB@BADC@@B@@@HBBB@@@BAB@@@B@@BDDBJF@DDFDNBD@BDB@BAB@BCBA@ABABA@@@C@A@CA@@ACCAAAC@AC@@AA@DAH@BAJ@F@@BBB@B@F@BBD@@DB@@BAB@BABABBD@BBD@D@DAD@B@BABADAD@BBDBBBBBDDB@B@DAD@B@BBDDBD@BDBBABCBA@C@CBCBE@EBC@@DBB@D@DBBBBBBBBBBD@BBBBBDBBBDBBB@JHJH@BAHAD@F@@BBFDFDDBB@BBBD@D@FB@@DBDDD@DBDDF@B@B@D@D@@BBBBBDDDFDFDDBDBDBFBDBDBFBD@BBBB@B@BBBB@B@@@D@BAB@@BBA@ABA@@BA@@DC@ABAB@D@B@BA@A@A@A@@B@B@@AD@B@B@BABCBCBAB@BAD@BA@@B@BA@@B@BAF@BA@BB@B@@@@@FG@AB@@@B@B@@A@@@A@A@@BA@ABAA@@AAA@@@@@AB@B@B@@@@A@A@@@ABA@@@C@ABA@@B@@@B@DGBC@ABC@A@@DABAB@BAB@@@BA@A@AA@@ABCB@@@@CBA@@@A@A@A@AB@@AAE@A@A@@@A@A@@BA@@B@@AB@BAB@FAB@BAB@B@B@B@@A@A@C@A@@B@B@B@@BBB@D@D@FAD@F@BBBDBD@D@B@D@B@FB@@@BDBFDDBBBDBBDBBBDBBDF@BDDBBDD@B@@BB@F@BBDBBDD@B@D@BAB@DAD@BBB@BD@B@DBB@@BDB@DB@BBBBD@B@DBDBD@DBDBDBDAB@@CDC@C@A@C@C@A@A@ABC@A@A@ABC@AB@BA"],"encodeOffsets":[[102379,26487]]}},{"type":"Feature","id":"532925","properties":{"name":"弥渡县","cp":[100.490669,25.342594],"childNum":1},"geometry":{"type":"Polygon","coordinates":["@@B@BADABADCDCFEDC@@DADABA@@BC@A@CAG@A@A@A@@@A@AEG@@BAB@F@NDRDH@DAFADCNKDCBC@C@@@@@C@@AAAACCOW@A@A@AB@@AB@DAB@BABA@@BA@@A@CEBABC@A@AB@AA@@@@A@@AA@A@A@@A@A@@@ADE@CDM@AB@BA@A@E@AB@B@@@BB@@B@F@B@@@@AAAECAA@@B@BABCDABA@@B@DDB@@@B@BA@@BAD@B@BA@@B@@@B@@@BBB@BA@EBALIBCBCAMBC@ABCBG@ABC@ABABAB@D@B@BABABADA@@B@B@@B@BDBB@@@B@@AAA@@@@@@@A@@B@@@B@@B@BBBBBB@F@HDBBD@B@D@B@B@B@@@@@B@B@BBB@FDB@B@@ABABABBBBBBDBBBDBDBB@B@BA@@BAB@B@BBB@B@B@@@BA@@@AAA@A@@@A@@@@B@B@FCB@BBFFB@B@B@B@@CAAAE@@@AB@BABA@C@A@A@A@@@A@ADCB@@@B@BBB@@@B@@A@@BABABABABAB@@A@@@A@@@A@@AA@@@AA@@ABCBABABA@AAAACAEAAA@A@A@CBA@AAAAACCGACAAAACCAAA@@A@C@@C@@@AA@@@AAE@ACE@A@@BABA@A@A@@@A@@@@@@ACAA@A@A@@DC@ABA@ABABAD@LEBA@AB@BCBCBABAD@@@B@BBDBBBFBDBDB@@B@B@BAFCDAB@B@D@DBNDBBB@DAB@BAB@@@@@BAB@@ABEBI@C@AACCA@A@A@@BABA@@BBBBDBBB@@B@@C@@@A@ABADA@A@@@A@@@C@@@A@A@@@A@C@A@@@AB@B@DA@@@B@BB@B@B@BABCBA@C@E@C@@BA@@@ABAAK@AB@BABA@@BBBBDBDBD@L@@@@B@BABCJ@B@BBD@DDBBBD@FBFFDBBBB@@@@A@ADG@C@AB@B@B@DBFBB@BADEBA@@D@BBBABADABAD@BABAB@B@DDFD@BB@@A@A@A@A@@AA@@@A@@BA@@@A@A@A@EAA@AAAAA@ABEDAB@@@BBBD@DBB@@B@DAFEFCBABA@@@AA@AAAAB@@@@AB@@@D@B@B@BA@AAA@AA@@C@C@ABAB@BADEBAFC@ADABA@A@AB@D@B@B@B@FAFABABA@CBC@ABAB@B@BAFA@A@AACAACECE@CAC@ABA@AB@BA@A@AACGGCGGIAEAACAA@ABA@@@AA@A@C@A@E@AAA@AAAA@AAAAAA@C@EDCBCBA@CAEBCBAFCBA@A@A@@@A@@@A@A@@AAA@AAAAA@@A@A@@BA@@@AAAAC@AAA@A@E@AAA@A@@@@@@AA@A@@BA@@BCDA@ABABABA@A@@BADAB@BA@@@@@ACC@A@A@@@AAA@@AA@AB@@ABABABC@A@A@A@ABCBA@AB@@AB@D@DA@@@A@ABABC@A@ACCEEAA@A@AA@C@C@AAC@ACA@AAC@E@A@CA@@AA@CBC@A@@@C@ADCDADAFCFAFABCFEBABCBAB@BA@ADCBC@C@C@ABAB@B@@AB@B@BA@A@ABACAC@AAA@CA@@C@A@CAA@CCCAA@CAA@A@AAAAAAAAAA@@CAA@C@AAE@C@CAA@AACAA@CAA@ACCCA@C@E@A@B@BCBA@C@A@@@A@@A@@@GAAA@@BCDC@AB@B@D@B@@@B@@A@A@CBADABAB@B@@A@CA@BA@@BADABA@@AGEQBCBEDCDABAD@F@LDB@@@FC@@D@@ABABE@CBAACACAE@@@AACBI@A@CBC@@@CBABCBC@CAA@ACCICAAAA@@@C@AACCAA@A@ABA@A@CCAA@A@IACAEEE@A@A@AB@BA@ABG@A@CAABA@AB@BA@ABA@A@C@A@A@A@A@A@A@C@A@ABA@ABCDABABA@AJBF@F@@CAA@@@AACB@@ABABABC@ABC@C@A@@C@IDABAAAAA@CAGAC@@@ACAE@@CAA@@A@EDGBCFEBE@CBC@A@CBA@C@AAA@@A@@@A@CD@BA@ABA@A@@@A@AAA@A@A@@@IBIBC@@BCB@BABABABEDA@AB@@EBA@CBCAA@CACAA@A@ABABAFADAFA@@BABAD@BABC@A@A@AACA@AA@A@ADABAFAD@@ABA@ABC@A@C@CBA@C@ABA@A@ABABA@A@@@BDB@@BDBBBBBBBBBBBBB@BBB@DB@BB@DDD@@@@@@DD@@BD@B@B@@ED@B@BADABAB@@C@EAA@@@ABAD@@ABA@A@AB@@@B@DB@AB@@AAC@EC@@AAA@A@A@ABC@ABCBA@CB@B@B@DBDBBFB@B@BC@AD@@@BA@@B@B@BBB@B@D@BBB@DBDB@@D@BB@BD@@BB@B@@AB@@EBADABCBABC@CBCBA@A@ACAAC@ABC@E@A@AA@@BCAAA@AAA@EBA@@@ECC@@@EFID@BBB@BBBADCFABCBKFABADABCDA@BB@@DBB@DB@F@BBDDB@BB@BBB@@@D@B@B@B@B@D@BBD@BBBB@@DB@BDAH@@@@CBAB@FBB@NAJAHBDBDBFJBBB@F@B@B@BHCFABA@G@C@ADCBABADCFAD@DAD@B@BB@@B@BBD@BADBD@DBDDDDD@B@DB@JFB@@B@DABABEDAB@BADABA@CAEAGEIEM@E@@DBJ@BGDABC@ABA@AB@BBBLNBBB@B@B@@@FD@@B@@@DBBAB@B@B@BBFBDBDDBB@BABABABC@A@C@EBE@C@AA@@AB@BDBDH@B@B@BBBBBBB@BABA@ADA@@BBBDB@B@DBBBB@B@DA@@BABBBDL@BBBAH@B@DA@GDABAB@B@B@B@@@@C@CBADAB@BBDFF@B@BABEBCBE@A@EG@AA@ABEDEBA@A@AAAACBA@ADCDCDABCBCBC@A@A@ECAAICAACAEECCE@EBEBA@@A@@BGA@@AA@ABCDA@C@A@ADCHEF@DEFIJADCBCDEBC@CAA@C@C@C@AB@@A@A@ABABA@@@A@@AA@ABADC@ABAB@B@B@@@B@B@@AB@@ABABAB@FABA@A@C@A@C@EFCBA@EDCBA@ABAA@@@A@CBA@C@@A@A@@@A@A@@@AB@J@@@DBB@BABABIHEDKFABABAB@DCBCFKJKJC@ABA@AAEACBABA@@BA@CB@BA@CDCBABAB@D@D@DADABADAF@DADADAF@DCDADCDAB@BABBD@DBD@BABABADCDADADAD@B@DBB@DBDABABAD@DBD@D@DBBBB@BADADADAF@BABDF@FA@@BA@@BABABCBAB@BBB@D@DABABABA@A@EBABABABADADABC@CAC@ABCB@BABABA@E@C@CB@BBD@B@BABADABCBA@@B@D@DADAFADADED@DADAF@D@DBD@BABABCFADADABBDBBDBBB@B@BADADA@@BBBBBBB@BADADCB@DAH@DCFAFCFCH@F@D@DBDBD@D@D@DADCBEDAFAB@DBBFDDBFB@D@DAB@BBBBBDBDDDDFFBDFABAB@DBB@D@B@DA@ABCAC@A@CBAB@D@F@FDF@F@H@F@D@BBBBBBBDBFBB@BBBDBDDBB@@FJDX@DBBB@BBB@BB@DCH@B@B@BBB@L@DBH@D@@@B@B@BBBBBDBDBB@@BBF@@BBB@@AB@@B@@@BAD@B@@BBBBBBBBBB@BBBBBFDBD@BBDDJDH@B@B@BBBBB@BA@@B@@@B@B@@@B@@"],"encodeOffsets":[[102836,26146]]}},{"type":"Feature","id":"532924","properties":{"name":"宾川县","cp":[100.578957,25.825904],"childNum":1},"geometry":{"type":"Polygon","coordinates":["@@@AD@BADA@AB@@@BB@@@@@@@@B@@BB@D@BADAF@F@D@DBDBBBDFBD@@JNDBJCRGFAD@DAD@@@@A@A@@BA@@@@@@@@@AAABAB@@AFAB@D@B@B@DB@BB@BABC@A@AAA@@@A@A@A@AAA@A@@@ABAB@@@@A@ABCBC@@@AAA@@@A@@DE@ABA@@B@@BD@D@HB@B@@@@BB@B@@D@B@B@D@B@DAB@DBB@B@HHB@B@BB@@BB@@BB@@D@D@PDNDD@BBFABAFCBCBABA@@B@B@B@@@B@BABA@@@@B@BDBDBD@@@@B@@F@BB@@@B@BAB@BAF@H@JAFAD@D@BB@BADAJ@@@BCDCFADAD@D@B@FAB@DCDAFAD@DAFADABAD@D@F@DAHAFAHAHAF@DBDDBBDBD@D@DCDAFCHCF@FBDHHDDHBDBDBDBDDDDFDBD@D@DAF@D@DFBHAFBBDDBB@D@F@AF@DBBDBDBLDDBFBDBDFBDAFJBB@HBFBHAFBJBDBBBJBDBFBDDBBDBDD@DDBBBD@D@BBD@B@DB@@BBBB@DBB@D@@BB@B@B@@@B@DAB@D@@@B@BB@B@BBD@DAF@B@DAD@FAD@B@B@B@B@DBBBB@BBFDDBFDDDBBDBB@DBD@BBBADBB@D@D@D@B@@ABADA@AD@DAB@BA@A@A@@EECE@@@A@A@A@A@A@ABABA@@BADAB@BA@@F@@@FAF@DAD@FCB@DABABADADCBCBCDCBA@ABABABAB@B@D@B@D@D@B@F@DBB@B@DAD@D@DAF@B@DBD@DBBBBBBB@BBD@BBBBBBB@BBBBB@A@@@@BABCDGBEBAFCBABA@E@CBCBE@CAE@C@E@E@@BC@A@CACAACEAAAC@C@ABC@A@C@C@EAAACAA@A@A@A@E@CBE@CAC@C@ABC@CAE@A@EAEAE@ABE@ABA@E@CBAB@F@D@DADAPGDABABA@@AE@C@A@A@@@AB@B@@AD@BC@A@A@A@CEEACACA@CAC@A@CACCC@CACACECCCIACCCEC@AAA@@@AAACE@EDMBAHKTQL@DAHBLFFBDAJOJOBADEBAFBF@DABAAAC@ACCECGCK@E@CBGBGAEEIAE@EAGCGKKGEIAKAKEKICC@CHEFAH@F@B@DABA@AACAAAA@ADABABA@@@A@ACACAAAAACEGGIIKEMCAAACAC@GAC@AA@AACACAC@A@A@AAA@@AA@@@A@@@A@A@AB@BC@A@AAEI@E@A@ABC@E@A@CCA@ECCEAGCAGA@ADIFKFIBQFGHCBA@A@@@CBC@AACAC@C@CBCDCBCBA@AA@AACCIECAAIAEBGBCBABCBCBCB@B@BFDBB@D@BBD@BBD@BDLBH@@@@@B@BBB@B@@ABA@ABC@C@GAC@AB@BAD@@@@@BCBEBABAB@BBB@DABADCBCBEBCBCDCDCLCFABABA@C@CAUIMIEAECC@EAABA@ABADEDEFADE@CBE@E@C@@@@@@A@A@A@AA@AC@C@CBA@A@ACCA@A@ECCEAC@A@@BA@@@A@@BCBA@@@@AAA@@A@@@AAACEEGEGAA@@@AB@@@@A@@@AA@BA@ADE@A@A@AAA@@A@@A@@BABABAFABABA@@CK@A@ADEBCBAB@BA@A@CBC@A@@A@A@AAA@EEAACAAAAAEMAEACCAA@C@GCCAAACCCEAA@A@AB@@AB@B@FBB@@@B@@C@A@@B@B@DBD@DAB@D@B@FBBBB@BBB@B@@ABA@@@@D@B@B@D@BBB@DBB@B@BAFA@A@@B@@A@@@C@@@@@@AC@@BC@A@AAA@@@AB@@AFEBA@A@ABG@A@@A@A@AB@AGGAA@@@@B@@@B@JDFDB@@@B@@A@@AC@A@@BA@A@E@IACAA@AB@@AB@B@BAB@@@@A@ABA@@DABABA@AB@@A@@@@A@CBCBA@A@EEAAAA@@A@CB@@A@@ACEA@CAAB@@ABA@GIIEAAAAA@@@@BABCDAD@@A@GG@A@AB@HEBCDCDEBABA@A@AB@@AB@B@DAD@BA@@@A@@@A@@@@D@B@B@@@@@@AAC@@@A@AFABA@A@A@A@@AA@@AA@@CBA@C@AACCIEGECCCA@@A@CA@@ACAA@A@@B@@ABABA@ABAB@@A@@AAA@A@@AAC@A@AA@A@A@@A@@@A@AB@@A@A@AAAA@AAA@A@A@AAA@@AAA@AA@AE@C@CBA@@@@B@@@B@BADI@A@AC@A@CAC@@AAACEAA@@ABCB@@C@A@C@@AAA@AB@BADABA@A@AAAAAC@A@AAAACCCAA@@@CAAAA@ABCBA@AAAAIM@AAAA@AA@EAAA@@@ABAD@@AA@@@@@G@ABA@@@A@ACACA@AACAAA@A@C@G@A@ABABCBAB@@CBA@ABA@EAAA@A@A@A@A@@BABAB@@@AAA@@@EDCBA@A@AAGAG@EBCBEBA@EAGGCCCAA@C@KFCFEHCFBBDDBDDDB@D@FAD@NDBB@BADGHGFEDC@A@C@ABAB@B@@ABADB@@DBBABCDEBEBA@@@ABA@E@C@CCIGCAA@ABCBELABCBIBEBE@GAA@A@A@@@@@@@@@@@@D@@@B@@A@@BA@AB@@A@IE@@@@AA@@@@@A@@BA@AAC@AA@AAAAA@A@A@C@CAGCA@EAECCCCAEAA@E@E@EB@@A@AAAAAAAA@@ABA@CBADCDADADGNCDCDAH@FADAFAFADADGHED@FAHEHCFCFA@@@CBCDADABA@CAC@C@A@CDAD@F@BABEBCB@D@B@D@BCFGJABCDAD@@@@@B@@@@@@B@@@B@D@@@@@@B@B@BAFEHAHCDABEBC@G@GAGAEACBCBADABCV@DCD@@EAEACBABCDAFAJ@@@BCDCBCBCDAD@BFF@B@BADCFCDKRCFC@C@CAAAGEAAC@ABAD@F@FAP@D@F@LADAF@D@H@FDLBBBBADA@AB@D@DBDBDBDABABCD@D@DBBBBDBJDD@FBF@B@JADCDADCB@DBFHBD@DCDEHAB@DCFC@ABA@A@A@@@@A@@@@A@A@A@A@AAA@GBEFCFADBH@F@FABCBKDEDGFADBH@FBFBDDBD@PFHDBF@L@F@DB@BBLFB@BF@BDBBBBB@D@F@D@B@DBF@DDDBD@B@D@D@D@FBF@DBDBDBB@B@D@@CDCDCBABAB@BAD@BBD@@BB@DBBDBDBF@FAFAF@FAFBD@DBD@BDB@BBBBBBBBFDB@@@FAFAD@F@D@DAD@F@DBD@FBDBD@FAFAB@DAB@D@DADADABCDADAF@DAFADAD@F@BABAD@BA@@HADCDAFAFAD@FAFAD@D@B@DDBBDBB@F@B@B@DBDDBDDBBDBBBDBBBBBF@D@FAH@@@D@D@DADBBBDDBDBHDFF@B@B@BBDDFB@@@BBBB@@BBABBF@B@@@@BDBB"],"encodeOffsets":[[102906,26639]]}},{"type":"Feature","id":"532926","properties":{"name":"南涧彝族自治县","cp":[100.518683,25.041279],"childNum":1},"geometry":{"type":"Polygon","coordinates":["@@FBBBB@BAD@LILIDEDA@CBABABALEFCJGBABA@AAA@C@@@IBA@@B@B@@@B@B@@@@DAB@D@B@@BBBAB@DAFCB@DAFED@B@D@B@B@BA@EBABABA@@BA@@@A@A@@@A@ABABAD@BCBAB@@BB@@@B@BABAB@B@@@BAD@D@D@B@DBD@FADCDABCJIFE@CFEDGBCB@D@B@DCBAB@@BB@AH@@@BB@FAFAF@DDFFDBBBJDBBFDB@B@D@DADABADCDCBCB@DABBBBB@B@FAFCBAB@@BFHB@F@DAFABA@A@AEEAC@ABABCDAD@@@@@@A@A@ABABAHCB@@C@ABGAA@ACKAABA@AB@@C@AAAAA@C@ACAAA@AB@BCB@BA@AAAAAAA@A@A@ACGCA@ABA@@BBD@F@FAD@B@D@BABABA@AAACCCAEAAAA@A@A@ABCA@@A@@@EC@@A@A@A@AAKMAA@ABAB@BAD@BAHC@AAI@CF@N@JFHFFBDBB@BABC@ABAFCBABA@C@AA@IEA@@C@ACCCCAC@CACBC@AAC@A@AA@@A@ABC@CBCDEBCBADABCD@H@B@BADEAGA@A@E@A@AAEICACAGAIBMBA@EAA@AB@D@@G@CB@ACA@@AAAAC@AAC@A@A@A@A@C@@@A@AAA@@ACAAC@A@ECAA@CA@@AAB@DCBABCBALEDABADEBCAA@AAA@AJCFE@@D@FD@@B@FAB@BBB@BBAD@@BBB@F@D@BAD@BBBDB@B@DADAD@BADABABCFA@@BA@@@AAA@@ACA@@A@CA@AC@CAA@A@C@AAA@A@A@AB@@A@@BCD@@A@AEAAAAC@C@A@ADAB@DABAD@BAB@B@B@BB@@FDD@BB@@BAA@@C@A@@BAB@B@BA@@BCBA@@B@FBD@@@BABABC@A@AFC@@@A@AAC@@CC@@@@@@CC@CAAA@@CAA@AAAAAAAAAAAAACA@AA@AC@@C@CBC@CBC@C@A@G@EC@@A@AD@@A@@@CE@ABABABE@CDEBC@AAAACAEACAC@CAC@CAA@C@ABE@E@A@@@CAC@G@C@A@KACAG@AAACCAA@A@CAAACCCACAACCA@AAA@@AA@MCKE_[KEAAAAAACACAAACAAC@@AAAA@AA@A@@BC@CDABC@ABCBABC@ABABA@A@A@A@AAC@CAC@CAA@A@C@A@A@A@@BABABADABABCBABA@A@A@CBA@A@ABA@@BAB@BAB@B@B@B@B@@BH@D@D@@@@A@A@C@A@A@A@A@A@AAA@@AA@@AC@CBC@ABEBCBCBA@A@C@E@A@@@AAA@EACAEAA@@AAECACAACAAA@AAAB@D@DCBIFGBEBAAEA@@ACCAGEEECECC@CCC@AACACCAAA@@A@EDA@AAE@CA@AC@AB@B@BAB@BCBI@C@CBCBCDCHEJAFA@ABC@CCA@AAGAAACBCBCDABABADAB@@GLAFAFAFCDA@C@A@CCECA@EA@@G@GBGFIHGJGBK@I@YCMCMEKCI@GAKCOCQAKEI@Q@OAQ@SAC@E@C@AAA@AAACAAMIGCIKGEKEIEAAA@ACAACAA@A@CBC@E@A@AAAA@AAABE@C@AAG@C@EAG@CAAAACC@C@CBE@CAECECACCEAEAE@E@EBIBGDABCAA@@BAB@F@DBH@H@JADCHCFAF@B@BAB@B@@BB@FBJBF@BB@@BB@@@BBBBDDBDD@BBB@B@B@@@DDDDDDBDBBBBB@B@B@@AD@D@BADBB@B@@BB@DD@B@B@DAF@D@@@D@B@DBFBD@B@FBB@BBD@BBD@BFBDBDBBBBBBD@BBD@B@D@D@@@BDDBDBDBB@BBB@BBD@D@@@B@D@B@D@D@B@B@B@F@D@B@B@BAB@FAB@B@BBDDDBBBB@D@BAD@BBBJFDDFFFDDBBD@DBDBBBBBD@B@BBD@BB@BBBBBD@@@D@BABBBBB@B@@AFB@BB@BBD@BABED@B@BBBDB@BBBBD@BADAD@B@DBBDBB@B@BDDDBBBD@DBDBBBBDBD@BDBD@BBBABABAB@D@F@H@BDDDBDD@BBD@FBDBD@BB@D@F@F@DADAD@F@@BB@DBBBBBBBFBB@DDB@B@DBFBB@BB@F@D@D@BA@@B@D@BBB@BAB@BB@D@DBDBFBD@DDDBDBFD@@@B@@@B@@JN@B@B@BABA@@B@@A@@@BDB@@@@@B@DA@@@@@@@DBB@BA@CB@@@@A@@B@@AD@B@B@BDB@@@DABAB@B@BBDB@D@FD@B@B@H@@@BB@B@@@@@@A@@@@@A@@BA@@BBBBBBBF@D@@B@FB@@B@@ADG@@@A@ABAA@AE@@B@@@@@DB@B@@BA@@@C@@@@@@@A@@B@@B@@@B@@BB@@BAB@@AB@@@D@@@@@DBB@DA@@@@BB@@@@AB@D@BA@@@ABA@AD@@A@ABA@@B@@@@@@@@B@@@B@BBB@BB@B@@@B@@@BD@@@BB@BA@@B@BAB@@AB@B@D@BAD@@@B@@BADABAB@B@B@B@B@@@@@@BC@ABAB@@@@@B@@BBBB@@@B@DAB@@A@AB@@@@@@@B@@FBDDBBFD@@B@B@DB@@D@B@D@B@@BB@DBB@B@@@B@@BB@@D@BBBB@@B@@@BA@CD@@A@@@BBB@DD@B@@@BBBBD@@AB@@AB@@DD@BB@@@B@B@BABA@A@@@@@ABBD@B@B@B@B@@@B@B@DDB@B@F@D@BAB@D@B@DAB@@@@@@A@A@@@A@@@@BADABA@@DBB@B@BA@@BADABAFA@@B@@BBB@@B@B@@@B@B@@A@A@AB@B@B@B@BC@AB@@@B@AB@B@B@B@F@D@D@@@B@B@BDBDBJFFBB@BBBB@BFLBD@B@B@@CBC@@BAB@D@B@@CB@@AB@@AB@F@BA@@@A@A@A@ABABAF@B@BBF@@BB@BAB@BABA@A@AB@@ABB@@BD@B@B@B@B@BFBH@F@BBBD@D@D@D@BB@@@BAB@BA@BB@@NJDBBFBF@DBBDBDDBD@BBD"],"encodeOffsets":[[102836,25769]]}},{"type":"Feature","id":"532923","properties":{"name":"祥云县","cp":[100.554025,25.477072],"childNum":1},"geometry":{"type":"Polygon","coordinates":["@@DE@A@CBCBADA@@HG@@F@DAJAFBBBBA@AAABC@CB@@@F@F@D@D@BABCBCDQBABCRQFG@@FEFEBC@AGIACAAAACACAAAACCKAC@AB@B@DBBBF@HDHBB@D@DBDBB@B@B@DA@AB@D@FBDBB@DABE@AAIAGKKEGECGECCACAA@ACACAA@CACAAAA@AAACACEECC@ABAHEBABCBK@CFAHCLCDABC@A@@AA@AAC@GAC@ACCACAA@@AA@AA@@AB@B@D@D@DBB@DBB@DB@@BBDBB@F@D@FCFAHCBAD@BBD@B@@@B@@A@A@@BABAB@@A@C@CBCBABI@AAC@@EC@AA@@ABCFEBABC@A@CBAAAA@@ABC@AAA@@AA@@@ABABA@A@C@E@A@AB@BE@EAE@A@@@AHGDCBA@A@QAAA@AA@@@A@G@ABAB@BA@C@EAAA@A@C@CAAA@@C@A@A@CBABABABABA@A@A@A@C@C@AAA@C@E@G@A@CA@@KC@@AA@A@C@A@A@A@A@A@CAA@A@C@EAA@@A@AA@@AA@A@@@AAAAA@@@A@CAA@A@@@C@@AC@A@ABCDCBA@@BABABC@A@AAACCA@@AAC@AA@AA@@@A@@BA@@@AAE@@@AAAAA@CBA@C@A@@AA@ABCBADC@@@@AC@@AAC@IDA@AA@@@A@@DAB@BABA@C@@@AAAAAA@BAB@F@DABABEBA@@HE@AFG@A@@@AA@A@A@ACCE@C@C@G@AAA@ABAB@@@DAD@BAD@HEBA@AAAAAB@BAD@D@@@DABEDCB@HAB@B@@@@AA@AA@A@C@CBCBCBA@AD@FAFBB@B@BAD@BAB@@AB@@BBBBB@@B@@@BABA@A@C@@AAA@@AA@@AB@@@B@B@BBBDB@B@B@@B@@@@@BABCDCB@@AB@@@@@@D@@@BAD@F@BBD@D@BBB@B@BA@@@A@C@ABABADAB@B@@@D@@@BGB@B@@@FD@BD@BADA@C@A@CCKCIAA@AB@LEB@DBB@B@@@BA@@@AAAIGGAAAAAECCC@A@@@ABADAHGBAB@B@B@@@BA@A@@BC@@@@BABBB@@AB@@A@@@A@@AA@BA@ABA@@@@AEICCA@@@A@E@A@C@E@G@C@GECAAAA@A@CFCBA@E@CACAC@@A@@@@@A@@@AA@GEAA@ABCDC@A@A@@@@GCEAA@ABCBCBA@C@CAC@ACCC@@@@AC@A@ABCDCDABEBE@ECEGCGAE@A@AC@CDCBGHIFEDEDCHGFEDABABA@AB@@ABA@C@@@AA@@@A@@A@E@ABA@A@AA@AACAAA@A@@@C@AA@@@C@A@CBC@AA@@A@A@AACA@@A@@@@B@BA@A@A@@@CBC@C@@B@B@BBB@@B@B@@@AB@BAAA@CCAAA@@@@DADA@C@C@CBA@CBA@@@@@AEAAEG@@@A@ABA@A@CAACACAI@IDE@C@CAICEAC@@@@@CB@BCDCBABABKFGFCBKAK@K@IFC@@@KHEBC@C@EBA@CDADADA@GBCBCBEFABCD@@AAECCAEAAAAABABCDMBGBC@C@A@@BABAB@B@BBDBBABA@@AI@CBCAIAEAAE@E@CAECAA@A@@@@BAB@BABAB@@CACCCCC@A@ABABA@ABAB@B@BA@ACKAC@ABAB@@ACGAAA@@@@A@@AB@@@@A@@B@@A@@@A@@BA@@@A@@@A@@@A@@@@@AA@@A@@@A@@@@DADAB@@@@CDA@CBC@A@A@KCAAA@EBEBCBA@C@@@EBABA@A@AB@BAD@DABABEBEBA@A@A@C@A@@B@BABCB@BEDABCFABA@AB@B@D@DB@@BBB@BABA@A@C@@@A@@B@@A@BBBBB@@B@@ABABEDEFCBA@@@AA@CACAA@@A@CBAF@BBBBB@BBB@F@B@B@B@@AB@@@B@@BB@@@B@B@B@BA@@AECCCA@A@ABABC@ABCBABABAAC@@@ABCFABA@EACAA@A@A@@B@DCH@B@B@@A@AACAEEEAC@AACA@CAC@A@ADIBA@A@A@@K@C@CACAAAAA@@ABABA@@BBLAB@B@@AB@@@D@F@DABADABA@A@A@@A@A@@CBA@A@@B@@@B@D@B@@@B@B@@@D@@@B@@@BCBAB@B@B@@@DA@@@AACAAAAA@@ABAB@@@B@BDBBD@B@DAJAF@BA@AB@@@@A@ABA@CBA@AAMCCAC@A@A@CBEDABA@A@@@CACAEAAACAAAA@@@C@ABABADADA@@BABKFC@ABAB@BAB@BCD@@@B@BBBBD@@@@@@@B@@@B@BABAB@@@BDF@BBF@B@@BB@@D@@@@D@BB@BBDDBBBBBDDHBDBBBBB@DAB@B@B@BBBFBDBB@BABABABAD@BB@@B@@BB@@@B@@@B@@@BA@ABABABABAB@@@BA@@@A@AAA@@@A@CD@B@B@@@B@B@B@DABABA@@B@@BFBB@DA@A@A@A@EEAAA@EDA@A@@@@@@B@@@BBB@B@@AB@@A@A@A@AAA@A@AB@@ABA@A@CACAAACAAAAAAAABAB@BA@A@ECA@AAA@A@@@@@A@A@A@C@A@C@AAGCE@A@AAAA@A@AA@@@A@@@@B@@@@@@BB@BA@@@A@CA@A@AA@A@@@CBABABABA@C@A@ABAB@BAD@BAHAD@BADBNADADKJAB@FABA@AA@@A@@@A@@@ABA@C@AB@@ABA@@@A@CCA@@@ABCBADABA@@@BBFDBB@B@@A@E@A@@@AA@@A@A@@B@F@BABA@@BCN@DCF@B@@@B@BB@B@B@@BB@@@@@BBA@@B@BADABDFB@@@AB@@ABABA@CBA@@BA@@B@B@BPXDDBBBB@@@D@@@@@DADCDMLCDEBCBG@QCMCE@A@AB@@FH@B@B@@@B@B@BBH@D@BAD@@ABCBCB@@CDEFCDCDABCBABA@FDBDBDB@BBBBBFBDBBDD@D@B@@@@CF@@ABABC@ABA@AB@BAF@@@DADAB@BABGF@@@@GHEDAD@BBBFHBBFAFAFAB@DBBBHBBCDCBCDAB@BA@@BBBBBBBBB@@@FAF@F@B@FBDBDDFDFBB@HDDBD@B@B@B@BBBBB@@BBD@BAB@@@B@@@@BB@@@@JFB@@@BAB@@AB@@@@A@@@C@@@@@@@@@@B@B@B@HBF@FAJADABAFKDABAB@DBJHDDD@F@B@BA@@B@FAFADCBAAA@CA@BCBA@@@ABABAD@B@D@FCHEHGBC@AAAMCC@EBC@A@CCACCCAADEFGDELED@B@DBDDHHFBB@FADAFAH@HBBBB@B@DAFC@@B@BB@@A@ABAB@@@B@B@B@BBBFBB@BAB@DA@@BADABABAB@H@D@B@B@BBBD@BDBDB@B@B@@AB@B@H@@@@BB@@BCBA@@B@BB@FBBB@BB@BJNBBBBB@DABAB@BBDB@@B@DBDDBBBBB@D@BBBB@B@BABCBABA@@BBB@BD@B@D@@@DABA@@BBDFBB@BD@DBB@D@@B@BCJABA@@@A@@@@@AB@D@DBFB@@BBB@BB@BBB@B@B@BBB@BB@B@B@BA@@B@B@@@BB@B@B@@B@BBD@BB@B@BB@@@BA@AB@BABAB@BA@@@@BBBBD@@DBB@@@DBDDHFJFDDBBD@B@DA@@BB@@BB@@@B@B@BABEB@B@B@@BD@B@@@@A@A@C@@@@@@B@@@B@@ABC@CBA@A@@BA@@B@BABABCFCDADGFA@@B@BHHB@@@BCDCBA@A@@B@BBBBJFHJB@BA@@BADBB@DF@BB@@@DAB@@@BBBBFFB@B@DADAB@@@@@@BA@@BABABCB@@AB@B@B@@A@ABA@A@@BA@@BBBBD@J@F@BAB@@@BBD@@@BA@@@A@ECICA@@@A@@@@@BBHH@BBAB@B@@@@BAH@B@BABEF@BA@@B@@BB@B@BAD@@BD@@@@@@@D@@@BA@@@@BEBABA@A@CAA@AAC@A@A@C@@@@@AB@BA@A@AAA@AAEAA@C@A@CBC@CAA@A@@@@B@DA@@@A@EAA@A@@BA@@B@BBBDFDDBBDBHDD@B@DBBDBFFNBBBBDBBBFFB@BBB@B@@@@BAD@D@BABA@ABADCF@B@BDL@@ABABEBABABAB@@@BB@@@BB@B@B@BCF@BABB@@B@@@B@@A@@B@@BBFHFHDFBB@B@@@BB@BB@@@@ABAD@@@B@@AB@@@BBDDFFDB@B@DD@B@BAB@D@DBDB@@B@B@B@B@@@@D@F@F@DAF@BCFEFCBCBAB@BAFBD@FDFBNJVJDBD@B@BABADEDKDCDCDAFADADABCBA@CAA@ABABAFADA@A@@@@BC@ABAD@HBD@D@BAB@BA@@@AAA@A@A@@@@AGCK@AAC@AAC@A@CAAEC@A@ADADADABADAHAFAJBBBFDDJBD@BBBB@DADADCDAD@D@DBBBD@DA@@B@B@DAHGREJALEJEBCB@BHHDFBDD@FDB@D@B@FAD@B@B@FFJBBB@D@@ABAB@B@@@B@"],"encodeOffsets":[[103311,26443]]}},{"type":"Feature","id":"532930","properties":{"name":"洱源县","cp":[99.951708,26.111184],"childNum":2},"geometry":{"type":"MultiPolygon","coordinates":[["@@BA@AB@BAD@B@B@DAB@B@B@BBDBB@D@D@BABCBCD@D@ZLHBB@DA@A@C@A@A@C@C@C@C@AACAEAC@AACACAEAAAC@A@A@A@A@A@AB@@@DADCBCBABCBGACAAAC@A@AA@BABABAD@DA@@@A@CAA@A@A@A@CBADA@AB@BA@A@ACGCGECCA@@ACAA@@@G@IECEAAC@EBABCBAJGBCBE@SDIBC@AACKCAA@GAADEBADADADCBC@U@EBC@ABAH@DADABC@ACS@AA@CBEBA@CCCA@A@ADABACK@A@@B@BABA@A@KAGAEGECE@CBADK@KEW@ABABAFE@A@E@C@CBODQDE@AB@@@@@DBHDDBD@B@TENEFAFADAF@HBFBHDB@@@B@BCDABCLIDEBCH@JARAFABCDCBCBEAY@A@@AAAAEKCEEEGECEAO@KEBGDC@EAQEG@AACAAGG]CC@CBAFC@A@AACAAAG@AQIACAABA@AFEBCB@BBB@JFB@B@@@BABA@A@OCGEEIEMEUEKAIAKCECEAAE@A@C@GBG@A@@BE@A@EBCA@ACE@U@MAC@@A@ABCDCBA@A@A@AACCAI@G@I@OAWO@@CCAE@C@E@C@CAEA@AAEAE@GDEDCBIBEAIAECEECEEECCAC@C@E@GHO@ECGGQAEACACCAEASGECABA@@BAD@B@B@BAD@B@B@B@D@D@B@DCD@DA@CBCACACAC@CACAA@C@AAAAA@@CCA@AA@CAA@C@@AAA@ABC@CBA@A@C@ACCAAAC@A@EAA@@@ACCAACC@ACEAAACAAACCAAACAECCA@A@@EAA@C@A@C@C@CAAA@A@EBC@E@C@CAA@AA@A@A@@@@B@D@B@BA@A@A@A@ABA@EBA@ABA@@BA@@@AB@@@B@B@@@B@BBF@BA@@B@B@B@B@@AB@D@@A@AD@BB@@B@BAB@@A@ABA@ABCB@@@BAD@BADCHA@@@A@@@AB@B@D@@AB@B@@@B@B@@A@A@A@@B@@@@BB@BB@AB@BAB@@@B@B@@@BA@A@@@A@@BEH@@@@A@A@@AABE@ABA@@@ABA@@@ABC@ABA@ABADADABA@A@C@@BA@A@@@@B@B@BABA@C@A@AB@BCD@@AB@@AB@BAB@AA@ABC@@@A@A@AA@A@AAAAAC@EACACAEACACACAECECCCACAAAA@@@C@C@A@ACEAC@CCCAC@CA@@E@CACAAA@CAECECAA@@@EBCBG@AIGIGA@AAACAAACAAAAC@AAAAAAAAAA@C@CAA@CA@A@CBCBE@A@@BABCHAB@@A@A@A@AAAA@AA@ECECCAGGAAC@CBEDGDEDA@C@@A@A@ABE@C@AAAAAA@@@CBA@IBC@C@AAAAAKCCAACAABA@ADAD@BBBDDDDBB@DAB@@ABA@@BCBC@ELCFCDABA@@@AB@@@BA@BB@BA@A@@@KICA@@A@ABCDCBABABABEDA@EAA@E@ABA@ABA@AD@F@@ABCBABC@ABA@ABAF@DCDAF@DAB@B@@DDBBBB@BD@DBB@BDBD@DGPAF@DBDBDBBBD@FC@C@CBAB@@@BBDBDHHBDBDABABCAEAGCCACBCDAF@B@BABA@ABC@ABADCBCBABCBCBABABAD@D@BCDADCDAFCBABCBA@ABAB@DAB@BABAB@D@DABABC@C@ABAB@DADADAFADADADADCDABADADADAD@DCD@F@D@D@B@DAD@B@D@D@B@DBD@B@D@BAD@BAD@FAF@F@BABADA@ABA@AB@@A@@D@BADABCBABA@@B@@@BBBBBADAFAF@B@BABBDBBDB@BBB@D@FAF@F@FBD@B@BB@FBF@FBB@DBBBBBDFFLDDBDBBBBBBB@@BB@@D@F@DBB@BFFDDDFDDBBJLNRFPAHAHBNAJB@DFBDBBBD@@BB@BAD@BAD@BBB@@BBD@D@BB@@@B@BABADAD@BAD@BBB@BBBBDBD@D@BADCDADADAB@B@B@FBD@BBFBF@BBDBBBBB@@BD@DAFADADCBCDABCBAHCFAFBFBFBJBB@N@F@F@D@FBLFDBD@D@HIB@D@B@@@BBBBDBD@BBBBBBDBB@F@D@B@D@DADBJBFBB@DBB@DBB@DBB@B@BABCBADAB@DBFBNLHDHBDHFDJ@B@BA@@NAHGLMHGHAB@BAD@DAFCJAD@BAAA@A@A@ABALCDCDAHCF@D@B@@B@F@F@DFL@@BBD@B@BAD@B@@@BBARCD@@@DAB@D@BBBBDB@JDB@DBB@BDDJ@BFDD@HADAFBFBD@DADCB@B@DDBBFBD@H@JABBBBDD@BD@D@D@BBHBD@DBD@BBDB@B@B@B@\\ADBBBBB@HBHDBBF@J@B@B@DBBDDH@@@@B@BHBHDJ@FBD@B@BCDCDCDABABAD@D@D@DAD@B@@@FDFDDNJ@@@BBD@D@@JJFDHBL@RJFBDABABGDEBA@AB@B@BBB@DBDBNNLDFDDHFDLFBB@D@D@FAD@B@@B@BD@BBD@B@BAB@BBBB@B@D@DBFFDDBB@D@D@@BBBDDDNHHHFFDBB@B@DBFDFBBDBB"],["@@BB@@BDD@BBDBBD@@DBB@D@@@B@BABAB@DA@ABA@ACA@AACCMCE@CIECAAC@@@A@@BA@A@@AAGA@@A@@@CDABA@@BA@A@A@@@A@CAC@CBAAAAACACECCAA@ABA@CBADA@@D@DAB@BAB@B@B@B@BABBB@FBJBBDBDDF@DBD@B@DD@B@@BBB@FBF@D@D@B@@@BABA@ABA@A@@"]],"encodeOffsets":[[[102456,27063]],[[102149,26364]]]}},{"type":"Feature","id":"532927","properties":{"name":"巍山彝族回族自治县","cp":[100.30793,25.230909],"childNum":1},"geometry":{"type":"Polygon","coordinates":["@@@N@J@DDFDF@D@BABEDEB@BADABABA@C@EAC@C@C@C@C@AB@D@DAF@BABABABG@G@C@CBA@@@CAAA@@C@C@CA@@ACAAA@ABCBA@ABCAAAAAC@ABA@CBADABC@A@EAC@ABA@C@CAA@C@C@EDEFABC@E@C@CBCAA@CAACAC@@ACAAEGCCA@A@EBA@A@A@A@C@CBC@C@A@@@AAAAACCCCAAA@AAC@IAEAG@EAA@CCC@@CAE@AAEAIAE@C@GDEBC@GDCBABAFCH@DAFCFAJ@D@DAHBF@FBD@F@FABAD@DAB@D@DAJCP@D@@ABABE@C@CBABCBABCDILAB@@AB@BF@BD@@PBH@D@D@D@DBHDFFDBBDBBBBD@DDF@DBB@B@@@@@BBB@@@@@B@@@B@@@DBBBBD@B@D@BABABABAD@B@D@BAD@B@DABABABC@CBCDCBADAB@DABBD@BDDDBBDFDDD@B@BABABC@CBCBCBCDCBEDA@A@@@CAEACAA@EBIDE@E@C@EASIGGAB@BBN@DABABAB@DBFADADGDCBABAB@F@NAFKJAFAF@BABABE@GBGDIFADAF@D@D@H@HCBBBCFEFCBEDE@AB@@@DDFBDBB@D@DAD@FAD@BAD@B@DDDBB@B@D@D@@BF@DBDBBDDBB@DBBDFBFBDBFBDBDBF@@BFBBBBF@DBD@BBBBDBDBB@B@B@H@@ABBDB@B@BAB@@BBDBBBD@DBDBB@BBD@BBBBB@@@B@BBDBBBBBBBDDBB@DBDDF@BB@BB@BDBBD@B@@BB@B@BDDBBBBBDBB@@AB@D@@ABBD@D@F@@DDBB@B@B@D@D@DADEBA@AD@B@@@BBBB@DB@@B@@B@@@BABA@ABCAA@A@A@ABAD@B@BDBDDBBB@BB@B@@B@@@B@BBDB@B@B@D@BAB@BA@AD@BCBABABCBABA@ADABABA@BBDBB@BDBBBD@B@B@B@B@BAB@BA@A@CBA@@@CBAB@BBBBDBBBBBBBBBBFFBBDDBBBDDD@B@D@B@@AB@DCBADAB@B@BABCBA@CDC@A@A@E@@@@AAA@@ABAAECCAAAC@A@E@CBC@@BAB@B@BBBFDBBDDBBBFBB@BADABA@ABEFA@@DADBBBBDBDBD@D@BBBB@@@D@BBD@DBD@D@B@@@B@D@F@FADADADCFABAB@D@F@D@BABBBBD@FBB@BBBBBBFBB@B@B@B@BBBBBBB@@BBBB@@@B@BBB@BBBBB@B@BBD@@BDBBBBB@BBB@BBBBDBB@BBBBB@B@@@B@@@BB@@@@BB@@@BB@D@@@DBFBD@F@JCDADCBEA@@@@C@CCCEEAA@CCAACACBA@CBCBA@C@A@CAC@ABCBADEBCBAJCDAR@VAL@DEFIBEBG@ABABAB@@@HCJ@FDLHDB@HCHEHAFFDCPABBD@DAD@BAB@DBD@D@D@BABA@@BDBBD@@B@DBD@D@B@FBHDLLBBD@B@B@@A@ABCDAHAFBDB@@B@@@@@B@B@@@@@B@@@@@BB@@@@@@B@@@@@B@@@@@@@B@@@@B@@@@B@B@B@@@B@@@B@@@B@B@B@@@@@BAB@@@@@@A@@@@@A@@@@@A@@@@@@BA@@@@B@DBDBHBFAD@DADCBCD@DBFBDDB@B@FBBBBDBDBF@D@B@BBBDBD@DADABADCB@BA@@DAD@DBB@BA@@B@@@BABA@@@@@@@@B@DAB@DADA@@FEDEFEDE@@BA@ADABEDCBCBABCBA@ABCDADADADABADCDADAFBDBBBDBFDDDBBDFDDBDBDDDDBBBB@B@B@D@@A@A@@B@B@@@@A@@@ABA@@D@BCDCBAB@D@D@D@DAFABAFBD@BBD@DABA@A@C@CAEBCBEBABABA@ACAAA@ABABCDCBC@ABAD@B@B@DA@ACE@A@ADAF@D@BADC@CDCBAD@FDDBB@B@BA@C@A@E@C@CAAAAC@AA@A@CBCAC@AAA@@ACEECCCCCAAAAA@ABA@C@CEACAECAA@CBABEFCDABC@C@C@CACAC@C@C@EDGDEBEDE@CBG@CDABCBC@AAAAAAA@AB@BCBC@A@AAACAAAACBABCBCDEBABA@AAC@C@CBEBC@CFCBCBCBEBC@C@C@AB@DABABCBA@A@AAC@ADAD@F@B@BABA@ADABAD@DBD@BABCBCBABABAFAB@B@BABABA@C@CAA@ABADABABA@AB@@AB@@ECEBA@ABEBCBCBC@AAAAA@C@CAC@CBCBABAAC@CAA@C@ABCBCBCDCBCBABA@AAC@CACBA@ABADCBCDC@CBEBCBC@CBEBCBABC@C@C@CBABADADCB@@ADAB@@AB@BADAAC@AACCCCAAA@CAEAECAMI@@AAB@@ABA@A@@AAC@C@C@C@AA@A@EAGAEA@A@A@A@C@@AA@BA@@BAB@B@BA@ABA@AAA@@AE@A@ABEBABAB@B@B@@@B@@A@EBA@@BA@@DA@@@A@CBA@AD@DA@@@A@AACEK@AAAAAA@EAIECACA@A@A@A@@@C@C@E@A@A@ABAA@@@A@@BADA@A@A@A@@B@B@BA@A@@@A@A@@@AA@AA@@@EBABCBAB@@ABA@A@CA@@ABCBAB@@@@@B@@@B@B@@@@A@CBA@C@A@ABC@E@A@A@CCA@A@@@A@A@A@A@C@AA@B@@@@@BABABA@A@@@A@@ACC@@BA@@BA@@ACAA@A@@@ACCA@AA@@B@@@DCB@@A@@@AA@AA@A@CA@@AA@@@A@A@CAA@@AA@C@A@C@@@CAA@A@@@ECAACCEA@@@A@@@@@@BAB@@@BA@C@A@@AAAA@@@A@@@@BABAD@@A@@@@A@A@A@A@A@ABCBAB@@@A@@BC@A@C@ABA@@BA@A@AB@@AAA@@C@@A@@@A@@@AAAA@AAA@@@A@@@@@@@@@@AB@BAB@@@BCB@BA@@B@@A@CBA@@@@AA@@@@CBA@CA@@@@C@@@A@@BA@AB@@AA@@@A@@@AA@@@@B@@@@@@@D@@AB@@@ACA@@@@A@@@BFB@AB@B@B@@CH@BA@@@EAA@@@@CAEAAAAAA@@AB@@@B@@@@@B@@@@A@A@@A@@@G@A@AECC@A@AC@A@ABABA@C@@CA@A@A@ABC@@@AB@@@@@DAB@@AAA@C@@@@@@CBA@@@@@A@AC@@B@@@@AB@BA@A@A@AIM@@@A@@@A@@ECCACACCC@EACACAC@A@@ABA@AAA@A@C@AB@@A@C@C@EAAA@EACAA@A@CCA@EAAAAAAACAA@@AE@C@CBCBE@E@C@A@"],"encodeOffsets":[[102613,25542]]}},{"type":"Feature","id":"532932","properties":{"name":"鹤庆县","cp":[100.173375,26.55839],"childNum":1},"geometry":{"type":"Polygon","coordinates":["@@FCDC@CBABA@CBA@CAC@ABA@@DABABCB@BC@AB@D@D@F@F@D@DAD@BA@ABA@CACAA@A@A@ABAB@BBD@BBDBBBDBB@B@BABC@@D@J@F@@@@BDBBB@BB@BBD@D@B@BBBB@@BB@BB@DBD@DBBBDD@BJRJLDFHLFLFHFFHNBFBFDF@DBDBBDDDB@DBD@DBBBBDBD@D@BBBBDBBD@BB@@BB@@@D@DCDADABCD@D@D@DBDBDBBBB@DBFDFBB@BB@@B@@ABC@A@C@ABEAAEAACAAAA@AAA@CBCBCBI@EBCAC@ACC@CAA@CBA@ABABABA@C@A@C@C@@@ADAD@F@JFHBF@HAD@D@DBHJD@F@XBFFD@@ABA@KAS@A@CDADADCBAB@HED@HBD@B@DAB@@@D@BBB@BBBBB@B@B@D@BAFADA@AD@H@DBB@BA@AACACCCA@@A@AAI@@@ECE@A@A@C@@@ABAFAHCH@BDBBDNBHFFDBD@FIBCBEGK@C@AB@B@D@FCBCAC@AIICIGG@EBEBCBCD@LBB@DBDBD@F@LAHAD@HAHAF@FA@@@C@E@C@ABC@ABCBADABCAA@C@A@C@ADABADADAN@\\D@@JBB@D@HAD@DCBA@C@CAI@AACOUAE@ABADAD@FAJCBABABABCBABADAD@DCB@BA@A@A@A@A@ABA@AAA@AC@G@E@GBC@A@AAAAC@EBC@CBCBE@CAC@CCECCE@CA@BABADABA@EBEACAC@AAABCBEBCBADCDAD@DABCBEBAACACAEAA@ABGB@DGBEBCBADADBD@DBBBDBBDFDBBBBF@DBB@D@DABABCBAAA@ABA@ABAB@D@DAD@B@DADADADABAFMCU@AA@@AA@A@EBE@IBA@E@EAE@E@CBE@CBEBEBC@AAAAACCECI@A@C@E@C@E@CAEACECAAECEACC@AAA@C@CBABA@ABAB@DAB@DBDDDBBDD@B@DC@AACCACAACAACCCACA@A@A@CACAACECCEEAA@E@CB@BABABEAAAAAAA@CBA@ACA@AAA@ABA@ABADA@ABCAC@EAEACCCCCCCGCEAC@C@A@ABAB@B@B@DBB@D@BADCDCDEBCBCAG@E@C@EBEBGBEDGDGBA@C@E@C@EBCDC@CDCBCDCFCFCDABABC@C@C@CA@CCA@AAAABA@CB@@ABAFCDCB@H@@@DA@C@Co]KICGAMHMLQBCBA@C@CAA@CAA@C@A@AB@HCBAFEDCHCHCJ@DAF@D@DBDBFBDBBBBBFBDBD@FAFAFCBAHOJMBCBC@A@ACECCA@GBE@CAAA@C@ABCFIBC@C@@@AAACCAEAC@C@@@A@C@C@C@CBCDCBCDABAB@BA@@AC@A@C@C@ABCAE@CACAC@C@EBE@CBCBCDCDCBA@A@CBC@C@A@A@CBAB@AAAC@@@@@AAEBAAA@@AAAA@@A@CEAC@A@A@AEEGCCACAACAABC@C@C@C@@BG@E@CAEAAAAACAAACCAACCCCAA@A@E@A@CAAACCA@C@C@EBEBC@EBEBCBCDGB@@ABC@ABABE@C@CBEBCBE@CBCBADCBCBCBC@A@CBA@EBEBC@CAEAC@CAE@C@CBC@E@C@EBEB@@ABADABAD@DADADAFAFADAFABAHCJAHCNAFADBDBDBHIFIHC@OFG@I@GCGCGCMEGEAA@@AAA@AAC@EBE@G@IAG@I@G@KAGAEAG@MCGAE@EAK@G@E@CB@B@B@@@D@BBDBB@F@FBD@D@BAB@BA@AAMJEHCL@JGDBBAB@BCBCDCDED@BABB@@B@@@LBPDFHFFFDFFLBBBB@@@BBZAFADCDADEBQBIBG@ADCFKJADCBADA@@@A@GCEAGAE@CBEBEBMFSFA@C@CAGCCA@@@@A@@BCFCRAP@D@D@F@BEFABAB@BFX@LCLAB@DDFHFBFBH@L@BABABA@@@@BDLABCB@B@BDBDDB@FADAB@@BDT@BADCBCBG@AB@BAD@F@VADCDCBCBABCFBB@HBBLDBD@BADCJ@TAFADIHABADAB@FBDFBFD@J@H@@BBBD@@DBFDDHDH@B@BABA@@BCBAB@D@B@B@BBB@D@B@@CBC@ABABABB@@B@BBDBBBDAHADABADCDCB@@A@@B@B@B@B@B@BBDBBBFBDBD@BBDBFBD@B@D@D@D@D@B@B@D@BCBA@GAYKC@C@ADADABC@C@A@CAAAA@A@A@CBA@A@C@ABA@@BABBB@D@F@B@D@DADABCF@B@BAD@B@BA@A@A@A@@@AB@@@BADABABCBCBA@GBA@AB@@DNFRBBBBDDJL@B@B@BADAB@B@BBBBBDBBBBBBBBDAB@DABA@@D@DBD@F@DAD@FADABCXAP@JBFFLDF@B@F@B@D@BBBBD@BBDABABCBMHA@AB@DBD@BBBB@@B@@@BCF@@D@@BF@HADBDB@B@@@J@F@F@B@B@DAD@DABAD@D@B@HBF@F@DBDBD@DBHDFB@D@B@B@B@FEDAHAPABBBA@@"],"encodeOffsets":[[102483,27278]]}},{"type":"Feature","id":"532931","properties":{"name":"剑川县","cp":[99.905887,26.530066],"childNum":1},"geometry":{"type":"Polygon","coordinates":["@@DE@A@@@AA@AA@AAC@CBAB@NGDABABAAC@AACAA@A@C@A@E@ACEEKAE@IBODWBABC@EBC@C@EAC@C@CB@BA@CBAACAAAAAACAAAAA@A@ABABC@A@A@AIKCCAAAAEQCM@@BAB@HAB@DADABABABC@A@@BA@@B@B@B@B@@A@ABC@A@ADEBABC@C@C@A@E@CAAAAACEAECCAA@A@CAEEGGMGCCACAA@@@C@CAACCEECAC@A@A@AA@ABA@A@AAC@AACA@@@@ABC@E@C@CAAKEECCGECKCMMCACAA@AAA@A@@BABCFAHABCBEAQIK@GAECII@@@CAC@A@@MICCCE@E@@@ABC@C@C@CBCBABADCDCDC@A@AAC@ECIAGAGA@@@@@CGACCAA@A@I@E@AAGCGAA@AAAABC@[@A@A@ACAAAC@CAC@GAAAC@C@C@@ACCAAAAIBG@C@EAAACCA@A@CDCBC@EAEACBGBC@EC@ACIACA@CAA@ICA@ACAA@A@CBA@C@@DCBQAA@@A@C@ABA@C@AA@@EK@C@E@E@AA@C@E@GDCBCDKDAB@B@B@BBBABC@IBEDCBC@ABA@GBGHKNGHMB@@ABA@I@ECCGGAGCMKEACAA@CBABADABA@A@CAA@CAA@CAA@EAIACACBC@A@C@E@A@CAAAAAAAC@CAAAAA@@A@C@A@GJC@C@CAKEEAC@E@E@M@A@IAEAEAEAEBGDABADCBADCDCBEBCBC@@AA@AAAAAC@AAEAE@AAC@E@A@A@AACECCEECECCCEAC@A@AAAC@@C@EBEBC@CBABCBABA@CBC@E@C@E@C@CACACACCAAAAC@A@CBABCBCBEDEDCBCBABGNADA@ABEAEAGCA@@@AB@@BBBBBBBB@B@BB@@B@@@B@@@BA@IDA@ABC@CBCBADC@ABA@C@C@E@CAC@ABAB@B@BBD@BBBBD@B@@JLFLHLHT@BB@@DBB@D@DBDBBBD@B@DABADAB@BBB@@BB@BBB@DBB@DADBB@B@@B@@@BBD@B@D@BBBB@BBDAD@DADABA@EDABCBCDADAB@@AD@DBD@DDF@B@BABABA@AB@@AB@@BB@BBB@B@@@BADABABALEJELGP@B@D@DAD@DAB@BABCBABABDBPPDDDN@FBBBBHHDDDDBFBDHFB@H@B@@BB@@@B@CJ@B@@B@DBB@D@BB@@B@BD@DBDBDBBBDBFBDBJBB@B@BABABABABABAF@B@D@B@B@DAFABABADCBCBCBA@EDA@ABA@@BAB@B@BBB@BBBDBB@BBBD@@@DBD@DAD@D@DADAD@BAB@@@BA@DD@DBBBD@B@D@D@DANAD@D@BBB@B@B@B@BAD@DAB@D@BABADABABCDCDADABAB@B@B@D@BBD@D@BAD@D@@@BBBFDHBDBBBDDJDFDDB@B`LB@FBB@FBFDHFBBNFNFLDTHB@DDDDDDBBBBBBB@B@B@@@B@B@BBDDDB@@BBB@@@D@DCFABAB@@@B@B@DBD@B@D@B@@@BBFDBDBBBDBDBDBD@F@H@B@DBB@BBB@@BB@B@BAD@FAB@B@B@D@B@BBD@BBB@BDDFDHDHDDDDBDBJ@JAF@LCPGLCFGRMDABE@A@CBA@E@CAC@ABC@ABADCDCFEBA@@BA@C@A@A@CB@DAJEFAD@BADBB@F@J@D@@BB@@BBBBBBD@BBBB@B@DAB@B@DDFDDBJFFBLDH@FBD@BBB@DBBDB@BBD@BBF@H@D@D@D@FAFAFAFABCDABA@ABABA@@F@F@FAFEDCDEBABABCB@JAH@JBLBV@B@B@J@XEP@J@JBDD@FE^@F@DDBN@VGPG@ABADADAHEFCDADCBADABABABEB@BA@A@A@A@A@A@A@@BA@@BAF@DBBAF@D@FABA@@BA@@FCFCLEfIPGLEJEJEH@@@D@FBDBFDB@F@D@DHBBDB@@"],"encodeOffsets":[[102442,27231]]}},{"type":"Feature","id":"532928","properties":{"name":"永平县","cp":[99.533536,25.461281],"childNum":1},"geometry":{"type":"Polygon","coordinates":["@@@@@@@A@AB@BCBA@@B@B@D@BA@@BABA@A@@B@@@B@B@@A@@BA@BB@BBB@B@@@BAB@@AB@BC@A@@D@@@B@@@@B@@AB@@@@BB@@DB@@@B@@B@@B@@@@BB@@B@B@BB@@B@B@BBBA@@B@@@B@@@D@BBD@DBBBD@BB@B@@BB@BB@BB@@BB@BBBB@DBB@DBBDB@@BB@B@B@@@BAB@B@@@D@D@B@B@@@B@@BB@@BB@B@@BBB@@BBB@BBBBD@@@BB@@DD@B@@BBB@@BB@BBBB@@BBBBB@@BBB@@BB@BBB@@@BB@@BBBB@B@@BB@D@B@@@DBBB@@B@@@B@B@@BB@@@@B@@@BB@B@@@BCB@@AB@@@@ABCBC@@@AAA@A@ABABA@@BABAB@BADAB@BAB@B@D@BAD@@@DAB@B@@@BA@AB@@@B@@@@ABA@A@@B@@A@A@@@C@@@@@ABA@@@A@A@A@@@@A@@@A@@@@A@@@AA@@AAA@A@@@CA@@C@A@AA@AA@@A@@AAA@@A@@AAA@AAA@AA@CA@@A@AA@@A@AA@@A@AAAA@AAAAAAA@ACAACAC@A@@AAA@AA@A@A@@@ABA@A@@@A@AA@AA@AA@@A@@BA@A@@ACACAA@AB@@A@@@A@A@A@A@AA@AAA@A@AC@A@@BAB@@@B@DB@BBAB@B@B@BAF@@@B@@A@@BA@@DA@AB@@A@@@AB@@A@@@C@@@ABAB@@@@AB@@@BA@@@A@A@@@A@A@@@C@@BA@@BA@@B@@@@A@@AA@AB@B@@A@@BA@AAA@A@A@A@@@A@A@A@@BAB@B@BA@@BCBE@A@A@AA@@@@AAA@A@A@A@@AA@A@@@A@@B@@AB@B@BAB@@A@@BAB@BA@@@@@A@A@AA@@@@A@C@@B@B@B@B@@BB@@B@@B@@@BABAB@B@@@D@DB@@D@BADA@@DAB@@@DA@AB@@CBAB@@@B@@@B@@AACCACACACA@@@ABCB@BA@A@A@C@C@A@C@ABC@AAA@ABA@AAAACCAEACAC@CCAA@CAABABCBCBABABC@C@CBCAC@EAAAA@ABADAFAD@D@D@BABADABABAB@BCBC@A@AAAACCCAC@AAA@A@ADEBABC@CBAAC@C@A@C@ABCDABABABABA@CBABABADAF@D@DABABADABADAB@BBD@FBFBH@H@F@F@D@@ABA@AAA@ABABABA@A@CAC@CAA@AC@E@CAC@E@E@CBCBEAAAACAC@EBADABADABAB@BABBD@DBB@DADADABAFADADABAD@BABA@CAC@CA@@ABABABABABABC@@@CAAACAA@AD@B@FBBBB@BABA@CACACCCCACCACAACCACCAAC@A@C@AAAEACAEACACA@CAA@E@A@A@A@AC@E@CAAAECCACACC@AAABCFAFAFAFADADAB@BAJGB@@@DADA@A@@@AAAECC@EEBADC@@B@FBDAD@BABCBABAD@B@BB@DBDBFBDBBDHBBBD@@BBDBDABAFEDCDCDCDADADADABAA@EAE@CACAAACAEAA@A@CACACAE@E@C@A@CBE@C@AAECA@CACCACA@@@AB@@CACACCECEAEC@A@@AA@EB@@C@C@ABA@ABEDGBC@AAAAACAAAAACCAC@AA@CCEECCACCCAA@@ACCAAC@C@C@AAA@AA@AAACAA@CAA@AAAAAAA@A@ABABCBC@C@A@AAC@EACAE@CA@A@A@A@@@@@@@A@A@A@A@@@ABA@@AA@A@@@A@A@@@@AA@@@C@@@A@@@A@AAA@A@A@A@A@E@C@@@C@@@A@A@A@@@A@@@@@A@A@A@C@E@A@@@A@@@AAA@@@A@@@AAAA@A@A@@AAA@@@A@@B@@@@AB@@@@@BBBA@@B@@A@@@C@@@ACAAA@CBCBA@A@A@A@CBABC@A@@@C@@AAAAACB@ACA@@E@A@@AAA@A@A@C@AA@C@A@@@AA@A@ADCDCBA@AAA@AAA@@@C@@@@A@A@@A@@AAEAA@AAA@AACAAACACAC@@@C@CBA@@ACAAAA@C@A@E@E@@@CB@@A@EAA@@@ABABAB@@A@ABABEFGH@BAB@BA@ABA@@@A@A@AAA@AAAB@@C@CBABAB@BAB@@@BA@@@@@A@AAA@C@AAA@A@AAA@@BABCDADCBCDCDEDEDEDIJADCDEBCBC@GFIFA@CBE@GBIBCBA@ABG@IBC@G@A@CBMJCBEBABE@EBC@CBABCFCHADADABABA@A@CAGCAAA@AAA@C@C@AA@@CC@@G@E@C@E@GA@@@A@CAA@@C@C@ABGLADABEBAB@B@@ABABAD@BCBA@CBED@@ABADA@CB@BCBCDC@ABCBABADABCBEDA@ADAB@DADAFADABABA@AD@@@BCDCBABCDABADABABCDCDCDCDCBCD@DABCBCBABC@AB@BABCBABCFABEBCDCBCBCDAFAB@B@BABABEBAB@BCDABA@ABCDADABAD@@AF@@CHADCBAB@DADABAFAFABADABAD@BBB@B@@@B@B@@@B@@AD@BAFADCBADEFCBCDA@A@A@C@@@A@A@A@C@E@A@C@C@CBABABABABABADCDA@CFABAFABCDAD@DAD@B@BAB@@ABABCDCDCDADADADAF@DADABABAD@BAFABABABCDCDCDEF@BAB@BCBC@ABCF@BABAB@BBF@BCBAD@B@BBBBB@@D@D@BABABAB@BAB@BBB@BB@@BD@B@B@B@DABABABA@AAA@A@@D@B@J@DAD@F@DAF@D@B@B@@CD@BADAD@BCBAB@@@BBF@@@BB@@@B@D@B@B@B@BBB@B@B@BCBAFCFD@@BAB@@AB@D@B@B@B@BA@ABABABADADADAD@B@B@B@@AB@B@BABABBD@B@BABAB@D@FAB@BBB@@BBB@@@@@BBB@B@B@D@B@@@@@BAB@@@BAB@D@D@BAD@FAF@F@D@B@B@BBDBB@BB@@BDDBB@BB@FDBDBD@B@D@@@BABABAB@BA@CBA@CDAD@BADAD@D@BA@AB@DABA@CBABADABADCDADADADAD@@@BBBCF@D@FBDBBDDBD@B@B@BAB@@AD@F@DBBBDBD@@B@BBDB@BDFBDBD@@BBBDDBBB@@B@@@BBBBBBBB@F@BFFBFBHAH@B@FADAB@DABDBDDHBDBB@@@BABABA@@N@D@B@BE@CBA@@B@F@B@L@FAD@B@B@DFBFBDB@FBLDBBBBBDBB@D@DBD@BBBBBBBD@B@D@BA@A@ABCB@FAF@D@BB@@D@@D@B@BBDBDBB@BCDCFAFABAF[ZEH@B@BB@D@LDD@B@D@DADAB@D@DCBABAD@FBLDDBDB@BABCHGHCDKLCF@BBDBDDF@DAD@DCFKJCDA@ADAB@DAD@BABAB@B@@@@BB@@DAFAH@D@BBB@DBD@B@FEBCBM@ABABADAD@BABAFANBB@B@@DENAF@HBFDFHFHDFFAHEHEHKJIJEDABEBCDGPAB@B@@HJBDBB@@BAFAFCFC\\MHCHCTGJAFAR@FAHADABAB@@@BBB@B@B@B@DAF@BBB@DBDBB@BABABK@ABADABA@@BA@CA@AACC@@@A@ABABCBABCDCBABADADADAB@D@FAD@FAD@D@B@BA@ABCAE@C@E@ABADAFAD@DCD@DABCBABABAAC@CAA@ABA@ABC@AD@BAB@D@DBD@D@BBD@D@D@F@DAFADAD@DAF@FAD@FCFABABA@@@C@@@A@@@A@@@@AA@@@@@@BA@@@AB@@AAA@@@A@@@@@AA@@@@@@C@@@A@@@A@@@A@@@A@@@@@A@@A@AACCAA@@@AA@AAA@@A@@@AAAAA@A@@CC@@AAA@@AAA@@AA@AAACAAA@@@A@@@@DCB@@ABA@@AE@A@@@@BAB@D@@@BA@AB@B@D@@@BABA@@@A@A@@B@@@BABBB@@AB@@ABABA@@B@BABA@@B@B@@@B@DAB@BA@@D@B@BA@@@@@AB@@A@@BBB@@@B@@@B@B@D@"],"encodeOffsets":[[102047,26194]]}},{"type":"Feature","id":"532929","properties":{"name":"云龙县","cp":[99.369402,25.884955],"childNum":1},"geometry":{"type":"Polygon","coordinates":["@@BABCBCDCBC@A@CACACAA@AAA@ABC@ABCBCBA@A@A@@AAC@C@AA@@AA@ABC@ABC@AAA@@ACAAACCEA@BIAMBGBGEOMQIKAACCCECCEE@AAA@C@E@CA@@AA@AAAAAAACCCEKCEAAAACAA@EAE@EAA@@A@AAC@E@EBE@E@CAA@ACAAAACBA@A@ABEBEBCAAAA@A@@@AB@BADABABC@A@CB@@@BAB@BAB@BCBA@A@EBE@EBC@ABC@A@C@AAC@C@A@C@C@ABC@C@A@C@C@EDC@CBCBCBCBCBADCBCBCBCBCBEBCBC@CBABAD@D@BABA@C@CBABA@ABA@CBABAB@DABADABEDCBCDC@A@CBCBABADADABADADABCBAD@BAB@BA@A@ABEDCDADBHDFBDBBABAACACGGACAC@A@@BADAD@D@@EACAAACAC@CBEHO@CACACA@CAC@@AAAAACC@@@ABA@CBEDC@CBEBAB@BAD@BADABA@@@EBCB@BAB@BAF@B@FBB@FCBABABADADCBAB@@@DBLJ@@B@B@@AAAB@@A@@BA@@B@BADCDEFKD@DA@AB@BA@@BA@CAACCCCAA@ABCBCB@BADBBBDDBLBBBBD@D@JAB@DA@@B@BBBB@B@DAF@B@B@BD@B@FCHCFCDAD@BBHHDBFDFDB@@BBBBBB@B@B@@@BADGBA@AB@F@DADAB@B@D@FAF@DADAD@B@DABAAAACC@CAAC@A@ABC@C@ACAACAAAAAC@ABCBCBA@A@ABC@C@CAC@AACBABA@ABA@AA@@CC@AAE@A@A@AA@@@EBI@ABG@C@@@BAB@BABAB@@A@C@C@E@EAA@AA@@@ACCA@C@CAE@CCCAAAAI@EAABA@A@A@A@ABA@AAA@@A@AAC@ABAA@BAB@B@@@@A@ABC@A@A@AA@@CAAC@@@ABC@A@@A@@BCBADAB@BA@A@A@@@AAA@@A@AAAAAC@C@A@@@EC@@A@ABADABABABA@C@CAA@A@A@ADADA@@BAACAA@@A@ABA@AACAAACAACACAAA@@C@CBAB@@CBC@@BAACA@@A@CAA@EAAAC@AAC@C@AAACAAB@B@@A@@@@BA@@@@BA@A@@@A@C@A@@@A@@AA@@A@@@@A@@@@A@@AAA@@@A@@@A@@AA@@@A@@@@@@@A@A@@@A@@@A@A@@@A@@@@@@@@@@@@BA@@@@B@B@@@@@@AB@@@@AB@@@BA@@B@@ABAB@@A@@@A@@BA@@B@@@BA@A@@@@BA@@@AB@@AB@BA@@@@@AB@@@@AB@@@@@B@@A@@A@@A@@@@BA@@BA@AB@@@@AB@@AB@BABA@@@@BA@AB@@@BA@@B@@A@@@A@@@@@AB@@@@AB@@@@A@@@A@@BABAB@BAB@@AB@@A@@@@A@@AA@@@A@@@A@@@A@A@AB@@@@A@@@@@A@@@A@@@A@@@@@A@@@@@A@@@A@A@AAABA@@@@@A@@B@AC@A@@@A@CAA@AAA@@@A@A@@@A@A@@@A@@A@@@@ABABEBEDC@EBE@CBC@CBEBCBE@C@C@C@AAC@C@CAC@A@ABC@@BAD@BAB@BBB@DBDABABABADCBC@CDC@EBCBAB@B@F@DBFAD@BABA@C@C@EBC@EBC@A@CBCBCBABABCDADABADAB@B@B@@DDBBB@@DAB@@ABCBAB@BALABABA@CACAA@AAE@CBA@A@A@A@AA@@A@ABCBGBEBQ@EBIBSHGDGD[NEDEDEBAB@@AAACGI@@@ABAHODCFABAFCJILIFGFGBGEEGCGECEAE@GBEFM@CA@A@MAEBABABC@CBABAB@BANADEFA@C@CAA@AAC@G@EBCB@@AA@@@@@ABABA@ABC@CBABCB@DCLIDE@CBC@CCEACAC@ADELKDCHGDGBA@ACACAKCEAC@ABABCDC@A@CBCBC@A@C@KCC@A@@A@AFG\\YBEBABEDEDC@AAAACAC@A@A@CC@@@AAC@E@EBA@AD@B@BABC@A@C@AAAAAA@AAC@C@CAAACAAAAKCEAA@ACAECEA@A@C@EBK@A@E@A@@@AB@DAFA@C@M@@@ABABAB@@A@CAGACCCABA@CBABC@E@ABGAGAEEE@A@EAAAAAAAA@@A@@@AACAACAA@@ACACCE@ACAAAA@@@ACACAA@C@EBC@@BACBA@AAA@EAE@@AE@C@C@ABC@EBAB@@AFABA@@BA@CACAE@E@ABCBA@@@@BABCFAB@@CBCDCBA@@B@@@@ADCD@BA@ABE@ABA@CBCBA@CBA@CBADCBA@A@A@AAAAA@@@A@C@C@ABAAA@A@AAC@CBEAE@C@CAEACACAAA@AACAE@EAAAAA@ACCAAA@@@@EAA@CBA@A@A@@@@@ACEC@@C@@@AACE@AA@@AA@@AAAAA@AA@@@@B@@@B@B@@@B@@A@@BA@A@A@ABA@A@A@@@AB@B@B@B@BA@ABCBA@A@A@EAA@A@A@A@A@CAA@E@AAA@A@@AA@@A@C@C@@DE@A@AB@@ABCBA@AB@@ABC@@DA@A@AA@@AA@AAC@ECCAC@AACBAAAACAAAA@AAAA@AAC@@A@CACA@@CA@ACC@AA@C@A@@@AA@@@A@@AAA@A@C@G@@@CAAAC@AACACAA@A@A@A@C@A@C@AAC@CACAC@A@@@ABAB@DABAD@BADCDABAF@BABCDA@ABABCD@BABABCDAB@B@BDBBBBB@B@BABADAB@B@D@B@BBBBBDDFDBBDBBBBB@@@B@@AB@BAB@B@B@D@D@FADABABC@ABCDCBABABADABAD@BADADA@@DABAFAJCBCBE@AAA@@AA@CC@CA@EAA@E@C@E@E@E@E@CBA@GAAAAAKACBA@CDAB@B@D@D@D@FAD@BBDB@D@BD@@ADABCH@FADBB@@B@DABABB@BBH@HBD@BABGBCDA@@BDBBJBFDDBB@@DD@FBD@F@DADAB@BAAA@@@@A@A@@@A@@A@@@AA@@A@@@EBA@@@A@A@A@@AAB@@AB@@C@A@A@A@A@A@A@@BA@A@A@A@A@@@C@CBABABA@CB@@A@@@@@@@@@@@@AA@@@@@A@C@@@A@C@@@A@A@CB@@A@A@CDABA@A@@@@@A@@@A@CA@@@@AA@BC@@@@AA@A@@@@@@@AA@BA@A@@@A@@@A@@@A@C@C@A@A@A@A@A@@@@@A@@@@A@A@@A@@@ABA@A@@AA@@@@BA@@@AA@@@A@A@@@@AA@@A@A@AAA@@@@@AA@@@@@@A@@@@@A@@AAA@@A@AAAB@@@@AAA@C@@@AB@@A@@@A@@@A@A@@@AB@@@@AA@@A@A@@@A@AB@@AB@@A@A@@@ABAB@@A@A@AB@@@@AB@@@BA@@@@@@@@BB@BDBB@D@D@F@D@D@F@DABADEDC@CBAD@B@F@F@JBHADABABE@C@AD@F@J@JBBDBDLBD@D@D@BCFAH@DAF@BD@@@BBDBDBDDDDBDBDBFBDG@ABE@C@ABC@ABA@CB@BABAD@DADAFADEBA@AD@HBF@HBBBDBB@DBBBBD@D@D@D@H@D@D@F@F@D@DBD@DDD@DBDBBAB@BCB@BC@A@C@A@EAA@C@C@ABABCBCB@DAD@DAD@F@DADADC@@DABAB@D@BBD@@BBDBBD@BADA@CBABAD@DADCFADCDCDCBA@CBCB@DBD@D@DCDCDAFAFAFAFAHADAD@FAD@DBBBD@FBDBFBB@D@D@D@D@BBBBBBBD@DBD@D@B@BBB@@D@BAFABAD@F@D@D@D@FAB@B@BB@B@DADADAF@DAFABABCBCBCBEDEDADCDABAF@DAFADCDABABABA@@@@@A@A@A@@B@@BBBBBBBBFDDBDF@H@HAHCFAHBF@DDBHBB@HCFADCBABABBB@DBDBB@F@F@FAFAD@B@BA@AB@BA@@AA@AAAECCAAC@ABGDKHSFID@HDB@DBLDRFFBD@R@D@@@DAF@D@F@FAD@F@DBB@BAB@DCD@BBBBBBAB@BCDAD@BADADCFAFAFAFADAD@DAFAFAF@BCFADADAFAFAF@FABADADADCD@DADADAD@DCFAD@D@BAFAFABADCDAFCFAD@B@D@D@D@DAD@DAFAD@BAD@DAF@DADADAFADADAFCFADCFCFCFAFEJAFCFADA@@BEJEF@@ABABA@AAECcMIAC@GFEBCBG@CA@@CACAA@A@@@@B@FBJ@@AD@DAD@D@B@FAF@F@F@FAF@D@BADAD@B@BAD@@@B@BBBBBBBBBD@BBBB@@@BB@@@@B@@@@@B@@@B@@@B@@@@@@A@@@@B@@@@@@@@@@@B@@@@@B@@@@@@@B@@@@@@@B@@@@@B@@@@@@@B@@@B@@AB@@@@@BB@@@@B@@A@@@@B@@@@@@@B@@B@@@@BA@B@@B@@@B@@@@@@@BA@@@@B@@A@@B@@@BA@@@@B@@@@@@A@A@@BA@@@AB@@@@A@@B@@@@@@@B@@@@@B@@@@@B@@AB@B@@@B@@@@@B@FBD@B@B@BABAB@B@BABAB@B@B@D@D@DBHBDD@B@BB@BBF@FBF@@@B@BAB@BAB@@@BDBBDBB@B@@@BCDA@AB@BAFBFBHBDBBBD@BBBB@BBB@B@BBB@BB@D@B@B@@BBPLBBDB@B@B@F@D@BAB@@AB@@@BBBB@BBD@BBDDBBDBBD@@BB@@B@@@BAB@@ABBB@@BBB@@BB@@BBB@DAH@JADAD@DADADAD@D@F@H@J@R@F@D@B@B@B@B@@ABA@@@A@CAOAA@A@A@AA@@@A@GBC@C@CA@ABAB@DARA@@BA@ADA@AB@BBBBB@B@F@D@F@D@B@BABB@BBDD@BBFDD@DBD@DA@ABAB@DABADAB@DADADABABAD@B@B@F@D@BADADAD@@ABABAB@BAF@DAF@BABABCBABCBADABAB@DAD@D@D@DBDDBDBDBB@D@BEBOFQ@SPGHADADDJAFCFMRABAB@B@BB@JDHBHDB@BBDDBDBFDDDDBBDDBBBBBBB@D@FBB@FF@@BFBHBDBBFBFBFBDBBDDFDBDBF@FBF@D@DF@BB@BBHDB@BB@BBDBH@B@B@BB@B@F@DAFAD@DAB@B@D@B@@BDDDBBDDBDDBBB@BBB@F@HAVABA@@B@B@@BBDDDBBBBBBB@DBD@D@FAD@@BBD@D@B@BBB@B@BB@DBF@BBB@B@DDBB@DBB@B@B@@@BABCBCBCBKBCBEBCBCBABAD@BABBD@D@BBD@B@DBB@FBB@D@BBBBDBBBDDDDHBDB@DBB@BB@B@D@DBD@B@BBDBB@BB@@BB@B@B@@AHDFB@@B@DABADAF@B@@AB@@A@C@ABCB@D@B@BBFJDHBBBBDBBBB@B@DBFBFBDDB@DB@@BB@BBD@BBBBBB@DBDBBBB@B@@B@DAB@DB@BBB@DBF@H@B@B@@ABCBAD@TBH@DCDAD@D@B@D@@@B@B@D@DDHFBB@B@@ADAB@BFDB@B@D@DBDBB@DDBBDB@DBD@BBBDBBB@D@BBDHFJ@DBB@BABADABA@ABA@CBC@C@C@AHOFKFIBKBABABC@A@@@AAA@AAA@@BA@@BAB@BABA@A@ACE@CAC@CBC@@BABCDCDABAFCB@BABC@CBCAC@AAAAAC@A@C@AA@@A@@@@AAABC@CAA@CAA@AAA@@AA@ABABCBA@C@AACAAAC@C@CAA@CA@@AGSGKEKIK@@@AACAA@AAC@A@ABABAD@DBF@D@D@B@BAD@BCDADAD@BAB@JCB@@A@@@A@@@AA@@A@AAAAAAAAA@@BA@@B@HDFBFBBAB@BCHMBADADAFCFCDADABADAB@D@BBBBDDDBDBDBD@F@D@F@D@DAB@BADABADAD@FAFAD@@@BDBBB@D@FBDDFDFDDFFDBD@B"],"encodeOffsets":[[101988,26835]]}}],"UTF8Encoding":true}