{"type":"FeatureCollection","features":[{"type":"Feature","id":"533401","properties":{"name":"香格里拉市","cp":[99.708667,27.825804],"childNum":1},"geometry":{"type":"Polygon","coordinates":["@@@ABC@A@CBA@C@A@C@A@E@A@C@A@CBABABABCD@B@D@BBD@B@B@D@BCDABABEBCBCBE@C@EBCAC@A@C@AAACEAACABA@ADABCDA@C@CBAAC@@@C@ABCBA@CBA@A@CAABABEDCBABCDADCBADAFAF@F@FADCDADAD@DABCDADEDAB@D@FDD@DAB@@ABCBCDADBH@B@D@DBD@B@B@B@@A@CBEBEBEBCDCDCDCDABABA@AACCCACCCACCCCCACAAAC@A@@DAD@BA@C@AAAAECEAC@AACACACAECEAC@ABC@A@CBABAD@DBDBB@D@DADAFAF@FAD@FAF@F@FAB@DABABADCB@DAB@F@B@DAD@DCDADAB@DBDBBAD@DABADAB@D@B@B@BABABC@A@C@C@CBAB@DAF@F@D@BADABCDABABABABEDADBB@DBD@BAD@DAB@BADA@A@@AACAAC@CAE@E@CAE@EAE@A@C@CAAAAC@EAEBC@EAEACACC@C@CBEDCDCBCBADCB@DAF@D@D@BAD@BCBCBEDA@ADADCFADCDADCBA@A@A@ACAAACACAAACCAAAAACCAACC@GAA@AA@AAABCBCDCBCBA@A@CAAEECCEECCCAAACAGAGAI@G@G@CAC@CAGAGBG@EAE@GAEACAAAAC@CBA@C@@CAAACAAAAC@CAA@A@AAAA@CACDC@C@E@@@ADABADCBC@CBCBADCBCBC@AAACCACEA@AACEAAA@C@C@EBCBC@C@CBC@@@AAAA@AAABC@ABEBA@A@@ACCCCCACACA@AC@@AAB@A@@A@@@A@@@@@A@@@@A@@@@A@ABC@E@A@@@@@@@AA@@@@AA@@@@@A@@@@A@@BA@AB@@A@@@@@A@@A@@@BA@@BAB@@@BA@@@A@@@@@A@@B@@AB@@@B@@A@@@@@@B@@@@@@@AA@@@@B@@@@@@A@@@@@@B@B@@@@A@@BA@@@@B@@@B@@@@@B@@@B@B@@AB@@@BA@@@@DCBA@CB@@A@A@@@A@@@A@@@@@@@A@@@@@A@@B@@@@AA@@@BA@@@@@@@@BA@@@@@CBAB@@C@ABA@@B@@A@@@A@@@AB@@@@@@@B@@@BA@@@@@A@@B@@ABA@A@ABA@ABA@@@A@@@A@@@C@@@@@@@A@AB@@@@A@@BA@@@A@@BA@@@A@@@A@@@AB@@@@ABA@A@@B@@ABA@@@@@A@@BABA@@@@@@@AA@@@@AB@@@AA@@@AB@A@@A@@B@@@@@@@@A@@@@B@@@@@BA@@@A@A@@BA@@AA@@B@@@@@@@BA@@@@@@AA@@@ABA@@@A@@@@@@BA@@B@@A@@A@@A@@@@@A@A@@@@BAB@@@@@@@@ABABA@A@A@@BAB@@ABA@@@AAA@@B@@A@@BA@@@A@A@AB@BCB@BA@AB@@A@@@A@@@@B@@@@AB@@A@@BABA@@@@@A@@@@BAD@@A@@@BB@@@@@B@@A@@B@@@@@@@BA@@B@BAB@@@DAB@@@B@@@@@B@@@BA@@@@B@B@B@@@BAB@@AB@@@B@@@B@@@@AB@@@@@B@B@@@B@DA@@B@@A@@BA@@B@B@@@B@@@BABAB@@ABCB@@AB@@@BA@ABABA@AB@BC@@BC@A@@BAB@@ABABA@A@A@@BAB@@@BC@@@@B@@ABABAB@@@B@B@@@B@@@B@BA@@BABA@A@@@C@@DC@@BA@@BC@@B@@AB@@@@ABABA@@BA@@BADABABA@A@@BA@@DADCBCB@B@@ABA@@B@@@B@@@@@BA@ABA@@BABCBADAD@@AB@B@B@BA@@BABCBA@A@A@AB@B@@A@A@C@ABABABCBABAAA@AA@CACCEEEEGICEAEECECEEAG@E@GDAFBDBJ@F@FEDEDAF@DA@ADEDAFAFEFEFAH@DBH@DAD@FEHEFCD@F@L@H@FAHCFCDBFBFDFBF@FAFCHCD@FBFDFBDBFADCFEFAD@DC@CCICECAACBAFCAE@CBCDEBA@CACECEACCCECAGEECACCE@EAEBEBCFEDCHCFAHABCBC@GAEAGAE@EACBEDEBCBGBG@E@ECECECCAEACA@AAAA@GAABA@C@CAC@EAEAC@E@A@ACAAAEACAAAA@AA@A@CACACACAE@C@ABABADAFAFAFABABC@G@EBE@C@ADC@CAAAACCCCEAAAACAC@E@ABCAAAAAAA@G@C@A@@C@@AAAC@A@A@A@CAE@ACAA@C@C@C@CAAAACAC@A@EBCBCBCBCBCBA@EBCBC@AACC@AACACAAAC@C@A@C@A@A@GAA@C@AA@A@A@E@GBA@CBC@A@A@C@C@C@ABC@CBA@CBC@AAAAAAECCCCAAE@AAECCACAA@CACAAAAAAC@CAC@CAA@AAACECCCCAAAAAAA@EACCCAACCCEECCACACACAC@EAC@CACAA@A@CAAACACAAC@CAAA@A@C@A@EBCBA@@FE@ABABCDCDCDCBCBADEBCBCBEBCBEDCBADEB@@ABEBC@ABA@A@A@E@C@CBC@CBCDABABCBA@CCEAC@AA@ACACAAA@@ABA@ABA@@FE@ABA@@FEDCBCBABABCBCBABADCDCBABEBEDCBE@C@C@A@G@A@A@A@ABABA@CAEAC@@@C@A@AB@BAB@DABA@@@@@ABA@C@A@C@GAC@@ACCC@C@A@AAAA@CACAEAA@EAA@A@ABC@AAC@CA@@AA@@C@A@C@C@@@AAAAECAAA@ACACACAE@AAAAAECAAEEAA@A@A@AAA@@EAA@@AACCEAAAGACACAACAGAAAA@AAA@AACACCCAACCACCAA@C@C@@AAAAAAA@@CAAACCAACCCACACAA@AA@AEACCCECAACCCCACACACAA@CAC@ACCACAACAAAAAAAAA@AAA@ECCCAECE@C@ICKAICC@A@ACA@ICGCECAECKAIAGAKAI@KAM@KAEBIDEFEBIDE@A@E@M@GBABCBABABAD@DADI@GBIDIBE@ECCGECECEAC@A@EBCBCBADADADCBE@C@EAGAECGACACACEGAAAAACAE@AAEACCE@C@A@A@C@EAE@AACAC@C@A@ABC@A@C@CBC@EBG@GAG@ACAC@CBC@CACACEGK@EACCCA@AC@A@CBA@A@C@AAAAAACGCC@GAEAAAAAAACAAAAACACCCCA@AAC@A@CAC@CAA@AAAAAC@CAAA@E@C@EAEAA@CAAA@AAAAAACAAA@CAA@CBE@CFCDAD@DBFBDDDBD@D@D@DAD@DABCDCBCFEDCDAB@BBFBDBDDDDFBD@D@D@F@DCDAD@B@BBB@DBB@D@BAB@B@B@BADABADAFA@AD@@DDBBJDD@D@B@DB@B@B@B@BADADCDCFEFCDCBEDA@@B@@@B@D@B@F@JADABABABGFIJABCBCBCD@BCB@@@DDF@B@BEFCFADADAFCDADABCBC@CBCDGDCFCDEDCFAFBD@FBHAF@FCFGFIHMHEDE@C@CAE@E@EDGHELCNGRAFAF@F@F@BABC@EDCBCBCFEHEFABABAFCHABABCBGBMDGDGFCFADAB@D@FAD@D@F@BAHADGDGDQDA@ABAB@DAH@DEHEBGBIBG@G@GDEDCDCBAHAFEHCHEFCDIDEDADAD@B@B@DADC@C@E@IBGBCDAF@HAH@BCDCBEBEDGDIHEBAB@B@BBB@@@@ADADEBABGAA@EBCBA@AD@B@B@B@HBHBD@BABCDCBMDIFEFCJ@F@HDHBH@BAD@BBDDDNFFDFD@BBDABADCDCDGJCDCF@DCHCFEDIDGDEBABIFGDCDAD@D@DBD@@@D@D@DAFCDADEFEDIHGFCD@BBDDDDHBB@BAD@DBBDBDDBDBFADADCDKDA@C@AACCCAC@ABCBAF@H@DCBCDEDEDEBEBADAF@HBH@BAD@BCBABCDAF@B@F@FBHBBBDDDBFBF@FBF@F@FADABA@A@AACBC@CDEFED@BAB@BBD@DBB@DBD@F@FAF@DAFABEDABA@C@A@A@@A@CACAAC@CBABCFCFADADCDCFBDBBBB@BCFADEDADAH@FBFBF@D@DCBADAF@DBDBBDBBDBB@BABABCBCDABEBC@ABE@ABCACAEAC@E@CBCB@DADADCDCBADABBD@D@FADAFEFCFEBAB@BAHAFAF@BCFAFBF@HABABABCBEFEFAFADBB@BADCHCFCHABC@IDABADAB@B@FDF@J@F@FADEFEJCDCFCFAFBF@DBD@F@HDFAB@FDFBDDDHDFDDBDFDFFDDFBDBBB@FBBBDB@D@DABGH@DABAD@D@DBD@DCD@D@D@D@DADADAD@DAF@FCFABAB@B@D@FAHAFAFAD@JBDBH@D@BABADGHA@EFADCH@J@BAB@B@F@DABCBABABC@IBCBABCF@BBFAL@DARAL@BBJ@DADAFAHABABABABAB@B@BFXDFBDAD@DFH@F@FAF@DADADCHAHCFADBFAF@DAD@D@@@B@BBDBB@DBBBB@BAD@BABCF@@@@@BABAB@DAB@D@D@D@D@H@B@D@D@BBBBDBDBB@DBBBBBBBDB@@@@@BD@DBD@@@@@BADABCDCFCDCDCBCBABA@A@A@ABA@AB@B@B@BBD@B@DAB@BAB@B@B@BBB@@BBBBB@DBBBDDBDBDB@BB@B@D@B@@AB@BB@BDB@@B@D@BAB@@@B@BA@@BABA@CFA@@@@BABB@@D@@CFAB@BA@AB@B@B@B@@AFA@CB@BAB@D@@BB@B@@@@AB@@@@BD@@@BA@@D@DAF@B@@@B@DA@@B@@@@@BBF@B@B@D@DBDBBBFBH@DBB@@BD@B@@BD@BBH@D@DBBDF@B@BBB@@@BBB@@@BBBBB@@@BBBDJ@@BD@@@@@BABBB@@@@BBB@@@DDB@BBB@BAB@B@@@B@BB@B@B@F@D@D@BAD@F@D@DADAD@B@DABAFABCDC@EBABEJGPEFAD@BBBDBFDHBDDD@DLAT@H@L@@ABADBF@BFDRJDHBZBFBDHDLJHL@FAPIL@BI@I@G@A@CDADOZAP@FBBHBDBDDB@DBD@DBB@FBB@BBBB@BA@@@@@A@@B@@A@@@ABA@@@@@AB@@A@@BA@@B@@@B@@AB@@AF@D@B@@@@@B@@A@@@A@@B@@@@@B@@@B@@AD@B@B@BAB@@ADAB@BABGHOHCBAD@@@FBP@D@B@D@BBBD@BBB@BB@B@BABCHIH@BBBNLDD@D@DAJAD@DBBDDB@DDF@BAD@DADBDBBDBBDBFBF@F@FAD@DBBADCBCDAD@DBDBFADBB@FABAD@BD@D@BAF@FBBDFBDAB@DADBBADAD@DDDNLPNXJFFBFAR@FBDPFF@FADAHEDAF@F@JBJHBB@BDBDBDBDD@BCFAB@D@BBD@DBHBB@D@D@FAF@B@DBDBDBD@B@D@D@DADABCFCBEBABCBAB@DBBFFDBBDD@DFDDDBDBBDBDBFBFBD@FBDDDB@DBBBBFFA@@DCDAB@HBJDJDJDFDDBDBD@FBDBBDDD@DCDABDBFBFBD@DBDDBDADADCDADCDAD@FBDDD@DABAFCDAB@D@DDD@D@DBDBDBDDDDBDDDBFFBBBD@BBD@HAH@DBD@BBDFADAD@D@D@D@DBDBDBB@D@F@FADAD@FADBF@D@F@D@DADCDAB@FBFBBBDBD@DD@DBB@BFJFNFHLDJBB@B@@DBDBDBBDBBCBEAC@E@ABE@C@C@C@EBC@CBCBE@EBAACAEAE@C@C@ABCBC@EBE@G@G@E@EAE@C@EAC@C@C@C@CBABEBCBEDCDEDCBADABCBEAE@CACAC@C@@AA@A@A@CHCLCFAFCDCHIBGBADAD@H@X@DABBBAF@DAJBDBD@BA@A@CBABAB@@@B@FAB@DCHGFEFEFCDCBCFGFABAB@@@DCHGBCBABAB@FABA@A@C@C@AECGI@ABCD@JA@@BAAAGEGK@C@@D@J@F@B@@@B@@@B@@B@@B@@@B@@BB@@@@@B@@B@@BB@@B@@@@@BB@@@@@@B@@BB@@@@@@@DB@@B@@@B@@@@@@@D@@@B@@@@@@@@@BAF@F@DABABA@E@C@AAE@@@AB@BADC@A@C@CAC@@@@BABAFCDABAB@D@B@B@B@B@@@DABAB@BAJ@B@BAB@@@B@B@B@B@@@BA@ABABAB@B@HBF@B@BA@@@C@ABA@@BAB@NGFABA@@@ABA@@DA@ABCBAB@BAJ@B@BAB@BCDEDA@CAC@A@@@C@@@A@A@ABABCB@B@D@B@@@DD@@BA"],"encodeOffsets":[[102362,29247]]}},{"type":"Feature","id":"533423","properties":{"name":"维西傈僳族自治县","cp":[99.286355,27.180948],"childNum":1},"geometry":{"type":"Polygon","coordinates":["@@@B@B@@BD@BDD@@FBL@H@d@VBJ@D@FDJHJBDB@F@@AB@@A@A@AB@@AB@B@@BBAF@D@B@DBDBB@B@B@BAB@BAD@BAB@B@D@B@@@BB@@AB@@@BAB@B@B@@BBBBBB@B@BAB@DAB@FBB@N@HBFDFBBBDDDD@D@@BD@HBF@FBDBBJBHBJ@J@JBL@JANAHCB@B@DB@@B@D@B@BA@@B@@ABCDCDEBADAH@DA@@B@AABA@ABE@ABI@C@@@AAA@@BA@@@AB@BAB@HCDAF@D@B@B@D@B@BABA@EBALEBADA@@D@B@B@@@DCHKBABANCFADAB@DABADCB@D@B@BA@AEG@GBE@C@ECEAE@E@EDEHKDEBGDGDCFCDAFCH@J@FAHAFAHCDABADCBEBG@GBK@G@EBA@CDCDABCBC@C@CCEEAEAECCCAAAC@ABC@C@C@C@E@CBC@CCECEACAEAE@E@GBIBGDEBCFGDEDCBCBC@E@E@CACACAACCCACCCCAC@C@EBCBEBC@C@AACAA@EBEBCB@BA@ABA@@DCBAB@ACAG@E@GACCECC@E@CBEBCBCCECEEGEAEEAA@@BCBAFAH@F@DAB@DCBCBEFCDAFEFADADCBAAEACAC@A@CDDJFDBBDBDDDBDBD@@@BDBBDD@B@F@DBFBBAB@BA@IBADCDADABAB@AIAAAE@EAA@@@GBGAE@G@CBE@EAECE@EAG@CBEBCBCBCAE@A@E@CDEDEDCDABABABABG@ABE@G@C@ABABAD@B@DBPHFDDBD@HA@@D@DAB@@BBBBBDFDFDBFDBD@DADAHAD@DBDFBHBDBHDFDDFDFDFDDDB@@D@DADADA@AD@DBHBD@B@D@D@DAD@D@FBDBB@DFFDHDFDFFDBDD@DBBABAB@B@DBBBDFFDFDFBD@F@FBDDDBDDB@BAD@DBDBFDDFFDDBBDBFAFAFEFCDAFAF@F@DBDBFADAFADCFE@CDEDEDCBCDCBABAB@D@BBDBBBDBB@B@FCDADAD@D@HBD@D@BAD@DEDEDADAFAF@BABABCBE@CBCB@DBBBD@B@@AAC@AACBCBADCFAB@D@DB@@BBB@@@B@BAB@DCDCD@D@FBF@D@DBBAFADADCDAFAB@BBB@DDDBDDBDBBFBBBFDBBDBBB@BBB@BD@B@B@BBBBBDDABABA@AAAACCAAAAC@CBEBCDA@C@CAEAE@EBGBCFCBCDE@AAAAAACDEDCBCBCDEDEBADAD@BBBD@D@BB@BC@E@CACA@EAECECEAC@CAECACCACAGAEAGAE@CACAAC@CBEBCBA@CAECCCEAE@CBEBIAACGGEAEEECEEAEAE@C@C@AAICIAKCGAG@CBE@CBCBCACCEAECECC@EAI@C@C@ACCA@CAC@EBEDEBABABC@AAAAA@A@CBCBCDC@AAAA@CAECCEACAEAEAEACBABCDADCBABA@CBCDCDEBABEBE@E@CAEAGACAA@C@CBC@CBA@C@A@C@ADADCDAB@D@B@B@@AAC@CBGBADCBAD@DABABA@A@CB@BABA@A@ACCEEGEEECEAAAA@C@CAAACAC@A@CACCCCEAEAEACAEEAEAE@A@C@AAAEAE@C@CAC@C@EBIBGDEDEDEBEBGBEDIDIBCDIBCDCBE@C@@CAGAE@EAE@CACAEEEECCGCIAAA@@BA@@B@@A@@B@@@@@@@@A@@@@@A@@@@@@@A@@@@@@@A@@@A@@@@@@BA@@@@@@@@@@@A@@@@@@BA@@@@B@@@@@B@@@@A@@@@@@@@@@@@@@@@B@@A@@@@B@@@@@B@@@@@@A@@@@@@@A@@@@@@@A@@B@@@@@@@@@@AB@@@@@@@@@B@@@@@@@@@B@@@@@@@@@@@@@@@B@@@@A@@@@@@B@@@@@@@B@@@@@@A@@@@B@@@@@@@@@B@@@@A@@@@@BB@@@@@@@B@@@@@@@@AB@@@@@BAHADC@ACCEK@G@CFCFAFEDCCQBEBABAH@F@D@D@DADCDE@GAG@K@E@E@C@CBAFCDAB@BCBEAC@C@AEDEBG@CBA@E@CAAA@C@ABEDAFAFC@CBC@C@CCKAICK@G@EBIBEBEBCD@DAD@BCAE@GBEBE@GDCDCFEDCBCHEFAFCFADAFAB@D@BC@EBGBEBIBGBCBC@A@@BAB@BABAB@@CBABCBAB@BAB@B@BABABC@AAA@A@A@CBCBCBC@C@E@CACADABABC@E@E@GAGAG@IAGAC@A@GFCDCBCBABA@A@@@A@@@EAECEAGCECCC@@ACAB@@ABAB@BADAD@DA@CDCDADA@ABAAAAAA@AACAEACACAAACAEAA@ACAC@C@E@AAA@AC@@@CBABABC@@DCBCBADCDADAFADADAD@FAD@BAAAAAA@A@CAECEA@@QEC@CCAAICIEEAAAA@AAECCAA@A@AB@@AD@BBB@DBDBDBD@D@BABABAB@BAB@D@BABCDCBCDEDABADABAD@D@BBDBBDBBBBB@B@BADABEDCDCBABAB@BBBB@BD@D@@ABADC@ABAB@B@BBDBDADAB@BCDADEFCHABCBEFCDCDADAHCHAFAHCDADAB@BBD@BAB@DCB@DCDCDCFADAFABAFCDABEDCBAFAHADABABC@A@A@ADCBCDA@A@C@C@E@ABCBA@CBG@UCCAAE@E@ABEDCBABABCBC@ABCBE@CBCBCBCBEBCDCDCBCBAAC@A@C@AACCCCCCCACAAECAAA@@@A@EA@@C@A@AACAACAAACAA@CACA@AAAA@AA@@AA@AAEAAACAACA@@@A@A@A@@AA@CAAA@@A@A@@AA@@@@AA@@@@@A@@@@@AB@@A@@@@AA@@@@A@A@@A@A@AB@@A@@AA@A@EBC@ABA@A@C@ABA@@@ABA@A@A@AB@BA@@@C@EB@@A@@BA@@@A@A@EB@BA@@@A@@@A@AAABA@@BA@@@A@@@A@EBC@A@A@AAA@C@A@A@A@A@AAA@@@@A@@A@@@@@@BCH@@@B@DAB@@@BCB@@ABA@AAA@@@EAA@A@C@CACAEAAA@@A@A@@@A@A@@@A@A@@@A@A@AA@@A@@@AB@@@@CBC@@BA@ABABAB@@ABED@@CDABABCBA@AACCAAAAA@@@CACCACACAACA@@AAA@CAC@C@CAEC@AC@ABOBE@C@CCKEEAC@C@A@EDEDCBA@@@A@E@KBABCBC@@BA@AB@B@B@@AB@@@@AB@@@@AAA@@AA@AA@@@@AA@@A@@@A@@@A@@@AAA@@@A@@@@@A@@@A@@@@@@@A@@@@BC@@@@@@B@@AD@JAJAB@BABABA@@BA@@D@@BJDN@BB@@B@@B@@@B@BAB@B@B@@AB@D@B@F@DA@@B@BA@@@@B@@@@B@B@BB@BF@F@B@DBBDBFFBB@B@@C@C@IC@@ECEAC@E@E@A@@@CBCBCBA@ABCDCBABA@CBC@ABAB@@@DBBBDDB@D@BCDADCDCDCDADCDAFCDAFAD@D@BBDDBFD@BDFBFDF@HBDABCF@F@DBF@FAF@F@D@F@DBBBDBBBDBB@BAF@D@B@B@D@B@BBBDDBF@D@FABC@E@E@C@CFC@EBC@ADADAF@DBFBDDBFDBDBDADCBAD@F@DDDDBDBDBFBDBDBBDBDBBBDDF@F@DBDBFBFAFAF@FAF@D@DBBDFBFBD@BAB@BCBCDAB@B@D@B@BBDADBDBBDDBBBBB@B@DBDBDBB@B@B@BBB@BD@F@D@FBD@F@F@D@F@DAF@FCH@FADAFABABABADCDAF@BADA@ABAAA@CACBA@CBC@C@EACACAEAEACACBEDCBCDAFABCDCBCACAC@CD@@EBABA@A@@CAAACCACAA@@@C@I@EACBABBBBBBDBDBF@B@FAF@DBF@F@F@DABCDADADADAFBFAB@DC@C@CBCBCDCDAD@DAD@D@DBBDDBDBFBFBFBFBDBDBDDB@B@DAD@D@BBFBF@D@DADAD@BBD@DADAFABAD@D@B@D@D@DBB@BABABCD@B@DABABCDADCFADCDABA@A@A@ABADAB@@@BBDBFBDDFDDBDBDBF@D@FBDBDDBDDBBBBADABAFAD@HAF@DCDA@AB@BAFADCBCBCDA@C@@B@DBDBF@D@DABCDCBE@CBCB@D@D@DBBBBBBDBDBBD@DBF@DBDDFDDDDBBD@DBBB@B@F@DBD@BDDFFBDDDBD@BBDDDDDBDDB@BABABC@C@CD@D@D@DCDCBCDAD@BAD@DABC@ABABABADCDCDADADCBCDADEBEDEDCDEFCDCD@BCDE@CAE@A@CBADCDCDADCFCBCDCBEDADADAFADAFAD@FBBBDB@DBDDHBDDFBFBF@FBHBDDDBFDDDBFBBBDBD@DADAD@F@FAD@DADADCDEBABABADBB@DAFADAD@D@FBBBF@DADADCDCDCDEDCDCF@D@D@D@FBFBF@FBF@BBB@FCDABABEBC@EAECEIIGECA@C@EBEBCDADADA@ADADEBABCDADAD@@A@ABA@@B@B@FBBBBBDDDBB@BA@AH@DBH@@ABA@ABA@C@AB@@ABCDABAD@D@F@B@DAD@DABCDAF@B@D@DBDBDAB@DCD@B@D@FBD@FBF@BBBDD@BB@DBDDB@FJDBDBNHF@BAFAB@@@FABAD@F@H@HDFBD@DA@@DCBCBCD@B@@@"],"encodeOffsets":[[101221,28608]]}},{"type":"Feature","id":"533422","properties":{"name":"德钦县","cp":[98.91506,28.483272],"childNum":1},"geometry":{"type":"Polygon","coordinates":["@@BGBCBK@K@C@C@E@C@A@C@C@A@ABCFCBABCBEBEBA@C@G@EAECKCE@C@A@@@ABC@A@A@ABE@C@C@C@ABABA@ADC@C@A@A@AAA@AACAA@C@CAC@A@CBABAB@BADCBCBAAA@AAAACAA@A@AAA@@@CAC@CAC@A@ABCBC@CBABA@A@CBC@A@AAE@C@CACAC@A@E@ECC@AAE@AAAAAAACACAEAA@@A@ABCBC@C@C@C@CACAAACACAA@ACE@C@EACAGAEAEAA@CBABABA@IAA@C@EBC@E@C@AAACGBABCBC@EBC@CBC@ABC@CBABEDGDGBCBA@A@A@CAEAEAABAAC@A@C@A@ABABA@ADGBEDABABABABCFEDEBCBEDA@ABC@C@EAAACAA@AAA@A@CBA@CBCBA@A@CCEAAACACCAAA@A@ABA@ABCFCBADCFCDEDCBC@A@A@C@AAEAC@A@C@ABCDAFEBABC@A@AAGAEACBC@CBCDAHCHAHAD@BCBA@CAAACAACA@AAA@A@ABA@AD@DAFADADABABCBC@A@CACAACCECAAA@@A@A@CB@BABAB@D@DAF@HABADABABAAC@AACACAAACAAAC@C@CAAACAAAACAAA@A@C@C@CBA@AF@BCBC@A@CGE@A@ABABC@ADG@CDCBC@A@E@CDE@A@AACACBA@AB@BCDADCDCBABC@C@CBEBC@C@CCCAA@KACAC@CACACCA@C@ABC@G@E@C@E@C@C@C@CBCBEBA@C@AACA@@AACCAA@CAC@CAC@CAAAAACAAAAA@A@ABADCDADA@ADC@ABA@CBCAGAC@ABCBABADADADABCDCBEDCBCBABABCB@HCDCBABABCACAE@E@A@ADAH@DADADABEBEDABABAH@DAB@F@B@BABA@AAE@E@G@CBABADEBABA@I@EBCBA@ABADADAD@FCB@DCDCDADCBA@@BABAB@JAFAFAHAHAD@BAFEBABCBCBABE@A@GAE@EAE@AAAA@A@AAAAAAAC@C@CBADCD@DAD@DBDBBBDBB@DA@ABAAC@AA@@A@A@@DADEDCBABC@EBE@IAC@C@ABADCDADAFADAB@B@BA@AAC@CBA@AD@D@BBBDBBB@@@B@B@@@BAB@@A@ABCBE@ADABAD@B@DCFAFEBABA@C@A@E@@FCDCB@BABAB@@C@CBABA@ADAB@DBFBB@B@B@B@B@BAB@BABABABABABCBADADADCBADCBA@A@C@C@CBABCDADCB@DABA@ABA@@@A@C@AAAA@ACACCCAACAA@AAAA@@AA@A@A@ABA@ABA@C@AAC@A@A@ABAB@BAB@B@B@BADADADCDCDEDCBABC@A@@@@AC@CAC@@@@A@ACAAAAAA@CAAACACAA@A@C@C@A@G@C@C@C@CBA@CBABA@A@@@@DEBA@ABC@AAAAA@CAAAC@A@A@@@CBC@CBEAEBCDEBGDGBCBC@CBE@E@EEG@CBCACCEEW@A@ABABABABABABGBEBC@CAI@ABKBQ@CBKAE@ADEBADAJAD@BABADABA@C@E@ABA@A@IDGBCFEB@HGBCBA@A@CAGAC@IBCBEBEBG@E@C@ABABADE@EBE@CBCBCBC@C@C@C@CDC@CAC@C@CBCBA@CHGBA@C@CCAAAEAA@AAACCEECCECECAECGCCCACCE@EBACE@G@EAC@CAEBEDEDEDCFIFEBC@E@E@ICE@E@ABABCBAJCD@BADGDEDGBC@AAABCBEFEFEDABABABA@GAEBEDE@ABEBEBG@ABAFADEFEBEBC@E@CACBABCDADCBCBC@CDADAF@D@FBDBDBBAF@BAD@FABADCACAAAAA@A@C@@AAA@AAACAAAECAAEAAAACCCCACCA@AAA@EBCBCDCBEBABCAC@E@EAC@C@CDCDA@ABA@@@A@AA@@CAC@A@EBCDABADBD@BBD@BA@C@AACAA@AD@DAFADABABE@EBCBCBCFCFC@ABC@C@GAC@C@CBCBEDA@A@CAAACAAAC@A@ABABCDADCDCFCF@DEFCDEBCBEBCACAE@E@EBCBEDEFEBEBCAAACCEECCAEAC@CBC@ACAACCCAC@E@EACCECEEEACAA@C@ABABAAA@CCCCAEEECGCECCEA@CAEAC@C@CBC@C@A@C@GACAC@@BCBCBCBC@@@CACCCECECEECGCCAGAEAAC@CBCBGBC@CACECCACECEAAAA@AA@CBC@@@GBC@CAECOGCAA@C@ABAB@B@D@HAF@BAHABABABCBCDCFCF@D@F@BBFADADADAF@DBH@FDFBF@FAF@D@HBFAH@H@@BB@FBFBBBJA@ABCBCBCDAB@JABA@ABEACAE@A@C@ACCA@A@@ACACCCACACCAIECC@D@BBDBDBFABCDCBEBEFCBEDAFADCDA@CBE@G@EBABAD@@BBFFFBFHDFDFADADAF@D@FDDDFBD@H@FBHBDA@ABCD@@AB@BABA@ADAF@FBBBD@B@DADAFAD@F@DBDDDDDDBDDBBBDBD@D@F@FADADCDCFEHADCFAHAJ@H@FBFBFBDDFDF@DAD@D@F@D@D@DAD@BBDBBDDFDFBFBDF@D@DADADCBCD@DAB@F@HAL@HAHAFCDABCBGDEBGBEBI@G@EDCBEDCDCHAHCFGLCF@F@FBFDF@F@DAF@HFH@BABA@C@A@CDABCBA@CBEBMDABABGLCD@@A@A@C@@@CBABKFAB@FABABA@C@A@A@C@E@CBGDA@ABA@@B@@AB@@BB@B@@@DAJ@BAF@BABBBA@@@CBG@CBABCFCDAD@BA@@@ABA@C@A@@@CAA@A@GDMBIBK@IAI@I@GAIAAAAC@EAE@GAC@@@CCCCCAAEAECGAM@A@EAA@CBA@ABA@A@AAAA@AA@A@A@AB@@A@@BA@@A@@@A@C@ABA@ABC@ABA@A@A@AAAAC@C@A@CBEAA@@@ABA@@BAB@B@@@BA@@@ECAIAIGECC@I@UAc@G@K@EA@@CC@AAC@@@A@A@@A@C@ADADCD@@CBC@EAGCG@E@C@ABEB@@A@EBABE@MGCACAEIA@CCCAA@@@ABABABAD@B@DBFDBBF@B@D@F@D@D@DAD@D@D@DBD@BBDBD@DBF@D@F@@@B@@@BBD@B@@BB@@AD@B@B@@@DADAB@F@F@BCFAH@D@D@DBFBDBDBDBB@BA@ABC@A@A@@D@B@FBD@DAD@BABCDABADABADAF@BABC@E@E@E@C@ABADAB@F@B@@ABABA@E@I@CBABA@A@ABAB@F@BDBDB@@@BD@B@B@BAHE@@B@@@@B@@@BAD@FAFEHAD@DADAFABABCBC@G@QAA@@B@L@D@BAB@BABCFADAB@D@BBL@F@B@B@@A@@BC@C@EAA@C@A@A@A@AB@D@DADABABC@C@ABA@@FAF@D@F@D@DAD@F@D@DBB@B@BABA@E@CBC@@B@B@DAFCFAFAD@DADADABABAB@@@BBBDDFDDFDDBD@DBBADBD@DBD@B@B@BA@A@BBBB@B@BAD@DBBBBNDFBFBB@@DAB@B@DBFBBAF@FAFBD@D@FCDAD@DDHBFBFBDBDBD@BAFEHABAB@D@BDLBJBHBDBFFDJFJDLBLDFDDBB@BFDFDHBFBD@DABCDEFGFEDCFAFADADADBF@DADADCFCBEDCDEDCBAF@D@D@FCBEBCBE@E@A@@BBDBDDH@F@FAFCFEHCFCFAFCDADEFEBEBCB@@@DDDDDBDADEJGJEJCHCHAHAD@FBFEAE@G@EBIFKDEBCBEBE@G@E@G@CBADCFAFCHCH@H@D@DDDDDDD@D@DBDBDBDFDDFBDBBADADAF@FBFBDDDDB@@ABGBIDCD@BBBDBBDBDBDAFADCDCBCFAD@DAB@DCB@B@BBBDDBDBBADCFCBCDAD@D@DCDADAB@BHBDDBF@B@FADCDADADADCDCBAFCHCLBB@DBD@DA@EFGDCHEDAD@DBFBD@DADAF@DB@HAFBF@D@FAJAFBHBHBJDFD@@@BB@DHDP@@XFDBBBNH@@HDFBDDDBFFDFDFDFBDDDAB@@@F@D@B@BB@BB@@BB@@AF@BABBD@B@D@B@BABABC@C@ABAB@B@D@BBD@D@DBBBD@DBB@B@BCDCDABA@A@@@A@AB@B@B@DABA@ABC@C@AD@B@F@DAB@BABAD@B@DB@B@BB@@@D@DAB@@A@A@CAAA@@A@A@CF@B@DAB@H@@BB@@@D@BBD@DBBBBDBBBB@@B@D@D@D@B@BBB@@BBBDDBB@BBB@BB@@ABEDABABA@CBCDABADADADADAD@BAF@@@D@D@D@B@BADADAB@BAD@B@B@BAB@B@D@@AB@DAB@D@BBDBBB@DBDBBBDDBFBDBF@BA@ABE@A@A@A@AB@B@DDFBBBDDDBBDDBB@B@B@@AB@@A@A@A@C@CAA@A@ABCDADAD@BCD@BA@CBEAC@@@ABAD@B@BBBBBDDB@@B@B@B@DAB@BABC@EBE@A@A@AB@BAD@BBDBBFBB@B@@@B@@@@B@@BBAD@B@@@BB@D@B@B@B@@@@@@BB@@@B@@AD@@@@@B@@@B@B@@BB@@@B@@BB@@@@@B@B@@@B@@@B@B@B@B@@@B@@BB@@@BB@@@AB@B@D@BAB@B@B@@@@@@AB@@A@@B@@@@@BA@AB@B@@A@@BBB@@@B@BAB@B@@@D@B@B@B@@@DA@@D@@@B@BA@@B@BB@@B@@@@AB@@@@@BA@@@A@@@@B@@@@@B@@@@@B@@@B@@@@@B@@ABB@@@@B@BA@@B@@@B@@@B@B@@A@@B@@@B@@@@@BB@@B@@@B@@@B@@@@@BBD@@BB@@B@@@@@B@@B@@@B@@@B@DB@B@@@@@B@B@@BB@@@B@@@B@@@@@B@@B@@BB@@@@BB@@BB@@@@BB@@@@BB@B@@@D@BBB@@@BBB@@@@@D@BBDHDBB@F@DBF@FDDDBB@B@BB@DDFH@BF@D@BBFBB@@AD@FIBAD@RA@@B@B@B@@@BA@@@@@@AA@@BABABC@C@AAACAA@@ABCHCFCDC@EHGDAB@DCBCBG@EBCBCFEDCFE@C@ECKCIAG@ABCFCFCHABA@ACAAAACAE@K@G@E@GDGBCBABADAB@BEBCBAAACAC@AC@G@E@E@CDCDEBC@ACACACCCEAA@@B@BAF@FADA@ABC@KAEAC@CBA@AAE@C@EBADEDADCDAD@DABA@C@EAC@ABABAD@FAFABABAB@B@FBFBBBBBBDDDFBDBF@F@HAFAFAF@DAD@B@BCBCB@BA@@DBDADBDBD@B@DAB@D@@BBBDDBBD@DBB@BBBJBHAD@FAB@BBBBBDDBBDDBBBBDADCDAHAH@D@D@BBDDBBDBF@B@DABCBABADBFBD@DB@B@D@DADAFCH@DADADAD@@BBFDDDBDBDBD@FCFCFCDCDEAGAGAGAABCDGDIDGDGDEBGDIBCDAB@D@HAJAFAFAFCB@B@BFFFDBDBD@H@JBFBF@D@DDH@BAD@DADAFBFDDBFBFBFAH@F@FBFDFDBBDDBJ@PADBF@DDBHFHBDBD@@@B@BBFB@BDBBDBBBFDDDB@BDDBDDD@HBD@BBDDBDDBDDFBFBFBB@DADBDBDBFJBBBDBH@D@F@F@D@@ADAD@DADAFCFADADAD@D@B@B@B@B@B@BABABADAF@DABABABAFCFAFCFA@@B@BA@@BCBEBA@@@EBCDADAHAHCHCDE@GD@F@B@DADAFCF@FAH@JAH@H@H@H@FBD@BJDHDDBBB@F@H@FBF@@AH@DBDBFF@F@HALAF@DADCDADAJAF@DADCFGDADAB@DBBDBJBFBDDFFDDBFBD@PBRBJ@FBF@H@B@F@DDDDDDD@JBFDBD@BBBB@P@ZCAAACACBE@E@@BABAFCBCBA@ABC@CAAACCCCEAC@@@ABC@A@AAC@A@ABG@A@AAE@A@AAA@AA@@@CBA@AAAAAGBABADCHABCBA@A@ABE@CACAAC@AA@@ACAC@A@@BEBCDADA@ABEAC@CACA@@CBEAI@A@CDCDEBC@A@AAGAA@CBA@A@CAC@EAC@C@A@EAC@A@CBEBA@C@A"],"encodeOffsets":[[101495,29764]]}}],"UTF8Encoding":true}