{"type":"FeatureCollection","features":[{"type":"Feature","id":"141002","properties":{"name":"尧都区","cp":[111.522945,36.080366],"childNum":1},"geometry":{"type":"Polygon","coordinates":["@@LENGNCJC\\A`@\\@RARE@@@@DAFA@@@@DCTKXKPKFCRODC@@@@NSLQFOBMDM@@@@BETUNGXGTHRFPANGRGHC@@@@JCLGFIAII[QIOEOEEGHOPKTEZG`@TDVBPAF@F@@@@A@AF@@A@A@GBI@CBKH]AAMACAHKVG\\ANA@@@@DAB@@@F@^IVA\\BPBPLTHFFJFF@@@B@L@NA\\ELFNFTALAFADE@QBOAQBO@CBIAOEKIKKGIGQISISE@@@@CAQGQIWIUKOIMM@IBE@GEUGUIUCMCUKIQAMCCEEKG_IIYAMHS\\MJMLKHQ@UAKAIDKDODIJIRGT@@@@CLCLMPI@@@@@IBGA@@@@WA@@@@_AI@GFCHEZAFEJEJGLIJGB@@A@ABUAUI[@MDEJDL@JCLMDYAKOCA@@@@UCKBID@@@@A@SJ]HOBYFUDQDQDODIBC@EDMHMHKTGFAD@@@@ILANGNCNINKJIHKBMCMKIKGEK@ODUHWLQ@O@SAOHIHOJMFQHOHIDKHEJJDHBLHPPIZBFDFHDJFJJLJDJDJ@JTATGJGX@bJTDRGRINGVDXJTJRFLJNHXDRDTHDN@JAJCJCFGVBRJLRLLLPRX`JRHLLD"],"encodeOffsets":[[114024,37204]]}},{"type":"Feature","id":"141021","properties":{"name":"曲沃县","cp":[111.475529,35.641387],"childNum":1},"geometry":{"type":"Polygon","coordinates":["@@PITUBQD]GcESGYAEBACU@K@CBAFBDAB@@EEE@A@AB@B@AAGGAA@@@C@@AAABK@AAAAA@AA@A@A@AA@A@@A@A@A@@C@C@AA@ABAB@@A@G@ABC@AA@EBA@A@@A@@B@B@FAB@B@BBBBD@L@BBBDFDHBF@D@BA@A@ABA@ABADAF@FBH@DAF@BBB@DADCD@D@D@B@B@BC@AAE@@ACAA@@CA@@AC@GE@AAA@IBA@AAAAB@@A@@C@A@AA@@B@B@@ABC@@BA@@@@A@AB@@A@@@DC@@AAA@A@CBA@AFA@@ABABC@@@A@@A@ADA@@@@@BC@A@@A@@@CB@@AACC@A@OJS@@@CBABABBBB@BABB@B@B@@@BBBBB@BA@AD@@@@@@BBB@@BA@C@@@AB@B@D@B@BA@AAA@AA@@AAAA@A@A@BA@AB@AAAACA@E@A@EGGAKCAGICICQAU@QAOIMGGIKCSBQ@EOEGCE@MLKJMFOBOF_F[@SG[GMA_CMCGACBCBFLLTDTBXBNBNKZKXEPC\\DXFLDLABIAKCIAIAEBEDIBCH@JMHKDK@GBGBGBG@GDfRbD@@D`d@HDnHTFFXDZAN@VJPLPHTDN@XBTFVPHLX^JH`N"],"encodeOffsets":[[114260,36723]]}},{"type":"Feature","id":"141022","properties":{"name":"翼城县","cp":[111.713508,35.738621],"childNum":1},"geometry":{"type":"Polygon","coordinates":["@@ZEfGTEjERARAXElDPE@IOE@IVB\\K\\CVIPCRFLJFJVPNHDAH@FAFABAD@B@BBBBBBBBD@B@D@DEDABAFAB@@BABCFQP@D@BB@HBFDBADADCDCBAH@BABAPAPDDBDBF@H@FBDDDBD@J@XBbARCVGVQJGPGCIECCIDOJMRQHIHODSKMSI[QEMFQRQFII_GMQKSSKK[QWE[CIG@OAYIKKIKEAIL_B[BaJGN@LKCSCUFiKIGEGGCCEKFSLWFCHOJUHOBU@KDQ@QKOQUSSOEQBuG]@YD_DGLQB@FBF@NAHEH@JEFGBAFCHE@EAKIC@CBK@E@CH@BBDH@FBBHDFDBJABBBBAFDDH@DDBJAFABAB@F@BEJBH@DDHFBJAB@B@@B@@ADAD@LBBBDFFDB@BAB@F@@DDBF@D@@F@DBLDD@B@@BD@DBB@BAB@@ADBB@FBFALKD@BDDHFFLHBB@D@FADBBBBH@@BBDADBBAB@B@@BD@@CBCBEAC@A@CDA@G@A@ABCDEBE@IAQBGBA@ADABA@C@M@I@EBCFIJCF@JDVFJLLRFJHBD@BO@WDIBICOCSDA@}JUDOHQTUPIJOPQFSAcEYACB@FDPEFIBGCKA@EYMNHH@F@B@FDBBBBBA@@BABB@B@B@BB@BB@@BBB@BABA@C@A@A@@B@@@DAB@@AA@A@@@@C@@BABA@AAAA@@A@A@A@BA@AAAAAABAB@D@@IT@P@BDDBB@@DA@@B@@@@BAD@@@@B@BCB@@@@B@@ADAB@BB@BEB@DAB@B@BB@@CD@@B@@@BAB@@@@@AB@@AD@BA@A@@@BBB@D@@@@BA@BBBBB@JAB@BBF@@HBD@@DB@@BBBD@@BF@BADA@A@C@C@C@CDCBA@AAE@CBG@EAE@CBAB@BAB@B@BABC@E@GAECACAAK@C@AAAAA@A@EBA@A@@@@BB@B@FAB@@BAD@B@H@BA@AB@BBBD@D@@@@B@B@BB@B@@B@B@BBBB@BBBBL@BABB@@@D@@BBHHBBA@A@@B@BFF@FA@CBEAAB@D@LDVABBFHZFTHdC^ARSVOJJBXBT@LERIHC\\MRCVCVBPFFF@HEFAL"],"encodeOffsets":[[114358,36724]]}},{"type":"Feature","id":"141023","properties":{"name":"襄汾县","cp":[111.442932,35.876139],"childNum":1},"geometry":{"type":"Polygon","coordinates":["@@GQBQ@MNUNARAF@BKFE@GEEOEUAUDQD[NGDQJKFS@WAIA_MIGW]GKUOSEWAM@SCOGOKUIM@YBWCEEGSCm@G_c@CC@aeQECQqOKQ@C@BFALGJEDEFBL@JCTIFSBKAOEQAOGOMQOGMKEMAKBGJELGJKPMFQFOFYJGDGLELAJBL@RAJGTIHQHGFCJCPGNKNOROJUHHJPLJJHHXAX@^LLHPVLNLRHXAZHPl^VXVJTATAbFRDHBBDNBJAPCJEHCPDNHJJHHFJAPCRCRCVCZEPA^GTIB@@@@@JCLAVD@@@@DBLPZBNCDK@ICKFINC\\@VJVBBAB@@@HAJIHKFIFIBEFYDGHEJ@`B@@@@XB@@@@HBJA@@@@J@NODKDK@@@@HSJQJIPCLCJCLBVBR@LGNKNIT[NG"],"encodeOffsets":[[114335,36762]]}},{"type":"Feature","id":"141025","properties":{"name":"古县","cp":[111.920207,36.26855],"childNum":1},"geometry":{"type":"Polygon","coordinates":["@@AAQ@O@KDGFKHILKJEFGLMRIHKJKJODM@KGCCCGAK@KBK@MDaDMDKB_HOBOCKGKIGQGSGEIAEEICEGMMICGCGIIKGO@MCG@GEAKBGLKT@ZBPDJNPNFEFGFMVKNQPUNIRILOB[HSHSL]HOFSL]BSBQFWHQPCFEFSHKRKJIJ_EMQOCIEEMASAOCYGQDMCAAMOOMKKMQEGGCM@QBOEFIKAEBKFSJGBOFQHGFODOFOHGDG@KEIKIEIBOFMDQJIDWBO@KB[HG@CHBNDJCHKBQAIB[HKACCDMEOGGOC[BE@APBRAP@R@@PBPBRLNNPJNNLJ@@B@BDLHNTFNHTANCJELINMLMJIFCLDLFNDLBNBBBBFBBBBLBJADCB@@@FHFJHFBBAFCD@B@@@BBBPAJ@DBBBF@FCJAJEHBH@JDNBJ@LCLCFEHIJIJGDGXAPCR@NDNJLJJHJJHFHBLCHGFKHKFQHBNDPHRHVLPJPDHNJPJJFNBRDTBRHNHDFHPHRJLLJNJDJ@NBNDFJFLDTBZBR@N@VBNBFBDBADJELCJCJ@PAFC@@@@DAFCFSFMJOFKJKLILEHENGHIRGZGPGFKFKBKFODMFUFIDMFIBE"],"encodeOffsets":[[114878,37326]]}},{"type":"Feature","id":"141024","properties":{"name":"洪洞县","cp":[111.673692,36.255742],"childNum":1},"geometry":{"type":"Polygon","coordinates":["@@CFEBKBSBMEKE[FMBK@A@@@E@IEEESGOKOA[AUB]JE@@@A@CB@@@@MB[BUHGLDBNBBBG^AL@DAJ@H@B@BE@@B@B@@E@E@OBUASC_@YHSFOLGPFHPFPFRJJ\\BJEJKHID@@@@GDQHMHOBQESGWHMHSVAF@@@@CNANEPKRMT@@@@CDQPEDOLWLSLCD@@@@EBCB@@@@QFQB[@_@[BIDMDMHKFALBV@RDNJNPFZNBB@@@@DFFL@PKXGP@RFJTRHFJJDJERARKZMLMJIJMTDLPHDDHHHNJLHNBLHMJQDGNONKNMLILGPIPEXIRCPAXDhFRDPJbFTFN@VUPQHOLIHKTQXHPLTLTHTJPDRBRDBP@N@LADLEVELGDMGKGCAIJE`MNEfKVGRCp@\\FJBXDRC`]\\AVBJFRGLELGHEDGAKEGIGGIIIIKCM@MDQBOHWHCJIJIFGDEDK@KAICM@IAGFGBIDI@EAEAA@CBIAOAA@@A@C@EDABEAIGGE@E@@DABCAIAKAAEAAAAAAMCKEMCKDKJENINKJMFKDIBMGSEMMSKGACA@@@KIMMOIMMQKOAOA@@"],"encodeOffsets":[[114504,36979]]}},{"type":"Feature","id":"141026","properties":{"name":"安泽县","cp":[112.251372,36.146032],"childNum":1},"geometry":{"type":"Polygon","coordinates":["@@DGDMAM@GDCDADAD@B@@A@AACAAAAC@A@AA@A@ADCJGDEFEBAB@B@HFFDD@@A@AAAECEI@GACBEDK@AAAJELAHAPCPCD@DE@@@@B@J@DAJ@FAF@FAN@F@FAD@HBHDFFFFFFDDFDDDD@FBD@B@@CBE@KAGACCKCMKMAOAIBK@KDKDOBM@IAO@QGIAGBKFSHODM@GAKAGGGKGMEUIOGUIMGMCGCMGGIAC@@@@CGAEFILMDK@IAI@GFIL@RAHAHKDI@M@KBO@EDGDOEWEESO_MgOeM_QgUIIWU_Q[AOBUDaDOAWI_BYDUHUDWAKEWEO@QFQH@@C@E@KBGD@BGBGFCBCDCBCBCBC@A@AAECAAACACA@@@E@C@E@E@AAC@AAA@AAI@I@EBC@CBEDFB@BALADKTILMVMVMPOPQNMNKPILGFCJFDFBLH@DCJDN@FGJOLE@MCEJPFRAN@HDFHNRLLPNNPBBNDRCZHPDTBNBFFDJRPFNI`IJQLGLETEFODGREXARATK^ETGPK^GTGTA\\KPQJMJOVMRULENEHEFOMIMOCYAS@KLAHBLHFH@NDP@LHJJDHDHNJHNDFFJBFFJTHRHJHHLDLAPGPA`CLCNCb@NAL@LBLDHDDLHN@PCLILIJGNQHKFELIJKLGHELCP@R@BBHOHOHMFKFIJGJG\\@T@XBT@RINILIXYRKPINENELAHANCJMFKDGPEZBV@P@RBVAVAT@P@TAFAFC"],"encodeOffsets":[[115149,37212]]}},{"type":"Feature","id":"141027","properties":{"name":"浮山县","cp":[111.850039,35.971359],"childNum":1},"geometry":{"type":"Polygon","coordinates":["@@NDF@PKHI@ECMDI@CKGEAECDIHEJKLONMRMPONONUNUJKLSBCBK@AEAAAAA@CAA@CBI@C@AD@J@BAFCBGDWFI@CBAFBNJHDD@F@DABADCDEBCBABAHCF@^aHU@OQOcIeAeBiFkP_L_NUJ_\\IJMEEICWBOBKOHIHURUHQDaBWAI@C@CACCEAG@E@CACAOCOBABABG@ABCDCDCBABECGAA@@A@CRODEBA@AA@EBABCBCFC@A@C@AAAAAAAAA@C@ABEBEBG@CBMGUOEIKIQEODUJ[D[LUA@JPF@JOFkCWFQBQBiFSFeHYFE@QBMBMV@NARHRZBJJH`FLDFNDRBLJDVDNJVHVFV@HAF@JNNPJVLXJRJRHDB@@@@TFTJRJJHLHJLFLBPAJ@DF@\\APDHHFPCNDDLB\\GJARBLADGCIAMDGH@\\GLAP@XAJCRINCPEJAJFJLLFH@HCPGPEPCHERGPEHATILEFALB"],"encodeOffsets":[[114754,36906]]}},{"type":"Feature","id":"141028","properties":{"name":"吉县","cp":[110.682853,36.099355],"childNum":1},"geometry":{"type":"Polygon","coordinates":["@@FCPCJCHA`CTALEJCHKHKR@@@@@FARDXFTDT@RARAXCVCTEVGXIPGPGTKNKPCV@JDNDJDXDVBR@NBL@@B@HCF@HFHTFVBR@\\@RFJLLEFCBGBKIOKKNIXGJBNHRCNE`GVJFLHHJJLBHOFKNCFA@GBKJELAVBVBP@PCJBPANCNALAH@J@LCLGNGHCJKFIDEPBTDN@NIHEJIHONGNGJAPGJGDEBA@ICICIKIIIIEGCCEAEJYOOKGGAICC@G@MAKOIGAOAQKEOIIEA@@@@@KCMBOHIHIHKBQAQGUSOAUFIA[YWCWBQBMDKEMGUGYNMNO@OCEEKGKQCQIMMCYKGGAKDUDMDOAQIEIEMI[IGEMGWGQMISAICIMIQG[GYA[HGBGECGEAACACCC@G@AC@E@A@CDA@A@CEAAE@CCA@I@AAQGA@A@@@AAAAAAA@A@CBA@AAA@C@A@A@@@AB@B@@AB@@AAAAA@A@C@AA@A@@@A@AAAC@ACC@C@E@A@GBAAICEAEAA@@@AA@AAA@AA@AAAA@@A@@BA@@BABCBA@A@AAAABAAC@C@AA@AA@@A@G@A@A@AB@BA@@@@A@@@A@G@@@@AA@@@BA@@BAB@BA@A@@@AAA@@A@A@A@@@A@@B@B@B@@@@@@A@@@A@@@AB@@@@@DBB@B@@A@A@AAA@AA@A@@@ABABA@A@A@C@A@ABCA@@AA@@AA@AA@@AA@AB@@AB@BA@@@A@@AAA@@A@ABADCBCBE@EBC@@D@F@FCH@D@DBDBDBHBFAFCFEFGHADCJADAJBDBDBBFDD@DBBBBBBB@BBB@J@D@BBD@DABCFGDEBIDCBCBAFCFCHAB@DDFHLBD@DAFCDAFCNAFBFAF@FELCJEHCDADAFAFABADCBCDCDAFABADAD@B@B@DDF@BBD@FAD@D@D@B@@@BABGHEDCFCFAFAFAFAHADA@@B@@BBAB@B@BAB@BAD@DAD@D@D@B@F@B@B@B@B@B@DAFALALBLDJFNJPDJ@J@HEJEFAH@HDJDFNNDFHJDDFJBJDH@HCJ@F@FBJ@FADCFEHCFAD@B@DBFHJDF@DABCHKJEJCHAH@HBFBDDFHJDD@D"],"encodeOffsets":[[113121,37225]]}},{"type":"Feature","id":"141029","properties":{"name":"乡宁县","cp":[110.857365,35.975402],"childNum":1},"geometry":{"type":"Polygon","coordinates":["@@GEIGGICMDOFGDIBOAICMAACGEQBaBSISWU]UkGOBYGWKQKMOUKG]KW@WBGGIIOKGIGAIBIA@@@@A@ECOIIMGIU_EIGQOQIMAOGME@GEM@IAO@IBQAOEM@EHCP@F@NCLORAJEN@L@NO\\OCKIIMKQD_CKC]BWDUDCAKIOOIMEQCKIMMMAMDIHURQLeHULIBGBMAMBMFIAIBGAMDKD_BMBOHINOJI@SEqGWGUIIJ@RJPXLDHCJUHUA@B@@@@EPMNSJUBSCOEAAAMACAE@ACCCE@CCAAAAAA@C@A@A@@A@C@@ACCC@A@AA@C@@AAAGC@@AA@AAAGCSIECC@C@AJAJ@H@F@T@HCFGNIJAF@FBHHHDF@D@PAJENGNEDIFEHCF@HAJ@D@H@BBT@J@DBF@DCDEBGBC@EAGCGAE@IBKBEBCB@D@DDFBF@JBBD@FAF@DADABCBAB@@@BB@BB@@@B@@ABA@@BAB@@BB@@BBB@@BB@@DBBAB@D@B@B@B@BABA@@B@B@@BBB@B@B@BA@A@CA@@@@A@@B@@@B@@@B@@@@A@A@A@@@@B@@@B@B@BB@BB@@B@B@@ABA@AB@@A@@BB@@@@@H@B@@@B@@B@@ABAB@B@H@B@@@BBB@@B@DBDABBBBBB@B@DABA@AB@@AB@@@BBBBB@@BBB@BBB@@B@FBFBJDBBHAB@F@D@D@BDD@BB@B@B@@@BBBD@B@B@BBBB@@BA@@@ABA@@B@B@D@B@BBB@DAB@B@BBBBBB@@B@B@RHBBJ@B@DDF@BBDFB@B@DCB@F@D@@B@HDDBDBDFBDHHFHA\\GZB\\HRHNJDJBJJTRNXHNHHF\\JNJJFJFBRCPCNCVBLHHZLNDJNDRLRLHFFPDP@NMZMVHNHLFNCRAXAXD\\ZJBVEPBVTRHRBLAJGJGPGNALD@@@@B@JFPJLFBRBPJHLPNBH@D@FILGJCPGRGNEPIJGPGTBP@R@XKVGPCL@HFJLNLNDLAJGLIJMDMHMBMJK@@@@BCHELSNGNGFCD@"],"encodeOffsets":[[113965,36920]]}},{"type":"Feature","id":"141030","properties":{"name":"大宁县","cp":[110.751283,36.46383],"childNum":1},"geometry":{"type":"Polygon","coordinates":["@@PIRILKPMRITE\\GRGDMJSDMDICI@OAMBMBGGOJINELGFEFIFSDMDGACAE@MHKFOFMJGHIFGDIAGCEIGCIBKHKJONOP[JOLSDEDCLCNAJ@NDNINOLCLCT@X@LCHCLGJKFEHKBKDIDCI@G@KBMBMDOBIAODO@UAUAKBIFAL@HEBMDELGPKAIIGGEKUI_HMFQDMGIAWHMJLLJPALAHEDKFIKQE[@Q@UASEEG@GDE@G@AK@MAQ@UAWCICMCICU@ODMLSLOHOHWJUHSFUDWDQBQBS@SCWEQCEB@@@@Q@GLGLIDKFSB_DGBIDODED@@@FAN@LBDDDFDFHDFHNFHBF@F@FBJDL@BDN@D@B@D@HCFIHOLELAF@JDFFHVPNJJLDJBHAPBVAJAH@LBTALCFCD@BKNB@bJBADA@C@CAGEMACBAB@D@FDDBD@BABAD@F@B@B@F@B@D@DDB@B@D@DAH@DARKJCDAD@HBNBFBBBFBD@D@FBDBB@DAFCJCFCBADADCDAD@H@D@DAD@JBRBLDRFLFDFBLBJBH@JRNRJTJPHVJJJPDLBVHFD@J@JBFBFDBFADIJEND"],"encodeOffsets":[[113419,37481]]}},{"type":"Feature","id":"141031","properties":{"name":"隰县","cp":[110.935809,36.692675],"childNum":1},"geometry":{"type":"Polygon","coordinates":["@@BABE@@BAB@BC@A@A@A@AD@BAFA@@FG@A@A@AAA@@C@GAC@AC@@@@@A@@AA@@@A@AAC@AAEBEAC@A@ABAB@ACECEACA@AAA@CCE@CAI@G@A@@CA@A@C@CAA@A@C@A@@BAF@@@DADCJEHEDABEBAFADAFCD@D@BDBBF@F@DCJCB@FDDDBBB@DBHBJFDBH@DAJAD@F@D@F@DADCD@NBJDDDDDD@B@BAAC@ABAB@DABCACCA@A@C@ABE@ACA@A@@BC@CBADA@A@AFCNKLKFYFOBWBQFaRMR@DAd@LEFKFEFKAEECGAECDMHQLIPEBGGOGMEKDKHKFI@I@MDKAACCECIKEKKOECSCSASEKKEMEOCOOMMAUBWBQDUBUDQ@[BSBW@QAKEEAOAU@MF[EQAWAO@QBKAQCMGEKGKACKGOKSKSGMEMIAEIQMGKGIMBSEQCEEEMKEA@@@@KEICI@GABDCHCNETEJEFKHMFIJHPAHANBN@PDJCJCNITCNQH[HSFQJONKLQJOJBNELDRL@RDTH@JGLAPNBTHHFFNBRATGRENCTDPJNAHELCDCAKEC@CDAFBHBHNPPNHBDJHRCNGLIRETBRFRJHTLNFRNJLDLFPJDLDRDPHNFHBRDH@JBBFBH@F@BFDNBPDRHH@HLLLPCNANCRIHAPBLDJHB@BBDF@BEJEJ@F@JDFDBD@DAJCFE@C@KBCDEBA@AAACEC@CAAA@A@E@AB@B@BBH@B@FBB@B@D@B@BB@B@DAD@B@@B@@@BA@BB@@BB@B@BB@@BB@BCD@H@B@@J@N@B@@@@B@B@@@BB@B@BB@FB@B@DAB@BBB@BB@@AFA@BB@@B@DAN@JBH@LB\\B"],"encodeOffsets":[[113747,37818]]}},{"type":"Feature","id":"141032","properties":{"name":"永和县","cp":[110.631276,36.760614],"childNum":1},"geometry":{"type":"Polygon","coordinates":["@@EOCKIKQMMESKIGEQAQFSJQHKDMGQCIGAOMMOAGAGBEDCD@LFDBDCFKBGIMCODSFMHQBSAQEMGESGMABOHK@ISGQCK@CQFKAMMCIFCJEBCAAEAE@I@IECUGKAOCIIUIOGSIQIQM@IAGAIAKCEKEQEKCQAIAC@CBC@G@C@CBCDCBABEDIDEDCBA@CAEAC@C@EAAAEAMAGAC@CBIDQLCBG@CBC@A@A@CCC@A@E@A@A@E@C@ABABC@CAECC@A@ABBDFNBH@D@DCBABaIA@CBAF@FBJFPHFBHBDCJCBGDGBULIHABKLUVKPQ\\MZCJGJGHKFSHOJIHCHAH@HDHFDHDF@F@F@FCFEFGFGFEHAFAFBFBBDBF@HCHAJAJBHDHFFLLHHDFBF@FADCDEBE@GAECEECECGCACCEAC@EBEBAD@D@DDFJFJHFFDDBHCJCFGFGFMDMBI@O@KBEBABAFAFBBBBFBF@FALCD@D@FDDBFJLVFNDPDL@H@D@BCDCBG@GBEBABAD@B@DDBHBFBHFDFDHBT@HAHGFKFKFMBO@K@GBGDCBCDAD@DDFFDF@H@N@LBFBHFFFBJBFHANCJGHIDED@F@HDHFFBDAHCBAFBD@DAFEDADEDG@AD@F@HDRFJAJ@D@DADEFCD@P@D@HAFAPADADCBGDEDCDABBBB@FAF@DHDLFD@D@BABEFEBAF@FB@@B@B@DG@@B@\\HH@FBD@BD@DNHR@PCRAJFFDBDBF@FNRAN@J@J@LFPJJJHFDN@RCP@LBJBH@LDN@LGDGBGBGFSNCNALCPCNANEFEHUHSHGHGNGPAJBHANEHCLAH@PBF@"],"encodeOffsets":[[113500,37744]]}},{"type":"Feature","id":"141033","properties":{"name":"蒲县","cp":[111.09733,36.411682],"childNum":1},"geometry":{"type":"Polygon","coordinates":["@@AKGMIKGMGGCCOGCKNSJININKLYBQFQCIIIGESQEI@QHOLW@OEKCE@@@@AAYMOEIMCM@QAUBKKCGKIQW_OQKKQKIKAQHUDEDIBI@ICMSGQCWCMGKIQESIWIUCMHQJQHSCaIW@IHSHSBABCFIHOHIBMHMHGPIJGFMJM@SCOACFEJILGDMHKHKDCDCJALGLEFILKHGDKDW@S@KDKDMPMJMCI@MBKDCDCFKTIPO\\MPIPGLALDJJHDFBHCJEHGJIHENEPGL@NBFHBJ@JDLF@@@@FBNLFFDFFRATJNLHNHJRBFNJNFTHTLPLLHBDHLFLNHRDLBRAP@XBRB\\FNEV@PBFBLFRBX@TA\\AR@VCVARCXAVANBPNDPFPFNLLTFTBTDFDLPFLJLFDDDBBJENETCPAPBRBPCVGTEVITKTQNKHOHUBM@M@IAG@C"],"encodeOffsets":[[114066,37427]]}},{"type":"Feature","id":"141034","properties":{"name":"汾西县","cp":[111.563021,36.653368],"childNum":1},"geometry":{"type":"Polygon","coordinates":["@@NGJIJKHGPILGPELCNANBNFLFDBFP@HDFBB@BBD@B@B@F@BDBB@D@B@BEBEBEDCBCDAB@@AAG@GBCBA@@B@B@BBBBBF@DBF@BBBBBF@B@B@DCDADEBA@AF@BBB@AF@@BBD@B@B@B@BC@@DADCBC@@FECGGAE@GKBKDOJQRUNOHGLMRIZQVMPGNEHANMNIPILKRQTKJADBEI@@@@@@GC@@@@ECOCaILQLOFKBKBQASIKIKMKOKIICOHGTEFANONYJQLMNAF@BC@K@MAOQCQAOCSISGSKOKWGSRGLKJGPORUVM@SEaEOIQCgEWCOBQDWJOFOJKHKJMNMLMPCHIRGN@DBH@J@NANGVGPMLSRSLUJSFUHODQAOAOBSDMFIFCL@N@JEJGLCLFLHNHPAHOFKJGRCNFDHBFDBFELEFELKFc@CBLNRTJBH@PAJ@LBFBD@BA@A@C@E@ADC@AAACC@CAEACBAJ@PABBB@BBB@B@DAFAF@J@DBDBFDB@DEBAD@BAB@BAB@@B@DB@FB@B@HCL@FDDHBB@BCHEFALBHBNBDBBB@D@BCBEBA@@BDDDFBBB@B@JCB@BBBFABADADBFBBDBFBLDHFFBJJHFFFPFJBFDHD"],"encodeOffsets":[[114089,37688]]}},{"type":"Feature","id":"141082","properties":{"name":"霍州市","cp":[111.723103,36.57202],"childNum":1},"geometry":{"type":"Polygon","coordinates":["@@DBFFBDB@@@HJAD@@@@@@@@@@CPORIRDN^HVFVHTJdDTDLFHBHCLEDCTITGXFRFTFD@FCFCDABBJFBBL@FADA@CBCAA@AGCAACE@A@A@AD@H@PFJBDFBFAHNCTCTBT@TBVCNDNAPCHALEHCLIJELGNIRIPDLHBHJ@PAHALMFOBS@KJKLGFIFE@EDNIFGBCCAEAMAUAM@Q@YASAKCIECEAM@MCIMIKIIKGQGOCEMGQGSAQCMAIEOIMICGIOKOGUGQCOAMIEUA[B_^QDWCIA[Eo@QDUHeLMF_NIFBJHDHLCNKHUFKFE@MBKNIRMZMPEBSFGHDPJJPLNLJLJLBTARALELKPKRbJPDFD@@@@HD@@@@@@FJ"],"encodeOffsets":[[114356,37531]]}},{"type":"Feature","id":"141081","properties":{"name":"侯马市","cp":[111.371272,35.620302],"childNum":1},"geometry":{"type":"Polygon","coordinates":["@@HCH@HAHAHAL@LCNG@IDGJAFCFAJBJBLDJBBACKEKCWD[FOLWLYAMAMAWCSKSEKG@IB[IGFA@GDCB@BAD@F@BA@@@A@CCEEEAIAIEK@K@ECCGGAKCGCCBEFKBEAGCIAEGEIKEMEMCMAIBKBSPEDIHKJCHJLJDFJCHGHGJIPELA\\BHBBB\\LHB@NEHEF@HFBHADEDAB@@BBRHB@DD@@BB@B@BAB@BAB@BCD@FABABABABADCH@BBBBDD@@@FBFA@BD@BBFDD@B@B@DBR@DAD@B@^GBAF@DAD@R@PLRrFD"],"encodeOffsets":[[114051,36560]]}}],"UTF8Encoding":true}