{"type":"FeatureCollection","features":[{"type":"Feature","id":"141102","properties":{"name":"离石区","cp":[111.134462,37.524037],"childNum":1},"geometry":{"type":"Polygon","coordinates":["@@JQ@@@CB@B@DA@@@A@AAA@CB@BC@AACAACACCA@A@A@@@AA@A@E@E@C@A@E@C@E@A@C@EBE@G@EAEBETENCPGpG`E^@J@VELAfKXENBFMDAHBTDH@LAJ@JBFDFLFJ@LBDFBRDLBHBBFDHBJ^RTLNJNHTHRDVBTCNATKVIXGNCLOPKLKNCJANFLDTR@L@hHNZLFCFAPAT@JCHC\\ANCDEBIAIEM@GBIHITITGNIDK@OBSBILMHODIHK@G@ECGIGMEGBMD@BEDINADGFAAEECE@KAAECEAEMAA@SBKFIDGDCFCHEFCBCR]HMFKDSFMJMLOBCJCNCDAHEJ@HEFGDCBGCG@ABAFEFEDGBE@CDE@A@CACAGAK@CAECAECEE@ABABCBC@AAACACCEEA@E@A@A@OQKIIGAAE@C@CBABABCBA@C@A@MEC@EBCAA@@A@C@C@AAAMAOCCBCBABE@KAAAAA@AAAEAAAAADE@AAACCCC@@OHMFOHQJUJ[LOFKLKLGPOFSAOA[GQAQJUDQCUEU@QHIJKPGVGTEXEVEVGPINMDQAGGGIQ@WDSFEQKIQBMFMFWHQDUHaJMBK@KBG@EDKBG@EACCGDE@@BAB@BBBDB@@BBA@CDEDIBQACBCBIJCDAF@F@BA@A@A@A@CFA@EDGFIJKNOHKFQJONMNINGJIHITEPMLONKJINIHENELAHBJDJFDP@NANBJBFD@F@DBBB@J@B@@BABGNAD@B@BD@H@F@F@BBADIDQNGDEBKBGBABADBHFH@D@DABADBFDFD@H@HDDFADCB@DBBD@LCBBBBFL@FADAF@DBDDHB@B@JANAD@DAD@JCB@B@DDFF@@B@B@BABE@C@A@ABAHCHEDABCBEBCBAJ@FAD@D@B@FFDB@@D@BB"],"encodeOffsets":[[113725,38624]]}},{"type":"Feature","id":"141121","properties":{"name":"文水县","cp":[112.032595,37.436314],"childNum":1},"geometry":{"type":"Polygon","coordinates":["@@J@F@D@@C@@DAH@L@F@@A@CAEACBCBEJAR@DCBC@@@E@@@GCAE@UAKEGA@C@@BCHCHEFCDAVCHABCAI@AFCJEHCBEACACAI@ACAA@AAGEQ@YEWEUMWSIK@KAMBQEMOOMGGGAIKOEGEAAACG@E@CACAA@AECAAMCCAAAEC@@@A@ABA@CA@AACECCCAIGCAECA@ICCACCCCAC@@AC@AA@@AEC@@CCAAAA@EAACAA@ECA@CA@AAA@AAE@@@AECEE@EEEEAECCBIHODEDAB@FBL@FAFAHCDIBI@IBGFCFCD@F@BBF@BABIDIDQAO@@ACCCGMMKGEC@CCK@EBIACCAKAGAAAAEAAGCGAEBABA@@FCFEF@D@@A@E@AJOPCFGNELDP@NCNEFGJ@@SFCBSJGFOHKLSVELKPIJODMAI@MAGDALCNGNGBOB_AUCEBFTDRAFGFCJBXCLI@U@WAO@o@Q@I@MBODCAGAEAA@CD@@A@A@ECA@A@@@AB@B@@C@A@ABADA@A@C@GBA@IFCDABABCBCAC@CA@@C@ABCFA@C@E@CACAABCBGBABC@MAMCIAG@CB@DCJCBC@IBA@IDCBCAIAE@EBA@ECGCCAAAAAKCGAAAII@A@A@A@@G@GCA@@AAAAACAAAI@GFCBMDIDADKPINENCTELGNQ^ADEDGFEDCDCHEJAL@TBBFNFBFDBB@LDFFFBBHEBCJMFC@ANCHANFJHDH@FL@TAXAJAZGJCR@TDPDRFNBR@T@TATITIRSPMPC^@^@\\@PAJGFAVHZFfHRDTFXFNI@A@ALILQBC@CCQEKCCGCECAC@EDGHEDCF@FARCNEHAPCF@DBABELCJ@DDDPANAJ@H@DBBNFJPFNBP@V@VEJKAO@IHCJ@JFHLBPFLHFLBR@HCD@FAHCLEF@TDFBBDAJD@H@FADA@C@C@CBADCBCFIHGLG@A@EBABCF@D@@BDFBBJCLEHEDC@EGKGI@CFILIPITBJJCNHJLFJBBBDBF@DANKHIDGDAFAFBFBB@BDAJEJCF@DDDLJJBHCNALARDRFDF@HGPALDFH@FCDEH@HBDHDFDDFBHAREFDH@DGJB"],"encodeOffsets":[[114969,38425]]}},{"type":"Feature","id":"141123","properties":{"name":"兴县","cp":[111.124816,38.464136],"childNum":1},"geometry":{"type":"Polygon","coordinates":["@@JGFEDE@K@G@CIECECIAIBCHGTEVBJBJ@LAFCJMJKJKHEJAZ@RJTFXNNJRNTFXLZJVJPDRNNJNHLDPBNBRDXD`AJCFCBADGFEFKDKDQBKBMAEBO@@@@@@DKHGNCLCJCDEBG@K@KAEDMFIJOFKFKFIHGFCVAR@NDLDTBTBXHP@DEAIAGDIJCRGHADEFCDCHANA^BpACAMCK@IAEAG@ICE@GCKCCCAC@A@CBADAHAHAFCBEBCACACAA@@AOAQ@KFODQDODOHSDMDQAK@GCICECG@A@I@ACCEIEIAC@CBG@CBEDAHED@F@D@DBFADAHAB@DAD@DCFABAD@L@F@FCFADCFADCFCLKJGDGDOHQFQFMFK@EMCOEKGMKAIAM@EAKEMEIKQIGOGEAMMCS@GCKGIIE]MKEKICICKAMBM@K@IAOCMAOBEBCBABC@C@CAAACAGAEAEEIAEACA@C@E@CAACAAAACAC@CAC@EBC@CBE@CBCBGFCDEDCDCBC@EBE@E@E@GAAAGAECIAECCACBCCACEIAMCMACCII@GDEBC@ABCBADADAHABABCFCBCDCDEFABAFGLAB@BADAFADAFEFKDCBDJDLDDBFGJBBB@H@BB@@BBAP@J@BFFBB@BBB@B@DPDFB@DHDFB@FABABEDIDE@EBC@KBC@A@GECCMKKEE@CDEDC@ABI@UCIAGGCCA@A@IF@@K@QBSGKDYNQH[@WFOHOLIPABKJIBGACCAQ@MBCCKEIGGQEQGSIOGOISGMDEAEEAEAIMMUAEAOCUGQKOGOCSAMASIOEOEODQLSNUFOB[CSA]MYFGPCJGHMLMLWJSBUAYAYEgGUCMBEBCBEBE@O@WHEBADABC@ICGCEACBC@AFADAHCFIDADBDDDBFDFABC@C@GDGBCFEDA@AAEECCEAC@CB@FDL@D@@ADB@HDFDBBBDBHBNAV@NHZDRAZBTHPNNNFTBbAlCZBRFPJFHHLFJLPLLLLLJJHLDN@PDH@XFHDHHDHBFANFVHNTVFTDJBJBJDJFJLHLFHBPAT@NCHAJGNGHCJ@JBJFJFJDLFHDFF@FAHENAJBLBV@D@BADCFAD@L@D@BFBDDDBBBBBB@DBBAJAF@D@B@F@HBD@FDDFDH@B@D@D@DDF@NAJCL@H@JBDDFHFFFBFBF@FADC@G@E@KDKDCDADADAFBDAFEJKLGHAH@H@HFFFHDJDNHRDHHDJFHDJHDFBFAFEJCN@NDJFHLJFDDDBBB@B@B@D@DDHFHLFH"],"encodeOffsets":[[113608,39659]]}},{"type":"Feature","id":"141124","properties":{"name":"临县","cp":[110.995963,37.960806],"childNum":1},"geometry":{"type":"Polygon","coordinates":["@@BC@@@CCK@EDAD@FBDDFFBBB@FCDEHAHCD@D@BACEAECCACBCJCDEBGBCBED@DAFBHDJDD@BABCFAXGP@F@FADAFANAVDhHZFZBVBTAXINKNKHGDIHOZE^NTB\\DPAVETMRKPCPFPFTJNBTBPDPHRLVHPDFBVBNNBJBFFFFBNCTHPJPHTJRHRFHHFJDLAD@NBRDDHBJALIBAJOPKPGXE\\@RGZMLCTHRAL@@@JEB@B@DDHHJBVDJ@BAD@FCDCF@LFNLDDHFB@D@LAD@FAF@JCFCBABA@EEAGC@CEAOC@C@AAA@AAAEE@A@IBOAA@@AAG@A@AAHIAECCCKCIDALCFEBEBCBEBC@ABAHKBEBAFEDCDCDADEBABABGBCBCDABAD@FAHCJ@ZCTCVEFCDADABC@ECCACEECCAECEEI@G@MAE@EACACACCEECCCCCCC@ACAAAAEGCQOIICKCMAMAA@AA@@A@EAACACCIECCCACAA@@AACCE@CA@@AAA@A@C@CDEBG@A@AA@CCAA@CAA@@ECAAAEAGA@AAAA@A@A@C@@EEAA@AACAEAA@A@C@CBABCBC@A@@ECEAAAAA@C@C@AAA@ACE@A@AA@GGQKSIQIOCABQBEBABABCFABEHA@CAA@CBC@A@@BAD@@A@A@A@A@@C@AA@C@ACCCAAA@AA@@@@BABCJKDABA@@CIAMCOEK@SDU@SCQE[A[JINAN@N@JIFECKBO@AJAD@B@F@D@BAD@DAD@D@FCBCB@B@DBB@BB@B@BADAD@B@@BBF@BABC@CBAB@DADAB@BA@@@@CC@@@AAC@@AAA@C@E@E@@@AABECGKAIASAUFOBMAECCCCEMGODKFEBAD@DABC@C@A@CAE@E@E@E@EBEBC@C@E@EBA@@@AAAG@@EAC@AAC@@@CAEEA@C@C@EBI@ABADAFADCBGFGDAB@B@B@DAFABA@A@@@EECCA@A@IDC@CBC@MBIBA@A@CGAC@CBEBC@EEKAAAAKDC@AA@CDABCCEGCG@C@CEAEBCBA@C@CEGAGBCBAHALAFAHCRMJCBCAAE@E@G@C@@A@ABCHMBA@AA@I@A@AA@C@EECIAMAMBO@ECCIAIBGOBO@SB]EO@ODMHU@GBMBC@AAAA@GDI@GAEBGACCAEASACBCDEJGFC@EBAACCACEAEAGBEAEAIEKEEAA@GDEBCBCAG@KA@DAJAJAFEHELAFBJDHDDFBJ@J@H@HDJFDHDH@DADMLKHEHKJKFQDWDSBKFOFYLKJEL@B@LHLRJhHTDJBHHHJBF@FGJKJ[TUJUFaLcNIFIJGDABCDEJAH@TIRGTORGJABEBAB@B@DBDEFCHIHW`EHCFCBAFAHCJCJMTKHMFEDGFC@ABA@A@C@G@GBMDGDC@CDKFMHGDKHGLCJ@LBJFJLNDF@FCHGNCFEDKDGDGJAJCL@L@HDPJT@L@LCNEJEL@D@LBJPPRTDHBJALIRIPCNAR@ZBTBNHPHJHHDBBBJBHBJARCL@JB"],"encodeOffsets":[[113211,39128]]}},{"type":"Feature","id":"141122","properties":{"name":"交城县","cp":[112.159154,37.555155],"childNum":1},"geometry":{"type":"Polygon","coordinates":["@@HAH@BABA@AAC@A@CAA@C@CBC@CDCHGDAFCFEFAFADA@A@CACBE@ABADADABAFAD@F@D@D@F@DABABCFADADAHAFCDAFCDCDCBCBCBA@C@E@CDC@ABADAF@DAD@F@D@DBF@B@DBD@DAF@F@H@L@D@F@F@HAHAD@D@B@FBBBDBDBDBDBDBD@D@FAD@DCFABADC@AAC@CAA@C@C@A@ADCDCDADA@C@ABCAC@EBABCBC@CDGDCDCFCDEBABCBCAE@CAE@ABABBFBJBLBD@D@DABCBCBABGDCBCBCBEDCDAF@D@F@DBDBFBHDJDLDF@H@H@F@F@FAFBBBDBB@BA@ABCBABABADCFEDAHCJ@J@LBLDTDHDD@D@F@H@HCFAD@FBNDB@FGLMLMBAB@D@HDB@B@BABCBEJGB@DAD@FALAFAD@D@BAFCBGHCDANAB@BAACCABAFAB@AECIEE@GBIBE@K@KBCLCNG@@DCBCBABCDEBCD@DADCDA@@DC@@@@BADGBIFARCFCFEFWHUFGHCLCR@P@ZFNBLBD@DABEBU@GKIIIGGGCAEAE@A@CIACHG@ECQFGBEACCCECGGAG@CFEDG@CEBKHO@GCEQEQCKBMBGDIAKICC@CDEFIBIACA@EAEAEBCBCHGJMLCBE@CAAAIAKEGIDMIISAOJKJEJ@DHJHL@FCDGFKFIDAACE@AC@E@ADAB@F@BKHGHEJADCDAB@D@D@DCBEBG@C@BIACEASCE@KFGDEBC@GDQ@KAGEEKAOGKIEI@GD@JBPILUFU@O@MAOEEIAMCAG@I@MBOBCC@CDIFKBACAE@ODGBMFQDEBE@CDGFCH@FBDFDHDDDFLDR@DADKRKJ@B@BMJWESEQCeGYEUGEBIHOB[@]@]@ODONQTSJSJSBS@Q@MAQEOCSCQ@IDYHIBWBSBK@@HGLCJGPKNAJAT@PCLMJSHSJGJAJ@HFNBJAJCFMD[BGDIDS@OBEBED@@EFAH@LCPEJCJAJHLDVBP@L@NCJ@DABADC@CDEBGFMFGDCBEBAFCHAFCHKRENBDBBFBJDHFDF@DAJAJDJHPBDADCDAFAFBFDLDJFFFBJBlHPFLDLBNBF@T@bCDAFCF@JAFCFADAJG@AB@D@DCF@FAFADADA@ABABE@EAEBG@CBCBE@CBEDCDCB@D@B@BBDDBDDBDBFBHBD@H@JAFAFBFBDBDBFBD@H@FAD@BAD@BBDBBBFBD@B@FADCDCD@B@D@B@DBFDBBFDDBF@D@HAF@D@D@DBDDBBBDBDBFBBFBDBHBF@JDHAF@FCBADADBF@F@H@BADAF@B@"],"encodeOffsets":[[114420,38783]]}},{"type":"Feature","id":"141125","properties":{"name":"柳林县","cp":[110.89613,37.431664],"childNum":1},"geometry":{"type":"Polygon","coordinates":["@@FKFMJGJMLIPMNKFOJSJGHIJMNMPMRILEPGLMJIHEFCB@DEB@B@B@B@@A@EBEDCJIDADARBJAFCDCB@AA@@CAAA@ABA@AF@HC@@BCDEDM@EGEKGMGUIYESCEA@C@EROFCFAH@DAFOLOFKFQAKAESMKGEEAEBMFMBICGGEKEIEEECAKAC@ABC@CACCCECAI@GAGCEEEECOACBIDE@CCACAA@GNCDCBG@G@C@A@@D@FAFADA@C@M@KCMKEKBKDSJ_@QGQIMRGNELENKFIEMQE]BQBQAGEAQ@I@CFIDEJEHGDC@KAECCCCC@cHMBM@E@@A@ADEDCBC@ACCGEC@C@ADCBA@IAE@C@E@ABGNGHC@E@AAA@AEBG@AA@GCEA@A@AFE@ABAECIIQIGAEBABAPCHADCB@BABABCBCBABC@C@CBGHCHELINABABCAABAB@FADCJADDN@FAH@BBDBBBBFBDD@D@BKHOPIJMFO@OCcOKIQQKOECAAE@C@C@AFCFEBEBCBIJEJEJCFCBG@O@GAEAEBABAD@FCDC@C@E@EAC@C@@BBHDDJDDD@H@FEFEBG@IEGEA@@NDLDFFDBBH@N@PAFBJDDF@H@JMNGJCJ@FBFHDLFLFJNDLBHAB@DA@@BABGDYHODM@_DUFMLGNAVBRBNFJFLDHDLBVDJHFLDHBF@\\@PBPDTBPBTBJDL@P@HBJBHDDDDJDJHNBF@HAHAH@LBJBNFJFJHJDDBHAH@JAHBDFBLHLHHLJJBHAHEHMPQTCFCD@D@D@NBHLBH@DBDAFAHCB@FBLFJFFBFBHAFBFBBDDDBBFAD@HEFIDCDATBFBDBBDAHBF@HCJ@HBBBBD@NAHAV@NGPCP@^FTAP@PA"],"encodeOffsets":[[113608,38531]]}},{"type":"Feature","id":"141126","properties":{"name":"石楼县","cp":[110.837119,36.999426],"childNum":1},"geometry":{"type":"Polygon","coordinates":["@@CACC@A@@HC@C@C@GAAEGCCCACACAAAAAAA@A@GBGDIAGBCBABABAD@BBBB@DBBB@DBD@FAD@DB@FBDBBBBHBF@FCDEDAH@B@@BBBCF@B@@BBF@BABCFOBC@@BAB@D@B@DBF@DAD@B@DBBBB@D@JGF@FCLEB@N@L@F@DAFCPEF@DBDBDBD@FAFAH@N@BABBB@@BDBBBBBB@B@B@FA@@BBB@FAB@D@B@B@@@BBB@B@B@BABAB@BB@@@B@B@@BBH@@B@BAF@@@BHBH@B@FCFADCHE@@D@DBDDBBBB@D@D@BBBBBF@D@F@FCDEHELCNANALCFCDCBGACCEAADIBIFMJMNO@ABOAKCgBQAMIaCSAQ@EFIBKCMIKOKCIACBA@ABA@A@CAA[AKAG@IAM@CBA@@@AAB@BE@@AAA@AAA@CBA@A@@EAAA@A@@A@@@A@A@@A@M@I@@@@A@GDC@AAA@@AAA@A@@AA@@AAB@@A@@@@ABC@C@AAAA@C@A@A@EAA@G@AAA@A@@B@F@BBBDBD@DFBB@BABCFAD@L@DEFIDCBC@CACE@I@EFIFI@ACEAAA@IGKCOAGBQJMDMBODKKGKG@QGOCMAEC@A@EAGAEIAG@QCGAMEOGQCKCICE@OAG@KBGDMFGBIAOBMHGHGHGTGVEFMFMBODKDMBMDETAHAHCHKHM@KCG@IAKAO@QDM@ECIGIIEO@K@I@IBMMQ@EAEACECIEQBODQ@MG@CACC@EAG@[GA@@@CHA@A@@@EAE@ABEFAFABC@C@KEGC@CBE@EAAAACBCDCFAHCDCBOBEBGBC@O@C@EDCFCBC@I@IBQEGCE@C@@BCHCFCBEFCBC@EAABGDCBEAGEGCE@C@CFGJIHMDGB@@ALBJBLDTDPDJJNDJBN@FAFCHEJABCHGNGJEFGBMFMDKJGJAFAJBFFDFDH@TBLALAHCFCNKHELCJ@H@HBFDDFBHADEFEBG@SBKBGDCBABAB@DBHDDDDJDHBLBN@NALBJDNLLRDHDDFHLHDDFJJNFFHFJFFDRHPFFFHJDF@HAJAH@HBF@HDFHHHFNLZPZXPPLLRVJNJJLNJJPLHHFHDNFHFFLFDFDDBJBDB@HFJFH@FAFE@E@GCCICCCAG@AD@D@FBF@D@D@DC@EBCBAFAFBHBP@H@DADEFIFIJIDAFAFADEBED@D@F@BBFDLPRRLJdPPDP@NEJIPOLG@A@CCCEAAAAAAC@ABG@ECMBCDIBC@EBABADBBABAJMFKDGHGDAD@D@BADADABABA"],"encodeOffsets":[[113506,38056]]}},{"type":"Feature","id":"141127","properties":{"name":"岚县","cp":[111.671555,38.278654],"childNum":1},"geometry":{"type":"Polygon","coordinates":["@@QGMGMCMECCOIIEAGAGLKJEJGNININKLKLGVQLELK@ECCBEBEFC@IEESMACFMDC@CDGFCBC@ECCCEAI@CFCFAFALKJEPAPKAEAIDGFIBEAEEGCKBEDIHEJAPGBC@GAQBCOIGCUCEBKFG@UGOCWACCDQAKAMBQBMDKJENKJCJADEBG@CBCBEHCRKAECAGAECCGCEBCDEA@GACAC@A@CBE@@ABC@ACAMBGAAAECGBAECGGCIBEAG@A@GHE@CBKGOAOAMEAEFO@ACIACCAIIMKGEOO@@IEUAGCGCMGQEGCGCKGIGMKOCMAG@MASAQ@I@QCGCIEOEGCAGCHADCHAFADAF@DEFCDED@FCD@LABCBEBCBGBMDC@I@C@ABGDEDCDGAECC@IDQTSFOJOBGBEAIBMDABEHCBGDCBIBQAA@C@CBEFGBOFCBEBMDBP@J@LANBNDLDJLJLF^NJFHJDL@HDTNNFBPHJHLRFJFNBL@FBNBJNLLHPFND@FELENERGRCPCHIHKLEDCDEBCDEBEDE@K@C@ABEBCDC@CBA@GBCBEBCAC@E@C@GFCBAF@DAH@DBDFJFJDD@B@J@BDHDFDJ@HBLCRCNGTCPCPCREP@LBRBP@@BBBDBDADAFEDGBGBCBAB@D@BBDDDLDHDF@JDH@FBJBL@NDDBB@TALAJEFCAIDI@K@KDMBIHMNMNMJEPILGJIFERMDLBJ@N@J@@@@@BCB@LDJHJDBHBLAPOJILCLEJAPDNHHFVPNJRLRHJJVFPDTJRFXDTFPFPHLJFFJNFJFNFJFFTBRGLEJALMJKHMFKFGDIFMFKBEBO"],"encodeOffsets":[[114452,39462]]}},{"type":"Feature","id":"141128","properties":{"name":"方山县","cp":[111.238885,37.892632],"childNum":1},"geometry":{"type":"Polygon","coordinates":["@@NCFADAPEHAFEDAD@B@RBJADAHCDAFGBANCJAFBHAPAPITERSJCD@FDHBDCFCHCBAD@J@D@NCHADAFADABA@KDC@EFCDCFE@CBEBCBEDGBCDG@G@EEEGCSCEA@@C@AAA@@AAABA@A@EACCACAAA@AAA@A@A@AB@@ABA@AB@BA@AB@BAB@@AB@BA@AB@BAB@@A@AAA@AA@AA@AA@AA@AAAAA@AAAAA@@AA@A@AAC@@@A@A@A@A@ABA@A@ABA@@@ABA@A@ABA@@BABA@ABA@ABAB@BAFA@@@@@@BABABADADABC@ABC@C@C@E@CAEBCBABADA@C@CBC@G@EDE@EBADABCBABA@ADC@CBCBADEFCFCJADAFAFGDI@AEG@A@C@CDEBABCBCBEACCAACCAC@CAC@CACCECCACAEAEAEACAIHCBEBEDIBE@EDCBaDS@E@MAKAKCOEkGIAEAEECICKAEBEBEDCBCACGOCIBIBI@CCEGEICEAAAACFMLQDGBEDGBEFADAHCNEHEFADCD@BCBA@CDI@M@KAOCUGKBIDIFIDO@KBGFE@@YKGM@g@KSQKCMEIBMDKLOLKPMDWHUJSLMBSDUAQCSGMGMISK]QAICGAEGAKAQCEAAC@KEIEKECIAI@KBG@SCGACBENMAWFeLKBUFI@]@_FoHOHMDSFAFBF@F@HAF@F@D@B@F@D@F@B@D@F@F@BBB@@B@B@B@DDDBBBBD@BADA@@DBB@B@B@@CBA@A@@D@@IRD@FB@@BHBB@@B@FAF@D@D@FAFAF@F@F@F@DBB@D@D@BA@CBCFALEPCNHDFDDFDNBPAVETBJBLBDHAFBB@@F@F@D@B@BB@@BD@B@@DD@@@@ABA@CBCBA@AB@DADABE@AA@@@ABCBC@A@AAAA@CAA@A@ADEDC@C@CBC@ABC@E@A@C@IB@BAPDLEFIJM@M@MBIJB\\F\\DR@TCV@TFLDPBNDJ@@ABCBILADAB@@@@BBB@BBDDBDD@B@@B@DB@B@B@B@@@BC@AB@D@DAB@DBB@FGBADEBABAFARABAPDRJTJRLHHB@@B@BDF@BBB@B@D@DBBBBFBFD@@@BADADAB@D@D@BBBBFBD@BBBFF@@@D@B@BBBBBB@BHBFBBFD@@BB@DBBDDB@@B@BAHCF@D@D@BBB@BB@@DDFBD@BB@DBDBDDJFDDDBBB@F@BB@@BBBBNDNDLJJRPHDBFBBDB@BDDDDDDFDDFBDBDBD@FBF@N@HFJDFBFDDFFBDDD@FADCBCBEDUFSDYDDJBDDNBNFJBDDDDADBFDJBFDHBBBHBF@F@F@FAD@DADCFCDCHEDADAF@DAD@FAD@DBD@DBBBBBBDDBF@D@B@BDBFFJBFBFBHBDBB@D@DADABADAFBPDN"],"encodeOffsets":[[114042,39090]]}},{"type":"Feature","id":"141129","properties":{"name":"中阳县","cp":[111.193319,37.342054],"childNum":1},"geometry":{"type":"Polygon","coordinates":["@@AC@C@C@CCAGEEAGBC@K@C@C@CACAG@C@C@E@@@A@A@C@ABA@A@ACACEA@A@A@A@AAAACGGCAA@A@CBCBKDG@IBCAE@KKAC@A@CAGBABALGFCDC@ABA@GBCBABC@A@@AAAA@AB@@AB@@@@@@AA@@A@A@ADABA@AA@A@A@A@BC@C@CAEAACCCMAAA@A@CBEDGBEGEEGEGAKBEABEBMBCN@JAHE@EKOKGMEOEAA@AAAGAA@A@@@ADAD@BA@A@C@AB@@ABA@CCA@CACBIBG@EACCAIAAIAEAACASCK@CBAPED@DBPGNGHOLWDM@KCIIISCMCQEMIMIKGIMGOIOKMQKGKQI[SUBGNMJWDQDQDiDY@UDCBCDEBGBG@E@GBE@MCIAA@GCEEGEEICC@BMPINENAJCJBBDFBDAHCDEDKDMBMBKDGFCFEDE@C@E@AAAA@A@C@CAAAACCCAC@@@GFCDEBEDA@G@GA@A@@BE@A@AG@AA@@@A@A@@AAA@ABABA@A@A@AA@@A@A@C@A@EBA@AA@@EBA@A@A@AAAACA@AA@AAABM@G@EBEBC@CACACAE@OFEDCBE@K@M@A@KFEDE@IHC@A@AACAA@C@CBE@CAA@C@A@AB@@ADEPADABE@AA@@@ADEAA@AA@G@CBCFEDE@GAAAAAAC@ECAC@EBC@CAA@AA@CAAAAC@ABABABADBHCJAH@H@BBBBBBBDBDBDBDDFHBB@H@D@DGD@@@BDDDB@ADABCDGBOBAFAHBRJJJFDAB@BEF@B@BFBHDB@@BAHBFB@BBF@D@HGHMBAF@D@F@JBB@DABCD@D@HFDD@BADCDCF@B@BF@N@NAdGD@DDDDBF@LCDGHIFCFEJ@D@JBRHFRBRA^ARFFNEJMLKFMFQHJNHR@RI`CTALFLNLLDN@D@B@BCBE@E@CB@D@H@H@DADCHMB@DBDB@DCFAJBDDPFFFFHDHBJ@DBDFDDDBD@BAD@LBDBFFJFLFHFDHAJENANBFFFLHTNBFBLERELKPEPCBG@EBEDQP@F@DFBTDZFVJNHLHHF@FCNCFAD@@DDFBH@LAFCH@LAL@NAbIVGRCXGNENERALJFRTEXCR@HJHHRBNCJMHOFUFUFWHSHULOJIRGV@VFRDVCRIRB\\HPBTBPEHOLKLKPE\\KVIRIPGNEPG"],"encodeOffsets":[[114170,38239]]}},{"type":"Feature","id":"141130","properties":{"name":"交口县","cp":[111.183188,36.983068],"childNum":1},"geometry":{"type":"Polygon","coordinates":["@@@@F@D@B@D@@@B@HGDC@@@ACACACA@C@ABADED@BC@@@C@ACAEAA@@@@A@CLKNKFGLIZ@VBTJRJTBN@HCFOAQAaCOCS@QFILAJCDABA@GBCDCBAAI@C@AB@LGBABA@AAAAABGBEBCAAAAICCCMOCCIAIAI@OCGCDIPELAPCLGJMJMNUPQFEDELKJMBED@D@F@DCDAFGLIBCDCHCDABI@GAM@IBCDABAD@D@DAHEFAD@DDDDH@F@HCFCJCDCDAACECKGEAI@EACCACIIKGMGACQGQCYBOAKGMGCAAE@ECACAC@KCKAOACEEEACAA@CAIACKEMAQ@A@ABABABA@GCE@A@AA@EA@@A@@@ABI@AA@G@A@@AACAGBMAKDSGCECIAOEEEGEIIEAGEKCEACAAAAEBCBCBAAEAAA@IDA@A@AACECC@AB@FADA@A@CAACAMAGAKAEBGFADA@GACC@EDK@G@AEAA@@C@AA@ABA@ABC@ABCFA@ECCACAI@E@EBCBA@A@AAA@AAOBI@ABBDBF@DDDBB@BCD@B@F@D@BABC@EAKAI@OBG@IAQSKMQ@QNEbARAXEPEZKLMLED@B@BCBAB@DAD@@@BDB@BAF@B@D@BDBBDADCBA@AB@BBDABA@C@CCCCICMAC@CDCBE@C@E@C@IBCBG@CAIEGACAA@AACCECA@IDCDE@E@AAACC@C@EDCBEBABAFCBGFIFCDCB@@E@AB@@@B@D@BBB@D@D@BDB@@@B@HBJ@DDF@DBB@BDBFBFDBDA@AB@B@BBDAFBF@BBD@B@B@@BB@@@B@@@@BDD@HBD@@@BB@B@B@BEH@@EBABC@@B@B@B@BADA@AB@@AFABBB@D@BAB@BABBDDJPLJLDNALEJ@FBRDTJbBNARDhBLAPDDFJHFFFHDB@JBNDF@HAF@H@HAFADCDAVCZ@jCRCRCXCNIHMVA\\TRJHLRLLNJPHPJNLHNJNJRFNDTDJJDJ@LCNKXGPMHOHCAC@OFAB@DDLBTBDFBJBBBBJDDFBH@JADADBB@DDB@BA@@BAD@B@B@@ABCBC@@B@B@HB"],"encodeOffsets":[[114040,38098]]}},{"type":"Feature","id":"141181","properties":{"name":"孝义市","cp":[111.781568,37.144474],"childNum":1},"geometry":{"type":"Polygon","coordinates":["@@FM@CEM@GFSHOHEJALAPAFABA@AEICEBEBCH@LAL@J@FFJ@H@FGNQZWRKPKPGVGREXCVGNIJSNKLONIXKTE\\CNCPBFAHCD@F@JFNHJDDBDBD@FAHCFCP@D@BB@BDBJ@PBJBN@XEbANCD@HBBBBJ@FDBLDLALCF@LB\\@P@H@HATIHCDEAGBCFAP@HCRKLENCPAhDCgESCOGKSEMIEC@@@@CC@@@@AAEKGEASEAIQIOIEMCOI@KBGKCEAM@QJIHKBGECKEAIEUGUIKCSCWEIASIKEEAEGCIQ@O@QC[ASAKKAC@EBGBCAGCECAC@A@CBIFA@C@EKACAAE@M@C@C@AAAAACGIAA@M@EACAAIAKBIDADADBB@D@DCDIDMFMFWDMFIHOJIFGDKBEAACGCGBMHEJ@J@DDHCBIBUGOAKCGAEFORMVININKHODKBOFCJHDPDJ@JBJBDDNPDDJDBBBBADAFAHBBBB@BABABKHA@@B@DBJABCDAD@HABCBIDKBEJ@RDTDPBbBREPGDM@SAQISIUAY@KJEHMLKL@D@B@@B@FBDB@B@D@@ADC@CFAB@B@DDBDBDB@B@@CDGHA@@@C@A@C@E@@@BB@BBBPFNFLHLP@FGFIBM@ADANAFFBLAHBHFFFFHHAFCDAB@B@BBDNDDBBBF@D@DADB@B@B@B@@BABCB@B@B@BB@@B@@@@A@@BA@@BBBBB@@@BADABAD@HAB@BCDEDKHABABBH@D@BBDLLF@DBJAH@LCDADAB@B@DBHHBD"],"encodeOffsets":[[114116,38216]]}},{"type":"Feature","id":"141182","properties":{"name":"汾阳市","cp":[111.785273,37.267742],"childNum":1},"geometry":{"type":"Polygon","coordinates":["@@BBDBBBBB@BB@HDH@@@@B@B@BJJBBHBLDBBBBDBHDFDB@FAF@JBDBDAJCB@JAD@DADI@CDAH@JBNDNBD@BAHADABADBDBF@D@B@DEBAD@@@DBD@DBDABABADCJEB@HAD@B@B@BCBAB@D@@@@ABA@@B@B@FDB@B@@@DCB@FBHBDBPCNAJ@R@p@P@XBV@J@DKAWDIHEBECQESFAVD`BPAHAHMDMBKHCNBJ@NBPCJILOFKTULKPGHETIDATE@@HIFEDM@MCOFKHMDEPOBICE@CDEFG@ABAAAA@QAE@ABAFCBE@E@CACK@AC@A@AF@FADC@AAAECQ@AGA@A@AAAEAU@C@@DABM@I@CAAA@C@C@G@@BAL@HADADCBA@MBEBCBABAAGAAQIAAAEAG@I@ABI@I@A@EHU@@AAEOAEIGACACAGIMgCOBMDKFQLGDO@EBADBHCFGDSJGBG@O@[@KAE@KDKBKCCA@EAIAAGAC@MDaBWFM@IAOAI@CA@AAAC@O@EDGDEBC@CACAICMGIEE@C@GDEBOAMD[DSFWLMJKPMLITMJUHWDQFUHOHOLQLYXMREHG@I@EEI@K@KBG@ADAFDFFJ@BABEBOBKBIBGFGPET@HFN@DENBB@B@B@B@BFBBDBDB@B@BAD@B@B@@@F@D@D@H@DBDBD@D@L@D@HAFBHFDB@D@D@DBD@@DDDDBB@BCFBBBBFBBB@BBBBBLBF@BADADAPDNBBB@B@D@D@BB@DBFAD@NFB@D@B@DABABADAD@F@BBJHLJPRB@B@F@B@FFDDDBBB@BADADAB@BFFFDDBBF@DBLBHBD@D@BCF@DAFCHEFEFAB@BDHAHCDEHGF"],"encodeOffsets":[[114264,38358]]}}],"UTF8Encoding":true}