{"type":"FeatureCollection","features":[{"type":"Feature","id":"140502","properties":{"name":"城区","cp":[112.853106,35.496641],"childNum":1},"geometry":{"type":"Polygon","coordinates":["@@JALBFBJDFDB@DBHDD@FAHELEJKHIFEHKFODG@CAS@GCSCMCEAAAAC@C@QDEBE@C@AAA@ACCE@C@C@EFM@A@@@@BC@O@C@ABCDAB@@@@@@@HADCBABA@C@AAEGMEIAC@E@EBKDSDMGCKAA@EBABBBAB@B@HA@GHB@@BC@ABCF@FA@ACDE@AA@A@A@ADA@@BA@C@GAC@@BABEC@AAACCBABABCBABA@A@A@@A@@AC@ABAAABACB@AAACCC@AA@@@A@ABABCBCBAF@DABBDAD@DDDB@BDD@@BCBC@GBAAA@CBAA@AA@A@@BCBCDMDCBCDAD@F@D@DBDDDDBFBHBFBB@BB@@@DADA@EBKBIBKFGFCDCLKPABC@iAOBEBCDIVAH@DBB@@DBL@B@DBBBDHDdBL@@@@BBF@HAC^AF@D@DDFHDBDBDBD@BB@BAFGZAH@BBFBBH@LB@@@@@@LAB@"],"encodeOffsets":[[115564,36440]]}},{"type":"Feature","id":"140521","properties":{"name":"沁水县","cp":[112.187213,35.689472],"childNum":1},"geometry":{"type":"Polygon","coordinates":["@@BOFQFe@[GUEWCUBOEEQESBMCGAKGGM@GFSJ[NOBMMYOSMCOAMGOIEEFIRKPMLIBAEKMMEQPQNUASKOIEY@]GOEQE@@C@C@A@ABCB@BC@CAA@A@CAA@@@CAA@A@AA@@A@@A@A@A@A@@@A@C@A@@AC@@AA@A@@@C@A@@BCB@DA@@BAF@BAB@FA@AB@BA@@BCGQMKIMES@[BM@KCUEOOOKIQOKKEOD]AWBQGAKAK@ABCFAL@FBHLPBJMJGK@_MKCM@EDGFADMNMDE@MCGCOEKDEFILGLBRDJHF@PKFMHEVCZETCNGRKJUVMDSFqJWD[A]@[@W@SCYGMGISKWUMUCM@yVGDODQEIGISHUNOJMJ]AWDYLUdeDCHEBIEMUEQDMBSAUEKIOSAcIGQCSDWFU@SAOCSIQMIOQ]GWI]C[@MKYQIYGWA@DCDIHQHQBKBOLUROVCHCR@LAVGPIVGPEDKXETFLDDHHHFLJEjDVDTKLM@IHAbA\\K`BJLFLJJLBZ@PJH\\DXF\\RLLTTRLHNJ`EJQRERFN\\RTJLNCTGPGJQRINCPDJFDDJALAPDXFJNFJI`[VI`M`KlOjEfAfBdJRP@PGV]bE@GDABABADCFCDABCBE@C@GCMIEAAB@DEJCXAHEDABI@C@@B@DAJ@DBB@DBBBBFCDAD@FAJ@J@BBB@BBD@BBF@F@D@F@@@B@BDBDBBFDBBB@D@DADADADCDAHEHA@AHCLAF@D@@@RGREP@XFLFXBVCVGZC`AXJPBbCVCPA\\B`RXVJJhV`RfNhP`NTPFFFXCPCH@FAP@L@NCJGLTPVFRD\\H`HXFXBRFRJRALIVGLKJGBG@@@@@@HQPONOHMNEVHTFLFPEFIPONIDAJCHANAHALAFARA"],"encodeOffsets":[[115486,36850]]}},{"type":"Feature","id":"140581","properties":{"name":"高平市","cp":[112.930691,35.791355],"childNum":1},"geometry":{"type":"Polygon","coordinates":["@@JGLARBRJNHRBHGFMJIRGPCPOJQNINCX@\\@Z@TCRCLKPKJGJCFAAICOASEYCOKMSEWAKGBKHKFWBSHMLIPIVKTKLIFMAKOMOIYEOGAMHEDI@A@A@ABA@ABADCBAB@B@@AB@BAB@BA@ACACAAAA@IAEACAA@KIUEGGHMLEEQS@OdQZIDGC@QIUCACAA@AAAAA@@BA@ABC@E@A@C@A@AAA@A@C@G@A@AAEAAACAAAEAE@ABCB@B@@ABGD@D@@@BBBB@@BD@FBD@B@D@BAB@B@B@JAD@B@B@D@B@B@D@@BB@@BAB@@@BABABABCBA@ABA@ABABA@CBEBEBC@GDEBCBCBCBAB@BABABAB@BEFCD@@ABCDC@AB@@A@GESQCIQIQEUAOBUFaLQDODULULQLEDO@MKKSMISGI@QCW@]DIBK@UBUHUFOPAJCHKJUFIBJFLPBTMVORFRNNFLABKJONQLEJFFPJNHPBNDPTNZANMPI\\ET@HHNLHHBNDTARFFFAPDVFXHV@\\EfERAPNENEJCL@NFDBLHNBJ@RCLELETCT@HAFEDMBO@CAGEIEK@KHKHETEPAZAV@T@ZDRDVDHD"],"encodeOffsets":[[115679,36793]]}},{"type":"Feature","id":"140524","properties":{"name":"陵川县","cp":[113.278877,35.775614],"childNum":1},"geometry":{"type":"Polygon","coordinates":["@@DGDIRAPDTDLBHADCNIDCZaLCPCRFJHPJNFLFJFLDJDH@P@NEJAHCNIHMFMCGAK@EBGHGNKREPARATBLBNLFLDHNTHHJDTBPAJAPCD@HCHELCLEPAV@LBJBREFCFCPMLENGJEJE@@FAD@B@@@R@EG@GDCHABCEG@E@AB@B@D@@BB@D@B@DCBADA@@B@FABAB@@EA@E@E@C@E@A@CAA@A@AAA@CAA@AAAA@A@@@C@AB@@ABAB@B@D@FD@@BBB@B@@A@A@C@ABEBCBABAB@BE@IEUGIKUBMHQJSJMBI@@AGAAACCA@@CACCA@@A@C@@@AB@VEVKPQBEECCCBC@C@C@@BA@ABADA@@@ABC@@@A@A@@@G@C@K@A@A@C@ABCAC@@AAGAC@CBA@CBA@C@C@AAA@A@A@I@E@G@A@ABA@G@A@CBA@A@C@AB@@CD@@@BAB@@@BAB@B@J@@ABCAA@AAA@C@A@AB@BA@@BBBAB@BAB@B@@@BAB@B@@@DAB@B@BA@@BC@A@CACAAAA@AAA@@@AA@ABA@A@AAA@A@A@@@ABA@CBABA@CB@BA@CB@@ABC@C@A@E@A@AB@BC@ABA@A@@BA@A@@ACA@AAE@C@CAA@@A@AAG@@AGAAAA@AA@AA@A@C@ABA@A@A@@AACACAC@E@EMMKSOMOCO@KDGEOEKCC@ATQ@ECGW@E@KJSEA@CA@@C@CAEAI@@@CAAAA@A@AAAAAB@@@@C@A@A@AAAAEAGACAE@CB@@ABABA@@BABABAB@@A@@AC@CAA@A@A@@@ADCBABA@@@CCCAIEEEA@A@A@A@C@AAC@CBA@ECAAAAEKAEEEACAAAAA@AC@@A@@CA@@@@AAA@AA@AA@@CAA@A@C@@@ABA@G@A@@AAAA@AA@@AC@@@AA@ACAA@AA@@AA@AAK@YBG@CDIPMDICWOAC@CP@NAZIDG@GKCE@ELEHEA@IEGGCCK@I@ADAFEDCBC@A@AAAAAA@GBKFMFEBEBA@I@GAC@A@CBAB@B@D@@ABABA@A@IAC@ABABAB@@EDEHCBA@A@C@AD@@SVGLEVALAFOVGDKHKNINGPMPiNQFGRGTINUN]FSDODQJOXQTORKBOHIHCNHPLLFHB@B@B@BBDB@BBB@@BBB@BBBBBBB@DBDBJV@RHDJCRYPcT@FRKFGNHHVFLJB@DBFBJBB@BBDBDB@BABA@ABA@@BA@A@ABCDAB@BAB@B@B@BCJGFBNPHZFPJPNBLENKJSLULOJKJGNATEXGLALLHXBTFLNDPFZBTDPBJHBDJHLTHNHRFJBJDHDDD"],"encodeOffsets":[[115917,36760]]}},{"type":"Feature","id":"140522","properties":{"name":"阳城县","cp":[112.422014,35.482177],"childNum":1},"geometry":{"type":"Polygon","coordinates":["@@@Q@O@YAUESIOIQJSRKLKBKEGUEFMMS@coNWG@[eHEIaFiNDN\\JAIaAIJeFMFGBAJEB@@C@ACAAA@ADEJGFEFAB@BBBBBDHF@@BAB@BAACCCACBC@@FAFCDA@AAACACBYLEBC@A@AAACAEAEAAA@A@C@EHCBC@AA@A@EJEDC@A@AIG@ABAB@RHD@D@BABEBG@GAAAACAGBAA@ABAHGBI@CBCJCJ@LABABADMBEAAAAEAOEKCC@E@MBEDE@WAOAG@I@CAEAAA@E@EAAC@E@GBCBOHIFGFE@A@QAQCCACAC@UNEBGBIFA@AAAAEEAAABIDKFGBG@CCECCAMFSHUFKDKBK@KDIBK@IEKMQOIEGAQBIAGAQ@K@IDE@GCE@IBIBG@MCKCI@A@AFDFDFVhDLABCBI@CAOOAAECI@aAWEGCEAKBWDKBCBA@BDBBDDBDGNEB[@SDQHQHQBMBYFMDE@A@MEEAICA@A@@@@A@@@@@@A@@@@@@B@@A@@@A@@@A@@@@B@@A@@B@@@@AB@@A@@@@B@@@@@B@@@@@@B@@@@@B@B@@@BB@@B@@B@@@@@B@@@@A@@@ABA@C@KBIDKDGBE@CAIAIAQBODAJCH@BB@FBFBBDHNDL@NAFAFGFCDGDCBABAFDJ@D@BEFGBUHIBG@GBCBADAF@DBLFLHHBH@LDNXBZHRJLZ@ND\\J^HXR^JPRNTJPDTBV@XETCRDJHBdPTLJVFTBNARCVFFNAJGFCDcfKVCZBXI^INMPGVJTJHRFPCHCzUN@VDVNLXJTNHZHTDX@\\@^@\\BXCrITENCVULIHQDMFSDYFUNGLE@OGECIAQHKJKFELCPFHDNDF@NCNMBCHEFCN@LD`NL@HNIAIKOAG@EBKDEBAL@LBHB"],"encodeOffsets":[[115320,36386]]}},{"type":"Feature","id":"140525","properties":{"name":"泽州县","cp":[112.899137,35.617221],"childNum":2},"geometry":{"type":"MultiPolygon","coordinates":[["@@J@THNJLTNLP@FCRKVKVKPCRCbKVEPAVBRFRJDJTRHFB@@@BAD@DCBA@@DCFE@ABABABA@ABADADADAFAHCD@FAFADAB@BABAB@BAB@DABABABA@A@@BA@AA@@AC@A@A@C@A@A@C@IBA@A@A@ABC@A@C@EAC@@AA@AA@A@@@CHCBA@@@ADABAF@FBBBDBBBFBBBB@H@D@B@B@BBB@D@B@F@D@BAB@@AB@AAA@AA@@AA@ACAAAA@A@A@EGKKGODMJGPGLAPQRSPWRIPCTC^EVMJMHSHQREjMNOHOJMLMLGHCPUBEBKFUHKTU@@BCA@CFC@GBOCGCKCGAKDG@Q@AAA@BAD@@CAIBKAGCA@@@CDCBA@@@@AA@@A@EBA@@@@@@@@@A@@@@@@@@@@A@@B@@A@@@@AA@A@@@A@A@@@@BA@@@@B@D@@AB@@@@A@@A@AA@@A@@AB@@@@@@@B@@A@@@@@A@@AA@@AA@@AA@@@@@B@@A@@@@@@@@@AB@@@B@@A@@@AB@@@@A@A@ABA@ABA@@@A@AAAAAAA@AA@@@@@B@@@B@@@B@@A@ABABA@@@@A@@AA@@BA@@@AB@@@@A@@@@@AA@A@@AA@B@@@@@B@@@B@@A@@B@BA@@@A@@@@@@@@@@@@@A@@B@@@@A@@A@@A@@@@B@@A@@@@@@@AA@@@A@@@A@@@@@BA@@B@@ABA@@@@BA@@B@@A@@B@@B@@@BBB@BB@@@@BB@@@@AB@@@AA@@A@@A@@B@@@B@@@B@@@@@@A@@@AAA@@@@A@@@A@@@AA@@@@@A@@@AAAA@@AA@@@A@@@AA@@@@@AB@@@@@B@@A@@@@@@AA@@A@@@@@@@A@@@A@@@@B@@@@A@@@@@A@@AA@@@AA@@A@A@@A@@@@@@AA@@@A@@@@@A@@B@@@@@BA@@AA@@@AA@@AA@@@@@@B@@A@@B@@@@A@@@@B@B@@@@@@A@A@@@@@@A@@@@@A@@B@@A@@A@@A@@@@@A@@@A@A@@BAA@@A@@@@@A@@@A@@@AA@@@@@A@@BA@@@A@A@A@@@@A@A@AA@@AA@@A@A@@B@BA@@@A@A@AAA@A@A@A@A@ABE@A@@@A@@C@@@A@A@GAC@CA@@@A@ABADG@A@CAA@AA@AAC@E@CAAAEAA@A@C@@@CB@BGDKFCBA@EBCAECAAC@A@A@AB@@C@GBGBEBEFEFCDCBA@ABEF@@C@AAAAA@A@A@ABABGBGDKDIBABC@CAA@A@AAA@C@A@@@AACAA@EAA@A@EBGBĻƎD@F@FARCD@D@BBBBDFDNDT@HBT@DCHEPGLEFGJILKFGFEBC@GCCAA@ECICEAKAIBoĀ"],["@@G@@@A@@@AAA@GBEBCBCBABGDA@I@GAKEISESE@AFKXBPJJ@BADQ@EBWR@HAFS@CFIFGBABAB@BA@C@A@@@A@AB@D@LCJADGBCBAACACICMA@A@@BCJ@D@DDLABABC@ICCEEEIECEGHAB@BBBHADBBBBB@HAHAFABC@C@QGA@AB@BJH@B@BCDIF@F@BBBD@DAFGD@B@B@BBBFBFBDBBB@D@FAZKDADBBB@BCBEDEB@@ADBDDDBDABA@AB@@GEACAAAAA@EBEFIHCF@BBBDB@B@DA@IFABEHENIfBJJbIBM[MCEjbFJfG@\\XHpM@dNTENVFFHALKLQLITJRJPFTBV@Z@P@RARBXC^FPLLRPLJPPFPDV@LAN@\\FTJNNLHRAD@@ABA@@BEBA@ABE@AB@@CBA@AD@@@B@D@@@BBB@@BD@@@B@D@B@@@B@B@B@BB@@@BBB@B@DB@@B@DBB@B@DBD@@ADABAB@D@D@@@RFPF^HZ@JAVELIDGBIPOVEVGVAL@JA^CX@RDpÿA@KB@@@@@@KAG@AAAE@ABGHYBE@AAAC@CACACAEGCCC@E@]BDGBE@AA@@@@AKCcCGAACAA@K@CA@@AA@CBGJUDCFAPAjBD@BALODKDCHELEJALAFAB@BC@C@@AAA@EAGAEACACCAC@C@C@EBCDCDANCDCDA@AB@B@@BBBDAB@BBHAD@DA@AC@ACA@CC@CBCACBA@CBEDADABABAB@@@B@@BDDBDBBA@BDBABBBAD@@BB@@@@B@BABABADABABDDBB@BFDBA@AD@HBD@B@@AB@BCB@B@B@@BCFBDB@@EDEBAD@@AA@HGB@@G@ABAAABAFAB@LBHDCNCTAL@F@FBDFJHNBF@B@DABABCDGB@@@@@@A@CBAD@B@D@PAD@@@@@BEN@F@D@DDFBDB@BBļƍA@A@@@@@A@@@A@@@A@AB@@@@ABA@ABA@@BA@A@A@ABA@AA@@@@AA@@@A@A@@AAEAAA@@@ADIBABC@@@AAAECGEAA@@AABC@C@I@I@G@A@A@A@A@C@A@AAA@@@@@@@A@@B@@@@@@@BA@BB@@@@ABA@ABCBCBC@E@C@A@CAAACACA@@AC@@@AA@@A@A@@@A@ABA@C@CBA@A@CDCBCBC@C@CACAICCACAGCC@GAC@C@C@AAAC@G@@BA@ABABA@A@AAA@CA@@A@A@CACACCCCCCCAAA@@A@AA@CAEAIEEAEAC@EBC@EBCBA@A@A@CAIAA@AAAA@AC@I@G@I@A@ABC@A@ABC@CBCBA@@B@D@BAD@@ABA@@AAAA@A@A@CBCBCBC@C@A@@@A@C@A@@@CBKBIBC@A@C@AA@@AA@@ACAC@A@A@@CCA@@ACACAA@@@CEEC@@AA@@AAA@C@C@C@A@AACAEC@@@C@CBCBA@@@CAAACAAEAACAGEGEGGCCCA@E@E@CB"]],"encodeOffsets":[[[115540,36536]],[[115465,36050]]]}}],"UTF8Encoding":true}