{"type":"FeatureCollection","features":[{"type":"Feature","id":"140821","properties":{"name":"临猗县","cp":[110.77493,35.141883],"childNum":1},"geometry":{"type":"Polygon","coordinates":["@@HA@@BA@@BA@A@C@ACEAICEAEACAAIECCAEAACCAAC@@@CAE@AAEACAAACECCCC@A@ABE@G@CBCBC@CBC@ADCDCHADCHEDADCHEBCBA@A@AAAECA@AAAA@A@A@E@CDEDENQDG@EBCBCBABEDIBA@@BABA@ABA@ABADIBC@CBC@C@A@CAGAC@C@CBEPMTEFI@OMGUFINGDGCMGGAI@SQMEG@UBEAECGIAGMG]@KBGDE@CAKEECGSEASFEFADALCHC@GAGDCHAF@DCB@@C@GCEAEAGBIB[EWECACECAAA@@@A@A@CBABCBAB@DAB@BABC@A@EBE@@AAAAA@AACAMAC@GAA@KECAECA@@E@A@AA@IA@@A@AAA@EA@@@A@AA@A@@A@AA@@@CBA@C@A@AA@AAAAAC@ACA@ABA@EBA@E@C@AB@B@B@@E@AB@@AB@BG@A@@AC@EAA@@CAACACACBGBEBODIFEDE@ECGAAAAGACMCQAIAG@GBO@IDGFABKDA@C@CDAFE@C@EBC@CDC@E@CAAC@CBGAEAAGBEBEFGFIBCBAFADEFAB@@CB@@CBA@C@MDCBCBEDA@A@ABCDCBEFA@ABABABABADCBGDCBiXeXC@EBABA@CBABA@CBE@C@A@UBEBI@GBIBG@KBPfBLXNlJfRªJLdJPJRHHHFLLFFFLjSHCFCDAHCFAB@B@FAVJRBHDB@BB@@JHBBDDB@BBNADAF@FCHAB@B@H@H@B@B@DAB@BAB@A@@CA@BADAB@BA@@@C@@B@@AB@B@@AAEAABA@AFA@@@A@A@A@ABA@CHABAF@BAD@BAB@DAB@DADA@@B@DB@@BBAB@@@BB@BBFBBBBB@FBDBDB@B@B@B@B@BA@C@E@ABEA@BA@ABAFADADCB@@@D@BAB@BBBAD@REJCFAFAB@B@B@BBB@BBBBBBDDBBBD@@FBBAHAJCF@HABABA@A@E@@@C@CACAEAC@A@A@ADAB@BA@A@A@AB@DAD@B@BB@DBBB@B@HADDBFBJ@BAD@@@BBH@D@DA@ABG@C@CB@BDFBDBFBDDHDHFHBDBH@BB@BBB@B@BAB@DAD@HCBBB@BD@BBBBBB@B@D@DADADAFAH@BABABBBDB@DAJCJALAD@FAD@D@@BB@@B@HBHDH@@DBD@LBDAH@JAD@B@FBDDB@DBB@LBBBBBBDBBBBBAB@D@BAB@BAD@BADABC@AFGFOAMEKCEEC@A@AFCDAFADEBCAE@E@ADCFABB@FDBDJDDL@LEHANCFCHBTLFBH@B@DABADABA@ADCBE@CBABAFAF@D@L@HA"],"encodeOffsets":[[113550,36091]]}},{"type":"Feature","id":"140802","properties":{"name":"盐湖区","cp":[111.000627,35.025643],"childNum":1},"geometry":{"type":"Polygon","coordinates":["@@@@@ABA@@A@@ABCDAA@@@@@@A@ABAAA@@A@AC@@CA@@A@BABC@@@@@AC@AAAA@@A@ABABA@CAC@A@C@CA@ABA@@CAMEAAEAC@@A@@@AA@A@@A@A@@@@CAAA@@BABC@A@@CA@A@AB@B@B@B@@@@@BA@ACA@@@A@@B@B@B@@@DEDEB@B@BABABA@@DAB@@A@@@A@@@ABAF@DC@A@AAAAABC@GBABAAE@EBEDGBACA@A@@D@BA@A@A@@@ADA@A@@AAA@@A@@BAB@@@@A@@@A@@@AB@@@@@@@AABA@@AA@A@AB@BA@A@@A@AA@ADGBADAFBHAFADBFDBDB@DBBAHIDE@CBADABA@AAA@K@CB@DADABABA@C@C@@@A@@AA@A@@DA@@GG@ADA@A@AAABA@ACA@@BAB@@AACIKIECA@A@@BAFADC@@@ACA@@ECA@CAA@@@AA@@AABE@@BA@AB@@A@C@@DCBA@@B@@@CA@A@@@@BAB@@A@@@AA@@A@A@@@@@AAAA@BA@@B@B@@BBAB@D@B@D@B@B@B@@@D@B@DD@@@@@A@AB@B@DB@@@@@A@@BA@AB@@@BBB@DA@@B@BB@@DAHEB@BBB@@@AA@A@@@@BA@A@@@A@@@A@@@A@A@@@@D@@AA@@A@C@AEC@A@@@AAA@@BAB@BBB@HEHCB@B@@@@A@@@@@ADAFCBA@C@@@@A@A@@A@@BA@A@A@@BA@ABAB@@@AA@@BA@@B@@@@BB@@@@A@@@@B@B@B@@@@@@A@A@@FAJCXMDC@A@ABCFCBA@A@@AAG@AA@A@ADCEACAAAAAA@CAA@@@@A@AA@A@C@@A@AAAC@IE@@AACCA@A@EBCBAAACA@EA@C@GAEBABADC@A@AAAC@CAECECGAI@A@CC@A@@@@DA@@@AAAECCEAA@AAACAA@ACA@@@C@@@A@@ADADABABA@AA@@A@@ABABCDC@C@ACK@E@ECCEC@IACCE@G@AACGGCAEECAECAGCAA@C@CE@E@IEG@E@CAAEGAG@CAACACGGEEEKBEC@I@GBCB@B@ACAA@AAA@C@AAMEGCEGAAC@G@C@E@A@C@AAA@AA@AACAAAAAAACA@A@AAC@A@C@GAG@A@CA@@AAACGI@AEAIBCAA@EIACIECACACCCAACA@A@A@A@A@CACAA@EEAAAACE@@AA@ACACAA@C@C@C@C@EBA@EDGBEBE@@@ICEAC@A@ABA@A@C@CA@@A@ACA@AB@BE@A@EAC@GAAAE@ECAAAAAAACECAAAAACCAA@C@A@EBEDA@A@A@A@EA@BABCBA@A@C@C@@@C@E@A@EAA@AACAECADCJ@D@DADABADA@@DGFCDADAFAH@F@FAFCD@BA@@FBBBB@BBD@B@BAFEDGJCDEB@DBHBJFBHFBBBJDLHBNBFADAD@BB@P@LABC@C@IAK@KDABA\\CNCPAFAF@FDFDFDHDFHBJDHFFFBDAFEDCFAFAF@D@D@J@DBH@BBDB@DDLBBCFETEFBHTFDLFDBF@HCLA^@NHBHHJFDFBVAH@NFTRJ@HBNHHDHCJMVENH@PEJSFONAF@D@DBDBH@D@B@DAD@DADCJAB@BAB@BABAB@@ABCJAFABADAD@FCHMRCFCF@D@F@B@BBBBBB@FDBB@B@BABADGFCDCBGFCDGBCDCD@BAD@DADAD@D@HAF@B@BDDDDDFBBDBFBBBF@DB@@D@BBDDBBBFDDJFBBBDBFDFBJDF@B@D@BAB@@AB@@GB@@@JBLNPJNHDBBFDHBD@JCH@D@@FCR@BTHLFBB@BAD@@@D@BDBFDB@J@B@DA@ABAB@BAB@BBBD@B@D@FAF@BAB@BAB@@FFPFJJHHLJFJBF@BBFHVPX@BBBBBDAB@B@BACAEIBE@ADCFEF@B@B@@@@@@ABAB@F@B@ABABD@BBDADCD@BBB@B@@AAAA@DABAB@@@@AC@A@@@BEBAB@@@@BBB@ADABCBEBADAF@D@D@D@DABAFK@@AA@@BEBAB@BA@@@@A@C@@@A@@ABA@A@@BA@A@A@C@A@C@EBG@A@AB@BCBC@A@AB@FA@@@A@@BAD@D@DBB@@ABCBADCBA@AD@B@DAB@DC"],"encodeOffsets":[[113746,36134]]}},{"type":"Feature","id":"140822","properties":{"name":"万荣县","cp":[110.843561,35.417042],"childNum":1},"geometry":{"type":"Polygon","coordinates":["@@@IBIDQDWAQDOHQHOHAJ@JDJAHEBMBCJBPFLHHJ@BDAHO@IDIPAJCTCTGPMNAd@JBRJHMDWCU@KDOBG@K@AB@DA@@@@AA@ADICE@AAA@AOWGUAE@AAEEIKIGGIIOEEE@@BA@ABA@ABE@E@C@AACAAA@ABA@AB@BCBA@I@A@ECCA@A@C@@BC@AAAKESG@ADQ@EC@G@IDC@GAECAAGCIMMOAK@I@@GBK@C@E@EBABAB@DAFCD@BABCBABCBA@G@EASKGAEDMDGBKFK@CCCICA@EAAEBCD@B@FBFADCFEBCBED@B@BFDDFFLBNEPEH@BADCBABC@ABA@ABC@A@ABAAAAACAAAAKAA@CAA@CCEAA@C@IBG@CBKAC@CA@@CGAG@G@AA@@AC@C@EBC@KBIBIDCBA@ACAAABABG@EBCBCBCBC@A@A@AAAA@AACA@AAGDC@CBA@ABA@A@AAA@@AAGACEGCGCGACAEACCE@ADAD@H@BAB@@C@CAG@A@@BC@AAIAECCGBA@A@AA@CAAA@C@CBA@@B@B@BABA@CB@B@B@BBDBFBD@D@D@@@F@BABABGBE@IDGBABEA@@ACAACCAAAAAAA@AAA@A@A@EBEBIDQFC@ABAAA@ABC@@@A@CDCBEBAB@BABB@AF@B@F@DABA@A@A@A@A@ACAC@EAAAAEAAAA@@A@@BAAA@@CAA@@@CBCBA@CBA@ABC@ABE@ABGB@DAB@B@B@B@B@@EB@BABBBBF@BA@A@@BA@@@@D@@ABA@CBABB@@DB@A@ABA@CBA@A@G@G@A@A@GBEDE@CBMBAAA@CCAAIG@@AAA@GCQAUIEBA@A@EBGDCBEDGDiTFDJLRNHFNLHHHPFVlÊFLJH^LHLNHNFPF\\RzhCDHRbLF@JKRSLALDFABCBCBC@AB@D@BBD@JB@@B@BCBCBAB@DCB@@AB@B@DBDBD@B@BABABCDEDADCFAB@DCD@RF@BFL@BD@DAJGFIB@HBBA@EBI@ABAF@FBBJ@BBBBD@B@DAD@FBDBFB@BDDBBB@B@DB@@BB@@BD@B@F@BBBB@BBB@D@BBDBDBBB@B@D@B@D@DABEBIBAB@DB@B@JBFHDBBLDB@FBDFFDDBB@BABC@@B@B@@F@@D@B@DAD@FDFBH@NIJATFHB"],"encodeOffsets":[[113504,36380]]}},{"type":"Feature","id":"140823","properties":{"name":"闻喜县","cp":[111.220306,35.353839],"childNum":1},"geometry":{"type":"Polygon","coordinates":["@@@@DAHAAC@@EAICC@C@A@AAGCCAACCEBC@E@ABC@KEACAGACAIECCAAECAAAAQICC@C@A@ABA@A@AAA@ACC@A@ADENKDAJA@@BCLAFA@A@CGGACCIEMAEMMECCCAGAEFAXCDAH@DANGPIHOHINIJAhENDHDLNHFRCXM|QRCZONMDE@ACIAQ@IBEDCBCDAHEF@F@HDJFBBD@H@JAF@LA@GFIRMNAHCEECE@A@@@ADADCBA@A@A@AB@D@BADCBCB@B@BABABA@CA@@A@ABCBCAGCMEECC@ABCAAEAICACAACAG@GCGACCAAA@@A@ACCCAEAA@AAAAA@@A@@BA@ABA@@DA@@I@E@E@E@CCEACA@@CAAA@A@EBE@AAECCGCGAA@CDGBGFA@A@AAC@A@A@ACACAAEACAAEA@@AAACE@CDCFCDCBA@AACCAEAGEEIAAAA@C@C@ABA@C@ABE@CBICACADKBEBEFE@AA@A@MJABC@ABABE@CCAE@ACA@@@@BC@@ACA@@AAA@AA@A@A@C@ABA@A@AAA@@@@BA@@@@B@@@B@B@@AD@@@@@B@D@B@DA@ABA@CBA@A@AB@B@B@BA@A@A@A@@@A@@BABC@ABABA@@@@B@DDFFF@BAD@BBDFDFFF@BBA@@@A@EAA@AB@@BDDFBBA@A@@@AAEEIEE@@@@A@C@C@AA@C@A@CDEDADADABIDEBCBADAB@B@HDB@B@B@BA@C@GACAA@ABCBAB@DCF@DABC@G@E@A@ABABEBABEDEDAB@B@BABGAA@CBA@A@CAAB@BABA@@AC@G@C@CBA@AAA@CAA@CBADC@E@EBABABA@C@CBA@E@@@A@@@@B@@@@@BEBAB@B@@A@@@AAA@ABA@@ABA@AA@AA@@B@@@@A@@QHIBA@@@@AAB@@@B@@CD@@@BB@BB@B@@@BA@@@@DC@ADED@@@BBB@@@B@@A@AA@@A@AB@AACACCA@@CBAAA@A@@@@BB@BBDD@DDBBD@@CD@@@BDB@@@BA@ACAAAB@@@@ABA@@@AA@A@A@ACAAACC@AAA@@A@@@AAA@A@@B@B@@A@@@@B@DA@EDABA@@A@AA@@@A@CBAB@BBBBHJJBBABAB@B@@@B@@@@AAABCBAB@DAB@B@@DBBF@BABEDGDCBC@CACBC@CBAA@@@A@AAAA@@@A@@B@@@BA@BB@@@BCBA@ABE@A@AB@@@B@@AB@@@@@BABA@A@CAAAAA@@@@ABA@@@@@AA@AA@@B@@A@@@@AAA@@AAAA@@C@@@@@@A@@@@A@A@EDA@@@@@@ABC@A@C@@@A@@B@AAAB@@A@C@@@@AA@AACACEAAA@AAA@GGC@A@A@@@AB@@A@@@AB@@ABA@@@A@B@AA@@@@ABAB@DABCD@@@@BB@@@@@B@BB@ABA@A@CAAAAA@@A@ABA@@BA@@@@@CA@@A@A@CA@A@ACC@AD@@AA@AC@A@@@@@AABC@AA@@@CACAAA@AA@@AB@@C@C@A@@A@@@@DC@@AC@AB@BAB@@@@@EKA@AAC@@@CCCCKIA@@@@@@BB@@@CDA@@@CC@@A@A@@B@B@@A@A@AB@BAB@@A@@@AA@BA@CB@B@@BB@@BBA@CD@@A@AA@@@@A@AB@AA@@BADEJA@CHADABA@AAG@AA@@@@@B@B@BA@@@AB@@@@@BAA@AA@ABABCB@@@@BB@@@BA@AAA@@BAF@BA@C@@@@@BC@A@@@A@@A@AA@@@AA@EAA@A@AAE@AA@@@AAA@@AA@@@ACBA@@@AB@BA@A@A@@@@@@AA@@A@A@AA@C@A@@@AB@@AB@@@@A@BAAA@@@@A@@@CDA@CBA@C@@BABCDABAD@BA@CAC@C@AB@@@B@@EBA@@B@BADADA@@B@BAH@F@D@B@D@B@BAB@@@BAB@BB@@@D@B@@@@@ABA@ABAF@@BB@@ELABCBC@C@C@E@CBABAFADCB@BAA@A@@A@ABAF@@B@D@@B@@A@ABCBB@BB@BA@A@AAC@CDCBAAC@BABAA@E@A@AB@B@@@@A@A@E@EFCD@BAFFJDBABA@A@CBAA@BDFCJ@BBB@@BBBB@BDDDDB@BD@BBD@FB@BFFDB@BBBBD@B@FBB@DBB@BBBF@DAJHNHVBX@TVDLFPJhNRHbCnDVDXB`E^@THTPRLTFdBTFNHHJJNNXXLNDTDLAJANBNDNFLFFJFHJBHDFBLAFEDAHDLDHBDHFDL@L@JFJBFBFFDDB@@@B@@A@EBC@ADAHCB@HE"],"encodeOffsets":[[114098,36413]]}},{"type":"Feature","id":"140824","properties":{"name":"稷山县","cp":[110.978996,35.600412],"childNum":1},"geometry":{"type":"Polygon","coordinates":["@@@G@C@]DqLiHMLQBK@UH[JUJKHQDWCUGQEOAQCKEK[iIMWYIMMWE]@U@K@SAWGUGMBI@CAEAAA@CAA@EAA@C@AAAAA@ECAEA@@EAC@AACA@CCCC@AAAAA@@CBA@@B@LAHCP@LDVCXGNQIIAc@MBONSHSDIDOBCJ@JGPCB@AGIKGOEIAADANGFIBICI@GBGPGRCPBRCXCRAJ@J@F@FADCBEJCDCBCBEDADCBCDABAJ@D@BDBF@NAD@@FA\\A\\AFSJGLFBHANBFFAB@B@DBB@FAHABCD@BCDCBADAB@BADBDBH@FCHD^@^@XBP@RIfNANBHAJAVKfGRKVQJGNCNBNNLJRDNFPJJPBLCDCVAXD^DLC`LRJNLJPDP[@M@KFMBIPQDK@M@EDOFGN@PFRBJAP@JBN@HFF@"],"encodeOffsets":[[113723,36599]]}},{"type":"Feature","id":"140825","properties":{"name":"新绛县","cp":[111.225205,35.613697],"childNum":1},"geometry":{"type":"Polygon","coordinates":["@@VGPIPQLMHMDODIHERGJGHSBI@QAKBIFKHKHCZIPERENELOHIFKHILANBLFHNRPPNPHRBPFLBTAJEDS@IAKFEFCHIBKAECBE@AB]HA@C@CBQ@CAA@A@C@ECAAC@@AEBEA@@C@ACAA@ADGBCBABABABA@EDC@ABA@ABA@A@AAA@@CCA@QGAA@@BAFCBCAGGEE@GFMFA@KGA[AAAGB[FKJOHIHGDGEIICIKDGLIJGFCTOSCMCWKMWIMGIMGSEcASEQKSOSG]@_FWAUCmCaDQGgMOIKEUC@L@VF^NXJNXZJN\\jFLDLBRFPHRDVCXGRILIVG\\@VALKRGNKjCr@^@D@HHNBPJNPRHRFJV`HJJNPJFDB@@@@@JBJAHB"],"encodeOffsets":[[113794,36680]]}},{"type":"Feature","id":"140830","properties":{"name":"芮城县","cp":[110.69114,34.694769],"childNum":1},"geometry":{"type":"Polygon","coordinates":["@@D@BAB@@BB@BBB@BB@@@AACAC@EDCHIHEHCDCBABEFE@A@@DCBABAB@DCBE@ACMA@C@CE@ABAAAA@@B@@A@@A@CCKBA@CBA@EBC@A@G@C@GAA@ABEBC@A@AACBAB@D@@CFCB@D@D@B@FABCBA@@F@BABAB@B@@AB@@BB@B@BAB@@B@BB@B@D@H@DAB@FABAB@BBB@@A@@@ACAA@AA@AB@AA@@C@@@@A@@@@@@A@AB@@AAA@A@A@@@A@A@ABA@CAE@C@AEAEDCUJK@I@IAEGAEDS@_IYQaIMQWMOQGGCE@O@MAK@SEIECAIEA@GAQ@MJONEDCBIHOLC@OFA@ODI@C@ICECAIIKOKAAACemEEEAaBG@FK@yAIBGAaGcOeOUGMCODULSNUNYP]NOBMAKCKOSSOMIEQAQDOHiNaJWDe@uDUDMHSLSRSZO`M^NDB@D@JAH@BBH@DBD@D@D@D@FBBBBDBBBD@F@D@BBD@DDBBFADCDAB@BBBDDBDBBD@DDBBBBDD@FBBBBHH@D@DAD@BBDBB@DB@B@B@DBB@D@B@@@@B@BCB@BABB@B@B@BADAD@B@B@@BCBA@ABAB@BBD@BB@BB@BFFB@H@B@@CB@BCBABA@@B@@@DAB@@@@B@BB@B@BBHB@BBBFBB@DBDBD@@DBBB@FBFBDBBBF@F@F@D@HBD@B@B@DBBBDB@@BBD@F@H@DBB@D@F@FAFABADBHFLDFDDBHHDDBBDDB@D@B@@@B@B@D@@AB@BAB@BADAB@B@D@@@DFB@@@B@@AB@D@@BB@B@DBB@B@BAB@@ABBBBB@D@B@@B@@@BB@@@DABABAD@BBD@@BBDBHDHDBB@@BBDBDBBDDDDDBDBD@DB@BBB@BB@BADADADAD@FADAB@B@DBFBF@H@F@DBF@DBB@DABAJEB@FGDCB@B@F@D@B@B@DABAFCB@B@B@B@F@F@J@D@DDBBDDB@F@BADAD@FABAD@F@J@N@BBDADANEDCDABAB@D@BAB@B@B@DCD@DABBD@HDB@DB@@BH@@FBB@DBBBBB@HBD@BHBNFFDHBBBD@B@DCBKDCFCBABABBDBDFHDD@DBDBFBBBBFBBDBD@D@H@JBJBD@HBB@D@FBHDB@F@BBB@B@@@BBBB@DFDDBBBB@FBB@F@D@@@D@D@B@B@DABA@AFBB@B@B@B@FCFAB@D@B@DBBDBBBBFDBDBBBBBBFDF@BBHBD@FBB@F@@ABAB@BDB@@@DBD@B@B@BAB@D@FBJD@@F@FAHAFCB@FAD@D@D@D@B@DBDB@BBB@@DF"],"encodeOffsets":[[113557,35677]]}},{"type":"Feature","id":"140826","properties":{"name":"绛县","cp":[111.576182,35.49045],"childNum":1},"geometry":{"type":"Polygon","coordinates":["@@DADAHBND`DNB\\HTH\\@`EPEPANELINKF@HDPF@FARDTJLHHJNBP@RBVDRDJHJDBBLMZN@FLBHDJAFECO@EDAZBdFTBREPOJIVORSPGVC~IB@TCPDJDJAXCP@@AACIGQEKKEICU@IDEJIDEFAJ@N@D@B@BABCB@HARAJBF@FADCBAB@H@B@DCB@D@FBDADA@@AC@@@ABAAABCAC@AG@AAAABC@E@CAAKGEECGACC@KLEBEAA@CA@BA@ABA@CAC@@AA@C@KCCAE@@@@CAECC@@@EBA@ACAEEACAA@KBCBC@@@AA@A@IBEACG@CAGFI@A@EBABABEAICCG@CCBEAAAAIBCACEAGEAG@AC@ADGF@L@DAD@LJFBF@DGBEHAFE@IFGBG@MAE@EIB_H[H_FQAECKOEKS_MKKEUCQDQNKLQJKBYCaEYICAEGCIACOOMKSCGAKMMEIEGDMBQNEJ@HKBE@IBG@C@AAIEGCE@E@GFCBADCDAF@JBRDJ@BCFMNYPQD{RWNQDGEKMGCMCgFIBMJGJGPOJMHCBG@CBWDEBBFBHDDFDNNBFFNDJBDHH@D@BEBKBAD@@IBCBMLCF@B@BDD@BBB@B@BAB@B@B@DDDRJBBBBFDBBDDJFDBHBDBFB@LAD@B@FADDFBDDBHDBBB@D@D@JDFB@@BDGBCB@@\\JJAH@"],"encodeOffsets":[[114121,36417]]}},{"type":"Feature","id":"140827","properties":{"name":"垣曲县","cp":[111.67099,35.298293],"childNum":1},"geometry":{"type":"Polygon","coordinates":["@@DGPUVQPKLARARGJGDC@CCM@KAGGGEKAK@CBEBCDAHAH@JAVGHAFE@A@CCIBEBADAHCDCHEBEBE@MCKGMACEAEAA@@ADGBI@CACCCAA@A@AB@HCPGFEDMNYBGAO@EBCBC@EECUIIGGGMAGAKGCE@GBGJMLKVcFKBCAC@CIIAA@ABCBAJ@@A@AG_G]EOAIBGNU@EAG@G@IBEAGQWCAC@CBCDE@GABBAFADCFC@GDCBEDADABAD@B@B@B@@ABCBC@E@CAA@AAAA@@EAIDKDC@C@C@C@IAC@AAC@CBABCBEHCDCDEDGBGBGBQ@E@EBG@E@CACEACCCCEEAAAA@ABEBQLABA@C@CAA@ECEEGECAA@A@EBEBEDEBA@CBGB@@A@@@CC@@A@IASAEAG@UCG@KAEAECCCAA@A@A@ABC@A@C@CBE@C@CAEAGAEACACIGCAA@C@CAA@A@A@C@KDABA@A@C@CAAA@A@C@C@AAAAAACA@CACA@AC@A@EBC@KBKAC@ECEE@@@A@A@C@AAA@AA@C@C@A@G@CAGBMA@@A@CBC@CACC@@A@AACCA@C@C@G@C@CECEEEAAA@A@A@A@C@O@GAA@@D@DABIBA@ABBBAFNDJDF@BD@BEHAB@B@F@D@DEHAH@D@BDHBH@FEJEREHEJCBA@C@MEE@CBEBKBIBK@OEI@OBKDKJGPABDdDBBB@BAB@D@BBF@DDFFFDDBBBBBBDB@BFB@BBFBDF@FARDB@@@@B@BEFEDCBEDEBEBABC@A@@DA@ABAB@B@BC@@@IHOFQBMDMFAFIXEHOLQFSFMDIF@DAF@B@DAB@B@D@DBBBBFJHFFBDBBD@BABCDEDCD@DDFBB@BB@BFDBFBBBBDBDB@B@D@BBB@B@HEHADCB@HBHDDDBF@BAF@F@BBBDB@@DBFBDDF@F@F@J@@@CB@@AB@BAB@@@BB@BBBBB@FBDBDD@B@BB@BBDDHBHDH@DBBBBDJDFBBBAD@BDDFFDNBHADAD@B@BB@@DABABABA@A@ADCDABC@A@@B@B@BABCDCB@B@@@BDFFFJFNFLNHBTDNLPPBDDJFHDBZJbFZDLARILKRMRCVDLFNLT`FLLPFDRB`E\\G`GJARAHK`CZC^@vHRAPFTTRVLP@R"],"encodeOffsets":[[114662,36282]]}},{"type":"Feature","id":"140828","properties":{"name":"夏县","cp":[111.223174,35.140441],"childNum":1},"geometry":{"type":"Polygon","coordinates":["@@@@ACCA@CCCAAA@@A@@B@B@BBDA@@DBBDBD@BBAB@@@BBB@@@@A@@AA@A@@FCBCD@@C@@B@@A@@@AAAA@@A@@DC@@@A@@BA@B@@B@JARG@@@B@@A@@@BBB@@BAB@BB@BAB@BB@@B@@@@ABAFA@A@@@@@A@@B@@@F@B@DAD@B@BABAFAF@D@BCDAB@DBB@BBB@DAD@H@D@@BB@BA@ABADBB@B@DAB@HBBA@A@ABAFCFCBAFABABAB@F@H@D@BA@CDE@CBADABAB@DBHBD@B@@A@A@ACA@G@ABABCDAFAJCBABCBCFCDCB@D@B@@B@D@D@B@@F@JFFFBB@@B@B@AACEAC@@BAB@FBB@@@B@AAE@EEECAC@ABC@AEECE@C@A@@B@BABAD@BA@AB@@@B@B@B@B@@A@A@ABAB@B@DAB@BAB@@C@A@C@A@@@@BC@@@A@A@@@A@@B@@A@@B@BBB@B@BAD@B@B@B@@BBB@BB@BD@@AD@@@@DB@BBFDDF@BABAD@BANIB@B@@BEFAFAFCLDBDBAJJENCTEREPKFGJWBENENCRAPEJG@@D@@A@ABABAB@@CB@D@BAFAFAFCDAFCFE@A@A@@A@QCEBE@ACAE@AEA@ACAAAAAAACCEECE@CAE@A@CBA@AAACACcBAHOLILCPAJ@PFL@JALAFADAF@NFD@B@DAFIFGFQFI@EAGCG@A@CBGFG@C@C@E@ABAFG@AACE@ICMCBEAABAB@JABA@C@C@@CAAAAA@C@ABADCBAB@DABCDCBCBCBC@K@ADG@ABABA@ABCAAAACAAAKEKGCAC@C@I@ABA@KACACCAAACEECAABEBE@@@@BAB@@@@ACA@@@@@BBABABCAAACCAAA@@@AD@@@@CCA@A@@@ABAJ@@BBB@B@AB@B@@C@AB@B@BA@OFeNCBIBKDIBM@CBG@EBGB@BABB@J@@BADAHCBA@A@@@AA@@BC@@A@@@CB@@A@@C@@AA@A@AAA@@A@ABA@EC@@AB@@B@BBBB@@@BA@A@CB@@A@A@@AA@@@ABEBCBDD@D@BCDCDADBDCDCJ@FCFAF@BBBAF@@CBCBCDEDA@@@AG@CBC@@AAC@A@CBA@A@ABA@@BAAAA@AC@C@EA@@CDE@A@EE@ABCAACAEIWKMGACAA@C@A@@A@A@@@@BAB@@@BA@CAA@G@AAECECGOACC@A@A@CBAAAB@@EB@BAD@DDF@@ABIDE@G@A@@BHF@B@DADCFAFCFABCD@B@@DBBB@BABA@E@EECAA@@B@@AL@@C@ABGB@@AB@FA@AAC@CAC@A@A@@AAA@C@AACCAAA@@AAA@ABA@AAA@CBA@C@@BCB@HAB@B@BA@AAC@E@C@CBA@GAA@ABADADA@@@C@AAAEAAAAA@ABCBCBC@A@A@@EEGACEAABEDEBGBCDABCFC@EBA@C@CCAA@AAAA@ABCBEBKBEBA@@@@A@CBA@A@@@@ABAB@B@DA@@BCBEDCDIFG@CACAIAKBGBIBE@CAGAG@KDCBABCAQAA@@AACA@CFC@CBCB@BA@A@CD@B@BBBH@BB@@@BABEDAD@B@BCDWNIDEB@@@B@B@@@@A@A@A@@@@@@B@@A@@A@@A@@@AB@@BB@@A@AB@BAB@@@B@BAB@@@BB@B@@@@@@DABEDCB@B@@@@@B@@A@A@GDGFA@AAA@AB@@BB@B@@@BFD@B@D@BB@@BC@@@@@@B@B@@@B@@@B@@@BAB@@@@@BBB@@A@AAA@GFCB@@AAA@@@CBA@AA@@A@@BAB@@@B@@@@CAA@A@@B@B@@@@CCA@C@@@A@A@A@C@A@C@A@AB@AA@A@@@ABB@BB@B@@@@@B@BB@@B@@@BA@AB@@@@@BDB@@A@@@ABCD@@@D@BA@@BAB@@AFBB@@BB@@B@DBB@FD@@DB@B@@CDEBAB@@@BDBJFJLBD@BA@AB@@DB@BABBB@B@BCB@BHH@@CB@@@BBB@@@B@@@D@DABABCBCBA@@D@LBB@BABCBAB@DCFGJABCAA@ACECCAEBGBEACBABCH@BBBB@@@@BABA@@B@BBB@@ABBB@@@@@@A@@B@@@B@@@B@@A@AB@@@BB@BB@@@BCB@B@@@B@BABC@@@@BDBABCHAF@FBFABAB@HADBBBB@B@BCDE@AB@B@@@B@@@BA@CB@@ABABABA@A@CFCF@@A@A@A@@@@B@@DB@BAB@@@@A@A@A@A@@B@BDB@@@BADAB@@BBDB@@@@@B@BB@B@@B@@@BD@FBBBNFDB@@AB@BDBD@B@D@DBB@BABAB@@@BBBBD@@B@@@@ADABB@@@DB@@BDB@@@BBAB@B@B@@@@B@CBAD@BB@@@AB@B@@@@B@@@@@BBABB@@@@@BA@@BA@@B@D@B@@B@B@BB@@B@@@@B@B@B@@ABA@@B@DA@B@@BB@@BB@B@@BBF@BBB@B@FBB@@B@@BBB@@@@B@@@BAD@@@@D@B@@ABE@AB@BBB@@A@@AA@@@@DABABAB@@BBB@A@@@@BA@@B@@A@A@A@@@@BBH@BBB@BABCDGB@FIBC@AB@@BBAB@@@@@BBB@@@DCB@AA@@AA@@@ADAB@@ABB@@B@@@BA@ABAB@B@@@@A@AB@B@@@DD@@B@DC@@A@@A@@@@B@LJDDDD@@D@BBB@FL@@@@A@ABA@@BBD@@CD@@@@@BB@D@D@@@BA@@BBB@BBBD@D@@BBD@BA@B@@@@@BBDB@@BC@@BDD@B@BDBB@B@@@DB@@@@B@@AB@BAB@@@BBBBDBB@B@BAA@@A@A@@@@AA@@@@DCBA@CBABA@@@@BBA@B@@@B@BA@@BA@@B@@@BA@@B@B@D@HHB@BBB@BBDFDBBBB@@B@@D@B@@@BABBA@@@@B@@@D@BAD@B@@@@B@FCB@B@@@@@@B@@@@D@@@BBBB@@BB@B@@B@@@@AB@@BBB@@@@B@BA@@@@BBBBDBB@B@BA@A@@@@BA@@@A@@BAB@F@BAB@DA@A@@AAB@@A@@@AB@@@B@BB@B@B@@BBDAD@DADBD@DAHCFCBA@AAECA@@@ABA@CBADABABB@@@@@A@@@ABABAAAIIAGAA@ABADAB@@@B@@B@BB@BAFCB@@C@A@@B@@@@A@AB@B@BB@@B@@@BB@BDDBBDB@B@B@BBB@@B@BA@@@@BABBBDB@@A@@CA@A@@DC"],"encodeOffsets":[[113987,36123]]}},{"type":"Feature","id":"140829","properties":{"name":"平陆县","cp":[111.212377,34.837256],"childNum":1},"geometry":{"type":"Polygon","coordinates":["@@CA@ACCAAACCIAAA@CBA@CA@A@@@C@GBAACCMAAAGAAAAEAEBEAA@CAAAEAIEAACC@CAGBAAA@C@EAEAKCGCCC@@A@@@A@ACCAAKECCCCA@EAABCBEBCD@D@BCBEBKBG@E@KCC@EAE@CACAAAIGCCAAC@A@A@AAC@@AAA@CGGACC@EAE@E@E@C@ECGAI@KBA@A@C@A@EDEFCDGDCBEBE@E@CBA@AAEGAA@AAAAAA@EAIAAAABA@A@A@C@A@CAAACAAAAACACEAACAA@EACAA@A@C@AB@@A@@A@@A@ABA@CBG@CBC@CBE@ABA@G@C@CBC@EBEBCDCFADCBEBC@E@CAIGIGKEEAG@ICICGCOIEACAEBIDIHQJMFE@EAECEGCGISAGCEECGCI@I@EBCDCFEFADEBKBIBG@GAK@C@E@CDEDIJCDGDG@ICMKKKMSMWESCQCCGEM@[A[CeC_I]KICYM]QAA_QUMICI@CDW\\MLCDBFBFD@F@DBB@BAB@B@@@B@B@B@BB@@BAB@@@@@@@@B@@D@@@BBA@@BBBB@DB@B@@@BA@AAA@ABEBA@CBG@C@A@A@@A@AA@ABA@A@@AA@@BA@A@ABABE@@@ABADEBA@C@C@A@ED@DC@A@ABBD@B@BADAF@BBB@H@D@H@BAD@FAB@DABDL@D@BB@@@@AB@BBAB@BDFD@B@DN@BAFCDA@ABABCD@@@BEFAFABCDGDGFGJCD@FBDBD@B@@AAA@AAA@@AA@ABC@BBBBFFB@DBDBB@B@B@B@B@BDDBDDDBDBJFBDFJB@DBJAFB@BHJBDBB@@DBB@H@HBD@B@D@BBB@B@BDBBBBBBBD@BBBB@BBD@B@F@D@H@D@BBFHHDNFBBD@B@BBB@DB@B@ADAHAJ@D@AFFLFFHHBDBDDBH@HBBFDBF@H@JFF@F@@D@DBBHDDBBFFDBFHDDHBBH@F@DDJBD@DFFDF@L@BDD@D@DCBABA@@@BB@@BABABCBCB@BB@@@D@@@B@BDB@DBBB@BBBDFFDBB@B@@CB@@@@@BDDB@J@HBFDFDDBD@BB@B@BCDABABBF@H@DFBB@BDBBDAFAB@B@DDBB@@JFD@BB@B@BD@B@B@@B@B@@B@DBB@BBBBDBFBB@B@@ADADAD@DEB@BD@BB@RBDBBADALCH@HBDBF@JAHALAJBDBDBH@JEDCFCDA@AB@@C@ABABA@@@@@BAB@D@B@@B@FALAFADABAB@BB@BBBDDD@B@FAD@DEBADCHAFAFCBAFBBDFH@FB@B@D@DADABAB@BBBBBFBBD@@@B@BCBCBAB@HBB@DAD@F@D@BBB@@A@ABA@GDA@AD@B@DAB@BBB@BAB@BB@@BBDBBD@B@DBB@BB@B@D@DBD@BBB@@EBA@@HABAD@@@BK@@@AB@DBFFF@B@BA@AAACA@@@ADCBADEBEDEBC@C@AGE@AB@H@F@JCBA@@CE@CBC@AFA@@BABBDAB@B@D@BDHPFDFDBBH@B@DBB@@A@@BA@A@@B@B@@@@B@DBBBDNHXLFJDBBBAD@BFFB@F@DC@@FBD@D@@BBBBB@AB@BAB@B@DAB@D@BB@@AD@DBH@@B@FCDCDADA@@BEAA@ABEDE@EDIDCACBCDCDC@A@CCCDAFABA@@B@@BB@B@@@DAB@B@@A@@AAAAA@@@BA@@FDB@BAB@@@BB@B@BBB@@@DB@@@DA@@B@@@AD@@BB@@B@B@DABGBC@AI@A@BA@AHAFAH@DAN@JALCJADAfMPEB@@A@ABAD@@@@ABAA@A@AA@@BIBA@@B@B@DD@@@@BC@@B@BBDDBBDBBABAAA@@@@B@BD@@@@BA@A@@F@FABA"],"encodeOffsets":[[114316,35768]]}},{"type":"Feature","id":"140881","properties":{"name":"永济市","cp":[110.447984,34.865125],"childNum":1},"geometry":{"type":"Polygon","coordinates":["@@KACCA@AC@AAG@C@I@C@CBEBEDEFCBEACEEGEICGACECGCECE@EBEBEDODMB[BALCL@JBD@D@BA@K@OAAC@CBEBMAGACKAIAAGEEAAIAG@CFADCHIFCBE@A@AAC@AAAAA@EB@@ADCBE@E@EBGBEBCDCHE@CB@BCBABC@C@CDIBC@CAAAA@@A@A@AAE@A@GCEAC@A@GAC@IAIAG@C@C@CAAAAEAAEACACAC@GCCECAAAABABEDCDALCDA@C@AAGAECMEGA@AAC@GAAAACAA@EA@@AG@@CAA@GCC@AACBC@CDA@A@A@ABC@A@ABCBCDMFCBCBAAM@I@E@C@ABEBC@CBABE@A@CCAACCC@I@E@E@A@A@A@A@EDABCBA@A@C@E@A@A@CDEHA@IFABCBA@CAE@CAE@G@E@EACAA@A@CBEBC@CBCBCBABA@@AAA@ACAC@CACACCCCAAACAC@AA@CACGAGAC@AC@AAC@ABABCB@@A@@A@@@AA@C@A@AAAA@BA@ABA@A@CAA@A@@AC@A@@BA@@@A@CE@@C@A@A@CBABA@ABA@@BC@A@A@@@A@C@A@CCAACCGGCAECKCGECAABEBEBE@C@A@CAG@E@C@AA@@CAAACAA@A@C@GAC@E@E@E@AACAEAEAA@AA@CC@CACAA@EAAA@AGAAAA@A@@A@A@@A@CB@@A@@@ABABADA@@DA@G@A@EE@AAAA@@AAC@ABABAB@DA@AA@A@C@CBABA@A@A@BA@ADA@A@A@@A@C@A@CAA@A@A@@CAAAC@ABC@C@CGGAAAA@ECCAAAACCC@AAACCCAA@ABADCBCAECA@CAC@A@C@EACAAACAAEAC@C@C@C@CAG@AAG@IBC@A@MCETDZFVNZLh@`EVIZSZQ\\ETHrdpN^BL@FCFKF@D@H@HBFDHDHBD@FADCDADBJDLBFDDJBJFFDFJJTNTZXXZT\\JTH^H`H^LAH@JAHAJ@FAVAB@D@F@DAB@BADAB@BAFAD@fWjWDAHCDABCBABABABAB@FEDADCBAB@B@FCDADANCD@B@DA@@DA@@BAFEBCBEDAJAHEFEFAHABBBFAH@DBDDBF@D@DCD@FAD@F@BEDCD@B@LCBAHEJCP@HAH@JBRBNDBDBHBBHBFDF@FCJEPCFAHADADBDBBB@DB@FBD@@BB@H@@ABA@@BAF@@@@A@ABAD@F@B@FAB@BAB@BDD@BBBB@BBBB@D@B@DA@@B@@B@BB@B@@B@B@@FBB@BBB@@@JBB@@B@B@FB@FDDBLFB@HBD@NBDBBBB@BBBB@@AF@F@BADABA@CBA@ABADAB@D@B@B@@BBDBDFDBXF\\FJAHAFBFBHDD@@@DA@CBEDGHCHBD@DGBK"],"encodeOffsets":[[113428,35864]]}},{"type":"Feature","id":"140882","properties":{"name":"河津市","cp":[110.710268,35.59715],"childNum":1},"geometry":{"type":"Polygon","coordinates":["@@Je@QAO@W@]C]DG@EAGACBC@ABABCDADC@ADCBABG@EAA@C@ABAEEMAGBEAHKTIBEB[B[@EC@MBE@CA@A@CBIBADCDABCFCDADADCFIDABC@E@EGASEIBMJG@EAECC@CBA@C@@@@EA@A@@@ADABA@CAECCEEAA@KCAAGCAE@I@ACAA@ABAJAFCBC@A@C@A@A@AAACAC@A@CAA@AAAAAE@A@C@@AA@@AA@@C@AAACAACA@AEAC@EBC@C@AACAA@AAIEAE@AB@BAJ@FABGAA@EJIHCBC@@AEK@AQEC@CDA@EBCDCBCFADABABA@C@CACAA@A@@BA@CDA@ABADADA@@@IAC@AAC@A@@BADADADEBKCKBQTILE@aKGQCgDHTFLDHR^Zp\\~BDDDJFDBJ@HANCLCR@BAB@@MBCBCDAD@DBZ@DAFCDEDCBA@AB@DAFADEHAF@DBFDF@F@J@DCP@ND@D@FDTJHDBB@BBB@@HDBB@BD@B@@B@BDDBD@@@D@BB@B@D@B@BBBBDB@DDFDD@BBFBDBNBBPFTDVATINMFO@@@@@AVBVGDICGWKIO@QJIVJXHrHTFJ@PIJMPGNA`ALCNCHBJAJBNE"],"encodeOffsets":[[113483,36579]]}}],"UTF8Encoding":true}