{"type":"FeatureCollection","features":[{"type":"Feature","id":"140421","properties":{"name":"长治县","cp":[113.056679,36.052438],"childNum":1},"geometry":{"type":"Polygon","coordinates":["@@PBF@B@BBDBB@@BB@DBF@BBH@D@D@HAJ@B@H@FBL@FAF@FAB@B@DA@@DAB@NGFAHBFDJF@@@@@@B@F@FEBAB@DCBABC@A@@@@BA@EAAAI@A@AA@AG@AAE@@@ABCB@D@H@FBDAB@D@B@@AB@DAB@@AB@BADADA\\IL@LDPHRVBDDDBBDDDBBBB@BBB@B@D@LBFBB@B@FFAE@CEE@@AA@@GEEEEIDI@Q@Q@SASCI@IGKIIMCAECIBG@KAKCGIIMIIEGKEMDIFIFGRGFABADCBEZMJEJK@W@WNWPAJCDS@IAM@@@@@C@KHM@ICACCGCICIAQEMGSGGKCIGAEBIDIHOLKLQDSDY@[@W@MDMJIROPODQHIJENGHQAMGQIQAKBIHCFAHBHHLJNRRJPFXAX@LEJMJWXCVJNV`KR@PBPTDDLAFCFAFCF@@BBDD@BBB@DBH@B@DBBB@FAB@@ABA@AB@@AFC@AB@BABAB@DABBB@B@B@@@BDB@@BABAF@BAD@@@D@B@B@B@BBD@B@B@@BBDDBB@B@B@BA@EBCBA@CBAB@BBBD@NDD@@BCBC@G@E@@DGJOLADBJFHBB"],"encodeOffsets":[[115708,37032]]}},{"type":"Feature","id":"140402","properties":{"name":"城区","cp":[113.114107,36.187896],"childNum":1},"geometry":{"type":"Polygon","coordinates":["@@KCK@[JCBCBABA@@BA@CBA@@BA@C@A@CBEAG@C@A@AD@B@@BF@BBHB@@B@BBJBB@FAB@@@@@BADABCDA@ABEFE@@FCJEDI@ABDPNXAFEFG@CDBP@FDBH@B@@@@@NCLA\\ADFFF\\ANFDJB@BG@SFE@@@@@@RG@E@SEKIIAK@@@@@AZSFE@KGSKQGMDEBC"],"encodeOffsets":[[115862,36993]]}},{"type":"Feature","id":"140423","properties":{"name":"襄垣县","cp":[113.050094,36.532854],"childNum":1},"geometry":{"type":"Polygon","coordinates":["@@AEGMAEDMBK@MICSEOGKGIIKKMUEKCOAOHQJYFODSNULQNI`UPILGJEJEDGEEKMICG@E@A@E@A@E@AAC@A@@@OIKAAC@EC@QEQIMEKIIBAH@HGFAH@FEBCAAB@BBBDBE@IRADKFUDQAcGUE[EWESCOC_IWCMGQGIMBOHGRCJAAK@@@@ACAS@KI@OAUAOAKAMCUCW@WBMDIHOLMRILMTIROJQJI@QBQBMBUNWJODS@IEGCQEUASHGNEHMJODODM@GDMHQLGTIHAHCLBLFJRJPHNHPRHJJJJLHRJ^BJCN@NBLFDJLHJNJJDLDHTCDGHANFLLHPFLD^BLFJJFHFHFJL@NAREZCJDDHFLDPBPFPBNDNHJH@J@VBRANGRINIRAP@LDPAPGZOFEBGJBHJDNDFHLRFX@R@L@D@TFP@LGFANMPINALFJDRBRCVKFINURGNIPOJIHMNKPANGNCJDJ@"],"encodeOffsets":[[115946,37540]]}},{"type":"Feature","id":"140424","properties":{"name":"屯留县","cp":[112.892741,36.314072],"childNum":1},"geometry":{"type":"Polygon","coordinates":["@@JGHSRKNGHCN@PCPCNIFGHMTGVBRFHDJFT@PCXIVMNARARAJ@RIPIJQNSJKNQPKJGNCXAX@VDNDLBPBVBPBJ@@ABE@@@@DIRGLIAWGOFOTODI@MAG@AFKDM@AAA@@A@@@A@AAA@@@B@DCB@@A@A@@B@@@AA@A@A@@AA@@A@@A@@@@A@@AA@@@@A@@@@@@@A@A@@@A@@@A@AA@AC@@@@AA@@CA@@@@A@@A@@@@B@@@@@@@B@@AA@@@@A@@@@BA@E@AAAAA@AAA@@@AA@@AAA@@@@@B@@@@A@@A@@@@@@A@@AB@@@AA@@@@AAAB@@@AA@@@@@A@@@A@@@@CAY@QAG@]IUMGA@@@@@SIMEEEkKYDMFKXEJ@TGNMDQ@OCIGICIEMEQ@KRCPARGFOB[CSAEEIIEMKEMHMFGD@@@@CBS@S@UCUAQE@@@@AAKOKIKIUISEQGKGUEQAKCOKGCMESCQDWJUBUBOBOCIAUMQG@JANCPCL@LALBJBPLNDNDLBDBH@LAF@DA@C@EAC@CCECCCEEEEEEGCGAC@EBE@M@EBE@EBI@CBI@A@@@@@CFC@ODODGBKBIFBB@BCLAFBD@HFJFDBB@B@BC@ECGEA@A@ABEFCFIHCD@B@BBBB@D@BBBBBD@B@BA@C@CBCBCD@HBNCNCHJJJJLLHHFHLLJNLPALCL@NLNHJDDDJ@L@J@RN@VDTFVHJHPHRJJFJBLGDMBMFOLEPIVAXAPCXBRDTFTHNFHHFHHRBJANAFBJBJBNBLDJJHJH@BHAHAFA"],"encodeOffsets":[[115413,37382]]}},{"type":"Feature","id":"140425","properties":{"name":"平顺县","cp":[113.438791,36.200202],"childNum":1},"geometry":{"type":"Polygon","coordinates":["@@N@N@T@XELERKLIJIJGVMVEPBN@Z@JQFOFQNQHODQ@O@AAGAG@A@MAMLSDMIMKMAICAK@EACAEGAA@ABADEBM@G@E@CDE@CDEBC@EAC@AC@EAA@A@@C@AAAC@C@A@@@AACG@E@CBCBCBA@IACACECGEECECGACAA@IACCAC@EACAA@ADAB@BBDDDDDBDBJ@FAHADAB@DGDC@EBGDA@AA@CBGBA@ACA@AACDAB@@CEAAEA@@@ABALIJG@ABA@AAACAGAcGCAA@CBGBA@@A@A@A@@AAC@EBG@ABA@CA@A@AB@FEBCHE\\E@AB@H@BA@AAA@ABCBCBCB@BBDBJBH@DAB@BCBANABCAAEE@ABABCBCAC@AB@BBB@@ADA@@D@D@@@@CACG@EEA@AFA@@ACCA@CAIAA@EBC@MAA@AB@D@B@@C@@AAAAAA@EB@B@DC@IAG@A@CAAA@AFCHCBABABABEDADBB@BEBA@@BK@CE@C@@@@ADED@D@DCBABA@C@E@E@EJMBI@G@@CCAABCDAB@DA@C@CCEICA@CAC@A@@AMEMMAOTIRCT@LAHIGG[EJIJGJMAGAEOKMAUHODWDKAIGAK@MBEDGIAKEEKEKMAMHILSFQAQCQ@MPKJQASGOGQIUBAF@JFP@TMHSF@HABKJGFIHIFOHGFOHODQEYIM@KBOHKJGFGLBHFLDNGLILIJCTAZMHKHMLINGNAJEPOJWHSFYDUBSLKLBHLNDHD@FBDJH@FCJ@LBADGFMFEDCFMFM@CBAAAGG@KD@BJNDHAFGHEJAFE@EE@@C@IBEBE@A@@EFK@EIEM@GFAJCDOH[BA@CAAH@BAB@B@BDFBBBBBBBB@B@@@B@BA@@BEBEBIDEDABBNBN@LBJNNXNNKFUPGT@RBZFTBT@P@RAPCRKRKVCbIbFHPLPLTNNHRHJDP@F@TJVPHLAPCFB@LBJ@VCNEAKFOLYPKPGHAP@BBBAB@B@B@BAD@B@D@@BB@@LETAP@P@VDLFNLFHHNFNFJHLFLRFTERALCZGP@NDFBDDDDB@FDBBNNLBBA@ABALFLFD@BAAEAI@AB@DAH@J@H@BAFAB@FFFJDHAF"],"encodeOffsets":[[116321,37333]]}},{"type":"Feature","id":"140426","properties":{"name":"黎城县","cp":[113.387366,36.502971],"childNum":1},"geometry":{"type":"Polygon","coordinates":["@@AKKMQDQDMBYHQEOKIKKSMQDOTCNBNFPFR@BOGQCMIGUSKKGMCOHKPKN@PCPCP@PAVARKBMCQCOCKHGTCTBNGHKHGJMLKBMBEAEACACAAACCAAAC@C@E@CBGDC@A@AAC@KECCEA@@CBCFCBCC@A@GDAHAHBHGH@BA@EC@CDA@@CBC@C@E@A@CEIAA@C@A@E@ECC@KCAIAAE@CBADBJFHBL@DAJIHAD@FAB@DABMBQFKNGBECGEIEEA@EBABG@I@G@CBA@@BBJBFABC@KEKEAB@BABKAMMAAECA@CCCCEAMCO@YHKDQBSFQEEKGKEIEMGMEGMKKEUCO@O@SBKFBBBBBDB@@B@BAB@B@B@B@B@B@@AD@F@@ADABCDABAB@@A@ABA@CB@@E@CDGFIJEFABCDIJEJU@SCMCKBIHGXGTEZABOEMESGSCUDOBM@CHIFIFKHOJ_VMJKRMVCTEPIZGRBPDPFLNVLLJJLHPHTFJD@NALCNBFHNBFDHFLFLHPHHJFRDLFRLNFLFVFRBJP@R@NCJCR@PJLJHJFJNEP@N@HDPJJRHLDLHJJDJAJELGJGJIJILANFJFFJFLDRFFBAC@@BAB@RADBD@FBLKJITIVCRCPEFCPKJGLGNKHIFGTGNANGJGLKDMFSHQFIFMHIFIJKJGNCHCLC"],"encodeOffsets":[[116269,37627]]}},{"type":"Feature","id":"140411","properties":{"name":"郊区","cp":[113.101211,36.218388],"childNum":1},"geometry":{"type":"Polygon","coordinates":["@@A@@@@@@@IEECGAEBMHA@CB@@CBA@A@EBE@EBK@EAG@A@I@GBC@C@G@AAE@CAA@@AA@CAAAA@E@OABDFHBJ@PDRBLS^FFNFTJ@@@@B@NHJV@^BH@RBZ@D@@B@@@B@@@@@B@@B@@BABB@@@@BB@@A@@BB@@@@@@@@BB@@@@@@A@@@@BB@BB@@B@@BB@BBBBB@B@FAB@@@@@B@@B@@BA@@@@@@@A@@@@@@BB@@@@@DB@@BB@@@@BDB@@B@B@@@B@@@B@B@@@@@@@B@@B@@BB@@@@@@BB@@@BB@@@B@BBB@@A@@@@B@BA@CDA@@@B@BBB@@@B@@@BB@BCNEL@BBH@NCJSPEPHPBXKJQHCJ@@@@AF@B@LBTBD@@@@BLLBB@@@Z@JEHEF@DVBJHFJ@LEREFEAEAI@ABEHCLETK@AEA[C@A@ACC@AAACECAEKMMRI\\IZA^BXDPBFG@M@WBYCQBSAYCWIaAWBC@@@@FKDGNDVDTFJBRFFDT@L@JAAI@KAMAMBAFCJCFAFA@AB@@A@A@@@AAAAAAAAACE@A@ABA@ABG@@BCAC@@@A@CAC@@CCAAC@@AEAA@A@ICE@AAICEGAIDIFEJCJ@BK@K@OAACE@AA@AAEEA@A@EAKAC@A@A@AAA@AACACCAACCACQUOGADCFHNLRHT@LEFYT@B@@@@BLJJFL@T@FQH@@@@@@EF@TAHA@CIME[BEECE[BKBMD@@@@A@G@CA@EAODCH@FEBEMWCOBAJ@FCDI@E"],"encodeOffsets":[[115801,37035]]}},{"type":"Feature","id":"140427","properties":{"name":"壶关县","cp":[113.206138,36.110938],"childNum":1},"geometry":{"type":"Polygon","coordinates":["@@DB@JGN@L@D@@@@BN@JCTIDOBMX@X@XILIFYNAFCDABEBQHEHEJCJFNHLJFNJJJDHBL@LAHDJBFNDJJHL@JDJBT@T@R@RCJFJFFHF@@BB@@FF@DBFBBB@@BDFBB@P@LALI@IDEFCJBJFHJDBBF@JDB@B@FB@BD@BBDD@@BD@D@B@@BDAD@@DBB@\\APGDCBIHEN@JF@FEL@FB@F@FAJAD@@@FFF@BEFIHGBECGIM@ALCH@BHBBDAN@NEDEFCNEHEBCKAI@EDG@CIEAC@CGKMAGLKTKVAZCTEXGPIFOBIHMJMNKLGNGBYDSJIJKHKCMEKAGHKHELIPGLAN@ZJRFPCPGHEPGJEJGHELIBA@GTENG@SEO@IBEVARJPHTHRBLINOR@RDRBTEJKNGNBFLFLLFJBPCAMFMBMDKBSB[KQEUEUEOESFSFGBALKNYCKIGQGMDILKBKCGCAAAAA@A@@AA@CAA@E@EAA@ABA@MBA@AB@@E@Q@@@A@C@EB@@IFIFMHKFONEDEDQFIAKAU@OBKFKDGFGDC@ODIBOBSAICGGMSCGEKMKKASAQBOBQFMLGHAH@FBLDHENGNMJGDIBMFO@G@ICKCIEKEMEOIIGQEODKDYbCDMJCDGBKASCOCQBCJCH"],"encodeOffsets":[[115917,36760]]}},{"type":"Feature","id":"140429","properties":{"name":"武乡县","cp":[112.8653,36.834315],"childNum":1},"geometry":{"type":"Polygon","coordinates":["@@RINM\\QRAPCTBRENKNM@@@@HGJOA[@ONCPBLBHCDEFMLGJGDGDUJINER@TDPBPEJAJKJMJGJENAVANMDI@EEUEICMJILK@K@QAKAEIOAKHKLENIHKFI`GRDLBFBLL`VNPRNZNNJ\\RPFVETAV@NDV@T@PCPKLCVBF@B@DJFFdCZDLCHCFGB@D@BD@B@BADAD@BADAB@DBDBD@\\BDD@HCDCDCHAFDBD@HBDB@@@DI@AHc@@BCB@FAHBBAB@BANCJ@PD@HDJBL@HTCDK@KDCHADB@FBBFFHBNHHJB@B@BEFEF@@@DB@D@DBDDDDDB@DFD@DAJBB@DHHJDNLLJDJBPGDGJOHKHKJIPKJIJGJIJKTIA@@ACEA@BCHCFE@A@CAEAKIK@CGK@AEAQEKCIEEEEIBMJKJIHIHIFKBICIIIKGKCQGIICO@G@MFOIMIEIGIK@ODQDI@M@QIOQAUEKEMEQKKEQCIEGGGOEKEKCGI@ICMDMHOBMLGNIJOPMJQHMVEJULQDQAICKEMBOJMNEBKHO@SEC@K@Q@W@QEGKCECMGIIAAHEFYPOHOBKCO@QBMJQJMHQBUAI@G@G@KDS@O@OLCLAFGDOBM@S@I@MEMESAQ@MJOTKN@LDHJLHR@FBD@@HVP^HHADGDEBIHCJ@DBD@DABABCDCDGJKJCLBRCRGRULWHKNMLUHGBECCCCCG@KBKHKF@@EDEBG@AAMEG@OBAD@D@FIBMDEAECIEKAM@ABAFBF@B@DEDMH@@ADAPCBE@K@S@EBABA@CDCD@@AB@BEB@@ABA@A@ABG@A@C@@AA@CAC@A@ABCBCBGBABCBABBBAHAFCLEDKFQ@M@SFGNDPBLCNENCJEHIJMHIFAJDHBDDTCbCRMHSFQ@OFIHCLBD@@D@B@JAHAD@BBFBFBB@BAB@B@BBD@D@LBLDHFFDH@JCD@DAHBD@H@D@BABA@A@EACACAC@A@CDADAB@JBF@D@DADABCBABGBG@CBCBCD@D@F@F@H@HADAHAFAH@JCLCHAFAH@DBDDDHHFLNJNRFR@JBBHAF@HHFLBJAB@"],"encodeOffsets":[[115357,38012]]}},{"type":"Feature","id":"140428","properties":{"name":"长子县","cp":[112.884656,36.119484],"childNum":1},"geometry":{"type":"Polygon","coordinates":["@@T]AKCQ@OAIEGACAAEGAIBCPKHI@CF@H@D@DA@AC@MCC@AA@ABADAB@DAFAB@@A@A@AAACCAA@@@A@AAC@A@A@A@A@C@@BC@ABEBA@AA@AC@@A@A@A@AACBA@ABABA@@BED@BA@@BAB@BA@EBA@AA@C@AAG@CAA@ACCAA@@DEBEDEBECKSCAO@OLQU_IMDUXWNIFI@KBWEWIOQQIMGKAGBGDEGCUCQCYCS@U@YBOBSFGFGL@LFLFJBH@DAPCNEFGBS@SDKFKFQDI@MAKGCAMEK@IDMFMFQBEBKBGBMBGBIDCBMJOPEJOFKESEUGMFGNMPOPGR@@@@@@AHIHKLUHKJQBQIQEWAWE_G[GQCUESOGBQBK@EJ@HBJ@JCLKNEJBFDH@@@@BDHJNHHDNDNHVJPHVJNFLHHHBHBL@HCNGPETALBHHJ@RBPRHVNJBPDPAVAVAXIRCTDNFHDPLLDRBVFLHRHTFVJLJLJLPBB@@@@RFVBVDT@T@DA@@@@HCNENGLFFNJJFFTB\\DPAHEBQDOLQR@NFJFJDJHPDR@NCHM@SFILWNEZClL"],"encodeOffsets":[[115706,37081]]}},{"type":"Feature","id":"140430","properties":{"name":"沁县","cp":[112.70138,36.757123],"childNum":1},"geometry":{"type":"Polygon","coordinates":["@@CLCLGPERGR@LDPFTDNDRLNNHDNCH@@IFKFEPAN@H@JCDMHGHJHPPHNHPHJHHNJLNPLJLLZEBWJMDSJMLMJIPCHDNDNFPFPDT@PFPLNPFPH@@@@BBBD@@BBBBBBBB@BB@BB@BBB@@BD@BB@@BBB@@BBBDAD@BABADABA@@BABCDABADAB@BAB@BBBBB@BBDDFB@B@BBBB@@BBBB@@@BB@BBBDBD@D@BA@A@A@@@A@CBA@@BA@BD@BBD@B@@@BBB@BBBADBD@@BDBD@B@@BD@@@B@DBBAB@BCD@BADAB@DAB@@E@GBABA@CBA@C@@BCB@@@B@@FBB@DBD@FD@@BB@BBBBFDFBDBD@@BBBB@BBBBDB@@DFFDDAJELEHKPMHOHIBMHMNEPIJILELKHKJFDHHHBPCNILENCRBRDRHLFLNDLBADABAHADADABAB@D@DBB@@BD@B@H@BAB@B@BA@@FA@ABA@@DCDCB@BAFAT@L@F@DABOBC@@NGFC@C@AAEBEBAN@LBJFFDFBNCJA@E@CBCPAH@NFBBH@FAFC@@LELGLAH@DDDDFDHAVGNKLMXGVKHQDQAQDKLIHIDCDCBABA@CAC@CDIJGFAHCBCGGO]GU@@AC@EGQIKCG@KLMPSNIR@TBNFNFJ@T@N@PAHCBEDKPKP@T@LCH@GICMAMEOAOCOEKCGICYDQFMBK@EIEGEGIIKE]AKCOEKGEKBMHGDCGSKCICMIGIIKECAK@MDMAII]GQIKIIGIOQMGOGQIEIAKDKBGEBGBGB@AIGIGCIAKAMAIAIBEBMAIGQEGGGMESGSEQCWAODWBUBOJKFEPANCNKHIAIEQIOGIGUGSEUCM@"],"encodeOffsets":[[115200,37315]]}},{"type":"Feature","id":"140431","properties":{"name":"沁源县","cp":[112.340878,36.500777],"childNum":1},"geometry":{"type":"Polygon","coordinates":["@@LILGFKJKJIFONMNGJAPGNGLOFGFKBICCEE@CA@ACAA@AAAAA@@ACACCEAEAA@AAA@@ECC@CAA@EA@@@A@@DA@AD@B@DAB@BAHAF@@@BA@CBABC@ADC@ABAAA@C@A@@AC@@@AACAC@@ACBCAA@AAA@A@@@AAC@AACB@@AB@DAB@@@B@B@B@@A@CACACAAA@@A@@AAAA@@AAAAA@A@CEAC@AAAAA@ABA@ABABCBADCBA@AB@BABCBA@ABCACAA@@AA@AA@@AAC@@AA@AAAA@@AAAAAAAAA@@ACAA@@@@OGOEKMEO@OCSEOEOCMCMDGJONINKTINCXIFAKYIKOKKMMIGGGIGOGMOOIGHGNGDC@I@GBMFOLEJE@@DGCMMGKMCQCMESCO@KHQFQHODKDK@Q@I@KCICCGIKM@MDKBKKOIMKKEGGGKKIIIIEDEBSBO@S@UBUBQAO@U@YAOFCHELINMDGBKBMFMFOJQLWZKJMJQJS@WAS@[@IHIHEJELGNGPGPAFEJCNEJEVCNEPALELELOHYHQHGJMHGFKFKJILELIPENETEDCB@@@@EDOBI@IDKDIFEHMJC@FEFEJKHIL@LATEPKNGBOBI@CTDPBV@Z@FBBDDLJDJAFGHGHCJELC@C@GAABADBHFL@DDHAFABEBAD@J@RHPFBPFPHFH@FADDN@HCHLJLTHVELELFHNHP@NEPGV@LBRDFJHHBDIJGFEDGJDLHHNHFHBHBH@F@DGFIJKLIJGJEL@JBDLDN@RAZBL@TDJBLFHFHCJCH@HPRJH@HBLFHLDHFDFDLDR@PBN@JBLBLCJEDIDMDMHELELGJAPAT@PELIFIPKTGLEPKNQFCJAJBFDFHFHFHJDJBP@JARERAT@JCNGLGJGLAV@TDLFJJFFHHLD"],"encodeOffsets":[[115172,37843]]}},{"type":"Feature","id":"140481","properties":{"name":"潞城市","cp":[113.223245,36.332233],"childNum":1},"geometry":{"type":"Polygon","coordinates":["@@N@PAVCTDTHNFPFBAFYHSHWJGLANDTDV@FIJIDCBAFEJIHEDCF@@@DAB@BAB@@@BABADCBABC@@@EBC@@@A@A@A@A@ABA@A@AA@ACAAAA@@AA@@@C@ABC@A@A@ABAAA@ABOHGLOZOPKLEFBDM@UAI@KEAODKBOGIU@S@ECOGIGQMMKSKOGOaEaJUDQLQLODQBO@S@SAYEQAS@OHEVMLWMMMIBK@S@ECQEIASEUCMCCHEL@@@@ADBXJbDXBZATDRAZ@X@NEHOAWC]AYB[JQJNNFLDBDFBB@BDD@B@B\\DFB@BSLKFGDAF@BBJBFEFQFKFI@GEAICUE@GFIFY@@@A@KAIBQDGHAPJNRHNHXD`JPDTDXF\\FVFdHRBVCLEBCJQF@CAAA@ABADBFA@EBGHE@GBGJALJNFRJRFD@@FBDLBPJ@@B@D@BBF@B@F@B@F@H@JDLNFF"],"encodeOffsets":[[115966,37355]]}}],"UTF8Encoding":true}