{"type":"FeatureCollection","features":[{"type":"Feature","id":"620821","properties":{"name":"泾川县","cp":[107.365218,35.335283],"childNum":1},"geometry":{"type":"Polygon","coordinates":["@@@IBAB@JCFCDCBEBA@AAAAACAAA@CBAJIDAD@JCFABCBABC@C@CDCFEBAJEBAD@DBD@B@@@@CACAC@C@@@ABAD@D@B@DBB@BADABABBB@@B@DBD@@B@FCD@B@@@@B@D@BBB@@DAB@@ABA@@@C@ABAD@DBF@FAB@BADABCB@JA@CEICEEGCGACBEDEFE@CBEFIDGDEDGDGHIFEHEDEDCFCDCFGHEDEFGDEBA@@ACEE@CAABA@CBA@C@@@ADCB@BA@@BAB@@ABAA@@AB@@A@@A@E@CAGEKCICMACAACCACCCC@CDAD@DBFB@B@DBDDBF@D@HBDAFCDCBEBE@EAW@QC@C@EFABEBGAECCCAECECCCCBCBCFCDC@CBAAA@A@@@@@@AAECEBCDCBADAHCFCBCBCACAACEAG@IBI@GBMHEACACCAAEGACEA@AAA@C@CD@B@FBD@B@BABA@A@A@AAAACAABA@C@@@@@AB@@@@@@@@@@@@@@@@A@@@@@@BA@@BA@@@@@@BA@@@@B@@@@C@@@@@A@@@@@@BA@@@@@@@A@@@@@@@@@A@@@@B@@@@@@@@@B@@A@A@@@A@@@@B@@@@@BAB@DBDBDBDBD@DBDABABABABCBC@ADCFGDKKCMAG@GCICAAMBCAIAEBCFCBE@EAKGCAM@K@GAACAACBABEAGAA@E@E@E@GCCEECC@CBCDEBGBGDEDEFSFGBG@E@CFAF@NAFABC@IEAF@BCBG@SAGBGDE@ICE@C@KAC@GBGDCFCBEDGBC@EFEDMBIAE@I@GAECE@KCE@KAKCGAG@GACCECGEEECEECGAICGDEFK@MAEEGCEAK@IBEBEDGBIBGDIBEFGDGFEDGBCBE@@DBFAD@DCDEDEDC@C@AACAACCGACEECC@C@C@A@AHCB@@A@ACCCGA@CBCHCJCBGBA@AAA@CDABEBGDC@ABGDCDABA@ABA@CBA@CBA@ADC@CDAB@H@DAFCDC@E@CCA@C@CBCBEBGFAB@B@BBDDHBL@FADEDKBMFEDCD@FBHCDADMDAB@BAFBFAD@D@DDDFBFBDBBHDJBBHDB@H@DAFBFFFBJBBB@@@LBDFF@B@BCFADE@C@E@EBCB@BBDHJ@DABG@CBCBGFABCBC@C@CDE@ECG@EBCDCBEBGBEBCBEBE@E@GBAAG@CA@@AA@ADCACAACAC@CB@B@B@@C@K@EBAB@@@BBD@F@DBFAHBAH@DBDDBFFRBHBDB@PCTAD@JCJGDAJ@D@DABAB@F@DCDDDFEFCF@DDHAH@HBLBJAFADADCBCB@F@DBDBB@DDAHCF@F@HBFBDDDDBDBBAFA@CB@BABABCBABEBEDABCBADBF@DAH@HDF@H@HAJ@F@FBHFHBFFJDFDFDBHEBCBEDCJ@H@LBJBFDL@D@D@B@BBBAB@BA@@@A@@CE@ABAD@BABA@A@AD@HDB@DADA@A@CBAD@B@D@BBBDBF@B@BC@AB@J@FBFAD@B@B@BD@FCFCHAD@DA@@JBJDJAJAJEJIHGHGFEJCFCHCFCFAHCJAH@F@JDFBLAHAHCHCHCF@FAJAD@FFFBBDFDFDDDBFBFFDHFJBJAHAJEHEFAHCDAFCDEFAFAJAJ@LBF@F@J@J@FCBGCEAECEEEAEBCFADCFAF@D@HAJDJDHFBDBDDHBJBHBJBFDFFDFBJDHAJ@HAFEDEDCFEDCDEFEDGDCDCFCBA@@DE@G@CHBFDHBPFDDDBABADMJAF@DDFDBNFXD"],"encodeOffsets":[[110189,36341]]}},{"type":"Feature","id":"620823","properties":{"name":"崇信县","cp":[107.031253,35.304533],"childNum":1},"geometry":{"type":"Polygon","coordinates":["@@BGAE@C@EAC@A@@BAFAL@D@@@@A@ADAD@DBBBBDCD@BBB@@DBH@BBHAF@F@FADAFAHAFADADCFAH@FDF@DCD@D@DABAHEDADAH@BA@CGIAC@ADAFAF@D@F@BCDE@A@AEEAC@K@@AAIAEAEEEACBG@A@GCAACIAGCAEAEACC@C@CBCAEBE@ABANCBCDCAG@EDCFCNELAFCBC@EAKCGAC@A@ABAHEFADADAD@B@DDF@D@DCBE@C@GBADCECCCA@@AEEIEM@K@GBIDG@GDG@K@CBG@OAIAECCCCCEEGCA@AACEEGGBCDCDCDCHADE@G@CB@B@DBBBBF@B@@B@BABABEHABCB@BAB@BCJAB@BABADA@IBGAMBI@GCGACEAABAAA@C@A@A@CBA@C@A@C@A@@@CB@B@FADA@ABCBABABA@ABABAB@@A@AA@E@C@CGAA@CBGBCBE@CAG@CAGBI@EACCCAC@A@A@EBC@ECCCC@AA@EACAIAGAI@GAGAG@GAECECCKCGBEAGAGAEAEAGAKBG@GDEHGHGHEJAJAJAFAFIDEBEDIFG@IDIBE@GBICCAE@GBIQ@GBE@BFBJ@DDDABA@ECC@EFA@A@CEAEAAACEECAC@CBABCBCBC@CCEAE@C@CB@BDFBD@BAFA@AHADABABCDAFEFCDABC@EAC@E@GD@BDDHFDFCBA@E@E@[IGAE@E@GBCBEBCF@BAFAHAB@DE@ABG@EDCA@CAC@E@AMBGDIBEBCB@B@D@DAFABGBABCD@BA@EAIEEACACBADADA@@@EDEDAF@F@DBJBFBFBH@DCBADABGDE@KBMBEFEDGFEFIJCBCD@@EAE@AD@D@D@DEBABAF@DDBDBDBBD@DCDALBFFHBHBFBDF@NAD@BBHBFAFBBBBFAFABCBGDCBC@EDEDAB@F@BBFDDFDDDBD@DBHBDADAHAJ@H@FAJBHCHCHADCD@@F@D@DABHBFBDDFBH@HEFEBE@CCAE@ECAE@EBQ\\CFCFAFBHBDJFHBJ@JFDFDJJBJBHBFCDGDAH@DACI@CDIFDF@HAFFFDHBH@DBBDABG@BD@DCDGBG@EAEAAF@DCDEBCFAFADEDGBCDEHCFCJAF@FBHFDHBRAJ@FABADGFAJDDDBFFBHAF@H@FBFDBCDCD@FBFDF@FADCF@BD@FAFCDCD@DDABDGFBDBFFHBFFFFFJDLDJAHCDAFEFEFEJEFEPEFEJALDNBPDN@LDL@JBL@HAJCHEBE@I@CDDBFDDD@BBBCDCDAD@FBHFFBDBFDFDD@DCFCBCFCL@DBJ@@@"],"encodeOffsets":[[109682,36231]]}},{"type":"Feature","id":"620822","properties":{"name":"灵台县","cp":[107.620587,35.064009],"childNum":1},"geometry":{"type":"Polygon","coordinates":["@@DADCDEDGDGDEBEDGFIBA@ADADA@@@A@@@@@@@A@@@@A@@@@@@A@@@@@@@@A@@@A@@@@A@@AA@@A@@A@@@A@@BEBCDCDABCBC@CBABABA@IBG@EFGFKFKFIFIFIFG@AD@D@HABABEDEHG@A@A@AAAAAAAAA@AA@@AB@@A@A@@BA@@@A@AB@@ADA@@@@@@@A@@B@@@@@@@B@@AB@@@B@@@B@@@@@DC@A@@B@@@@@@@@@@@B@@@@@@AB@@@@@@@@A@@@@@A@@B@@@@@@@B@@A@@BA@@@A@@@A@@B@@A@@@@@@BABB@AB@B@@@B@@@@@@@BA@@B@BAB@@A@@@A@@B@@A@@B@@AA@B@@@@@@@@A@@@@B@@AB@BA@@BA@@@AB@@AB@@ABAB@@@@A@@B@@@@A@AB@BC@AB@BA@@BADAFCFADCDCDAF@H@FCB@FAJDJDFAF@H@BA@A@AAACCECCA@CBCBCBABEAC@CFADCF@DBD@FBLC@C@@@C@@AA@@GOKEGCEAEHA@A@A@@@@EDC@AAAA@A@A@ADEBICC@ECCCAAC@@@ABA@CAC@C@A@A@C@AACCA@ACAAAAA@@@BCBCFMA@@@@@CDKDKDMBIBMAKCEAICQAGEGA@@C@GBA@G@AAEAEAKAC@@B@H@D@@AB@B@@@B@@AB@BABA@@@AA@A@@A@@A@A@AAA@@@@@AAAA@@@ACACAAA@E@CBA@AAC@A@CBA@E@@@ACA@ABCBCA@@CCAAA@A@@@AB@@BBA@@BABAAAAAAA@A@A@@AAA@C@AA@CB@@@AAAAAAB@ACAACAA@C@@A@AAAA@AC@A@A@C@AA@@A@CDABA@E@A@AC@@@A@A@@@C@@@ABC@C@A@A@A@ABCA@CDA@E@C@EAE@A@A@DBBBBFBDBFBD@HBB@BBB@F@B@B@DBD@DBB@BAFCFCFGFCDG@E@ICCCGCEBGBGBEDGBCBEDGDGBGBE@GEECCECGAGAIACAEACCGGCKCGG@CAC@E@G@G@CCECAGAIAG@GBKFIBIAE@EDGBCBEBG@EBG@IAEAEAI@G@MDIBGDEBCDGDIFG@GBC@EBG@IBGBG@GAGAGCGEECCCCEEAEAIBEBCBCDCFAFAFEFGBGBIBG@GBG@E@E@G@KAI@I@IAIAGEAECEAG@E@G@GAC@AA@ECC@@@EDEB@@AAA@C@CAC@@ABCAAAAAE@@@AEI@AEE@GCG@A@@A@C@A@ED@@CBA@@B@B@B@BABA@C@C@C@C@AD@@@BA@@@@@CIAAAE@AECACC@G@CAA@@@A@@@ABABAB@D@@A@@@EAK@EFEHEFCDCJCJAJAJAHAJAFAHEFCHEDGDGDCFODIBIAG@CB@AAAA@A@AB@DAD@@AAAAGBGBIBIDCDEDGDEDAFADCBCDEDCDAFCDBDBH@FDHBFDFBFBF@HAFADCDCFCFCFCBGDCBGBGAEBCBG@AJ@HBFDDAJ@HAFCJ@JEHCJAFCFEJEBIBIBIBGFGHGHCF@HAHBLBHBFBFBHBHAFDHDLFDFDHBH@HBHBJ@HBJBDBFBB@@BDDDD@FAD@F@B@BBDDDBD@FAJBH@DBH@DAFADAH@DBBDHD@F@B@@B@BA@ABAB@BABABABAD@BCBEBA@A@@D@@@B@D@B@DAB@D@B@B@DBBABBBDFHBHDJ@NAHBJAB@BCBA@ABADI@ABA@ADABAFGBABA@A@AA@E@AAAA@C@ADAH@F@BCDGDCDCDCHAFHDFBBB@HDFFDDDDFDJBPBH@DAL@H@HCH@JCHAL@N@JFFF@BB@DDFDD@BCB@DAB@DAB@BAB@BADCHCBAD@HCFABADCB@BBB@HADADIDGDAB@DHDD@B@BA@GD@B@B@D@DDDFFBDDHBDDBBBD@D@FCFCDC@CBCAE@CF@DAHAFCHEHCFEJAHCJAHAFCFAJAL@FBHDFFNBL@FEHCJDHBFDDFFFHFFDDDHBH@HBLDLBF@LDF@FDHBJ@F@JBNAFCFED@HAFCDADEHCHAD@LBD@F@JDF@HCHATBH@DA@ABEJFD@BABE@MBEDEF@H@HATEFEFCHCHAFADCDAD@FDDFHDF@F@F@B@HBFBBADABBBDHBL@N@DBLHFBF@DADEFAJBDBNABBJDHDH@NBLD"],"encodeOffsets":[[110282,36044]]}},{"type":"Feature","id":"620824","properties":{"name":"华亭县","cp":[106.649308,35.215342],"childNum":1},"geometry":{"type":"Polygon","coordinates":["@@@@@@AA@@@@@@B@@@@@@A@@@@B@@@@@@AB@DDFBFDDBD@@A@EBABCDAFFDFBBBDD@D@FADFDDDDB@DCHC@EDI@IDABADA@AA@@A@@@@@@@@@@@@@@@@@@@A@@@@@@@@@@@@@@@@@@@@@A@@@@@@@@@A@@A@@@@A@@@@@@B@@@@@@A@@@@@@@@@@@@@@@@@@@A@@@@@@B@@@@A@@@@@@@@@@@@@@@@@@@@@@@A@@@@@@B@@@@@@@@@@A@@@@@@@@@@@@@A@@B@@@@@@@@@@@@@@@@A@@@@@@@@@@@AB@@@@@@@@@@@@@@@@A@@@@@@@@@@@@@@@A@@@@@@B@@@@A@@@@@@@@@A@@@@@@@@@@B@@@@@@A@@@@@@@@@A@@@@@@@@@@B@@@@@@@@@@A@@@@@@@@BA@@@@B@@@B@@@B@@@@AB@B@@@@@@@B@@@@@@@@@B@@@@@@@@@@@@@@@@@@@@@B@B@@@B@@@@@B@@@@@@@@AB@@@@@@@B@@@@@B@@@@@@@B@@@@@B@@@FEDADAD@D@HBD@FCDCBCBA@AH@DCFAFCDADCFADGDEDEDAF@BADCDC@ADA@CFEFBDBDFHBF@HBJCJDJ@FADADBBBDJF@FGDAFEBEDCDAJAF@LCDAD@FBHDF@HAPEFCDADCFADCBCDGDGAGBI@E@GBIBGBCACAG@CACCCECCCAE@A@EBAFCFCD@DAHCDABABEAEAAEAEBGAAAC@MBE@ACAEAGEGAEBKDC@CACCACACA@CBEBAFA@C@C@CBCF@FB@@DCDAJIFEHEFCFENALAF@HCBABCDA@CAGAEAEAI@C@EBEFCFCE@CAGAG@EBG@G@EACCECCAACC@IEGCGBK@EBE@GBEBE@GBMDEBGBIDGBGBIDIBGBGBK@KDKBI@IBG@IAK@EA@AAFAB@@CDCDCAACAEDABA@A@@BC@C@CC@AAEAACAA@C@C@ACAC@C@CAEAE@E@C@G@CAAAC@ABAAC@CAA@CBA@C@A@CA@C@A@AACA@A@@@@@@@@@@@@@A@@@@@@@@B@@@@@@@@@@@@@B@@@@A@@@@@@@@@@@A@@@@@@@@@@@@@@BA@@@@@@@@@@@@@@B@@@@@@@@@@@@@@@@@@@B@@@@@@@@@@A@@@@@@@@@@@@@@@@@@@@@@@A@@@@@@@@@@@@@@@@@@B@@@@@@@@@@@@@@@@@@@B@@@@A@@@@@@@@@@@@@@@@@AA@@@@@@@@@@@@A@@@@@@@@@@B@@@@@@@@@@@@@@@@A@@@@@@@@@@@@@@@A@@@@B@@@@@@@@@@A@@@@@@@A@@@@@@B@@@@@@A@@@@@C@EA@A@A@@BA@A@AA@CAA@G@E@EBE@CBAA@A@AC@C@ABABA@AAAAABAB@@AB@DC@KDIBGDGFGDID@@G@EDA@A@AACA@A@A@A@A@ABABAAACAABCBAB@BADCDEFABA@EAKEE@CAC@AC@@@A@ABABEBG@CBAACACC@AECCACAAAC@@@@@@@A@@@@@A@@@@@@A@BAA@@@@@AA@@@@@A@@A@BAA@@A@A@@AA@@AAAA@@@A@@@A@A@@AAAA@@@AA@@AAA@A@A@A@A@@@C@@@A@A@@@AA@@@A@A@@@@@AAAAA@@@@@@@A@@B@@A@@@@@AB@@ABA@A@AA@@@@GBCBAB@@C@ABA@A@EEEI@C@@GAGA@A@@IBAB@@@B@@A@A@@@@D@@ADAB@BABCDA@AB@BA@EBCBABCDABA@A@CAICGEEAC@CBEBABABA@G@EBE@OEGCGACBABC@EBABCDCDCH@@EB@@@B@B@B@D@BA@A@C@CBA@AB@BADCDCBA@@B@B@DBDDJLHHJFHBB@@A@CBA@C@KBCDCDCFCDEDCFCHCDCH@FBDBFBFBFBF@HEHLFDFDFLDFDHFHFDDFFBJ@H@FAJADEFAFEFEHAHAHAFAF@FCDCHCJEHEHCFADA@ABEDABAFCHDDDBDDBDDDFBBDALEHEJCLBFFDJ@HCHEBAD@DBDDDBFBF@FBF@FDBDD@HCBCD@DBDDBDBF@BDDDBDHBDDBB@FDBBDBF@BCFBBDFDDBFDBBDB@DD@D@D@FBHBDBDDBDDBFDDDBDDFBBDBDDBBADAFAFBDDD@D@D@DBDBBBDDAF@DDBBDDBBD@D@BB@@@BCBED@@CBADABBDBBAFADEBADABBF@DBD@DB@@@BBB@B@BAD@@AB@D@DBD@F@F@@@B@HEDEHAHAHFFFFBJHHCHCDAFEDEFCHADHBFFHHBLAHADCFA@A@@@@@@@@@@@@@@@@@@@A@@@@B@@@@@@@@A@@@@B@@@@@@@@@@@@@@A@@@@@@@@@AA@@@@@B@@A@@@@@@@@@@@@@@@@B@@@@@@@@@@@@A@@@@@@@@AA@@@@@@@@@@@A@@@@@@@@B@@@@@@@@@@@@A@@@@@@B@@@@A@@@@@@AA@@@@B@@@@@@@@A@@@@@@B@@AB@@@@@@@@@@@@@@A@@@@@@@@AA@@@@@@@@@@@@@A@@@A@@@@@A@@@@@A@@@@@@@@@A@@@@@@@@@@@@@A@@@@B@@@@@@A@@B@@@@@@@@@@@@@@@@A@@@@@@@@"],"encodeOffsets":[[109158,36208]]}},{"type":"Feature","id":"620825","properties":{"name":"庄浪县","cp":[106.041979,35.203428],"childNum":3},"geometry":{"type":"MultiPolygon","coordinates":[["@@@AAC@ABCDEBC@@IW@@ADABA@A@@A@A@@@CBA@CAC@AAA@ABA@@BAFCDCDAB@@@VBBA@CACCC@AFKDGBCB@H@J@D@B@BA@C@ACEAA@EFCH@BAACCCAA@EBEFC@CBC@E@C@CDCDAD@F@BFABCD@DADBDFDF@DCD@BFADBBDF@D@DBDBDBBBFADADD@H@FBDDJFFFFFFFDFFDDDHBD@BBDJBDBJBFDBBBF@DCBC@OBCB@@@@@BBDB@@@@@B@B@@D@@CBGBGBC@CDCFCDAH@@@B@F@F@D@D@HBDDD@DAFAD@DAD@F@F@D@@ABC@A@CBA@C@CBC@E@A@CBEDOBEBAFADC@E@AAEKGACAC@CBCFCDCFEBABE@EBC@CBCJGFAF@F@D@F@DADEFMDCBCDCBCDC@CACAC@EHEFADCFCBEDCDAF@FBD@DEBCBADCDADABA@C@CAEAC@CBCD@DAFCBEDCBCDCDADADADBDBF@D@HCBABC@E@CBCDADAL@DGBEBAFCBAB@BCDEFGFGDIDGDC@EBEBEBGBGFGFEBEFEBCBI@E@GAIEECCGEGEECKCCECEKEE@C@ECEGGCEEGEGEICGAKAEBEDAF@B@@IEA@A@ADAB@BFJ@B@BAB@B@BDB@B@BAD@@A@AAC@C@C@CAAB@BAF@B@J@D@@ADADABKHCBA@ABC@A@KDCDGJAHABAB@@ABA@AACAA@EDA@AAACCAAAAAEDK@C@A@@@ACACACGCGCC@GCA@C@E@EAGCA@A@A@C@AAAAA@ABEHCDC@A@C@GDCBABA@C@CAGCCCGECEACCGAECEEEEEAKBKCCEAEDAFCHBJADBDAD@FABEBE@CACAEEECGGECECCCIEICIAMAOAIBG@G@IBKFG@GAGCGEEEICIGGCGGEGICGEEEGEKAIAE@AFBFFHBHBFADAHCFCDEHGDK@GCIEGACCECKIECCIAAAAC@ABE@CAIAKBA@C@C@EAAIBCAM@IAEAE@@BCBABCBA@AAA@AAACBA@@@ACA@@AODCBCDCBGAE@ABCBKCAC@A@ADCBC@CAEC@AB@D@DAFE@CACAACAEAACAC@I@A@EBG@EBEDEDGBE@GBCBCFCJAFEBE@GAKAEACAE@KBGDGBGDK@@JAFAJDHBFAFDJDJDFBFCDCFGBGBGFEBGFEDCF@FAFBFBHAHDHBJBH@FDHBJDHHPBFFJBHDDFHFDDFBDDFDDDHFFDFBFDHDFBFBHDFBFFFDBHF@FGTBHHFF@LALINBHHBFDFBHF@F@F@DBHHBDAFBH@FCHCFBJEFEFGFGDGDGDGDCFCF@F@HBJHHFDJHFDDHDFFHDHDHDLBJBDBABAFGBADBFFFHHHFHBFAHG@G@@HHDHHFH@BB@D@D@B@B@D@BBBBHBFBBBD@B@B@B@BBBBBDB@@BDBBAD@D@D@D@BADADAB@B@@D@FBDD@B@D@B@D@BBBB@BBBD@BADEBC@ABADBDBFBFB@BAB@@BDFBDBHBF@FBF@BD@D@F@BBDABAB@B@B@@BBBAB@DCFABABC@A@CAA@ABAD@DBHDBD@B@BADABAD@B@DBBDBFDDD@B@B@BBBDBD@D@B@BBBDDBDBDBB@DABEFEBCDA@A@A@A@A@C@AD@BAD@BBDAB@@ABC@A@AB@BBB@@D@B@D@B@@JH@B@@FDNDF@@@AC@CAA"],["@@BBB@BAB@BA@A@AAAAAA@@@AAAB@@@@AB@BBD@B@@"],["@@D@DA@A@EBCDE@C@CAEACBAFGDEUA@B@B@BAB@B@BBB@@BBBD@B@@ABA@CBCDABJX"]],"encodeOffsets":[[[108616,36310]],[[108620,36306]],[[108619,36299]]]}},{"type":"Feature","id":"620802","properties":{"name":"崆峒区","cp":[106.684223,35.54173],"childNum":2},"geometry":{"type":"MultiPolygon","coordinates":[["@@@BA@A@AAAA@@AA@A@@A@@@A@@@@@I@@@AB@B@@BBDBB@FBF@F@D@CC"],["@@DDDAL@BBHDHADBBC@GBEBCBGB@BB@D@F@HAJ@BBBF@F@DAFAH@F@FBFAB@DAHADBH@DADCDCFAFBDCBCD@D@H@FAFAD@BBBBDB@BBB@DCBAD@F@FDBD@D@BABA@EF@BC@C@C@C@CBADB@D@FBFBFFFD@DA@GBOBGBCDCHIBCBAFCF@DADCDAH@B@BB@F@B@BB@BABABEBA@ADAJ@BBBB@BBBB@DA@@BBAD@BB@FED@@BADCF@B@BDDBD@DBFBBD@DBB@DAB@@A@ACAAAAA@AB@@AFBBBBBB@BA@C@CDEFCFCFAFCHCFCFADANIHCDEHCB@@CBABAB@BB@B@BB@BCBABBDBDBF@FADAB@D@BBÎ{HGBCB@B@D@BABAF@BABAB@B@B@BA@@B@BA@@B@BAB@@AB@BA@@B@@@BAD@@@DCB@B@BABAB@B@@ABA@@B@B@@AB@FCDA@@@A@@@@B@@@B@BA@@BA@AD@@@@A@A@@B@BAB@BAB@BABAB@@A@@DAB@BA@@BA@@BA@A@@@@B@@AB@@AB@B@B@@@@@@A@@B@@@B@@A@@B@@AB@@ABA@@BAB@@A@@@AB@B@@@@A@@BC@A@@@@@ABAA@@A@@@AB@@@B@B@@@@A@@BA@@B@B@@A@ABA@AB@@A@@A@@@A@@@BA@@B@B@@A@@@A@@B@@A@@BA@ADA@@BA@@@A@@A@@A@@D@@@@@BA@@@@AA@@B@@A@@@@@@@AB@B@B@@@B@BC@@@AB@D@BA@@B@B@BA@@D@@@BA@@BA@@@ABAB@@A@AB@DA@@@@@AD@@@B@@@B@@AA@@A@@B@B@@@@A@@@@@A@@DB@@@A@@@@BAAA@@@@D@B@@@@@BA@A@@@@B@@@@B@@B@@@@@@@ABB@@@B@@@@@BA@AB@BAB@@@@AB@@@BB@@B@B@@ABA@@BA@ABA@@B@@A@@AA@@@@@AD@@@@@@AB@@@@@@BB@@@@AB@@@@A@@A@@@BA@@B@@@B@BB@@BA@CB@@AB@@@@A@@@@D@@@@A@@@@B@B@@@@@BA@A@@@AB@B@BA@@@@BA@@DA@@@@AA@@@@B@B@B@@BB@@A@@@A@A@C@@BCA@BA@@D@BBB@@@@ABA@@A@AA@@B@D@@@@A@@@A@@B@BA@@@@@AA@@@@AB@@@B@B@@@@A@A@@@@@@B@@B@@B@@@@A@@@ABA@@@@@AB@B@@@@@B@@@@AB@@@B@@@@@BA@@@@@@@B@@@@@@@@@@@@@B@@@@@@@@@@@B@@@@@@@@B@@@@A@@@@@@@AB@@@@@@A@@@@@@@AB@@@@@@@@@@AB@@@@@@@B@@@@@@@@AB@@@@@@@@@@@@A@@@@@A@@@@@@@@@@@@@@@@B@@B@@@@@@@B@@@@@@B@@@@@@@@@@@@A@@@@@@@A@@@@@@@@@@@A@@B@@@@@@@B@@@@@@@B@@@@@@@B@@A@@@@@@@@@@B@@A@@@@@@@@@@@@B@@@@@B@@@@@B@@@@A@@@@B@@@@@@@@@@@@@@@@@@@@@@@@B@@B@@@@@@@@@@@@A@@B@@@@A@@@@@@@@@@BA@@@@@@@@B@@@@@@A@@@@@@@@@@@@B@@@@@@@B@@@@@@@@@@A@@@@@@@@BA@@@@@@@@B@@@@@@@@AB@@@@@@@@@@AB@@@@@@@@@BA@@@@@@@@@@@A@@@@@@B@@@@@B@BAB@@@@@@@@@@@DCBBBA@@BA@A@@B@@ABB@@B@@AAABA@@@@B@@@@@@AB@@@B@B@@ABCBCBCBCBEAE@CAEACBEBCFBBFBFDFBFBBD@DBF@HADADCHGDCFCFCH@D@BFFLFHHDHFFFDDBBJBHDH@FCHAFEFCFEFCHAHAJAFAHAFAJB@GBG@CAEBCDABAFCFABADABABA@ADAB@BEAAACCCCCEAGAE@E@GDCB@CAAAC@C@EDADABCBCBEAIAK@GBGCG@CDEFECECCCDE@A@ABCBC@I@CBIHIDC@SBODA@ACAGEQAECCCAG@AB@@I@CAK@EDADEDCDC@ECECCAEAGEEAC@CBCDADAAC@CCAECC@D@JAFGFIDGBK@IAK@KCM@OCMAKCIBEFOFEFIFEFEFEFCBGDIBKCICEEEEAEEGAEACHEACCB@CDCDCBE@EACE@CDEBE@ECEAC@CDADECEAG@E@GBEAAECCICEBCHABEBI@QBGAECAG@EBEDIDEFGDCHAFCBCBEDEFADC@CBEFBFBH@HADC@CACH@BAACCAG@GAECEEGBE@ECCJ@DDJCBG@CBCHEDGAIAIACICEIEI@GAIEACAGBEDEDER[FAF@DB@FBFDDF@FAFE@GAGCEACAEAGCBC@E@@@EBCDCBEDOFGBE@GCEAC@CBKDE@IBCBCDAFEFCBEHE@CIAACACBEBI@ICIDGAE@GACECAEAEF@DCB@BCDCDABE@CBCFCFCHEBCDCBEDEBCDG@@BABADCDEDC@GAC@C@CBCBEF@@A@@@@@A@@@@@@@A@@@@@A@@@@@@@A@@B@@@@@@A@@@@@A@@@A@A@@@@@@@@@@@@@@@@@@@@@A@@@@@@@@@A@@@@@@@A@A@@B@@A@@@A@@@A@@@@@AB@@@@@@@@@B@@@@@@@@A@@@@@@@@@@@@B@@@@@@@@@B@@@@A@@@@@@@@@@@@B@@@@@@@@@B@@A@@@@@@@@B@@@@@@@@@@@@@@@B@@@@@@@@@@@@@@A@@B@@@@@@@@@@@B@@@@@@@@@@@@@@A@@@@B@@@@@@@@@@@@@B@@@@@@@@A@@@@@@@@B@@@@@@@@@@@@@@@@@@@@@@@B@@A@@@@@@@@B@@@@@@@@@@@@@@@@@@@B@@@@A@@@@@@@@B@@B@@@@B@@@@@@@@@B@@@@@@@@@@@@@@@@@@@@@B@@@@@@@@@@@@@@@@@@@BB@@BCBABCB@JCJ@FGDCDA@CCCCCEEBC@C@ACAACEEECBADAB@F@BC@CAECEACCA@@B@@@@A@@@@@@B@@@@A@@@@@@@BB@@@@@@@@@@@@@B@@@@@@@@@@@@@@A@@@@B@@@@A@@@@@@B@@@@@@@@@@@@@B@@@@@@@@@B@@@@@B@@@@@B@@@B@@@@@@@@@@@@BB@@@@@@@@@B@@@@@@@@@@@@A@@BA@@@@@@@@B@@@@@@A@@@@@BB@@@@@@@B@@A@@@@@@@@B@@@@@@@@@@A@@@@@@@@@@B@@@@@@@@@@BB@@@@@@@@@B@@@@@@@@@@A@@@@@@@@@@@@@@@@@@BA@@@@@B@@B@@@@@@@@@B@@@@@@@@@@@@A@@@@@@B@@@@@@A@@@@@@B@@@@@@@@@@@@@@@@@@@BEBCDGBKBGAEGAECGGBEDCFEFCBGDGDIGEAEEGEGBGBCFGFA@@@E@E@C@CAC@A@@BC@ABA@A@AA@@ADAB@DA@ABA@ABBDBNBDB@HP@BBBDD@BABCDA@AB@B@BAF@FEJKTCFCBAD@D@@@@@B@@@@@@@B@@@@@@@@BBA@@@@@@@BB@@@@@@@@@B@@B@@@@@@@@@BB@@@@@@@B@@@@@@@@B@@@@@B@@@@@@@@@@@@B@@@@@@@@@@@@@@BBIBBJDJBHBLAD@BC@@@A@@@@@@@@@A@@@@@@@@A@@@@@@A@@@@@@@A@@@@@@@@@@AA@@@A@@@@@@@@@@@@@A@@@@@@@@@A@@@A@@@A@@@@@@@A@@@@@@A@@A@@@@@@@@@A@@@@@@@A@@@@@@@A@@A@@@@A@@@@@@@A@@@@@@@A@@@@@@@@@A@@BA@@@@@@@@@A@@@@@@B@@A@@@@B@B@@@LBD@BADAD@FAB@DABCDIFKDABBDBBBD@B@BCBC@EBA@AB@BADAD@B@B@@DDDDDDBDFBFBBB@DABA@AB@B@DBDBBAB@BABAFBDBFBDBBBHBHDJ@BBDBDBD@@@@B@@@@@B@@@B@@@@@@@B@@@B@@@BA@@@@BAB@@@BA@@B@@@B@@@@AB@B@@@B@B@@@@@BA@@B@@@@@BA@@FB@@@@B@AB@BABA@ABCBCD@BBB@B@BAB@BAFAJAFADABABCBABAB@F@B@H@DBF@BABABABABCDGDCD@@CF@D@B@@BB@@BBDBBBBB@BBBBBAB@@CBCBCBC@CB@BAB@BCDADAD@DBD@DABA@@@C@CCC@@BAB@B@BBBBB@B@BABCDAD@D@B@B@B@D@F@D@D@BDBFDDB@@B@D@B@DBBBHL@@BBDDDFDFDDDF@BBBDDDBJBLBPDDBABBD@@@@CB@@@BB@BBBBDBB@@BJ@BA@@AA@A@@@AD@D@B@BB@B@DBF@@"]],"encodeOffsets":[[[109061,36594]],[[109061,36594]]]}},{"type":"Feature","id":"620826","properties":{"name":"静宁县","cp":[105.733489,35.525243],"childNum":2},"geometry":{"type":"MultiPolygon","coordinates":[["@@B@F@D@@DB@DBFADAF@BB@FBBDABE@E@CBEBAD@DDBHBHAD@DDFBBFDD@F@FAF@DCDEDABC@ECACAC@CAAAAC@CAA@@@@@AA@@@@@@@@BA@@@@@@@@@@@A@@@@@@@A@@@@@@@@@@@@@A@@A@@@@@@@@A@@@@@A@@@A@@@@@@@@@@@A@@@@@@@@@@@A@@@A@@@@@@@@@@@@@AB@@@@A@@@@@@@A@@@@@@@AA@@A@@@@@A@@@@@A@@@@@A@@@AAAA@A@C@CBABGBC@AB@@EBC@GAEE@MCEC@@@AIGAB@@ABAD@BBBBBBB@B@BABA@AB@D@B@DBB@B@DBBBDFHBBBD@BAB@BABCBE@GAAT"],["@@@@B@@@B@@@@@@BB@@@@@@@@@B@@@@@@BB@@@@@@@@@B@@@@@@@@@@@@BB@@@@@@@@@BB@@B@@@B@@@@BB@@@@@@@@@@@@@@@B@@@@@@@B@@@@@@@@@@@@@@@@@@@@@@@@B@B@@B@BA@@@BB@@@@@@@B@@@@@@@@@B@@B@@@B@@BBB@@@@@B@@B@@B@@@@@B@@@B@@@@@@@@@B@@@@@@@@@@@@@@@BB@@@@@@B@@@B@@@@@B@@@@@@B@@@@@@@@@B@@@@B@@@@@@@B@@@@BB@@@@AB@@@@@B@@@@@@@@B@@@@B@@B@@@@B@@B@@@@B@@@@@B@@@@@BA@@@@@@@B@@@@B@@@@@B@@@@@@B@@@@B@BB@@@@B@@@@@B@@@@@BB@@@A@@@@BB@@@@B@@@B@@@@@@@@@@@@@@@@@@@@@@B@@@@@@@@@@@@@@@@BBFABABC@ABE@CBCFAD@BBBD@DADBDD@F@D@BA@A@@@A@@@@@A@@@@@A@@@@@A@@@@@@@@@@@@@@@@@A@@@@@@@@@@@@@@@A@@@@@ABAHAFAFADADDDDFBD@F@DCBCDAFBFAFANOFADB@D@BBDBDFBD@DCBAFBFBDCBABEAEAA@CACACCACCAECAAACCAAACCCACEAE@ABCBG@AF@HANAFADABBBBF@BADE@IICEAA@ECGCCCCAECAEBCBGCGEAABE@C@C@E@AAC@CBAF@JDFBD@DCBADCHAF@DADABCDE@CACCAACBC@C@AECACCIAEBC@ADAF@BADABEDABCF@FFJBH@FCBECGAG@EHAJCDBDDBD@DBDBBDBDADABCAEAA@ACC@C@CACA@C@E@GAAA@ADEF@DBDAAGFABCDCHAD@F@PCDCDABAC@@@@@@ABABA@@B@@@BA@@@A@A@@@@@@@A@@A@A@@A@@A@@@ABA@CA@@A@@@@A@@@ABABA@@B@@A@@@@@@@A@@@@@@@@DCB@FABADCBCBCDCDCFEDADBBDF@DBDBNJBCBCBCBC@A@CBABCBA@CAACCBCBEBCD@D@@CEECCACBCPHDBDCBC@C@E@E@E@ABCBCCCAE@EBE@IBYLID@FBHNBB@FHTFBBBDDDNBH@D@DBFDLBBFEDAHAD@D@F@@DBFAF@BBBFBH@F@D@HDD@DCDADCDCFAD@FAF@F@JAJAHAJ@L@LCRENBH@FAD@FADAHAD@F@HCBADADCDABAD@DFDBD@D@DC@ABC@C@C@EAAACC@C@AABCDADCBABA@A@C@CBCFAD@FBD@F@D@FBDBF@DBF@D@@BBSE@C@AAAAAAA@E@CBCBA@C@AACAACA@CCGAEAA@CBA@CBAAA@AACCA@CAC@E@A@A@@@CAA@C@A@AAAA@AA@AACAA@C@AAA@AAA@AB@BA@A@EAA@@@CCCCGAECE@A@C@AAAAAAC@C@CAC@A@C@A@A@A@AAGGGEEAC@CAC@C@ADABABA@G@GACAE@E@CA@AAAA@A@AAAEAI@GBE@G@EBC@ABCBA@C@A@CBCB@BCDBBBBBB@EGGGGC@GH@H@BGAEEGGGEGEECAABEHABABACAICKCGCGEGCECGECIGECGGAI@G@EDEDEHCHCHCHCHEFEFEAIDEDG@EAGBEACGGCAE@E@E@AGCEAEGGMAKJKBE@GEAGHS@EGECAEEAECEAGAECECGAECEEECGCCCEACCEECEGCCAGEIAEGOCGAICG@EAGAICGBGAGAEBE@EDEFCHEFAHEHAHADEDCAECECICIBEAECGBIBE@IEAEACCCACECE@G@EAG@GAEAIAE@GCECGAEEAIEGBGBIDCDAHAFAHEH@@A@@@CFAFGBCCCCCG@EAEEGGCI@EH@DAF@DEBC@EFADCH@F@JBH@H@F@D@FCFEDEBEDEBEBEDKFGFEDCDCDCFEBEDG@EBCBC@@@@@C@GBEDGFAFADAH@F@HBF@FBFBFAFH@HHDFBLCFCH@FAFCJEHIBI@EBEBEBCDCF@JALDJAJ@LEJBFCFCBCDCBKEGEECECGCCCGCCAE@EBEHAJEHEDCFCJCFEFAJCHCFCFAJCF@HANBHDJ@FDFHJFFFD@DADEDGDE@MDGBEBCNBHDNBJBJBJDJAHEDEBEBKDG@EBAB@@@@EDGBEDGFEJCJEHCDAFCHAFIFEAGEBGBIBG@E@EAGAGCEGAKAEBCBEHGFCDEBCGCECCECGBCB@LAF@F@FBJ@JAFAHEDILGDEBGBGDEDGFEFCFCHAFGJ@FCL@J@H@HAHEFEHGFOHIFEBGDEDED@@A@@ACAA@ABCB@BADAH@DADFHDBHJDBBBF@F@D@DAFAFCHCJ@FALBLBJBLDJBHD@DAHCFCDEFCFBH@FHHHDH@HBJBJBHBJDHDFF@HBFBHDFJBH@J@F@JBBB@D@B@F@BAFAD@DFFBB@D@D@DBDBDBD@D@DCD@D@B@F@B@DAD@BDBDBHDFBDAD@DCBAB@D@B@B@@BBHBBB@BABEB@B@DBDBF@B@D@FBFB@DAFAFEFEFEFCDEHGFEFGDCFEHCDCFCDCDCHGJCHGLGJEHEHGHCJCHAL@FDFDFDFHDLBHDJDHBFDFBD@H@DABCBAD@FBF@DCDCD@FBFFJBHDFBF@FCDABCD@FBFDFFJAFAH@FADCBADEBCBE@C@CAAACGIACAC@CDKBCBAD@BFDBDBDBDF@F@D@DCD@DEN@DF@D@D@FADAFBDBD@F@D@FABDAD@DDDFBBBDBB@@@@@@@B@B@@@B@@@@@B@@BB@@@@@@@@@B@@@@@@@@@@@B@@@@@@@B@@B@@B@@@B@@@@@B@@@@@@@@@B@@@B@@BB@@@@@@@@@B@"]],"encodeOffsets":[[[108593,36351]],[[108155,36587]]]}}],"UTF8Encoding":true}