{"type":"FeatureCollection","features":[{"type":"Feature","id":"621025","properties":{"name":"正宁县","cp":[108.361068,35.490642],"childNum":1},"geometry":{"type":"Polygon","coordinates":["@@ILn^Thhb`@@@B@@@@B@^`TlL@R@R@N@VJLFTHTFTF\\JVHRJTJPJPFLFNFLFXJJJHLNLPJTJLHNLPJNJRFN@NATBR@R@JTEJIFOBIF@NBLBNCPENENHPDAL@PBHDFBDA@GDAFBBBHDbAD@FAHAJ@DBB@D@JBD@FBB@LBLNDLFDBBABAD@BBDA@G@EBCDBH@HLDDBFALFD@F@B@B@DBD@D@L@H@PDN@FBHBBDDBB@D@BBB@DBB@BABAB@B@HEFAFAH@F@FAB@DBF@D@DAD@J@LCBBHBJA@@FALAH@FBB@DAD@B@D@D@D@B@@@D@FBB@DE@CBC@C@ABAF@D@DADADEF@B@FA@AHGLMJERA@@BC@ADABAB@D@DABCBEBAAE@G@ADEBADC@A@A@CACA@AEAA@CKKKKEKAKBKFQDEJOBK@K@UDWHOHKHUAMAKGIIMD[CIAGKOEM@C@E@AB_BABADC@A@AAAGCCCKY@@CCAAAACAE@A@GAC@AAACACAC@@@A@CACCAACA@CAEBKAEBCDCDCBAFEFABEAC@@BA@@B@BA@GA@ACACAAAAEAAEAAAA@AACAAAEEA@CACAEAGAE@A@C@C@@@CACACAA@AA@@A@CA@AA@@ACAA@@AA@AAA@A@A@AAC@A@@B@@@@C@@@A@A@@B@A@BA@@@CBA@K@A@EAEACBCAC@GAE@G@GBC@G@IBGBE@EAG@EBA@@@ABA@C@CAGB@@AB@D@BCBC@G@[@@@AB@BBB@BA@A@AAAAAAA@C@E@ABAACAACCAA@QLDHFJ@BA@E@CB@@AB@D@DCBGCECCECAEECAECAAEAEAAAAACCEAEAEAGCAACAAACAAAAC@@ACC@A@C@A@A@C@A@ACKACAK@CDCBADC@A@C@IAA@AAA@@AAAAE@ACAC@CAC@A@EC@AC@A@CDAD@BAB@BAFCFCFABABCFBF@DHDBB@B@B@BA@E@A@A@ABCDAB@BADADwTEEOAE@CBABABC@AAA@@AA@CCG@_S@@A@@A@@@AAA@AAA@AA@@@A@@@A@@B@@ABCDCBI@CAGCCA@@@A@@@@AA@AAAAA@@CAA@A@ABA@A@C@A@A@C@C@A@AAA@A@AA@@A@E@C@C@A@C@AEEAGACACCA@AA@@A@@@@@@@@A@A@@@@@@AA@@@AA@@AA@A@AAA@AA@@@@A@A@@@@@@@@@@A@@@@A@@A@@A@@@A@A@A@A@@@@@A@@@@AA@@@A@@A@@@@@@A@@A@@@@@A@@A@@@@@A@@@A@@@AA@@@@@@A@A@@BA@@AA@@AA@@@@AA@@@@@A@@A@@@@@AA@@@A@@@A@@@A@ABA@CAA@CAA@A@@AA@@BA@@@A@@@@@A@AA@@@@C@@@A@C@A@A@@@@@@@A@@@@@BA@@@@A@@@A@AA@@C@A@@@A@@@@AA@@@@@A@@@@@ABA@@@@@A@@@@AA@@@@@A@A@@@A@A@@@@@A@AA@@A@@@@@@@A@@@@B@@@@@@A@@A@@@@A@@A@@A@@@A@A@@@A@@@A@@@AA@@@@@@@@ABA@@@@@A@@@@A@@@A@@A@@@@@@@AB@@A@@@@@@@A@@A@@A@@@A@@@A@AA@@@@A@@@A@ABA@@@A@@@ABA@@@@@@@@@A@@A@@@@@@@@A@@AA@@@A@@@A@@@@@A@@@AA@@AA@@@@A@@@@@A@@@@@@@@BA@@@@@@@@AADKAIBMD@@BDBDDDDBBBBBBB@@@BBD@DBB@B@BABA@AD@@@@A@@BA@A@C@@BE@C@"],"encodeOffsets":[[110539,36115]]}},{"type":"Feature","id":"621002","properties":{"name":"西峰区","cp":[107.638824,35.733713],"childNum":1},"geometry":{"type":"Polygon","coordinates":["@@@@@@AAB@BA@@@@AA@@B@@@AAA@@@@@BAB@BA@@@A@@@A@@@A@@A@@@B@BAB@@AAA@AB@@@@@@A@@@@B@BA@A@AB@B@@@BA@AA@@@A@A@@@@@B@FA@@@@@@AA@AB@@AB@BA@@@C@ADADADCBC@AB@@ADCDAB@@AFCBC@@@@@@BADADAD@BAB@BBB@D@D@@B@@@@@B@@BA@@DA@@@A@@@@B@@@B@@BBB@@B@@@@@AB@@B@@@@@FA@AB@BB@@B@D@@@AB@B@@BBDBB@@@B@B@@BA@BB@@@@@@D@BABBB@@@@@BA@@@@@@B@B@B@@BB@@A@A@@B@@AB@@@BB@BB@@BBA@@B@BA@@@@D@B@B@BA@@@@B@@BB@@@B@B@BAB@@@B@B@FEBAFEBADABCAEBEBCHEFCHCFAFADBHBFBB@@@@ABA@@DAFCBADE@@BAB@DAB@@AB@@A@@@A@A@ABADABA@AD@B@B@@AB@@A@C@A@A@@@@B@BA@@B@@@CC@@BA@@BAB@DA@@B@@A@CB@@@BA@ABC@A@@BAB@@A@AB@@A@@FAB@@@@AAA@AB@BABA@@B@@@DCBABA@@BA@@B@@A@@BA@@HAHC@@B@B@B@@@B@@ABAB@BAB@BBBBB@@@FCBA@@B@@AEWAA@ECGAGAGAEAE@E@C@@C@CACEGACAACAABC@A@@@ABA@@BE@@@A@C@@@@@A@AAA@@@ABA@ABA@@@@@AA@@A@@@E@A@@@@@A@A@@@ABCBA@A@ABA@@AC@ABA@@BA@@@ACCEBC@E@EACEABCBCAECE@ACBCFG@E@CAACAA@ABA@ABA@A@A@@@@A@@@@A@A@CA@@CBC@A@CA@@CB@@A@A@@A@@AA@@AB@@@@AC@AAA@@AAA@E@@@@@@@AA@@A@A@A@@@CAEAA@AAA@@@EB@@@A@A@@@@E@A@@@AAAA@@A@A@@BAAAA@AA@ABA@@A@@BA@@@@A@@@@A@@@@AAC@A@C@A@AAA@C@CA@@AB@@A@AAABA@AACA@@A@A@@@@@@@@AA@@@A@@AA@A@AAA@BAAA@@@@CB@@A@@@A@A@A@@@C@A@AAA@@@@@@ACA@@A@@@@@@A@@A@A@@@@@AA@@A@@AA@@@@A@@A@A@CB@@KKEGCE@K@EAE@EACCAC@E@CDAFCFAHADGFIFGDEBAAACL[BI@ADC@A@@@ABA@@@ABA@A@@B@AAB@@@BA@CB@BAB@@A@AB@@@@@@A@@@AB@@A@@B@BAB@@@@@AA@A@@@@@AB@@A@@@A@A@@@AB@@@@AAA@@B@@A@A@@A@@@@A@@@A@@@@A@@ABA@@AA@AA@@@@A@A@@@@A@@A@@@A@A@A@A@@@A@@@A@@AA@AAA@A@@@@C@@A@@@A@AA@@AA@AA@CA@AA@@@A@A@AA@A@@@@@@A@@B@@A@@A@A@@A@@AA@@@A@A@@A@BA@@@@AA@A@AB@@@AA@@@@@A@AAC@AAAAA@A@AAA@@@A@@CA@AC@@@AAACAA@AAA@AEACA@@AAAE@BA@CB@@AA@A@C@A@@A@C@EDA@@@AC@C@AA@AAABCBABA@CAA@C@C@AB@B@@@DBDBD@D@@A@C@CAC@ABIFABEFCD@D@DADABADEBIDC@CBIJAB@DBBDBBBBB@BABAFCDEDIDA@AB@J@F@BCHGJADEHGHADADAFEFABEBA@CA@@ABADAD@DBDAD@BA@CBEHA@CBAB@D@DB@BDFD@BABKFAB@BBDBB@BCBAB@@GAC@@B@F@DDHB@@B@B@BCBABA@@B@D@B@BCHCFCD@D@B@BADAD@B@@ABCB@BADADAB@@AB@@ABA@E@AB@BAF@B@DBD@BAB@B@BA@CBE@C@@@AB@@@B@@DDBB@@@B@@EB@@AB@@@B@B@D@BAB@BBB@BAB@BBBDD@B@@@BABAF@FADCDCBA@G@A@@@CJADADABADADAB@BA@C@A@AB@BB@BBB@B@DBBB@B@BABAB@@@B@@@PDNCBCFAD@D@B@F@FAD@BAD@B@BBB@@@B@B@D@B@BB@AD@BBBB@BB@B@B@DABAHAD@FAFA@AB@@AB@BABA@A@A@@B@@@BA@ABCF@@ABA@AB@B@B@@@@AB@@@BAB@B@B@B@BBDAB@@@BABAB@@@BAB@@@B@BADA@@DAH@@AB@@ABADABAB@BA@BB@B@BAD@B@@@BDBBB@B@D@@@BABABCDEFBB@@@B@BBB@@@BBAD@@@B@@@B@@@@@@@B@@BD@B@@@B@@@BB@@D@@BB@DB@@BBD@@BB@BBBBB@@@@BDBB@B@DB@@BABBB@@@D@@BBA@@BBB@D@BBBAB@@BB@B@@@B@F@@@@A@@@@BBB@B@@B@@@BDA@@@B@@BBBA@@B@@@@B@@B@@@B@ABB@@@@AB@B@@@@@@@BB@@@BB@@@B@@@@@BB@@B@@@@@@@B@@@@@B@@@@@B@@@@@B@B@@@B@B@B@B@@@BB@@@@@@BA@@B@@@B@@@@@@@B@@@@@@B@@B@@@@@@A@@B@@@@@B@@B@@@@B@@@@@@B@@B@@B@@B@B@B@BBB@B@B@B@F@@@AAB@BBBA@@@@B@@ABB@AB@@@@@B@@@B@B@@@@@@BB@B@BBB@B@@@B@DB@@@B@@@BB@B@@@@BBBB@@BBB@@B@@B@@@@@@B@B@@B@@@@BBBB@B@@A@@BB@@@@@@B@B@B@@@BBB@@@@@BD@@BB@@BBD@BB@DBHBFAHGF@PBHDFBJBHAJ@BCB@B@B@DAB@BAD@BAD@B@DABAB@DAB@DAB@BAB@@@@@B@@@@A@@@A@@@@BB@A@@@A@@B@@A@A@@B@AAA@@@BA@@B@@@@@@A@@@A@@@@@@B@@@B@@@ACB@AA@@B@B@@AA@@@@@@@D@B@@@@A@AB@@AB@@@AA@@@@BABBB@@A@@A@@@BAB@@@@@@A@@@@B@@@@AA@@AB@@@DAB@@@@@@A@@@@@@@A@A@@@AB@@@@@AA@AB@@A"],"encodeOffsets":[[110269,36683]]}},{"type":"Feature","id":"621021","properties":{"name":"庆城县","cp":[107.885664,36.013504],"childNum":1},"geometry":{"type":"Polygon","coordinates":["@@JEJEHEDCBGJEH@JAHBL@HAFCNCFC@GFGBG@EBE@KJEDEDCFGDCBEAICIEAAECECCBKDEFEFGDGFI@GAEBI@CB@@AB@@@B@B@H@B@B@BBBB@BBBB@@@B@@@DA@@@@@@@F@DA@ABA@@B@D@@BB@@B@D@B@BABA@@DAB@BAB@@@@D@BBBB@B@@DB@@BB@@@D@@@BA@A@A@@@A@@B@B@B@DCDC@A@@@@@@DB@@BBB@@@@BABEFA@@B@B@DB@AB@@@@@B@BBB@@@@AB@@A@@@@BBBB@B@D@@@@B@@@B@@HAB@B@@E@AB@D@B@@@@B@@@B@B@B@@@@B@@AB@B@@@@BBBAB@B@BADBB@B@@D@B@FA@@B@@@DA@AB@FAD@B@B@BB@@JBB@D@DAB@DDBBH@DBHBB@DDB@@BB@B@@@@BBB@B@BB@BF@BBB@B@@CBA@ABCAAAC@C@A@A@AAA@@@A@ABA@C@C@@@@BBBBB@D@B@@CB@BAB@B@BAD@@@BBBDB@BAD@B@BAB@D@@BB@BA@CBA@@B@B@B@DBDBBDDBBBBF@BBB@@BBB@BB@BADABC@CAG@CBALEHIF@JFD@HCDGBAD@HDJADAFE@IDGDKBMBMDEHGHCJEDADC@@@@@@B@@AB@BB@@BA@@@@B@@@D@@@BB@@B@FBDABB@@@@@B@@@@@@AB@@@DBDBB@BB@BB@@@B@@B@@@@ABA@@@@@BB@@BBF@@D@BA@@BAB@BA@@@@@A@@@@B@@@@A@@B@@@@BB@@AAA@@B@B@BA@@B@@AB@@@@A@@B@B@BBB@B@@A@@AA@@@C@A@@B@@BB@@@BA@@BCDABABCBABCB@BADA@@BCB@DC@AB@B@B@B@@@F@BBFF@BB@@B@BDDB@@@B@DC@@@A@A@@BA@@@@BA@A@ABA@@@ABABA@AHA@@FA@@@@DC@@@@DC@GBEHYLKFANGLJHLFJHHPHPFLBD@BEAEBG@EFALAJBJBJB@E@IDGFIHGHGFIBCCCGAICEDCQTQ@MQCIBODOBQFIBGECEAEBKHEJGJALGFGDEFKCMIE_EOEQCEEAIAEDKAICKEISKIGCEAI@IO]AAE@EDCBACBC@CAAABA@EEEAAC@CDA@AECHCECC@CAAABI@EGACAGEGCEBEDA@E@AA@EBC@C@CBCB@@AAC@CBC@ABE@A@A@C@ABAAAGC@CFC@GBIBGFEDCFEBECGCAEAGFC@KCQ@KDKHKDM@E@ECEAEGIQCCEAEEAEACAECCICGCE@C@GAAACEDCBCFEDECGGEGEGGEC@C@K@IAG@ECGBG@CAGBKBKDKBGDIFGDGBKBKHIDGFGDIFKDIDGBGBG@@A@@@ABED@@A@AAAAA@ABA@AB@BA@@@A@A@A@@@GDGB@@AB@@@BA@@@AB@@ABABCD@@A@@@ABABA@@BBB@B@@A@EB@@@BA@@B@BA@AB@@@BAD@BAB@@A@@D@BA@@@CBA@AB@@AB@@DD@@A@@@ABA@@@@@@B@B@D@BA@@BA@A@C@@BABCBAB@B@B@B@@@BA@@BA@CBA@AB@@CFABEDCB@@AB@B@@A@EAGACAEBEBGDEDGFADAFBFADCBABEFABEFA@A@@@A@ABA@A@@@A@@AA@@@@@ABA@A@C@@@@@ABA@@@AB@AA@@AAA@@A@@BA@@@@B@BA@@AA@A@A@@@@@@@AB@@@@A@AAABC@@@@@@@AAB@@AA@A@@@A@CAAA@@@ABA@@C@A@@@AAA@@BEB@@@@A@@@BA@@@@A@@@AA@AA@@@A@@@@@@B@@CB@@AB@@@A@@@@@AC@C@A@AAA@ABC@CBCBAB@@@@@@ADED@BA@CBCD@BA@@BADCDCBCB@B@D@@ABA@@BA@@BBB@@@@@@EBA@@@@@B@B@@@B@@BAB@@A@A@@B@BABA@@@@@@B@@@@A@@BBB@BA@ABA@@@B@@@@B@@@B@@@B@@ABA@AB@@@@B@BB@@A@@@BB@@@@ABA@BB@@@@@BA@@BBB@@@@A@@B@@@B@B@@@@@@@B@@@@A@CB@@A@@BB@@B@@A@@@@@@B@@@@A@AB@@B@@@@BA@AAAB@@@@BB@@A@@BA@@B@B@@A@C@@@@@@@B@@BA@A@@@BBA@BD@@A@@@A@@@@@@@@B@@@B@@@@A@@@AB@@B@BBA@@@@B@BA@@@@B@@@BAA@@@@@B@@@B@@A@@@@@A@ABA@CBA@CBA@ABCBA@C@ABC@ABA@CBA@A@A@ADI@GBIAEAGCOAE@GHEBGACAA@@AAC@AA@@AC@@A@@@@AA@A@@@A@A@A@@@@A@@AB@@@@AAAAA@@@@@AA@A@@@@@@@@AA@@@AA@AA@AA@A@@A@A@@A@@@A@@CAA@@@A@A@AAA@A@@A@@@@A@A@@@A@@@@@A@@BAA@BA@@@@@ABAAA@BB@@E@A@A@A@A@AAA@A@A@@@@AA@@@@A@@@@A@@@@@@AA@@@@@A@@@@B@@@@A@@@@A@@@@A@@@@@@@A@@@A@@@AB@@@@@@AA@@A@A@A@A@@@A@A@@@@@A@@@@@A@@@@@A@@@@@@@A@@@AA@@@@A@@@A@@A@@AA@@@@@@A@A@@B@@A@BAA@@@A@@@@A@@A@@@ABAA@@@A@@CB@A@@@AA@A@AA@@@@@B@@E@A@@@A@A@@AA@ABAAC@A@AA@@AB@AC@@@A@AAAB@@CAA@A@CA@A@@A@AAAAA@@AC@AA@@CAA@@AC@@@AA@@A@@@A@C@@AA@@@@@@@A@@@A@@@C@AB@A@@AA@A@AAB@B@@AD@HBDAH@DAFABAD@BGFABBD@D@L@PAJ@DBB@BDDBD@B@B@B@BABEBEAGBEBCBCDADBDBB@HBDADADGDONEBG@CBADABCBGDABABEBIAE@CDADCD@FCFAFBDDFDHBH@DCBGAC@CF@FBD@DADCBADAB@DDBCDADGDAFG@GAMAE@GBABE@AAGEC@GBE@OJGFEFCDGBCDCDEBEJCDGDCHAF@B@@ADBD@D@@B@ABCAC@A@ABA@@@EDGFFLDPBLJJHJDHDLBHLJJHJFDBBDAFAHAFAHCLGNBJFL@H@JFHFJFHHHCJKHGFEHEF@R@F@JDLBL@HBLDLBJBH@DDV@NFFDFHBJDJBLBHBFC@EAECEDADAHBF@D@FBDD@BDDDDFBBABAD@BBB@B@F@@@BB@@AB@@DB@JBDDDDBDADEBCDCDADBDBD@DAACAACAACBCFAD@BBF@BAFALEDADDBDDDDBD@D@FBFBF@JADB@D@H@DDDDBF@DBBDBDBD@DAF@D@F@DD@F@DADCDB@DF@BCFADDBBDHDADBDBL@BDBDFABCDCD@F@DAHCFCBBDDJFDBFBF@B@DJDDH@DADADBBDDFDFBHBDD@JBF@HADBD@HBF@DAB@D@DAD@D@BBD@@@B@@A@A@@FE@@B@@@BF@B@BA@@B@@B@@@DA@@@C@@B@@@@BF@@AB@@@DEBAB@@@@@B@B@B@@@@CBC@ABADDH@H@LDNFFFNDNBL@"],"encodeOffsets":[[110252,37160]]}},{"type":"Feature","id":"621024","properties":{"name":"合水县","cp":[108.019865,35.819005],"childNum":1},"geometry":{"type":"Polygon","coordinates":["@@EEECMEOCUASBQBWA_@U@YEuEKABAAABEBCC_KUA@EAGCCAECGBE@A@CBK@MFWLMBQB[DULYJIAMEQMKMKEQBOJaHM@IAIGII@M@OECI@MBG@GEECOQQMMU@IHIJGNCPCFGBCBSCOGKOIIIIOESESIQKKËW@IAE@ICQCGJAL@L@VBTBPOFG@IEICICE@AFEBMDKBIBGBI@IBGBE@CAAECCAAEAE@GCAACBCDC@GDEDED@@C@M@GBIFEH@B@@AHAHCHCJELCJEHCHGJALALCHEHCJAHCLALALBH@DAHDH@FBH@J@L@DFDHHHFHFDHCFEFADCDDFBBHBD@F@HDJDDDBFBDBFFFFBDDJRFHFBFDF@N@LCLGLCR@LDD@HEFBDBDHAFEFCDEFAHAJ@HED@DHDBBAB@B@D@B@BAF@BAD@DBD@BA@AD@D@DAD@FBBF@B@FCFAHDHFDBHB@FAJBBDBD@FDGDFD@BCB@DBDFBFFB@BABB@DADBDDAFCF@BBP^@JBJDFJHTLFJDLBJCLBFBJFFRDPF`FJFDNELCFEHKHIBIHGFALBFDFHFJAREPAPCJARD@NSRDRFCJDHBDDADEJGHGHEJCH@J@FLHNDPFRFN@TFVBVBPHBHBJBPBLHPBLHNFLNLDHHFJDJDJ@JEV@LIFIJIJANANKFKFQTWFAJIFIbSTGPELGFEBCDOFKBAHAPDBALCDCJBHFFHHHHJDFLFLFPBPJPZBRNJ^RFLDPFRHNLN^DFBNDTDRFJFLJFJBLBN@RDJBHDFHDJFLNN`DPFTDb@PDLDVDP@RLLHJPTDRBNBL@TZ@PATMV@PDNBDCDKDCFADEBEBG@C@ADE@@@ACCAA@C@CBAB@B@B@BBBBB@BADCBA@EDCBADCDABABABC@@@@CEEQG[AY@IFSAYAODWNeHI@CACCCISAE@EJYHSLQHQHIJKJMLQJKBCZgFIFKFMBGAAECCEIKCKCE@A@@@AB@@@@A@@D@BA@@@@BA@@B@@@BA@@@@@@@@B@@AB@@@@@BA@A@@@@MQMOEIIWCOAMAMFQBKDSBSIMMI__CEAMBMASASAIIGMEMAI@YDMF[BK@K@OEKEKIEMEW}YSCGAEICEYYCCAMBGDE"],"encodeOffsets":[[111106,36731]]}},{"type":"Feature","id":"621023","properties":{"name":"华池县","cp":[107.986288,36.457304],"childNum":1},"geometry":{"type":"Polygon","coordinates":["@@IAIAIAKBEB@FAHBFAFC@KAOEOGGGEIGKKIMHEBKLGZAF@HCD@@@@CD@@@@EB@@GB@BABAB@B@@AB@B@BAB@@@@AB@@@B@B@@CDA@@@A@CC@A@AA@@AEEAAE@@@A@A@A@A@@BCDA@AD@@CBABA@ADABADABCBAD@@AB@@A@@AA@@@@B@D@@BB@@@BA@A@AAA@A@@@@B@@A@@BA@@@ABA@A@@@BB@BA@@A@@A@@@@B@@A@@@@@@B@@@@ABA@AB@@ABC@@@AE@AA@@A@@@@AB@B@@A@@@@A@@AAA@@AAAAC@C@@BA@@@@@@@A@@@@AACBEAA@@@AA@@C@@@A@@@@@AB@@AAA@@BA@@@@@@@CDCBIFGDGHCFANANCLCH@JEFCBIBGCC@ABCHGDC@IEE@GJKFAB@DBH@DADCBABA@@AAA@AA@AAE@AAAACCAAAC@C@A@A@AB@DAB@@AAA@@@CBA@A@ABC@ACAAA@A@@BC@A@ABA@ADA@@@A@CAAAA@A@@D@D@B@BAB@@@B@BBB@B@D@D@BBDBBAB@DA@@@AAA@AAEA@@A@AAA@A@@A@A@@AA@CCA@GACAG@AACCA@CBC@A@IA@@AAA@A@C@EBA@@BCB@@A@@@EBA@C@@@@AAABC@A@ABAAA@A@@A@A@@BA@@@@@@A@A@A@@@A@@A@C@A@@B@FA@A@GB@@@A@@@A@@C@A@A@AA@A@@B@@@BA@@@@AA@A@A@@@@BAA@@C@A@AB@FEBA@A@@A@AA@@CA@@@@@@@BCDCDA@A@A@@@@B@@@B@BAB@@C@@@A@@AA@@CA@A@AA@A@C@@A@ABA@CB@@ABABA@C@A@@@AA@@@C@AB@BAB@@C@E@@@@@@CB@@A@@@A@AA@AAAAAA@A@G@A@A@@@A@@BA@@DAJBF@HEJCHEHEFCFALDDDFBFFBDJBJAFCDEHCDCFIF@LAF@FAHEH@HEDMDEDGBK@GAIBG@IFAHCDGFIFIFBNFDHLFFDH@FCN@LBJFHFLHJ@HCJCL@PALCFENAHCNEN@NERCHEJA@AAC@@C@@@AA@@@A@@@A@A@@@A@@@A@@AA@C@@@A@@@@@AB@@AB@B@@BBBB@BAF@D@B@BBB@D@@DBFBD@B@D@@AB@@AB@@BB@B@BBDBFDDBBBB@@@@ADABAD@BA@CBABADBBBBBB@B@AB@B@@BDBD@F@BA@A@C@A@AB@@@B@BAB@B@@BBDFBDFBDBD@B@D@@@@B@BA@AF@B@BBD@D@D@H@FB@H@BBB@@CB@D@F@B@@@@AB@B@BB@D@B@@F@B@@EBAB@B@@@BAB@B@D@BB@@@BB@@@B@JH@B@B@FBF@@BB@@B@BAB@B@BBBA@@BCACD@D@@@@B@@@B@@DBDBB@@B@BA@@BBB@@AB@@A@CEA@@@@B@H@F@BABA@ADB@DBB@@B@BAD@D@HB@BB@B@BAB@LAB@BCBECCA@@A@CDE@C@AB@AA@@CAA@A@E@AA@@BABCDEBABCD@@AAC@A@ABCD@BCBA@C@A@@@@HABADB@JBBBBDADB@@@BAB@D@@BD@@BBB@BDBHB@@BDBDCJEBEFIDIBKFODQDKNCDEFEH@FAHEF@J@FAJAJAJAHAFK@I@MBOBKBEBGHAF@HFHFLJLHFBHBLHJHJDHDJDLENAPAFEHGDEDGDMFGDGFEFALCJAJCNAHB@BBB@@BBFEH@@C@CA@@A@A@C@CFA@A@ECA@A@C@@@A@A@A@C@G@A@A@A@ABAB@D@@@B@@@D@@@@AB@AACAA@AA@AB@A@ACGCEAAC@@CACBE@ADC@A@AACAAEAC@@@@A@A@@GBIFEFAJAHAHAHAJENAHAJCFELEHEHELIHIHIHGHIHOHGHGJEHAJ@FBFHBL@~EDEJEBEPaDAFAH@H@D@ZTF@JB\\AB@B@BA@@FAB@@@BA@@@@@@BAB@@AB@@AB@BA@ABC@AB@B@@@BAD@B@BAD@FA@@B@B@@@BAB@@@B@B@BADA@@B@B@@AB@B@B@@@B@@A@@@ABA@@@@@A@AB@@@@B@@@@@B@@@B@@B@@B@@B@B@B@@@BBB@B@@AB@@BB@B@@@BBB@DB@@B@B@@BBB@@@@D@@@B@@BB@BBB@BB@@@@B@BBB@@@@@@@B@@@@@B@@@@B@@@@B@@@@@@@BB@@@@B@BB@@B@@@BBB@@@BB@@BBB@B@@@B@@@@@B@@@B@BA@@@ADABA@@`MLKFAFCJOB@B@DBB@D@B@DCBABA@@B@@BB@BFB@B@B@D@@@B@@B@B@D@B@@@D@@@@B@B@BAB@DBD@BAB@@@F@B@BAB@@A@A@EB@@AB@@@BB@@@B@@B@@@@@@ABA@@B@@@BB@@B@@@@A@@BA@AB@BAB@@@DEDADAFC@ABA@@BA@@BFBDBBB@F@BA@ABGBE@@BAB@B@DAD@BA@@D@BAB@@@B@@@BB@@BA@@@@@@@DB@@@@@DC@@@@B@@@@@@A@@@AB@@AB@@AF@DCDA@@F@FBD@@@B@FA@AD@@@BAB@BBB@@DBBBDDFB@B@BBB@@AB@@A@@D@@ABA@@BA@@BA@@BA@@B@@B@@BA@@@@@B@@@@@@D@@@BADE@CBA@A@@@ADAB@BB@@B@@A@@@ABAB@@B@@@@@@BB@@D@B@B@@@BA@A@@B@@@@@B@@@@ABBB@@@B@@@@ADA@@B@@@@@B@@@@C@@BC@@AA@@AAA@@@@@@@BA@@BA@E@AB@B@@@BB@@B@@@@@B@@@@@BB@@@@@@BAB@B@@ADB@@@AFMBAB@@@B@B@@@@BB@@@F@DBD@DBB@BC@AB@D@BBB@DB@BB@D@@@@B@BB@@@@ABA@@ACAC@C@G@@BCB@BAFEBEBABC@C@C@C@C@@@@@@B@FA@@DA@AD@BA@A@CBC@@BADA@B@@BAB@BA@@BBB@@B@@@@B@BCDGDEBGDGBEAE@CBE@C@ACC@A@CAC@A@A@ADC@@@@@ACC@@@A@A@@BA@AAA@@AC@@AA@@BA@@BC@@B@BBBBBD@@B@@@BA@C@AB@@A@AB@DFBB@D@@BB@@D@@@BD@BB@@@B@@@BA@CB@@@BBDB@@@DB@B@@@@@DCBC@@B@@@@@BB@@BBF@BDBBBBB@BA@@BA@A@C@C@ABAB@@ABCBA@AD@BAB@B@@@@B@F@BBB@DBD@@CFAD@B@@B@BB@@@@@B@@AD@B@D@B@@B@B@B@@@@B@BB@@@BAB@B@HD@BB@@@BAB@B@@@@@@B@B@BB@@@DBBB@@F@B@BA@@B@BAB@DABA@C@AACBABAHADABAB@BCBE@GAAE@AA@A@@BCBA@E@C@CAA@@IAAAAA@@C@AB@@@@A@@AA@ABA@CDAB@@AACCAC@C@CBC@ADA@@DBB@HCB@BC@ABA@CAA@@AAA@C@A@A@AAA@@@@A@@DA@A@E@A@CBA@@DD@@B@@@FC@@DBBDBB@B@@DBB@B@BADAB@HAB@BA@AAC@G@EBABAB@BBB@BABA@@B@DDD@@@BA@AAA@ADABCBG@@B@HBD@F@DADEBAB@BFFF@FDJBBB@D@@@DEBCB@B@B@BB@B@DBBBB@@@BAHBB@BBBB@DABIBA@@FAF@DC@@BACEAGBUZBTCVIXEBCD[LCJ@XFDBLPHJNZDLFTHTHTFJNHNBNCJC@@AA@@AA@@AA@@@@BA@@@@@AA@@@@@A@@@@AAA@@@CA@@A@@A@A@@@@@@@AA@@@@@@AA@@@@@@BA@@@A@@@@@@A@@@@@A@@@@@@A@@@A@@@@@A@@@AA@@AA@@A@@@@AA@@@ACA@@A@@A@@A@@@@A@@A@@@@@@A@@@@@@B@@@@@B@@AA@AC@@@A@@A@BABCAEFI@EFULKNC`DH@FAFIAE@CDCTSDABBB^HFFBLGFAFADCDEDGDAHBFFBDHDJBJ@lCP@PEXQJMDMAQAEBCBCFAHCF@NSD@JBDADYJM@@@AAG@@BAD@HABA@GBKBK@A@C@AIICE@CBC@@BAD@FBB@FD@@B@L@B@JKPMD@HCJAD@J@DAD@BAB@@A@@@@@@@@@A@@@AB@@@@A@@B@@A@@BA@@@A@@B@BAFAF@F@DBDBFFJDF@B@B@B@HGHEB@B@BBDDDDHJFHDFDHFFAHINCL@H@FBB@BBB@B@@@BB@FCdYDITGXEHKJE@SAKAMCQOSGIKK@QCOCUCK@OCaESCOM_KMIEGCCEAGCI@QAMAKEIKIIEQESCMCEA]CKMGMEQCOEK]QMIAQOYOIOAKEKECEGIGGEGGEIACDKDABOCGBABELCPADEFKHOFSHaTEJIJEBSXERELMLMBIBIJEJKJU@IFI@ICICGECGMKEKGMAKGOAKAOAIAGOGUAUASEM@QEOEMCKG"],"encodeOffsets":[[110679,37015]]}},{"type":"Feature","id":"621022","properties":{"name":"环县","cp":[107.308754,36.569322],"childNum":2},"geometry":{"type":"MultiPolygon","coordinates":[["@@BGLGBAB@BB@DB@@@@@@A@CAABCBAB@JBF@DABABC@AAAAABGBADEDCFCBAB@BAB@@F@B@D@DBDBFBBBB@@CBCBABCBAB@BABDD@@@BDDDDDBBB@@DHDDFDBD@DCFAFADCDAD@@@DBBBB@BAB@B@@D@BBBD@FBD@DD@BB@B@@B@@A@ABA@A@A@AD@BBBBB@@BBBA@ABCDA@AB@BA@@@@@A@@@@BB@B@@@B@A@A@@B@@@@B@B@B@@@B@@@@BB@B@BADA@A@@B@BB@@DAB@BABA@ABA@AB@DADAFCFCD@D@F@F@DA@@@@DADABCBABCDCDA@ABABAD@BAHE@AB@@B@BB@@@BAFCJGHEDCDCDA@@D@D@D@BBD@D@B@DBB@B@BAB@JGHEDEHEFEBAB@B@D@BB@BAB@B@B@BBBBBDBBBB@BBDBDAD@D@B@@BB@@DABCBCB@D@B@D@D@BB@D@B@F@B@B@B@@@BB@@ABABAFAB@B@B@BCBE@C@A@AAA@CBCBCDCBC@ABABA@@B@BBBB@DBB@DBBB@B@D@BBB@@D@B@BBB@BBBADADADAD@BAD@D@D@B@BAFAB@BAB@BA@A@@BAD@BAB@@ADADADAB@B@BCBAFADAFEDCBADCBABC@A@A@A@CBA@AFADAF@B@DAF@DAFAFAF@D@B@F@B@DAB@DA@@DBBBB@@BA@CBABA@@@@BAB@B@@@BABE@@BA@AB@BDBB@@BBBB@B@BAFAB@BAD@BABABABABA@@B@@@B@DD@@B@@@B@B@BAB@DAB@@@B@BA@@B@B@B@@@B@BABAB@@A@@@ABA@@@AB@@BB@@@@@@B@B@B@B@B@@@B@BBB@BABAFAF@BABA@@B@BAD@B@B@BDHBDBDB@@B@@@AB@@AB@BAB@B@B@BADADEDABCB@@@@@B@@@B@BBB@@@@ABADA@@BAHAFA@AB@B@@@B@B@BBBB@@BB@@B@DBB@B@BBB@B@B@F@BABAD@BAD@B@BA@ABA@@BA@@@@B@@@@A@ABAD@@AB@@@BA@A@@@A@@B@@@B@B@@@BBBBB@BBBBBBBBBBB@@B@B@@B@@@BBD@@BB@@@B@@@B@BB@@B@@@@@B@BA@BH@@@B@BB@@BB@@@BB@@@B@@@B@@@@@@@BB@BB@@@B@@@DB@@@@@@@BB@B@BBD@BBB@B@F@B@B@DBHBB@D@F@FBD@FBB@D@F@B@DBDB@@D@DBB@BBBA@AB@@A@@@@B@@@@A@@@@BA@@B@@A@@B@@@@AB@@A@@@@BA@@B@@@BA@@B@@@@@BA@@BA@@@@BABA@@@@BA@B@@BA@@@@B@B@@@@@@AB@@@@@BA@@@@@@@AB@@A@@@@B@B@@A@@B@@@B@@@@ABABA@@@@BA@@BABA@@B@@@@A@@@@@@BA@@B@@AB@@A@AB@@@@@@@B@@@@@B@@@@A@@B@@A@@@@BA@B@@B@@A@@@@B@@@@@B@@@@@@@@A@@@AB@@@@@@@@@@@@@B@B@@A@@@@@@BA@@@@@@@@@AB@@@@@B@@@@A@@@@@@BA@A@@B@@@@@B@@@A@@A@@@AB@@@@@@@@@@@@@B@@@@@@AB@@A@@@@B@@@@A@@@A@@@A@@B@@@BBD@BBBBB@BBDFDB@@@BDBB@D@DAFAJCHAHC@@@@@A@@B@@AB@@AB@@AB@@@BAB@@A@A@A@AAAB@@AB@@A@@@@@A@@@@@A@@B@@A@@@@@A@CBA@ABABA@C@A@@CAAAA@@AAABABABAB@BABABA@@@A@@B@@A@A@@@@@A@@BA@@@A@@@@@AB@@A@@BA@@BA@@@@A@@@AA@@@@@@@A@@@A@@@A@@@AA@@A@@@@AA@@@AAA@@@@AC@A@@@AAA@@@@A@A@@BA@@@@@A@@@A@@@@AA@B@@AB@BAB@B@BAB@@A@A@@@A@A@@@@@@BAB@BA@@@@@@AA@@@AA@@@A@@A@@B@@AB@@@@@A@@AA@@@@A@@BA@@BA@@@ABB@@B@@@@A@@@A@@@AA@@A@@@@B@@@B@@A@@BA@@@AA@@A@A@@@@@A@@B@BA@@@@@@@A@@AA@@@A@@@A@@BA@@BA@@@@@@@@@A@@@@A@@A@@BA@@BA@@B@@@@@@A@@@AA@@@@@A@@@@A@A@@@@@@@A@@@A@@B@BA@@@@@@@@A@@@A@@@@@A@@@@@@@@@@A@@@A@@@@BA@@@@@@@@@A@@@@@@@@B@@@@@@@@@@AA@@@@@A@@@@@@A@@@@@@@AB@@A@@@@BA@@B@@A@@@@@@@@@A@@@@@AA@@@@@@@@@@@@@@A@@@@@AB@@@@A@@@@@A@@@@@@BAB@@@@@@AA@@@@@@@@A@@@@@@@@@A@@@@@@B@@AB@@@@A@@@@B@@A@@@@@@@A@@@@@@@@@@@AB@@@@@@@@@@@@@AA@@@@@@@@@@@@B@@@@@@A@@@@@@BB@@@@@@@@B@@@@AA@@@@A@@@@@@@@@@@@@@B@@@B@@@@A@@@@@@@A@@@A@@@A@@@@@A@@@@A@@@@@@@@@@@AB@A@@@@@@@@@@@A@@@A@@@@@@B@@@@@B@@@@@@@@@@@@@@@@@@@@A@@@A@@@A@@@@@@@@@@@@@@@@B@@@@@@@@B@@@@@@@@@@B@@@@@@@@@@A@@@@B@@@@@@@@@@A@@A@@@@@@@A@@@@@@A@@@@B@@@B@@@@@@A@@@@@@A@@@@@@@@A@@@@@@@@BA@@@@@@B@@@@@B@@@@@@@@@@@@A@@@@@A@@@@@A@@@@@@@@B@@@@A@@@@@@@@@@A@@A@@@@A@@@@@AA@@@@B@@@@@BA@@@@@@@@BA@@@@@@@A@@A@@A@@@@A@@@@@@A@@@@BA@@@@@@@@B@@A@@@@@A@@@@@@@@@@@@@@@@A@@@A@@@@@@@A@@A@@@@@@AA@@@@@A@@@@@A@@A@@A@@@@@A@@A@@@@@@@A@@@@@@@@@@A@@@@AA@@@@@@B@@@@@@@@@@@@A@@@@@@@@@@@@@@@@@@B@@@@@B@@@@@@@@@@@@@@@@AA@@A@@A@@A@@A@@@A@@AA@@@B@DAD@HADABEBSBAD@D@BB^RDDFBHBFCJEZSDEFCHAJAAJAJ@HBJ@H@LCFCHCJBJBF@FDJDDBLDZDVGTWnaLINGBGAGEGCCG@}FK@GAAE@EBIFGHIHGPGJGHGJGJGJGFKFGFGFKDEBIBGFMBIBGBGBGBIFEJEHA@@@B@B@@D@FBBBBD@B@BCD@BAFBD@DD@BBDFDH@B@BBAB@@BBBBD@BBA@@@@@C@@@A@@@CBABAB@B@B@H@D@B@B@B@@@D@B@B@FDB@B@DED@B@B@@@DBD@@@FGAE@AA@AAA@BGDMBIDIBKFEHEHCNEHCFCHCFGBEBOFMCKCICGGIGIAKAGGEIKEKEG@GBEHGFALAPANAJ@L@BEBGBIBIBI@E@IFEBG@EFGFEDCLMRCPCLEJAJCFEFADIACAC@@GACA@AAA@AC@@AC@A@AB@@A@BCACAAIAA@BCBA@G@@B@D@B@DA@ADCBAB@D@BB@@DCBAFADCBA@AB@@B@F@BBB@DB@@BBAD@F@DCB@@@DBFDDA@ABA@KBA@A@AAAA@@G@CBC@A@AA@CAA@BCB@BA@A@E@G@A@@B@DFB@@@BA@@AA@AB@@A@AA@CACA@@@A@@@A@@C@C@BDAD@@ABAAA@A@ABA@@@AA@@AE@E@A@AIGA@@@A@@A@@AAC@A@A@AB@@A@A@AB@FA@E@@@@A@CAAA@A@@B@@A@E@C@A@@DA@AAG@A@@E@G@C@CAC@A@ABEB@@A@A@@C@A@C@CAEAACCEAA@@@ABA@A@A@@BAB@D@B@B@@A@EACAC@@@ABAA@A@AAAACAABAB@DABC@ABCB@B@@A@AACAECCAAAA@A@@AA@@BA@@BC@A@C@EACA@@@CAA@A@A@CBE@AAAAA@@@ABA@@BA@@@@B@@@D@B@@BB@@@B@@@B@B@@@B@@@B@@B@@@DD@BBB@FIDGFQ@MFMDMBGFMDEBK@ODKDI@GGIEKEGAI@KDM@ECGEEGKECAMK@MAMCEEMEKCG@G@CCAB@BAD@D@@A@A@A@@@@@A@ABCF@@A@@BE@@A@@A@@@@D@@CB@@A@@@@AB@@A@AAE@@A@@@EF@@@B@BA@@@C@AAC@C@CBC@A@CBE@GAC@CAGBE@IAC@ACAGCECEACCACBCBG@CCCIA@E@EACAIECCAAEDGDCBE@C@CDADEBACACK@CACACBCGAACCEBADE@@CCACDCBE@C@@C@E@CBE@CACACACCAE@CACC@C@G@CCAIBE@EAEAC@C@CACCACCCCBKFEBABE@AAC@EBADBDDBBBBDCBC@CACACBCDADCFCBCACCAC@ICA@@BA@@AA@@E@A@A@AAC@ABABEACCCC@ACCEAC@E@GACBCBDFBF@FEDGAKAIAICGACEEE@MCU@CAGAICKAK@GAKCK@I@E@QFEFGHELGDIGGEGEIEG@I@GEKAIHMDKBGBEBGBEACCAIEIGKIAGCKCGGIIIAKCOEKHEFC@@GDAA@@A@@B@@@BA@E@@@A@BD@@@@A@@@@@AA@@EF@@C@C@@@A@@B@B@@CDCF@@@D@@ABA@@DAB@@A@A@ECKCCA@@AA@B@@@BAB@@@B@BDBDDBBBBB@BB@@AH@BCJADAJ@B@BB@@@@BC@O@C@@BC@A@@BABAF@B@@@@A@@A@A@@A@@@AB@@AC@@@@A@@@@BBBBD@BAB@B@BBD@@A@@@A@AAAAAA@@AA@@@@EB@BAB@H@DA@@@@BAA@@ACAA@A@@ABAH@@ADA@@BAB@@@D@BBB@BBB@BA@@@CAA@EAGAC@@@IBI@I@EHEDAJQLEDMFI@EAEEIEICIEKCG@IBO@ONGDGBI@E@IAICMEA@@@CD@@C@A@A@AB@@@@AB@@@@A@@AAA@AC@@AEC@@A@@@AB@B@DA@AAA@@BA@@B@BA@A@DFBB@@@B@BABA@@@@B@@DBBBBBB@BBBBBBDDBBFF@@@@A@CAGACA@@C@A@@@C@A@@@ACCAC@AAA@@CAA@@A@@@AB@@@FAF@@BD@@@BA@A@A@A@AAA@C@CBCB@@AF@B@B@BCD@B@B@B@@BD@D@B@@@@GBC@AAC@EAC@@ABABI@C@@EBGFABA@AA@@@@@B@B@@A@GDIDKHAD@F@H@F@DCLBJD`@D@@BDB@@BCD@@B@@@@B@B@@@B@@BD@@BABCBAB@@B@BBB@@BBBBD@@B@B@@B@@@@@B@@@@B@@@B@B@B@B@B@B@D@@FABAFABA@@BAD@DABA@@@BAB@@@B@@BB@B@BBB@D@B@B@@A@@@AFA@@BC@A@@B@BA@@@A@A@G@EBCBA@AD@@@@A@@@A@AA@B@B@B@@@B@@BBD@D@BD@HBDBBBB@B@@AB@@E@EA@@@@AC@@ABA@A@@B@D@B@F@BAB@B@@@@BB@B@BBB@@@@ADAB@BCD@@@D@BBD@B@BAB@@@@A@A@C@CBA@AAC@A@@@AB@@BH@BAB@D@FA@@BAA@@AA@@A@CA@AAACCA@C@A@AA@B@D@@ABABAB@BABABAB@BC@AB@@AB@@ABA@EF@@@@@@@A@AAA@A@@@@@EB@BCBA@A@C@AAA@AC@@@AA@A@ABC@C@C@AA@EEA@C@@@AA@AAB@@@@ABA@@@@@AA@ACC@@@AJIBADE@A@@@@EC@@@@CDA@@@@AA@AAAB@@AA@@ACAAAA@A@CAA@ABA@A@AB@@A@@AC@A@ABA@C@CBCBC@@@@CAA@C@A@@AA@@A@@ABA@@@@@AB@BABA@@@AD@D@F@@@B@@@@A@@@A@@@@@A@@BB@@BC@EB@@AB@@C@C@@@A@@@G@CB@@@@AAAA@@A@@B@@@BDH@D@D@BABABAB@BA@@@AACAA@C@A@@A@C@A@AAE@E@@AAAA@@A@@@AB@@K@@@@@@BAB@@AB@B@@@BB@@BB@@@@DBDBDDD@@@B@@@@ABA@@@CA@AA@AA@A@@@A@ECD@BAB@@@@AB@BAB@@C@ABA@AB@DEBABABCBADEBCD@@C@A@A@@BA@C@@@@@@CAG@@I@@AG@A@@@@B@DA@E@A@@D@B@B@@A@@@AAAA@CA@@BA@A@A@@A@ABC@CBC@A@@A@A@CBCBA@C@A@AA@@@@@@@@DCDC@A@C@@@@@@@@AAA@@@@AA@AGAE@C@CAA@@@@@@@@A@ABADAB@@@@A@@@@B@@@BA@@@A@@AA@@@@@@@A@@B@@@@@B@@A@@@@@@AA@@@@AA@@@CAC@@AA@@@A@@@BA@@@A@@@@A@@@AA@@@A@@@A@@@A@@AA@@@@@@@A@@AB@@A@@@@@A@@BA@@BA@A@@@@@AB@@@B@@@@A@@@@@AB@@@B@BAB@BA@@B@@A@AD@@A@@@A@AB@@A@@@AB@@AB@@C@AAA@@A@A@AAE@@@@@A@@@@@AA@@BCBCBADA@@@AB@@A@@@@@@@A@@@AA@@@A@@AC@C@A@A@A@A@@@@@A@@@@@@A@@@@@@@@B@@@@@@@@AB@@@@@@@@@@@@A@@A@@@@@@A@@@@@@B@@@@A@@B@@@B@@@@@@AB@@@@@@A@@@@@@@A@@@@@@A@@@@@@@@@@@@@@@@@@@@A@@A@@@@@@A@@@@@@@@@AD@@A@@@@@@@@@@@AA@B@@A@@@@@@@@@A@@BABA@GFEBABAB@BADA@@B@BA@AB@@A@@@@@A@@@@A@A@@@@@@@@@@A@@@@BA@@@A@@BA@@B@B@BAB@@AB@@@B@@@@A@AA@AAAA@CA@AA@ABA@ABA@EB@BA@A@@BA@A@@AAA@@AA@A@@@A@@@@A@@BABA@A@ABAB@BABA@@B@@@B@@@@AB@AC@@@A@AA@@A@AB@@AD@BA@A@@B@D@@@D@BAB@DABA@ADCFCFAB@DCH@D@BCD@BA@ABA@AA@AA@A@@@@A@@B@@@@@@@BA@@@AA@A@@@A@@BA@@@@@@@@B@@@@@@A@@@@A@@@@A@@@A@@@CA@@A@@@A@A@@AA@@AAA@@@AA@@@AAA@@@@@@AA@@@@@A@@@@@A@@BA@ABA@@BA@@B@@A@@@@@A@@A@AAE@C@CA@@@@A@@A@@@A@@@@BA@A@A@@@ABA@@@ABAF@@@B@BBF@BABAJ@D@@@DBB@@@BBBB@@@B@@@@BA@AB@@A@@@AB@@A@@@A@@A@@AACC@A@A@C@@@AACAE@G@A@@AA@@A@@@A@@@A@@B@@A@AB@@A@@@A@@@A@@@A@@BA@@BA@A@ABABA@A@@@AB@BA@@B@B@BAB@@@@A@A@A@@@@@@A@@A@@A@@@A@@@@@@A@@@AA@@@@A@@@A@@BAB@B@BAFBF@BAF@@@D@B@B@@ABAB@B@BAB@@A@@@A@A@AAA@@AAA@@@A@A@@@AA@@AA@@A@A@A@A@A@A@@@A@@@AB@@@@A@@@@BA@@@@@@AA@@@A@@@A@@@A@@@@@A@@@@AB@@@@A@@@@@@@A@@@@@@A@@@A@@AC@@@@@AA@@@@B@@@@@BA@@B@@@@@@AB@@A@@BAB@B@@@@AB@@A@@@@@A@@@@@A@@@@@@BAB@@@B@@@BAB@B@@@F@@@B@@@BA@@@A@@@@@@B@@AA@@@@@@AA@@A@A@@A@@@@AA@@@@@@@B@@@@@@A@@B@@@@@@@@A@@@@@@@A@@A@@@@AB@@A@@@@@@@@@@@A@@@@@@@AB@@A@AB@@A@@@A@@@A@A@@@A@@@ABA@AB@@A@@@@B@@@@A@@@@@@A@@@@@A@@@@@A@@@@@AA@@@@A@@@@@@@@AA@@@AB@@CBA@@AC@ABCBA@ABA@@@A@@@@@A@@@A@@@A@@AAA@@A@ABA@AA@@@AA@@@A@@AEAAAACACA@@C@@@CB@BC@A@@A@AAA@AA@@A@@A@@AA@@@@BA@@@A@@BAD@@@@@BA@AD@@A@@BA@A@@@EDA@EBA@CDABAB@BABA@CBCB@@A@A@@@@@A@@@A@A@@@@@AAA@@@@A@AAA@AA@@AA@@@@@A@@@@@@@@B@@@BADAB@@A@@@@@A@@@@B@@AB@BAB@@@BA@A@AB@@A@CD@BAB@BA@A@A@A@AB@@CB@BAB@@@B@B@BADA@@B@BABAB@BABADCD@@AB@@@@@B@BA@@@@@@@AB@BA@@@AB@@@B@B@DAB@BBBBBD@D@BB@@B@@@@@B@@@BB@@@@B@@@@AB@B@B@@AB@@B@@@@@BB@@@@@B@@A@A@AB@@ABAB@BADABC@A@@BAFCBC@ABGBCBAD@B@BADCDEBCDB@DAFAD@DBDAH@DGFCB@@@@@BA@@@A@@@AB@BABCDA@@B@@@@@B@@BA@@@@B@@B@@@@B@@AB@B@@@@@@B@BAHA@@BAD@@@@B@@@@@@@@@@@@@@@@@@@@@@B@@@@B@@@@@@A@BB@@@@@BB@@B@@D@@DD@D@LBFAB@DBf@LANBDADDDDAFAFAD@FAFCBAD@F@DBBFCFCBABEBAFBDBDBBADC@EBABCBACCCA@CFGLCBCBA@A@@@AA@@A@A@EAC@AAA@CBA@@@ABAB@@@BBBD@BD@D@FBB@B@FAF@FBB@BB@B@BAB@B@BB@AB@@AAEBA@A@@B@B@B@BABA@@B@@DBFDBDB@D@D@DCDEFA@@@A@A@A@@@AB@@@@@BBFBDBB@@@B@B@BB@@BBBBBDDDDFBFBBBDDBDBD@D@DBDBD@DCDAD@DBDBBADEDCBE@EBCBCBC@C@ADIJ@BA@AD@@A@AA@@@@CGAGBA@@@@@A@AB@@@A@@@A@A@@AA@@AA@A@A@A@@@ABADABCBAD@B@B@B@D@BABCBABA@A@A@@@A@@@A@@BAA@@@@AAA@@@CBAB@D@@A@A@AACAAAC@CBCDCDCDKJGHCDADABABA@CAAACAC@CAC@ABA@ABABCBA@ABA@A@A@@B@@BBB@DB@@BBBB@B@B@@B@BB@B@@ABA@@B@B@@@BCBABCBCBABC@@B@@@B@BABABADCFEBCBC@I@GCCA@@A@EBA@@@EBA@CBA@AB@@@B@B@D@D@@@FABCDCF@BA@@DCBCF@D@@@B@@@BB@@@@@B@@@B@@BA@@B@BB@@@B@@@B@@A@@B@B@@@@ADA@@BCB@DCFABABCBCBABA@@B@@B@@BAB@@@@A@@BABADCDABA@@@BB@@@@B@@B@@BB@@@@B@BAB@BABBDBBBDBF@B@@BDABAB@@@B@@DAHCB@JCFCJGDCBA@ADAD@JAFCD@DBD@F@DADABA@@B@B@@BDB@BB@D@B@D@B@@@B@B@@D@B@DDBBB@DCFCDA@EBAB@@AB@BF@H@FBFBD@BBD@D@B@B@B@ABA@C@CBAB@B@B@@ABCBA@AB@B@B@DA@CBA@@@@BAB@@CBC@A@E@ABABADAB@B@D@D@@@BB@@D@BBDB@@B@DAN@BAD@@DBDAJAF@BADCFBDAD@D@B@DDFBRHD@B@DBB@F@BB@D@LDN@B@@@BD@B@B@@@@B@B@@AF@BADADABABAB@B@B@BBDBF@BAB@BADCHAJ@HBDHDJBDDB@D@@BB@@@@@@A@@B@@@B@@@@@@BB@@@B@@@@@@@BB@@@@@@@@B@@@@@@@@@@@@@BA@@@@@@@@B@@B@@@@@@@@B@@A@@@@@@@@@AB@@@@@@@B@@@@@BA@@@@BC@@@@BA@BB@B@@@B@@B@@@@@@@B@@@@@@@@BB@@@B@@B@DAB@@@BAB@B@@@B@@@AB@DABCHCF@BAB@BAF@BA@@BA@@@@@A@@@@@@@@@A@@@@@@B@@@BED@BAB@@@BA@@@@@BB@BDBBBB@B@BAB@@@BBDBDDFDBBB@@@@B@@@F@BBB@@BA@@@AB@BADADA@@B@@B@@BD@D@@@@BB@@B@@AB@@@B@@B@@D@B@@@B@B@B@@@BB@@@B@B@BBB@BB@@@B@FAFAHED@BABBD@DB@B@B@@AD@@@B@@ABBBBB@@BB@@@B@@@B@@@B@@@B@@@@B@B@@@B@DADAD@BAB@B@BB@@BB@DBB@BBBB@B@D@B@BA@A@@@A@A@@BA@@B@@ABA@@BA@@@@BA@@@AB@@@B@@@B@@@B@@@@A@@@@@@@@@@BA@A@AB@@@@ABABA@@FC@CB@@@@@@B@@@BBB@B@B@@@@@@B@@@@@BB@@@@@@@@@@@B@@@@BB@@@@@@@@B@@@@@@A@@B@@ADABABADC@@BA@@BADADCBA@AB@BA@@B@@@@@@@@@B@@@BBBB@@@@B@@@@@DAB@BABAB@@@B@BB@@B@@B@BA@@BABABA@C@A@@@AB@BAB@@AB@@A@@@A@@BAB@BA@@@AB@@@B@BBBA@@@@@A@@@@@BF@DB@@BABABAFCD@B@@@@BBB@B@B@B@B@B@@B@@@@@DBB@BBB@@B@@B@@@D@D@B@B@@@@@@@@@@B@@@@B@@@@@@@@@@@@@B@@B@@@@B@@@@@B@B@@@B@B@@@BAB@@@@@@@B@@@@@@@B@@@B@@@@@@@@BB@@@@@@@@@@@@A@@BA@@B@@@@@@@@@B@@B@B@@B@@@@@@AB@@@@@@@@@@A@@@@@@@@BB@@@@@@@BBA@@@@B@B@@@@B@@@@AB@@@B@@@@B@@@@@@@B@@@@@BB@@@BBB@@BBB@D@B@F@B@@AB@@A@@BA@@B@B@@BBB@@@@@B@B@@@B@@B@@@B@B@BA@@BB@@@@BB@@@@@BA@@BA@@@@BA@@@@@@BBB@@BB@@@@@B@@@@@B@@@B@@@@@@B@@BB@@@@@B@@@BA@@@AB@B@B@@@B@@B@@BB@@@@@BA@@@@@@@B@@@@@B@BABCBEBCDABA@@B@@@B@@@B@@A@@B@@@@@B@@BB@@@@@@A@AAA@C@A@A@A@C@A@AB@@@BB@BB@@B@BB@@@D@@@B@@@B@BBD@D@D@BB@@B@@A@@BAB@BAB@@B@@BB@@@@@@B@@@BA@EBEBGBEDA@ED@BA@@@@B@@@@B@@@@@B@@AB@@@@@@@B@@B@@@@@@B@@@@BB@@BB@@@BBB@B@@B@@@@@BABAB@@@@@@@@B@@@BADABAB@@@@@@@@@BB@@@@B@@@@B@B@BCBABAB@@@BABABA@AB@B@@BBDBBB@@B@@@DAB@BB@@@B@@ABABABCBA@ADABABA@ABA@AB@@C@@@AAA@@@A@CA@@AAA@@@@@AA@A@A@@@A@@A@AAA@A@@@@AA@@@@AAA@@AA@@@@AA@@@A@@@@@@@@@@@BAB@B@@@@ABA@@BB@@BCDCBCDAD@@@B@B@@@BAB@@@BB@B@@A@@B@BA@@BAB@@AB@B@@B@@@BAFCD@B@BBB@BB@@BD@B@@@@B@@@@@FADCDABAB@DCB@BABA@A@EBAB@@A@EBC@A@@@A@AB@@@DABABCDABCBABC@EBA@A@@@A@@A@A@@@@@@A@@@@@A@@@@BA@@@A@A@@BC@@@C@@BABABCD@@@@@@A@@@A@@A@@@@A@@BCBEB@@AB@@AD@B@@@BB@@B@@@BBD@B@@@@@@@@BDDBB@@B@@@BCB@@ABAB@BABA@@DADABEF@BABABAB@B@B@B@BADABAB@B@B@BBDBDD@DA@@DA@ABA@ABC@ABA@ABADCDABADC@ADAFEB@BAB@B@B@B@@A@@BA@@B@@@B@@A@@@A@@AA@@DCBA@AHC@ADC@@BAB@@A@@A@@AA@AAA@@@@@A@@BABA@A@C@A@AA@@@ADCBABCDEDABAD@B@B@B@BBDBBBB@BBB@BBB@B@B@B@BBB@A@@B@@@@ADABABBB@@AD@D@BABAB@B@B@D@F@B@DB@@BB@BB@BB@@B@@BB@@@@@B@@@@@@BA@@BAB@DABAFADCB@B@BAF@B@B@B@B@@@B@@AB@@@@@B@B@@@BB@@@@BA@@@@BA@@@@B@@@HBND@@DBD@DA@@B@B@@@B@@B@@@@ABABAF@BAD@F@@B@@@@BB@BJBB@B@@AFAB@BBHBD@BBB@BB@BB@BBB@B@B@@ABABAB@BAB@@@B@B@@@B@@ABAB@B@BD@B@B@B@@@F@DADADABADABBDBBDDDFF@B@BABGDEDAB@D@D@DABCBCBABABAD@DB@@DABCD@BAB@D@BB@AB@B@B@B@@ADA@@B@@@B@B@BAB@BBB@B@B@D@DABADAD@BADADCBCFADABC@ABC@A@AD@DCFCBADCDADAFAB@FEFCH@B@DA@AHAFCFAB@@ABAB@@DDBBBB@@D@B@@@BA@@BA@A@@B@@@@BAB@@@BAB@B@@BB@@BBB@B@DA@@B@DAFADADABABABADBB@D@@@BCBEBC@ABCB@DBDBFDDBF@FBD@BBB@BBDADABABGBG@CBCBAD@DBBBDBBDBDBDBD@BBB@BBBB@DDBB@BB@BB@ABEDCBAFEBABAD@BA@@B@BBBBB@DBB@B@BB@@D@BABAD@D@DBF@B@B@F@B@BB@@B@@AAAAC@C@AAC"],["@@@EAA@AAAA@C@@@@@@A@@@EA@@A@ABA@@@@A@@@GDCBA@@@@@AA@@AAA@A@@@@D@B@@@D@BAD@@BB@@BDBB@BBBBBBB@@AB@B@D@B@HBB@BBBB@@@D@D@@@B@@@@@B@B@@@B@BADAB@@@@@BD@D@B@BB@D@@@@@@A@A@E@A@A@@@A@@@A@A@A@AA@C@A@CA@@@A@I@A"]],"encodeOffsets":[[[109288,38004]],[[109544,37102]]]}},{"type":"Feature","id":"621026","properties":{"name":"宁县","cp":[107.921182,35.50201],"childNum":1},"geometry":{"type":"Polygon","coordinates":["@@A@EAC@@@A@C@C@C@A@C@CBA@EAG@KBEB@@IBGAAAKDI@C@CBC@E@CAA@EBE@G@EBEBGFA@A@ABABA@CAA@AAC@A@CAACGAEAM@OCG@K@C@C@CAA@A@E@C@KEEBCAKC@GAGDCFAH@B@AC@ABCBAAAECCKKMKAA@EAC@IAC@A@CAI@GBEBC@aBGCAAEACB@HCBEAGCOAK@CBGOFMFMDOAMAK@MJEPAJEFIISQ@Q@SAMBM@QEMIOIMKKGSIOIMKGKIIWIKEMEKEOEOISIQIUG[ISESESGKEUIM@Q@Q@K@Sk]_A@@@@@@A@@a_gg]SmJKA@AAE@G@A@A@ACAAA@@CBABG@C@A@CCACAA@A@A@ABAD@BAFABA@A@AAAAACC@AAC@E@CBAB@@@DAB@BCB@@CBCBCAA@AAA@E@ABCAE@E@C@C@C@C@A@C@CAAAAAEAC@A@@BABABCDAB@@@B@B@D@@@BA@ABCAABC@C@C@C@A@@@AB@@@BBB@B@BABADABABA@AA@@AA@@AA@@A@@AA@C@A@@AC@A@C@AB@B@DAB@@A@@@A@C@@@CAA@A@CBABABADCDADA@CBABA@E@AAAAA@A@C@A@ABADADAFADA@ABA@AAAAA@@BA@@B@B@@A@A@CAA@A@@@ABADCDAB@@A@GBA@@@@AAAA@AB@@AAC@ABABABABABA@A@C@AAA@A@A@AB@@A@@B@BAB@@AB@BAB@@@BA@@BB@AB@BA@AB@@ABA@CD@B@@@DAB@DABBB@DFFBD@@ABCFEHCFGFEHCDEDCDCFGFEFGJCHCHCFCHEJAF@DEFCFAFBDDHFHDFFJ@DIBA@ADCBABA@EBE@CAC@AB@B@D@@ABBFBB@@DBFB@BBB@BBBBDBB@@D@@BDB@@@B@@BB@B@BBBBB@BBD@B@B@@@@BB@@A@@B@BBB@@@@ABB@@@@B@B@@BB@@@BB@B@@@@BA@@@@B@@@@B@B@@B@B@B@@BBB@@DBBB@@BB@@B@B@@@BD@@@@@@BBB@BBB@@@B@@@B@@@B@B@B@B@@@BB@@@@@@B@B@@B@@BBB@@AB@BB@@@@@@B@@@B@@B@@@@B@BA@@@BB@B@@A@@B@@@B@B@@@BA@@B@@@@@BBB@@@@A@ABA@@@@BA@@B@@@B@@@@A@@B@BA@ABA@@DAB@@A@BBA@@@@BAB@B@@AB@B@@@BCD@BAJK\\BDBBFAHCJEHEBCBGDEBEDCF@D@DBBD@FBF@F@LDFFHLL@@DAB@B@@@@B@@B@@BB@@@BB@@@@B@B@@@@B@@@@B@@@DB@B@@@@B@BBB@D@@@B@B@B@@@B@@@DA@@@@BBABB@BBB@B@@BB@@@B@@B@@@@@@B@B@@@DBBBB@BABBB@@@BA@@DBD@B@BBB@D@B@D@BB@@@@@B@@B@@@@@AB@@@BB@BAB@@BBBBB@AB@B@@@BBBB@@B@F@@@@@@B@B@@FA@@B@BBB@FBDB@@B@B@B@@@BB@@@@@@F@B@BB@@BB@BBD@@@@BA@@BB@@@BB@B@@@DA@@DBB@D@DA@@DBB@B@@@@@@B@@B@B@B@BAB@BAB@DBBB@D@FEHADBDF@FDDBDABADFFBF@D@FADD@B@@AB@@AB@BBD@@AB@B@BABAD@B@@@B@B@@@@@B@F@@@BB@@B@@@@AB@BAB@B@@BB@B@B@@@@@D@B@@AF@@AB@B@@@BADBBBDDBHBDFDBD@@@@D@FBFBFBHBHDH@FBBFXFGJEHAN@D@@@FCFCHCD@DCDABBHDF@FBBBDDBFDBF@HAJAJ@HAJALANCFABEF@JDJDJFH@PEAOAS@U@KBKHIRDJDF@JBX@ÌLLJRFTFTJPJJPJHLDPATADEHODMDIHGJ@JNVRNPRFDHFH@NAJ@FD@P@NJJJHJBN@bGPIRALFLNRNNFJBZIVK\\CRANAXKNEL@DAB@F@HAFDDBHDFBB@LVD`ADAFBBABLBvFZFV@`@XBRATAVBPDNFFDFFTSPULSBMDQ@OAO@UAUAS@CCACAAA@A@C@CBEBCBEDCDCDCFEBCBCAACCAA@@@A@E@EAACECEGIAAC@A@@@AA@A@A@CBCDAFCDABA@AAC@CACAAAAEE@A@A@CBABEDC@@DA@AHABCBA@@BE@AACAAAC@A@A@@EICMFS@KHSDK@A@CHG@CDA@EBKBKFCDCDADAD@HAD@HBDADABE"],"encodeOffsets":[[111171,36450]]}},{"type":"Feature","id":"621027","properties":{"name":"镇原县","cp":[107.195706,35.677806],"childNum":2},"geometry":{"type":"MultiPolygon","coordinates":[["@@BH@D@@@@D@B@@AB@B@D@@@DCFABCDABABAFA@CBAB@BAD@@@BA@ABA@@@@BA@ADC@F@B@@@BBBB@@BDB@@B@BA@@@@@A@@CCACAC@C@@A@@AA@@A@@@ABA@@BA@A@@@@L@@@BA@@B@@@BBBB@@@FBF@B@B@D@BB@D@B@DBBB@@B@@ABABABA@A@C@CCG@A@@@AB@@@BBBB@@@@DAH@@@B@@@D@D@@@BA@@FAD@@AA@@AB@@@@@B@@@B@@@@@@A@@@E@CBC@@B@BA@ABA@@@@B@BA@@@BB@@BB@D@B@DB@@@@ADAD@D@DAB@B@BBD@@@BA@@B@BAB@BBB@D@BBBBBBD@@BB@@BABBB@@B@@B@DC@@@@FD@@@@@BCFABVD@C@ABA@@AAAAAA@AAAAC@@AA@@BC@A@C@@@A@C@@B@B@BB@@BB@@@@B@DAHC@@B@@@@@AB@B@BB@@F@@@B@@@@D@B@BB@BBB@F|A@A@C@AB@B@BA@@BD@@@@FBF@@@BA@@@AAAAAAC@GACC@C@AA@@@A@@@A@A@ABBB@@@B@@@@@BCB@DAFAH@B@B@@@B@@A@AB@D@@AB@BE@@B@@@@A@A@CAA@A@AAA@@@A@@BA@A@@ABCBC@AB@@ABEBABEB@@@C@A@A@A@A@A@A@@@A@@A@@@@@A@@@@A@AC@AAAA@@AA@A@AA@ABADAB@@AC@@@A@@@A@A@@A@@@DC@AA@AC@@@CC_AIDK@C@E@G@EBCLGJCHCB@@@@A@A@@@@BBB@BAHEFA@@@DAJAB@BD@FBD@BBD@HA@@@@@A@CAC@@@A@A@ADC@A@A@ABE@@DADAD@B@BBB@B@B@B@@A@@AC@@BE@E@@BA@@B@@@BB@DB@BBD@DBBD@@B@D@@@B@D@@@DBHBDBB@@@@@EEAACCAAAAAAA@AAAACA@@@A@@B@BA@A@A@@AACEB@B@@A@AB@@AB@BBB@@C@ABA@@B@@@FD@BD@@BBB@BB@@@@@BA@@@@BAB@B@D@@@DC@@B@NFJDJBF@J@HAHCPMP@JAH@LDJFJDJFFFFBJ@NEFCRKBIFCFGJ@J@JA@@D@HBFBB@DB@@B@@AAA@AAA@A@C@@BA@AB@BC@@BGBA@@@BBBBD@@BB@A@@B@@C@GBA@AFA@@@@BB@@BBBBBBB@@@B@@@AC@A@ABA@AACAA@A@@B@@@@@BD@@BA@@B@@@@B@BB@@@@@@ABEBA@AB@D@@AD@P@D@@A@@A@@A@ABIBCDI@ABG@@AAA@AAAACCCA@A@A@@BA@A@@@ABB@@DBLDFDB@B@@@BA@CB@BA@@@C@@DEDC@@@A@AB@@@D@D@@@FE@@BB@@@@B@@@@@ACB@@@F@B@@A@@@AB@@@BBHCB@BAB@D@DBBAA@@@@CACBC@@@ABEDGHCDCFIFADCDCHADCFEHEPIF@HAD@HFBBF@BAHAF@NBHBH@BEHCBCDCCA@CBABCDABC@CAC@EDED@HBDA@CAGCGCEACBEDE@EDCBCDCF@JBFABABAHCDABABCDAH@FAPMHCBCBCAC@GAAACBCDCDAFAHAFBFABA@A@A@A@AACCC@AAA@CBI@O@K@CACBAHE@ABCBABE@CBGAC@GBC@@@ABA@@AAFEDCBABA@A@@@C@AAACA@A@@@ABC@A@AAAB@@ABABABCBA@@BA@@BG@CB@BC@A@A@@BA@A@@BABA@A@@BAAC@A@A@A@ABA@A@@BA@@@@@A@ABAB@BA@@DEBAB@@A@@@AB@B@B@BA@ABA@@BAB@BE@EBCBGBA@C@A@AAAA@AA@ABCA@@A@A@C@A@A@@AA@A@ABC@ABC@E@E@A@CBCDEDACM@O@@@A@@BABA@A@AAACAA@A@AAA@@ABAB@D@B@@ABABCBCBABCBCDI@@B@H@B@DADCBC@EBEBA@A@@@ACCAA@ABA@AAA@ABA@A@C@A@A@@BA@@FA@@@A@@AACC@@@A@@BA@@D@F@DAB@@A@ABA@AAC@C@ABE@ABAF@B@BA@@BA@@BABCBC@ADABA@@@ABCBC@A@A@CDCDEDG@A@A@C@AB@BADA@A@A@AA@CG@C@E@AD@HB@@BADA@AAAAC@ABALEBA@AECACA@@C@CBADAB@FGDAB@@ABCAC@CBCBCBA@@DBB@FABAFEBEBCBCHGFGBCHIDG@A@EWCMECACE@CBENIBCBACACCOEGAECGA@D@HCF@@ABEDCDCDCHEFCFCDEFCDCFEFGBI@GBICEAECCEAEAIAGAICGACACGEICICGBC@E@EBCDEBADBFFFDFBFDFAHEDI@I@E@E@KAI@IBEBEBCFEDCBGDEBGFIFGBIBIAGEECAEAECCECECACEAEEC@IBEBE@GDGDGDGBKBEAICE@G@IBGDEBEDGDEDIDEFGHGHIJIFIBIBICIA@@CBC@GBEDEDC@@A@A@ABCAE@E@IBAD@@A@AAEACAAC@A@C@AB@D@BCBCBA@GCC@@B@BABABC@AB@BDF@@@B@@ABA@ABAAA@C@C@K@ECIAKAG@I@CDAFADGFCACECEEIAEEGAG@E@EBI@G@GCEIAEBGBEBIBGBGBEDEFEDEFGBEDG@GCIAAACCEEGEGCEGEKAEC@G@EDEDCDGHCDCBGBE@CAC@AAAECEAEAEEAADAFBDBF@DBFAFADADADAD@BA@A@@@A@@B@@@@A@@@@@ABBB@BA@@@AA@BA@@@@BAB@@ABAACD@@@@@@@@@@A@ABA@@@@@A@@@@@@@@B@@@@@@@@@@AB@@@@@@@@A@@B@@@@@@@@A@@B@@@@@@A@@@@@@@@@AB@@@@@@@@@B@@@@@@@@A@@@@@@@A@@@@@@@@@@@@@@B@@@@A@@@@@@@@@AB@@@@@@@@@@@B@@A@@@@B@@@@@@@@@@A@@@@A@@@@@@@@@@@@@@@@@@@@@@A@@@@@@B@@A@@@@@A@@@@@A@@@@@@@@@@@@@@BA@@@@@@@@@@@@BA@@@@@@@A@@@@@@@A@@@@@@@A@@@@B@@@@@@@@@@@B@@@@@@@B@@@@@@@@@@A@@@@@@@@A@@@@@@@AA@@@@@@@@@@@@@@@@@@B@@@@@B@@@@@@@@@@A@@B@@@@@@A@@@@@@@A@@B@@@@@@@@A@@B@@@@@@@B@@@@A@@B@@@@@@@B@@A@@@@@@@@@@A@@@@@@@@@@@A@@@@@@@@@@@@@A@@@@@@AB@@@@A@@@A@@B@@A@@@@@A@A@@B@@@@AB@B@@@B@@A@@@@AA@@@@@@@@B@B@@A@A@@@A@@B@@B@@B@@@@ABA@@@@B@@@B@@C@A@@@BBB@@@AB@B@@A@AAC@@@ABB@AD@@@D@B@B@@@BA@@AA@A@A@@@@@BB@@@@CB@@AB@@@@ABA@A@@B@@@BAB@@@@A@A@@@@@@B@@C@@@@@@B@@A@@BA@@DAB@@AAA@@@A@@@AB@@B@@@@B@@A@@B@@A@@A@@@@A@@B@@@@C@@B@@@@BB@@@BA@@@AB@BAB@@AB@BA@A@@@AA@@A@@B@@A@ABA@@BAB@@@@A@@@A@BA@@@@@@A@@@@A@@A@@@@@@BAB@@@@A@C@@@@@BBAB@@@@@B@@CA@@@B@@@@@B@@A@A@@@@BB@@BA@@@A@@@C@@B@@@@CBA@@B@BA@AB@B@@AB@@AB@@C@@@ABA@A@@@ABC@A@@B@@ADA@@@A@A@A@@B@@@@@@@BA@@@BB@@@@AB@@@@C@@@@BB@@@@B@@AB@@CB@BAB@@@BA@@@@B@@@BA@A@@@AB@@B@@@B@@@@BA@@BAB@B@BA@A@@@AB@@@B@@A@A@@@A@@B@@@BB@AB@B@@@@@BAD@@@B@@A@A@@B@@@BA@AB@@AB@BA@@BA@@@@BA@@@A@@@@B@@@@A@A@A@@BA@@BA@@@@@@BAB@@AB@@ABA@CB@@@BA@ABABA@ABA@ABA@@@@B@B@@C@@BAB@@ABA@@@A@@@@@@B@@CBEDA@@BA@A@@@AB@BA@A@ABABA@A@CD@@C@AB@@A@@@ABA@@BA@ABA@@@ABA@@@ABA@A@A@ABABE@ABABC@A@A@ADGHÍ|@@BFADAHC@E@@ACACD@BBBDDDDB@B@@BABAB@FBF@FBFAH@BBBD@B@BED@DBFDDDFBDA@E@C@ABBBBBBD@DABCB@BB@@BBF@BA@CBAB@BBD@@CB@BABAB@BBDBBB@AB@@G@ABAFEJA@@BBB@@BB@BBB@@@@@@@@@BB@@@@@@B@@@@B@@@@B@@@@BB@@B@@B@@B@@BB@@@@@B@@BB@@@B@@@DB@@@BB@@@B@@@@@B@@A@@@@@BB@@@@@@AB@@@@@@@@@@@@@B@@A@@@@@A@@@@@@@@@@@BB@@@@BB@BB@@@@@B@@AB@BABBCDAFEH@D@BBB@BFBD@H@DCB@DIDA@@BF@D@BB@@@FAH@FBHBHADAFCDCHAB@BBBDBH@HAL@H@FBFBHAH@DDDBBD@F@DCFAHCDC@GCIB@FANADB@@@BAB@DBHBHBDDBDADCDEBAFBBFAF@F@BFAB@ABABCD@DFD@D@HABGAABFB@@ABC@CAA@ABABBDAF@HA@A@CAA@ABAB@DBBBBD@B@FCHAJ@BBDA@@@@@@BA@@DA@A@@B@@@@@@@D@FDDD@D@BADC@G@EBAB@B@BBDBBB@ADCFAFADCDABGCEAECCB@@A@@B@@@@AB@@@@@B@@A@@B@@A@@@AB@BA@@BA@@@@B@@@@@B@@@@AB@@@@@@A@@BA@@BAB@@@@AB@@@BA@@@CFAB@@@@@B@@A@@@@@@BAB@@@@BF@@@B@@A@BB@BABBBCB@@@BC@@GAABAAA@BI\\ADC@A@@B@BBB@BDDB@B@D@DEDADCB@BFCF@F@DCBEFA@AAAE@AA@C@EBC@EBE@EBCBEBCFAB@DBBF@FDFDFB@FADAFABABD@BDAB@BB@FC@@HBB@BABAB@DFDDFDFFHDFBF@DAFAFCDCD@D@@J@D@DAD@DB@DA@@BB@DDFDDB@B@@AB@BAB@@@BA@A@@@@B@@@@@B@@@@@B@BA@@B@@AB@B@DD@AJFBBBDBBD@DCDABHFJ@DABA@@B@@@@AB@B@B@B@@AB@@@@AB@@@B@@@@@@AB@@@BABEEG@GBEACCCE@EACE@MDCAIDEDEH@@AF@FGVBBBADCDDB@BC@CAA@AB@FBBBDAB@BDFCDC@ECC@E@CBEFCD@BD@V@HBFDFHDBB@HBDB@FCBBDFDFHBJDHHDH@JAFB@@@@@@@@B@@B@@@A@@B@@@BB@@B@@@@@B@@B@@@A@A@A@CAA@A@@@@@@B@@ABA@@@AB@@A@A@@@A@@@A@@@A@@@A@A@ABA@@@AB@BA@ABAB@@@@A@@@@@@B@D@B@D@@@@@B@@@BBB@B@@@B@@@B@BB@@B@@@DBB@@AB@@@@B@@@D@@B@@B@B@@BB@D@B@B@@BB@@@B@@@@B@@@D@B@@@B@@@D@@@B@B@B@B@D@@@B@B@@@B@@@BB@@B@@@B@@@@@@@@@@@@@B@@@B@@B@@@B@@@@@B@@@@@@BB@@BB@@B@@@@@@@@@@A@A@C@@@@@A@@@@@@@@@A@@@@A@@@@@BA@A@@@A@@@@@AB@@@B@@@B@@BB@@@@@@@B@@@B@B@BBBBBBB@@B@@@B@@@@@B@@@@B@@@@@@B@@@B@@@@@@@BBB@B@@B@@@BBB@@AB@@AA@@@@@BBB@B@@@DAB@@AB@@B@B@D@B@B@@@B@@A@@@@A@@AA@@@@@D@BAB@@@BBBA@@BB@@@@A@@BA@@@@B@B@B@@@@@B@@@@@@@B@@@@A@@B@@A@@@@B@@@@@BBBBD@D@DAD@@@B@@A@@@@@A@@@@A@A@@@@@A@@@@@BA@@B@@@@AB@A@@@@@@@C@A@@@A@@A@@B@DAJ@D@@@BA@A@@@C@A@C@A@A@@BABABABABABAB@@@@A@@@B@@B@@@AB@@@B@@@@@BB@@@@@@@@B@@@@@@@@@@@@@B@@@@@@@@@@@@@@@BA@@@@@@@D@DAB@B@BB@@B@@@D@DB@@BB@@@@@@@BBB@@@@BB@@@@@@B@@CDCBAB@@A@@@A@@@@A@@A@@A@@CA@AAAAC@CAA@AAA@@@AA@@@A@@@@@A@@@AA@@@@@@@BA@@BA@@B@@A@@@@@A@@B@@@@@BBB@@BD@B@B@B@B@@BB@B@@@@@@@@@B@BB@@B@@@B@@BB@D@@@B@@@B@D@B@@@@@@A@@@A@@@@@AA@@AA@@@@@@@@A@@A@@@@@@@@@@@AACAA@@@AA@@@A@@@AA@C@A@A@E@C@@@@@@@@@@@@A@@@@DAB@B@@@@@@@@@@A@@A@A@@@AA@@@@@@B@@@B@@@BBD@BBB@@@B@@@@A@@@A@AA@B@@A@@@AB@@@B@BA@@B@@@@@@@@AC@@@@A@@A@@@@A@@B@@@@@@@@@BA@@@AB@BAB@BBB@B@BBBBD@B@@AD@@A@@@@@BDBB@@BBBDBD@B@@@@@@A@@@A@ABA@@@ABA@@BA@@@AB@BAD@BABABA@@B@@ABAB@@@@@B@@@B@@@@@@ABA@@@A@@@A@@@@@@@AA@@@@@@@@A@@B@@@A@@A@@A@@A@@A@@@@@@A@@@@@@@@@@@A@@@@@@@A@@@@@@@@@@B@@@@A@@B@@@@ADAB@@ADA@@B@@@B@@@@@BA@A@AD@@@@A@@BA@@@@@@@@@@AA@@@AA@@@@A@@@A@@@@@@@@@@@AB@@@@B@@@@@@@AB@@AB@@@@@@@@@@@BA@ABA@@@AB@BABA@@B@B@B@B@BAD@B@@@B@@@@ADADABA@AB@@AB@BA@AB@B@@@D@@BB@BB@A@@@@@@AA@@@@@A@A@@@A@@@AB@@A@A@A@@@A@@A@@A@@A@CA@@@BA@@@@@A@@@@@@A@A@AD@@A@@@@A@@@@@@A@@@ADAB@@@@A@@@@@@@A@@@@@@D@@@@@@@AB@@@@@@@@@@B@@@B@@@DAFAF@HAD@BABABABAD@@@B@@A@@D@BCDCD@@@@@@@@BBB@D@B@DADAB@B@@@@BAD@DAD@B@BB@B@B@@AB@@DBBBB@@B@@@@A@A@CB@F@B@@C@A@@B@H@@BJ@@@"],["@@IJ@B@@DD@BBB@@@@B@BA@@@@BA@BBB@@D@B@FFB@@B@D@DAD@B@BBB@@D@@BBB@B@D@BABADA@@F@@@@@BBB@B@B@@@@@@FEB@BA@@BA@@BAD@@ABABABA@ABABABA@@@C@ABBB@D@B@DDBB@BDBB@@@BB@@BB@AB@@E@CBA@AAG@@BA@@B@D@BBB@DAD@B@B@@@@@BA@A@AAC@A@C@@DC@ABABC@@@@AA@A@AAA@@@@@ABA@A@E{B@B@J@B@@DBB@D@B@@B@B@B@B@@@B@@@B@B@F@B@B@@@@C@A@@A@A@CAC@@@@A@CBABA@@@A@A@@@@@A@@@C@C@@@A@AA@AAA@G@AUC"]],"encodeOffsets":[[[109425,37111]],[[109520,37108]]]}}],"UTF8Encoding":true}