{"type":"FeatureCollection","features":[{"type":"Feature","id":"653024","properties":{"name":"乌恰县","cp":[75.25969,39.716633],"childNum":1},"geometry":{"type":"Polygon","coordinates":["@@@@A@A@A@C@EAGAC@G@E@G@K@EBE@A@AB@BGJAB@@@@AACAABA@@BAB@BADCDABABEBG@A@AA@GA@A@KB@@AAAAACA@CBA@A@A@A@AA@WCK@AC@AAI@QBA@C@ECEAC@C@E@EBCDEBE@G@QAG@SBG@EAAAAG@KAC@CEEACA@[CA@@CDGBEBAFELMDEBC@A@ABIBEBEDAJCB@@AB@@CCAU[@GBGBGFKXi\\gLU@G@CIEQIIGACACEEGECCCC@CAEAAA@S@KEECCEAAAAC@GBIBA@GAEIEUCECC@ICEAICSAGAK@K@EBiDWDPLLaBGBMDMlõAEHSBC@AC@WAUCMAKAKAG@SCaEO@A@AAGEGCICICEAGAGCiWOKICGAM@C@A@IBODQDE@C@C@CCC@CA@@A@A@A@E@C@EBOFE@C@QDC@CDILCBEDCBE@C@A@A@G@C@A@EDEFCDCBEBIBEBIBA@E@C@KAMCE@@AA@@CAC@AAA@@AAGCE@GAIEGAK@WC@@AAAAC@AAA@GAE@@@C@C@CAGEQSISSoQ[KMAOBM@AFOACFIBEDCDABAFAFADAJAFAL@HADADCBEBEAKCGACC@@@CBADG@EAIAA@SNGFG@E@MBA@@@A@K@GB@@@@IFA@@@EHEDC@MB@@@@KBSEICECEIA@EFG@G@GIA@EHKDKAOCC@@D@D@@CBG@A@ID@@MHADABEF@BBBD@BBJH@HADCLADCFBJHFFF@D@BAFGH@DADBF@HAF@BCDCBEFABIPADAFINAD@B@@@BB@FDBBBDBFAFADAD@BA@A@G@EAK@KBC@ABABABA@K@ABCBCFADEBCHAPCFADIBKDEBEDCDGJGPGFCBABADFFHJNNCDMAGAC@G@KDQ@KAEBI@EFCFIHERG@GAG@GB@DAFEFMBK@IAG@GBGDADCFCDKBCBI@OCGAI@CDGJGFKBCFAFGHIAGCECG@KDUFIDKH@DAF@HABM@GAC@C@GNEDEDE@EAICSGG@GFIBI@EFEDC@I@KAGAE@GDABGDE@OIG@GHIFGB[BIDKJEBE@QGICGAOAKAIAKFMPADEHYTOHIBY@MAQGIIEAQBSBI@WEGFO@ICG@GDCBEFEDGBGAGCQDI@GBOHGNAFGJKAIAI@@FADBJ@HCHOJULEBWRSRCFMLEFWHE@@@KDCB@BCH@DBF@DBBMBC@I@CAECCAA@ECCAKAA@@ACAI@AAEAGAA@A@A@C@GCGCCAAAG@ABCBEHCDADCBCBCB@@A@C@CBEBCBCBEFGDCDCB@@EFCFCDAD@B@@ABEHCBCDEFCBEFCFCB@@ABGHAB@BABCHCF@B@D@BBBDDDH@B@BBD@B@B@@BFBF@B@B@BBBAF@B@@ADABCBCBADYXMJIBABIAK@EAC@GAE@EAE@CAC@C@KCHDVFHBJRF\\JTPPLJCJOPBPLL`JPJJNCLATNHPBLAXDJPAZAFK\\MtIfADINBXATQXLD@DAFGDGDCPGJIFQDS@MDIJIHIBQ@EBSACBCVCZ@jD\\JdNTTPTRZLNFRFNHLNFNBNBTENMZ@HFPPNxxBH[JODODMF@DFJNJXBTHTBZPLHJLDVDLJTNPNHRFNBJCLCHALGLEHAZARDNBRHBJFLJJHF^BbFNDfHbFXHTBPCN@LDXDTBNEHEFOH[JCNDRNTFLAVObQHAR@LHRJVPVPNHNJRFNFVFTLRRPXLJJJNPRNTNLJLHRHPFVHHDFFLLLPHNLNNPPXHHJJLHJDRFJBPBXANCRGHCNANBTPXZDJJNLNFNDVENCTFDL@X@NBbBh@VBRAT@ZAR@ZEZMXK\\IL@ZBLJNHN@PFFLELGF[JKHONEFejSPzQRKJCJDJXDPN@DDNBLBLBNC\\BFHF\\ZP@VE`GTEXGbMTKVQHIdKZUTGZGTCRFNLNDHDLGXMXMXCRCRAXEVCL@HHDHj``EVCTCZEXEVE^@V@VBHPNVTHHLDNDBTAX@TNJPJRPLLHRP^RLHZLPDPH¤\\\\`JNNAVN@Rz\\f\\lfP`D^BLI@KPCNSLKXMSgB[F@S\\aBS@KRQNIPGTC\\ANGXOFAFAPEPKDMQMKMESOKogIWGM@S@QGQEQFU^QFKDIJUDCJYGUEQBCDGRCTHRFHJPNLEHBPFRJVKRDTJTHRLVTLDT_P@TARBN@LAVCVENGHGFICIBEDCBGEGCACG@KCEBICGEG@GJG@OAEEM@KEMBKGGKAIIEGGGAI@GKGCKKGAMBCJIJEFMHILOFKFCFMFQJgBGFGB@HAFEFCDKDABCBOCO@AAKHQAGPg@I@GBQ@GBGBGDE@E@AAAACAAAAACAAACCA@@@@@@AAAAACAAACAAACAACAACAAAA@A@AAAAC@@@@AAAAAC@@@@@@AA@CAC@@@@@@@AAAAC@AAC@A@CAA@@AADEFEpWHCFCFEDGDKFCBC@A@ADCHERKHAFABA@ECAAGCEEI@E@MAECEEG@CBCROLK@A@A@@@A@@A@A@E@C@A@C@C@A@CAGCeIUCE@O@MAABABEPMLIDMFMBO@I@SCECUIOICCCC@EAEEEEECC@@GKIIGEEKAEAEACAEACAA@A@@@@@@CAA@AAA@ABABEFCFAD_KPOLUREBS@AI@gIQAE@EO@mFO@@BG@ECMEI@AEICEGDKFOB_@qLSDCSC@@@@ICMGAICGCEAICCGGCC@A@E@E@ABGBGBGBG@@@ABA@CACAAAE@AAEBO@Y@C@AAA@AAC"],"encodeOffsets":[[77333,40617]]}},{"type":"Feature","id":"653001","properties":{"name":"阿图什市","cp":[76.173939,39.712898],"childNum":1},"geometry":{"type":"Polygon","coordinates":["@@@@A@CA@AAB@@CBE@AACAGI@AAAECCAC@CAAAA@A@C@A@AAA@A@A@@@AAA@A@A@@@CBABAAA@C@E@E@C@@@A@C@GBI@C@A@AAAA@@A@A@A@@@@A@@A@GBABEBA@@@ABA@@@@AA@@@@A@@A@@@A@A@@@A@A@A@A@A@@@@@A@A@A@@@A@A@AA@@A@A@A@A@@AC@A@A@A@@@A@@AA@@A@@A@@AA@@AAAA@@@A@A@A@A@@AA@@@@@AAA@@@@ACA@@@@A@@@AAA@@@@@A@@B@AA@A@@@ABA@@@A@A@@AC@@A@@@@A@A@@@@@A@@@A@@A@@AA@@AB@@A@@@@@A@@A@@A@@@@@@B@@@@AB@@A@ABA@A@@@@A@@AA@@@BA@@BA@@@A@A@@A@@A@A@@BA@@@A@@BA@C@@AA@@@A@A@CBA@@@@@ABA@@@@BA@@@@BA@AB@@ABAB@BA@@B@BA@@B@@@@A@@@A@@@A@@@AA@@@@A@@@A@A@@@AB@@A@@A@A@@@@A@A@AA@@A@@@A@@@A@@@@@A@@@A@@@@@AA@@@@A@@A@@@@@@@@@@A@@@@@A@@@@@@BA@@@@@A@A@A@AAA@@BAB@@@@ABA@AB@@CAA@@@@@CCA@@@A@@@A@@@A@@@@@ABA@@BA@A@@@A@@@@@@@A@AB@@A@C@@@AB@@@@A@@@A@A@A@@@A@A@A@AAA@A@C@@@C@A@C@ABA@AAA@@@ABA@AAAAA@AAA@A@A@CBA@@@AB@@AB@@C@@AAB@@@@AB@@A@A@@BA@A@A@@@A@A@@@A@A@@@A@A@@@A@A@@@C@A@AAA@A@A@@@ABGBMAA@A@CBABEFIJABKFcVGBKDWFA@CAC@CBCBG@@@A@ADC@EBE@AAEAC@AAA@C@E@C@CBC@A@CAAAAAI@GAC@A@ABA@C@C@CASEOCKCE@CBABIJCDC@G@E@CFC@CAUAG@C@ADABA@E@ECGAI@C@C@ABC@AACCEAAAC@A@EAO@YA_C_@WAMAI@G@KAC@G@C@AA@A@ABCDGDKHK@CBAA@@@AAA@A@A@A@AB@@AB@@CB@@ABA@EDA@A@A@ABAA@@ABA@ABA@A@AAA@@@A@AAA@A@A@E@A@@@A@ABA@A@CA@@A@ABA@A@@@ABA@@@CBCBA@@BCBABAAAB@AA@CAA@A@C@@@A@AAAA@@CBA@A@A@A@A@@@ABA@C@AAA@@@AAAAA@AA@@A@ABA@AA@@AA@@A@A@CACAUE[CWAMBM@CBM@MBOFC@C@CAECM@MAE@O@EBMBMDGBIAC@M@OBKBGBEBG@EAIAM@SDA@@DBFDZADABCDKFWPk`UPEDEBC@GACBCDCDABG@E@G@GBIDaFKBK@C@AAAAAIACCI@CA@A@C@ABCB@@ABAPADABA@I@C@ACA@A@@BAF@B@@ABA@ACAAA@AAAA@A@AAAA@EAA@C@IE@@@CFGBC@AAAA@A@ABCDC@I@@BCBCDADAD@D@B@BBFBD@BBB@B@D@ZAPBF@BBFBBBD@DAB@B@@AHAHAHAH@B@F@F@BDDHHDDBJDFDHBJNHJD@@@@TDDTCrK`@PALEHCDFFJ@BFJDN@FAH@@EP@nFPF@RBhJJ@BT@FAVQPKLO`BCDEFEBABAB@BBB@DB@@@@@@@BBBBDBFBDBFBFFLHFJJHL@@DDFFFFBF@FDDDDPJVJFDTDJ@P@NANEJCNKFOBABANBP@F@VDfJHDDBB@D@D@B@D@F@B@B@@@@B@@@B@BKLQPAD@DFHDFBF@N@FFJDFBHDB@FABEBGBQLGFCD@B@BADEDCLCHEFEDGDoXEFCFBB@@BB@D@BBD@BBDBB@B@@@@@@BD@DBB@@@@@@BDBBBB@@@@BDBB@B@BBBBBBDDBBBBDBBBDBBBDBBBB@@@@@@DBBDBBBDBBBBBDBB@B@FCFAHAH@HAR@H@JOhBHGRBL@BDPAPADCBCLEDEFGBA@EHAHIhERENEDELKPGJENIFIJADBNLHDLLH@HBJHHFHJJLBHHALFN@LFNBF@PIH@HFHDHAJDF@LDHDBFHAHCDAFDJNCLHHLDRERCR@PHHRDNLJLHDFJR^LJZFPENODI\\CJIHIN@`DBHARCL@NFNRFZFVBZCLELDRF\\@PAPCTEVGRGFAPDXHTHPHVNNNNN\\JRHLHRTJBNMBIEMCIFKNET@TALEJOJGBOAGEIAOJUJYL@HCFRDRLJLNLTbVHCHWL@RFHHNF\\APDJFHPFHXNJJJPVJR@R@L@JDDRBLHLJHLDJBHFHJFVDV@VENBLBJDHFNHNHPBFFHLRZXNJLFTHHNDLBFBDTDBBPB\\FTFZJHHNJHBHBFDFDLNDBDBF@B@D@FARCRALBHBVLFDBFFJDDJDRFLFJF@@BBB@B@B@B@B@FADAB@F@HBNDPDD@L@H@H@H@HDNNFBNBL@P@LDPDDhBLAJALCNKRIHCRGPCRCNALCHANCFABABCBAAEBAAQAEAECG@@ECEEAA@A@EFSHYDMDEDAHELCBAD@LCHAJAHBFBJ@P@H@JCD@DADBFBD@B@F@J@X@LBXDPBH@F@LAHAFAB@F@F@FB`LDBD@JDHB@@B@JBFBNHLFNFFBFDH@H@L@XBXABCTIVCdBT@RA\\KTHXJ^H^JR@TKROXK`EV@^FfLhHXH^JbC\\G`GTAFBH@FAF@B@B@BBHBHBHBB@PDLFB@B@PJNLJLDDD@D@BABQBG@E@CAECCCIACBGBGHOHMJSLMJKFGBAJGNGLIJKLOJSFQJQDEBABENMNMJKHGJELKRMPKXSLEJAFADC@A@ENYDeDKDMDIBCHAPAh@Bj@lGjBfFPBH@LADAL@HBB@B@@@FAFAFAFCFADADAHAFAFAB@B@DATGHAD@F@F@F@HCJEBAHE@@@@DAB@BAB@DEDADAHCDAD@FAH@F@B@@@B@B@BBBAB@H@F@D@F@FBBDDBDDJDBBB@J@D@FABAH@D@KGMIOMKYG]KMIEQEK@O@CACC@IBSEM@QESOOUOGKGO@IAQCEIOAIBCXSBGGKCUGKGGGCMIMKAIAQBKFIPKLAHBPDLANQHAPIBG@GFENEF@FHLFH@H@LCTALBLBL@F@VHFBRALCPAVC^BZ@N@JGPCL@PFRJLBL@XCVAN@PATIHGNINEDCGEQI@CBGHILGJELCXIBA@E@ABA@@CAAA@@@@@BA@@@A@AA@@A@A@A@A@A@A@E@A@CAC@A@C@CAA@A@@@C@ABEBA@@@@@@A@@A@@@@BA@@@C@AAA@@@A@@@@@A@CB@@@@@@A@@@@@AA@@@@@@@@AB@@@@A@@@C@@@@@@@A@@@@@ABA@@B@@@@C@@@@BA@@@A@@B@@@@A@@@A@@@@@A@@@A@ABC@@@AAA@A@AA@AA@AA@@A@@@@AA@@@A@@@@@A@@A@@@@A@A@@@@@AA@@A@@@A@@@@@@@@@@@A@@A@@A@@@@AAB@@@@A@@@@AA@@@@@@@A@@A@@A@@@@B@@@@@@A@AA@@A@@@A@@@@@@@A@@@@@@@@@@@@BA@@@A@@@A@@@@A@@@@@@@@@@A@@@@@AB@@@@A@@A@@A@@@@@@@@@@A@@@@A@@@@B@@@@@@@@AA@@@@A@@B@@AB@@@@A@A@@@A@@B@@A@@AA@A@@@A@@@@@@B@@A@@@@@@@A@@@@@@@A@@@@@@@@@A@@@@@@@@B@@@@@@@@@B@@@@@@@B@@@@@@A@@@@@A@@@@@@@@@A@@A@B@AA@@A@@@A@@@A@@@@@@@@@@A@@@AB@@A@@@@AA@@A@@@@A@@@@@A@@@A@@B@@A@@@@@@@AB@@A@@@A@@@A@@@A@A@@@@@@@@B@@@@@@A@@@A@@@@@AB@@A@A@ABA@A@@BC@@@A@AA@@@AA@A@A@AA@@A@A@A@A@@@@A@@@@@@@AA@@@A@@@AAA@A@@@A@@A@@@@@@A@@@@@A@@@@@@@@@@@@A@@@@@@@@@A@@@@@@@@@@A@@@@@@@@@@@BA@@A@@@@@ABA@@@@@@@A@@@@@A@@@@@AA@@ABA@@@@AA@@@A@A@@@@AA@@@A@A@@@AAC@@@C@@@A@@@@AA@@@A@@@A@@@A@@@@@A@@@A@AAA@@@@@A@@A@@@@A@@BA@@@A@@@AAA@@@@@@@@B@@A@@@A@@@A@@@@A@@@@@@A@@@@@A@@@@@AA@@AACCA@@@@@A@@@@BABA@A@@@@@@@@@A@@@@@@@@BA@@@@@A@@@A@C@@AA@@@@A@@@@@@A@@@A@AAA@@@@AA@@@A@@@C@@@AA@@@@@A@@A@@@A@@BA@A@A@AA@@@@@@@@@@A@A@A@@@A@AAAA@@@@@@A@@@@@A@@BA@A@AAA@@AA@@AA@@@A@@@@@@AA@@@@@A@A@@@A@@@A@C@A@@@@A@@A@A@AAC@A@C@@@AA@AA@@@A@@@A@@@AB@@A@@@AA@@A@@@AB@@A@@AA@@@@@A@@@A@A@@@AA@@A@@@A@@@@@A@@@A@@AA@A@AA@@CAAAAAC@CAA@A@C@@@A@@@A@@@A@@@A@@@A@ABABCBEBABCBCBCBABA@CBA@C@CBC@CBC@A@ABG@A@CBC@C@G@A@A@A@@@@@C@A@A@A@A@A@@@@AA@CAA@@@A@@AA@A@@@A@@A@@A@@A@@@@@@A@AB@@@@A@AAAAAAC@A@CAKBUBA@A@AACAICAAC@A@CBE@GBKBE@C@CAICA@ABABCBEBEBSBC@EAI@W@G@KD[FEBE@C@UCGAM@E@Q@EBIBWFQ@Q@C@CAA@CCAEA@CAAAMAC@AAAA@CAAEAMCE@O@GAGAM@UEGEGEMCICKAYEiEY@QAO@]AK@G@A@AAGGCGA@GCmCiCKAgGKAGGGKAAAA@A@AGAGECC@GACDED[@C@CACGCMAMAQ@k@WBK@UGaAA]@OAAA@ADE@CC@C@EBG@S@ODAA]BK@O@]GUEQAWC[E[@eEOB[@OB[DYDe@WBkBKAUFqFOBKAUSGGGCOCEA@@@·KµG@@@@SA]@KCACQIOCCEE@AIEKGQMAAAAACCCCAACCAAAACCA@@_MC@@@@@AA]MGCKECAACAAECCACCAACCECGEAAACA@AAIGKIECEEAACCAAA@CAECGEKGCAOIKEGEA@@@CEAAECCCEC]]OGgSCA@@@@@A@@@@AA@ACA@AA@E@AACAA@@@@B@@@@A@A@@A@A@A@ABA@A@E@C@ABABAA@@@A@@@@AB@BC@@@AGICC@AA@"],"encodeOffsets":[[78430,40556]]}},{"type":"Feature","id":"653023","properties":{"name":"阿合奇县","cp":[78.450164,40.937567],"childNum":1},"geometry":{"type":"Polygon","coordinates":["@@BB@BB@BBFDBDDDB@FFDBDDDDDBJDBB@BD@F@LBDBBBFBDBF@DBHBJDFBFB@BB@B@B@@@DDBDDDDDBBDDBBBBB@DBFDBBD@B@FCB@D@BAFCB@D@F@B@D@BAF@B@B@FDD@D@B@JCDAB@FBB@B@D@B@B@DBB@D@B@BABABEBC@@BAB@B@B@DBD@B@B@@@FFB@@@B@B@B@B@B@DBDBHHB@BBBAD@@@B@D@B@DAB@B@BBHJBBDBB@DBD@F@DBF@D@BBB@BBBBFJBBB@BBF@H@D@DBDBBBB@FBHBBB@@@B@@@DAB@BB@@BB@BBB@HAH@B@DBB@DBBBD@BBB@BBB@FBB@DBB@DBD@B@@BB@BD@BB@BBB@B@F@B@FAFADABBB@HDBBD@D@H@DBFBDJ@BDDBBBFBD@DBFBD@F@FAB@F@H@D@FBF@D@DAD@D@B@BBDJJBFAHBD@D@D@DBFADADCDCBAB@B@BB@@BBBBBD@BBD@HBDBDBBD@B@FBDDHJJBDDB@DAFEHCFCFEHCFABADAD@BBBDBB@JBB@BB@@@B@BAD@D@BDFBBBBFBD@F@FBRDFBLDJBJBPBRDPDLBHBB@DBB@B@BAB@DCB@@A@@BAB@BAB@@AB@BAB@BAB@B@BBD@D@DBD@B@B@B@B@BADAD@BAB@BAB@BA@@B@B@B@@@B@@@B@@@BBB@BBBBD@BBD@B@@@B@B@BADAB@BAB@@@B@B@@ABBB@@@B@B@BBB@@@@BB@B@@@B@@@B@BABAB@BA@@BA@@@@BA@A@@BAB@B@B@B@B@B@BBBB@@DDDBBDBBBBBBBBBB@@BB@@B@BBB@B@B@BAB@B@BABAD@BAB@B@BAB@B@D@B@BBB@B@BBB@@@B@B@B@B@B@BAD@B@B@B@D@@@B@B@B@B@B@B@B@B@BBB@B@BB@@BBBB@@B@BBBB@B@H@HTO@@@@@A@@BABA@@BA@A@@AA@A@@@ABA@@@A@@BAB@H@VEHCFELGFCHE@CFE@CHKVWRGLCDIBALIFGDANKDGB@VOFANCJAPAB@DEJGPGJCRCNCHGLMDAB@B@D@FAFCFEHENILGDEPIHEDGBAJEVQLAPGJIHCTODEDEHCRGRGNIDCHCDCBCDGFENKNKDEBA@KBGBCFOFG@KBC@CHM@GBGBCLKFMFGBKBENKB@TQ@AHGHKB@BA@@BCBCBA@A@A@C@ABCBCBA@E@E@ACA@@AA@@@ABCHIBCBCBEDELM@@BAB@BAFCDCDCBA@AB@BABEJGHCNBPBHFHBJ@J@HCJGDGDG@ICGCOCUAMGMMIAE@GAMAEACIEACFEFAFGFCDEDI@ECEWMUGSCICaUKGICMKGKIIOGICMEEMIMKEEBIDOBE@I@UC[GSOKGMCEBO@UEQIOGYOOAGBIBGEICC@K@IBEAEGCGIGKEKAG@@CLMAIEGCEAGFAJEDIF]BS@MDCHAJ@LAF@HBL@DA@CACACIKMUIQEY@GBKBIISKUQ[MOOMOIGIIcOMEEcOKEGCQEOGOM]I[G[GYI[SKQIOGeSaUQGSEQCsWmQOE]GQEOIIEMKSMQIKGEG@_DEDQ@KEQ@IGQAAC@G@ABEBC@I@A@AAICCCCAACEAE@C@E@G@A@ABAAA@A@@@A@E@G@EBC@CBGDCBCBCFA@ABA@CB@@@@GFABIFGDE@E@E@C@GBSHCBA@A@EBEBGBCBCBEBEDEBEBEB@@A@A@GAK@CBKBG@OAeEiAkHi@Ag@OBGBADCJCNCLCfMZ@F@BCDEBIBKFWTOLQNKLIFGHILMNMNAFABCFIRERITKPILKJMHIHABEHILKNITGNGPAHAHBDDJDDBF@D@FAHARABC@C@CCIKMKOIA@A@KEOCA@GAGAGAAAA@A@E@EBG@EASB_H[HaD]IWGgGeK]EU@_FWLQPSLQ@]I]GWISG[LQBS@cAUDSJADWBWAK@G@G@ECEAMEKEMGEAIAA@@@GAICC@CA_KEAE@E@A@EBGBKBE@G@OAWCKAW@I@E@A@C@EACACBC@IDG@O@I@EAGAIBGBKDC@ABKDGFCBCFCNGZET@F@BBBFFFD@@DHBFBFBRABBFABADABEBMDGBKDMBQDODQHGDQJMLKDIBKBgACOCKCO@K@MAEAMMGCG@G@G@K@C@OCMCGAE@A@CBEBA@A@A@A@A@AA@@IEKEQEICCCEIAEECUKGAKAQBQDEBC@A@E@CACAKMECECGAGAMIGGYISE[EOAAASCDLPNNFTBNBFHHBRDDD@JIb@RHLHJBH@bNJLL@BGLCNIFGBGPGJMXEZFV^T\\ZTAPCJHPRPTLPFLTF@NANOJBNTFBHEJBLBLDLBP@N@NDPFTJNJTLPDPFR\\NTBZADLPLTFTDT@PAR@@NFRBLBJT^RPPFPCFAXIP@NFTFRFNJHFDFFDVZFDHHTN\\LJBRKHGPIN@PBR@dFZ@^@NCTKJE@GISFE\\EVAPOZERKJKhHHLHFP@P@XFZF^EDA@IDANAH@BCHIHIH@Z@J@RDTJ`XLDRFXFLRL@PAPCNOTFLJRBTQREHEPEVBT@PBJIAOCUZCTANBPF^HTDF@LIFARDR@TKPENAHXDBV@D@LHF@Z@JDJ@\\JD@PGVETCTDJD^HPFRFJHDPNELETIHANATFBDDHDHBRHLJDR@NCN@F@NLDF@FMRMPENCJABAB@@AB@BA@@B@B@B@BAHAB@@AB@@BB@BBBBBCDAB@B@B@B@B@BBB@@BB@FBF@DBBBDBBBDBB@B@B@@B@@BBB@@BBBB"],"encodeOffsets":[[79684,42123]]}},{"type":"Feature","id":"653022","properties":{"name":"阿克陶县","cp":[75.945159,39.147079],"childNum":1},"geometry":{"type":"Polygon","coordinates":["@@H@THJDFBF@FCFCHMD@D@HBN@BA@GBE@CLGJCVELCH@FDHDJBHGBEDELAHEHIDCJ@HBPDJ@DALADCDEBCHCHAH@JBL@NAFEBE@CHAH@HBH@FQJGDEFEJ@FALBR@LCH@D@HBNBDCMMGIEEBCBADAHEHOHIDCFCFALCJABCDEBODGFABCDEDABAL@B@BABABAD@LAL@FBH@B@B@@ABCBCBEAEACAAECA@@A@@@ABCJMBEBCJOBAFEDADC@ABE@GAEBC@CHGBE@A@CEEGEAIDEBCDKBC@GIGAAC@AA@AFEBABCNG@@JCB@H@DA@@@C@CD@PDLBLCFGB@HJH@H@FEB@FJFDJDTFLA@@@@NAD@FCFG@@B@JE@@@@HAL@B@@@B@NAF@H@HETMB@JBFBH@BCDA@@D@BDDHBLAFAFCDCBGBK@EBIBCBEBEBABCBCDAFEJBDEP@BANBPLNR\\TpJTRTHFDBD@D@@@F@HBB@BBD@BBBB@@XDL@HBJFHBF@HDBB@@BB@BBD@DB@@BF@NDLBD@F@B@JAFAJAFADADCFEFCB@D@H@B@B@D@F@DAFCDAJKDCD@RCD@F@PEFAD@F@B@B@B@@@DBD@DDD@D@F@RCPCJAB@D@N@HBJDPLjXHDHBFBJDJDHDHFBBB@P@bFTDH@LBLBNBVDXBD@@BADGTBFDBFBD@D@D@D@L@H@D@D@FB@@D@DBD@D@DBD@D@D@D@D@DBD@BBD@D@DBD@DBD@DBB@DBDBD@BBDBBBD@D@D@D@BBD@DBB@DBD@D@DBD@DBD@DBB@DBDBD@BBDBDBB@DBDBBBBBDBBBBDBBBBBD@BDB@BBDBBBBBDBB@DDBBBBBBBBDDBBBBDBBBBFJPJAPBJ^R^NJDFBH@@@FIBC@@JBPDF@BA@A@AGGAG@CBCDANSDGDEB@FBX\\nj^\\HTFN@L@B@B@B@BBBD@B@FBB@BD@B@@B@@@@ABEBA@@B@B@@@BBBB@D@BBBDBDBB@B@B@B@@@FA@@@@@@@B@B@B@@@BB@@@B@DAB@B@@@@B@@A@@B@@@B@BD@@@BBDBD@D@BBDB@@DBDBB@B@DC@@B@@@@@@BBBDBD@BBB@B@@@@AB@@@B@B@D@B@@@BAAE@@BA@AB@B@B@BBBB@B@@B@@@BA@@@@B@@@@@BB@@@BB@@BB@@@BAB@@@B@@@@@B@BD@@BBB@@@@AB@@AA@@A@AB@BAB@DBB@B@@@BC@@@@@A@@B@@A@@B@BBB@@BBB@@@@BBB@D@FBD@DAB@B@DABABAB@@A@@@@@@@@@@@@C@A@A@IAI@A@CA@@@@E@A@A@C@CAACC@CA@@A@CBC@@@A@@@@@@A@@AAAA@AAAA@GEEAKCGEKE@@MEGC@AAA@C@EACG[@AAE@@@C@CAGAGAIEOSQU[aoGGCGisCGCEAECCCKEGCEAA@GKYEW@SBU@MBI@KAGCKEQOaAE@C@CAAGGAECC@EEEICCAACACDEDGJKFADAJ@P@H@T@HBD@FAPCDAFADCDCFCFCDCD@B@F@FDLLBBH@H@HADAD@BCDEDC@ABAB@B@@@DBBBDBBBDBDDB@BBFBFBFDB@B@D@B@@B@BADAB@@BB@@F@B@BBBDB@B@@@BAB@@A@@@AB@@@F@BAB@BABCB@@AB@BBB@D@B@@BBB@B@@@B@DA@AB@B@@@BBBB@B@@@BB@BB@@BBAB@@BB@FDBBB@BBHBB@BB@BB@@@B@BBD@F@D@D@BBBD@BD@F@B@DBD@@BDD@F@B@B@BAB@B@@BBNLBBBBA@AH@B@BAFAD@DBDFFBB@D@DCHADAF@F@DDN@DBF@FDH@BBFCFMHGDCDADADDDLFXH@DGFIFIBS@YBIBEBCFSTGFEBCBABBBJDBBZHNHFDBBB@DDDDDDDFBBHLLTLTBDFJDHDD@BDBF@B@B@@@HCNCD@D@RBH@F@JCFAB@VBL@JBDDDDDFB@NFDF@D@DAFADADCDEDABCBA@CBC@@@A@A@@@BBBDFFPLJFBDAFCH@@AD@@@@@BB@HHPLFFTRHFD@@@BBCDED[\\AD@B@@@@B@RDPBJB@@D@BAB@PO@@BA@A@@EE@@B@DC@ALG@@BADCD@DAD@F@N@RDLDNBH@H@B@DADCB@@@B@B@B@@@DAD@BADABA@@@@D@D@D@JELEB@B@FB@@B@BAFA@@FDHDB@D@DAFAJKFGBAFCNEH@PEFADADADAB@J@DAD@DBHD@@B@@ABCDA@@D@B@D@DBN@F@FAXIJCN@B@FAD@LBB@DAB@D@H@D@B@FBJDD@F@H@DAFCBA@CAA@A@@@ABCDC@A@AAC@@CGMMGEKEUC]GWEKAEA@AAE@AAAGCCAA@A@ACAKC@EAY@CB@@@B@@HDPD@B@B@BC@K@GBG@M@E@CAACAE@AACCAC@@A@@@A@@@@BADBJAF@B@BACCAEBMHGPOTSTQZUX[PKTUNMAEAM@IBGFGHGBADG@EBGGAIAIA@@@@@@C@AA@@ACAACACAC@AACCGCWKECUKGAEA[CQ@oAMBMDA@I@K@A@GAMEQAKBU@KDA@KAE@M@M@A@ABCDCFER@PAJAH@BA@A@AAIAC@A@EEMKAA@@CAC@EAGCC@EACAGICCC@ECCC@@@@CAICAA@AA@AC@AA@AAAAAA@@A@CEA@QECAC@C@A@@@C@CAE@GACAA@CACACCCAA@EAAAEECCECCAA@A@EAA@A@AAEEA@GAEACCEECCECA@CAEACA@@CAECECAAA@AAA@A@AAAA@@DC[~Y¸jWXUR]HUBWBBDCBACEAAN@BAEEAIBIAE@@D@FAF@HCBA@CBIFEDAFAFBB@DBDFHFBB@B@@B@@@B@BAJ]DK@GCOIG@C@AB@FBNB@@JDNBJBJ@N@BAIEEE@@BABCDAJ@@@H@JBJADABEEICI@EDEDEFCD@JBHDHDD@DCACEG@CDEDCHEJCHEBEBEBEFCXKFGFAFAHCJAHCNKJKFCHIHOBAFALAN@D@JAJEHEDCACACACA@@AAC@@GUEG@@AEAG@I@A@@@@BCBCFAD@H@PFLDLDH@NCH@LBP@`@VBJABBF@JFDFLFLDPFTBHDF@F@DADADCDAFA\\@RBL@DADCLWDGFAJCHANAN@PBB@bDTDJBFADABC@G@EE}MY@EBGBC@C@AAACCMIOGYGOCICGCEACCIWCI@ABCDAHCXIjIJ@F@RFVHNHB@zDR@JAVG^IJEDABEDCFAH@XGTIRI^MVMRILGp_DCJKDGBKEQCo@gEËD·@UCOOSsY_GIA@OYMmDWJiBU@GCCICGIGOAE@EFK@A@CCEIGIGCCCAACAM@EAGACBA@A@ABA@@@@@AAC@ACOBG@ABA@AB@@AAAAA@AC@E@@@AACCACAEBC@ABE@C@AAACAGAAACE@GCCKEUQEE@CBEBCB@DCBC@AMI@ABEPSDEDEBE@CECCM@CBCDCPEFCDCBI@GEEQGMA]AQDWHGDQLEFGBABCHCHEDC@EAGGMCI@G@EAAAFKBCBOAIAGCI@CAICIECMEKAIAQAMCUAM@A@EECE@@GCAAACAA@KBGBABCAIGIQgGOCIEICICI@AM@GBIAE@CACCAAC@A@ABAB@B@PEFEDEFCBEDCBEFCJCD@D@DCDEDIP@DABAB@@C@A@A@EBEDABAB@BFFDDBF@HADABCBG@ABCD@D@HCBE@OCIAECCIGMECGCIEMIKGIEI@GBIBK@CAICMMG@G@CAC@C@KBI@GCIMEAGAEACCOK_KECMCKCKGIEC@E@I@KFGDEBE@aQI@GDGDSEEAG@G@EBKDIBKGKEEEGSEEIEIAIGUMOKQIEEGGACACE@GBI@I@EBEAK@QGKCSQIGIICAE@ABAB@H@HBDFJ@BAHAP@H@JETALAJAL@VAHAD@FBFFFBHDFFDHFDD@BAH@L@HFFDFJDHDBDDJFHNZFHJFPPHHFJDHAFEJOPEF@BDHHLBBJFPDLFHHPFJDFDFHDXELCDEDIFEDADAF@FB@DHBH@DADCDE@YHC@A@CEAACAC@C@IBC@AACEA@I@OBGDWFSHODIDI@EACC@CAEGCAC@CF]BABAD@D@BA@AEEGGEEQCQAEAAA@E@AAAC@C@CDGHMHEFCDC@A@IEOGC@Q@C@AAAAECICAAC@A@CDEBC@A@AAAECEIKEGE@EBADQ@KDGBGBCD@F@FA@GDGBI@KBIBCDCFGFEBKBIBOFMHEDWJIDG@KAIAGBGDEFIDK@ECGCMCG@C@A@AB@J@BABC@YFIDG@I@C@CBEDA@C@GCMGCAC@C@GAC@KGA@EBCBE@E@CAC@EEAAA@BFBH@BDF@B@DBDBFBD@@ANADADB@BDBF@BBH@@AB@D@BBDBFBBBB@D@BAD@FABABCDAB@BAB@D@F@DADAB@BBBCBKLADAFCJAHGLAD@BEFCBADABAFAF@F@B@B@D@BBBDH@@CFAB@F@J@F@BAB@B@BBDBB@B@BABAFBDAD@D@B@BHJ@BFDDDFFBD@B@D@B@D@@CDCBCDA@@@ACCAA@A@@BILADGBG@IDGDCDCFIHGFOPSRUPQRYRMLORSROHIBGDEAQEQAIAWAWCOAICO@KDKDKFKFMJIHGJKHKLIFMTIRMNCL@LCHIBEA[CyE[EOCECQKMKECQAG@KAC@@@A@AACACCCAA@CAE@G@CBEDAFCDGBMDKHA@KHEJCHAHGBEAI@GBGBIAK@KCICICGCKBKDOHMBE@MDKCG@IAIBKBMDOFQDGF@@IXGRENGLCLBPPTb^RNTEDLPNJHLPJPTVHXCRCVGR@X@ZC`KNUFOEO@Q@EJGPAPKRINMJGHOFQCS@O@[EOBMDYLQN]VYVYRYT_T[FOEIKI@WLaJO@MDK@YDSTYXUNOBSA[CgCOBWJOJ]J[BWDeHYBU@[A{EeFmDi@gA}LUFUFWDOJUFIEIGIQQYEqESKEqAQYUYPcJOFMDKHIS@{@UAK@UEW[WAWNSDW@]B_BUBQFIJGTCNCPKVIDYEWDcJSHKFYJSNQJA@IFABAD@DDJPLDPGPEPELEFEJWPGNEXCXETOJIF@P@TBHDbRRDJCJMPMTOdOPIFEJEVIHUHKJOPBTRtPPHBJ@FBBDANPXLVFBX@HBLJP@FENEVGZDJCLYPCJNTZFVD`@TEZAbCNWVGVCJENGDK@[AG@GCEUIEYA[BWFAPCVS`SPCRDxEHGJEZEFQBEFE`GFaESJIT@fIHOHCVGbUVKHYH[C_BKHCPAPGJEHUDWDEDDJLPJLFLENINALH\\JVBLCHcX}fGFBFbDXBlJbNXLVLJPFTF`BPNZZHXFXB\\CXGfC|AtEH\\D~BDBBBZBPDJFLDD@D@DBF@FBF@HBD@FBL@JBBAJANIZWBCDADABABC@@@ABEAA@A@A@AAEAE@@@A@AAC@A@ACGCCAA@A@C@ADEDGBA@ABAHGBA@@DADEFEDAFEDCDAFGBA@@@ABCDCDEFE@@DADCHCFEDADAFADAD@B@@@DADADABCDCFGDABAH@BBDBHDHDD@B@B@B@HBFBBBJ@DB@BB@LBDBFDB@DBFDDBJ@D@NAAA@CAE@CDG@ADALC@@F@XGFENKDETQXQFAVKPIDG@GAIBC@EJ@JBLBHIBEHMPGHAJ@RCHDHBHAFCFEDAHCH@JDP@HEXFJ@TARAFBJJRHNBZ@JAPGZSFGBCNOLEJBLBPBHBJDRHF@FALIJC\\AHAJEHGH@PJF@HCBAHCF@HBLBJ@D@FCFEJ@JAHE"],"encodeOffsets":[[76272,40182]]}}],"UTF8Encoding":true}