{"type":"FeatureCollection","features":[{"type":"Feature","id":"411202","properties":{"name":"湖滨区","cp":[111.19487,34.77812],"childNum":1},"geometry":{"type":"Polygon","coordinates":["@@BIBGBCBCACECCEASAMACGCCAAC@ABADAVABA@CCC@C@AACE@GDE@S@G@GFMDG@]AMAKBOFG@ICICCC@AJCTEPETK@A@CCCG@IACAAE@EDCHEJANAHABA@CAECCCCG@EAE@AA@CCCA@AAGBOBI@CACCACCACBKDKDK@C@CA@A@CDGDGBCACAAC@EACAAAAAEcAEACCAA@A@A@ABA@A@CAA@@@ABAH@Z@P@DIBA@ECGAE@EB@BAFDBFDDF@BABCBE@GAC@C@BDBH@D@BCBEDCDGNGHIFGBMDIBGFGHAD@DEHGFE@OBIDEFCDCH@D@HADCFADCDABEDE@ED@BAB@BABABCBGBNTLLNLJDH@HCDCJIFCDCF@D@L@HBH@JALAFABCFEDEDCFAJ@J@HDFDDFBHJTDHFHFDFBF@NERIJGJCFADBFBPJHDJDJDH@FBLFJHJHDBF@D@FADABCDEDCFAFAD@DAD@H@B@BAF@DAD@DAH@DAB@BAB@@@@BB@@@BAD@B@B@"],"encodeOffsets":[[114070,35651]]}},{"type":"Feature","id":"411203","properties":{"name":"陕州区","cp":[111.103851,34.720244],"childNum":1},"geometry":{"type":"Polygon","coordinates":["@@EKACBM@AAAECGCAA@ABCFGDCDABBHFB@B@HGBEFCFCBA@ACK@C@EFCHE@A@ECAIEGGAEBSFQBELKJEDABC@I@CPUBC@CCGCCEEAA@ADCDCJCDCBEDGDENCPAJ@XLFBLADAFGFODCLIHCF@LHF@FAHIDCFAJ@\\@HAREBABC@CCCAEAEBCDEBEBE@EHK@C@ACCKACAAEAEBEFIHE`OSEOGIAGCQGCCGIACACCCCAEAE@SBIAC@ACBABCJIBA@EBGFMPOHG@CACC@QBGDGHEDSFcLeJEBEBKHIDSDGBC@A@ACAE@AACCAC@C@EBCFAFA@ADE@I@CAAAAEAACCOIIIEEC@GAE@GBGFEBM@QAMCGGKIEEEICEKIMEUEGEEEEE_[GKEGCEEGGECQAE@EBEDGJCBA@CAIEIEIAG@M@QA[BGBCBCFAHCNABG@KGMKQMEE@C@EFY@EACA@G@oLcLEBCACCIWCK@E@CBE@AAAEEMIGECAMA@HANCD@FBDBH@FAFCDEDGB]@K@IACBAB@DBFFLHLHFJBPDFB@BADCBIFGHEBGBMHE@C@GBE@ADADGLCBKFCB@DBH@DCDIHCD@DAFCP@DDDFL@B@HAJ@FBDHFBD@FAFCDMNKPAHCVCNENEPGFMFKHGHCFEJIJIFSHKBK@IDEDCDAJBDFDDD@B@BADGBCBADAD@DBFJNJRBFAH@@@FLHBF@B@BE@GBEBGFEF@FBLJD^L`JfD\\D\\BN@HFDDDRFTNXHADABABA@ABA@AFCF@FCBADCBCDEBC@G@CDGDCFEJCPAF@HEFG@CBCHGHEJANCHAJEHGHMDCFCDA@A@CAGACD@D@HBF@DABA@ACEECCABE@AFAF@HBFDB@JA@C@O@YBGBA@@B@DBB@B@BAB@B@B@DBBDBFFdBBBBDBFBD@BBBDADCHCH@D@BDBD@L@LCLCDADBBDDDDBJ@PAHABBB@DD@DBBF@FBH@DDDDBF@DABGBMBIBGFCD@FBFDBJBH@DD@D@BSLOFSFID@BDDJDJDH@PELANB^BH@NCHEH@T@F@HCF@BD@B@DDD@DABUBCBAB@BBDDBHDBDBNBTDFFDBDADADAHAJDBFBB@DBBBDFDBBBBBDBBBDBB@D@B@B@B@BABBJBFBB@BBBB@BBBFHBBB@DAF@F@FADAHCDCFEFCB@D@B@B@LAJ@HBFDD@F@F@F@FBD@BDHH@DBB@BD@BBB@B@D@BBDDJHBBDBDBF@FBD@LDF@H@LAFADA@A@CDCFA"],"encodeOffsets":[[114242,35681]]}},{"type":"Feature","id":"411281","properties":{"name":"义马市","cp":[111.869417,34.746868],"childNum":1},"geometry":{"type":"Polygon","coordinates":["@@ACAAC@QBIDG@ICGCEAIBUHC@GAC@ABADCFCBE@G@MCG@KBEBAB@FAB@@E@E@EBQDCBADABIBE@WHGBGDGBOBQDA@@DAFABCDGBADADBHBHBF@@@@@JDJDDFBFDDHDHDBHBFBBB@BABKHCFCJ@FBJFDNFF@T@XCFALARE\\KbSDCBAAA@ACCAC@CBKDCJgFEHCFAHBDBFFFBHBJAFADC@CEIACBGFCHALBH@FAHCJKBEBEDGBEBEAE"],"encodeOffsets":[[114684,35530]]}},{"type":"Feature","id":"411224","properties":{"name":"卢氏县","cp":[111.052649,34.053995],"childNum":1},"geometry":{"type":"Polygon","coordinates":["@@AE@CDEBA^AHADAFEDCDIBKDIBAHINIDCDIHMBC@ACMAGACGECE@E@CBI@K@@@@@@AGAE@CBEDCFCBCAIAGEMCICACAC@IBG@IACAAA@C@AHENGJIDCPETELEJCFADEBKHODCHAF@LBF@FABABEFIRMBABEBGDCNGJCF@JBH@B@BA@C@IBABAB@TNF@F@JCFEDGBEAKACBEDEHEFAH@L@R@FAFCDCDCH@R@D@PYBCACAAKCECEEEMAKCIGGACAI@[@IBEFEHGFKDMBK@ICOBCDIBC@ACCIGIICEECEAKAGEGEGKEEKIEEEKCQAGAAC@IAI@IBCB@D@BAFABC@E@EAGCGCG@E@MFEBE@G@EAOKCEACCI@G@AJKFIBC@C@CAAIGCAAA@A@@A@@@ABA@@@A@CACAE@@AAAAAA@@@A@A@ABC@@BA@BB@BB@@B@BABAB@@C@AC@@ACBC@@AA@@@A@AJGFAJCDCBC@AAE@I@AB@TIFADEHMFILI\\WBE@A@MAIB[EBIBCAIAG@CBEBEFC@E@E@ECCCCGAECCCCIECCCKGOGKACCE@CAS@CBIBG@EAE@CBG@EAGAEEIGECAAECMAKACACEACAIAC@E@MBMDG@CAAACCCCAACBG@A@AA@EBCBGLOFCFAHEBEBO@CEGIKGCKG@CAABK@G@CKQECCGGKCKEOCCCAGAGACAGGCAEACA@AAACACBEBGBEBE@EAA@EECCCEGEEAGAQ@GAGAGAK@EBGDGHGFAFAFIZCBKHADCDEDMJEDKNIJEBGBE@IACAABEFEFEHCBQDUFUFG@CBCFEDGBG@G@GAKBABCFKNGJGHEFABEBIDMDABGFADEHAF@FABCDGDABCDAH@B@DBDDFDDBB@B@B@BAD@DBBBBDDBB@DADCBEDIPCFCHAH@F@F@L@DADCBGBEDAFAFCFAFCHAFA@C@C@C@CBCBGF@D@BBF@DABABAF@DABEBE@C@E@ECE@IBMFA@@@AAAAC@A@EBE@EDIFMFADAD@HAFADEDCDELEJABCBC@IBI@A@EBC@GBC@A@IHADABEBEBA@CDCF@BC@E@GAECGECAEAC@E@CBEBABC@A@AAEAAA@@ABABABGBEBI@AB@@AB@D@DBJ@B@B@J@BABE@ODA@@@AHADADGFGDCD@B@B@BBDBD@BBH@BBBBBFBDBD@DBD@BDFBHBB@D@B@D@J@H@DBBB@B@BADCFCD@B@B@BFFBBB@F@DBBBHHDBHDNFF@JBN@HBDDHLDF@BCBADADAH@B@D@D@B@BA@EBSBIBC@ABAB@B@DBF@F@HAJ@HABCDINEFABAB@B@B@B@B@@@BCFAB@@@@A@ABA@A@ABABAB@@@DBB@@B@@@DB@@@@@B@BA@AB@B@@CDA@AB@DA@@BABCBA@A@A@CA@@A@AAAC@@@@DE@A@C@@CACAE@K@I@C@C@A@A@C@CAA@AB@B@BBDBB@D@FBB@D@D@B@@C@GDABA@BB@@@@B@B@D@DBB@AB@B@BA@@@B@@B@@@@@@B@@@B@@@@@@@AB@@@@@B@@@@B@@@@B@@A@@@A@A@@@A@@B@@A@@@BB@@@@B@@BB@B@@@@@@@B@@B@@@@@@@B@@@@@B@@@@@@@B@@@@@@@@@@A@@@A@@@@@@@@@@BA@@@B@@@@B@@@@@@@B@@@@@@@@@B@@@@@@B@B@@@@@BB@@@B@@BB@@@@@@@@@BB@@@@@@@@AB@@@@@@@@A@@@@@@@@@@@@@@BB@@@F@@@B@HCbCJAF@BBHFFFBPFNFDDDDBJDH@@D@DBBBFFBBBD@BABCDAB@B@@HDLJJLDJBJFAFCDGLEHAF@FBB@BAFEHENIFAFAHBLDB@D@L@D@JBJDF@F@FCHGFCB@B@DBBBF@FADABCBCBAF@D@LEDABCBEBCBAD@HDLBL@H@DBB@BB@L@JBDHDJBTBHBDBBFFP@DFBBBBDBFDDVHRDPDDBDFJHLFBFDFFDDFDH@D@DCBGBGBC@GFEFILILAFAH@HBDDFBD@F@BDBBBDB@@DNBbDTDHBD@BADGNEJADBDDHBD@JAHCN@BBBH@F@FAF@DCDCBEBIBEJQBC@E@CFEPINGD@D@FDFBDADA@CCGCG@CDGDI@E@CEGAC@C@AD@FAF@DBJHHFJLDBB@FAHED@D@DBDBBBDAD@D@D@DD@@@D@@@BBBD@D@D@DAFBFBFBDDBBBDDBFDD@F@BAD@B@BBDD@BB@BAB@FAD@D@FDHBNDB@D@DCJGDABABBBB@@AHEJ@D@DBDFHFNFJJZ@LD\\BLCLAJBJFFFJFH@L@FDDHBJBNA^EHCFGHODQDGBAJBvL"],"encodeOffsets":[[113807,35187]]}},{"type":"Feature","id":"411221","properties":{"name":"渑池县","cp":[111.762992,34.763487],"childNum":2},"geometry":{"type":"MultiPolygon","coordinates":[["@@SEEECA@G@M@GEGSIKEACBGXQ`O^KPCDA@A@A[K@ABCDCBA@AAAIBQAMCECAA@C@AFIDAHEHAFALBFADADE@GAACC[McKE@G@KBC@CAMMKMCCIAQCQGMIKQACBEBECI@IBCDAF@D@D@BAFEDAFAJBLANAF@HGLIJCJGPKBC@CAGAC@A@AFAL@RBRHLDJ@D@FC@A@ACCGECE@EBEDEFAHABAFIJGZOJGDE@AACA@IAAA@CBGDENEDAFCB@BB@@B@@EBE@A@A@A@@@AC@@@@BA@CBC@C@EBA@A@@A@CBABC@CB@B@HBB@B@B@@@DA@@BABA@A@@A@EBCAA@AAAE@@AAEBCAA@@ADA@A@C@A@CCICGCCAAA@OBE@C@AA@E@AFEHGLGBCBC@CACACAAKCOCAACCCEILGDEBG@KAGBEDAHBDFJ@DCDEBIBGAEAEECAGAEBGDEFIhCDAL@DBDDD@BBBABCDaT[LQFKBEBWDS@E@MEECAI@EDIDELGBA@AAAEAGACACGCGECEACCCI@I@@@@AEAGAGBCBCHADCBABE@CB@RCPAHAHCHAXGF@JABABCDARCFAF@F@@@BA@EBAFALAH@NDH@F@DADEBCBAD@HBD@VGJAFBHDJDH@JCCCBCBADC@CAEAEKGCECE@EDKHIBE@AAAC@G@CAAC@EACCAQCICAACGCAKG@AAI@EEEEIAC@EDC@CAACCEAC@GDOLURGFEBC@ECEAA@CB]bGNEFGDODO@G@KAE@ODE@AA@A@CBG@GACCCEAIBE@GCIEIEIIEIGGGEECE@EBI@G@CACCAMACIAABYF_PGFEJAFBFBFDBLBDD@B@DGL@FAFAFCFADBFBFDD@DADABQFGB[@I@EBCDGJEBE@KGE@GDKJCDEPEHCBKBEAWKI@OBMDCFCHAFCDIDCDCD@BBBFFDDDH@DADOV@D@JADCBIFKLAFERATBFHHJFDB@F@BGFED@F@DDL@BABEDEDAFGHA@A@GEAACBCDEHAD@BBBHDFDBB@BANBDFLDABAFBB@DDDDLFBBDD@B@B@@@BD@DDDHBLBF@F@DBBABBH@DDDBBJFFBBBDBB@FBFAFBBBBBBHBBDNBDAB@H@D@@@BDBB@DAB@BBDJBDBBDD@BDBDBFFBDBBDDDBLBB@BAJ@D@D@DBLHLFBBDBBBBBAD@BABAB@BCH@B@LADADADCDADCBA@ABCDAB@B@DBBBBDB@@B@HBP@D@B@B@B@B@BBFFDFDFD@H@D@D@B@DDBBB@@@DDDBD@DAB@@@NBHADBH@B@D@D@B@@BBB@B@D@B@B@@FFFDD@LBLAD@FAB@D@@BDBDBB@BDBBBB@B@D@D@BBBDBD@B@B@BALCD@B@B@B@DBD@B@DBJHBDBDBFBHBF@D@DAF@D@D@BAD@B@B@BBBDDFDFBLBH@VDH@FBTBJBB@@@DD@@B@@@HADAB@FAFCFAFAB@B@DBHFFFFDB@DBD@B@BARKFABAB@BBFBDFDDBDDFDBF@H@FAF@R@HAHAHAFCDCDCFG"],["@@B@AA@AAC@ACBDHA@D@"]],"encodeOffsets":[[[114661,35912]],[[114721,35618]]]}},{"type":"Feature","id":"411282","properties":{"name":"灵宝市","cp":[110.88577,34.521264],"childNum":1},"geometry":{"type":"Polygon","coordinates":["@@AK@EFEHEFAHAF@@A@AAEKG@E@@BGAEIQIMAE@CBCBCDAHABC@A@ACCECACBIDCFCJCL@LATGJEJIFIDEHGLGNEHEFOFMDMDUBGLONMDCBE@EACGEAC@EBI@G@AEKCC@CDOBE@CDCJGDC@CAG@CDALEDAHKBCBCF@HAD@F@NGHAFAHGJEDABC@AEAOCIAGEGKEKAE@CBADAJBL@^@HAFCDCBE@EAGAC@EDCBM@GAG@C@GDG@CAACCUCMCK@Q@IEGGCE@E@GACECAA@E@GCIuKIAABCHCRGPEHGD]FMBIAGACC@E@KEGEIEEAIBIDKAKC[@KIYEIEMEGAC@C@CFIBG@@AAAAABCBIHCDC@A@MCGAECC@C@EBA@ABA@@ACCAAA@C@ABE@C@ECCAACAACCEAEAEACBC@C@C@AA@A@@@C@@CCC@C@C@CBAACACAC@C@GFEBA@CAIKGEIGCAE@EBC@@B@DBDFH@D@FCJCH@DDHDH@DCBCBEAECC@C@MHOJEF@D@FADIRAFAJAFCDCDE@EBE@G@AA@ADMBG@IACCGACBCFIHMBC@AACCGCSAaCM@@CAAACA@A@EACCEAC@GBGBEJKJKFEHED@HAHADA@C@CCGCEECCEAEKEIGCECAOCQCUGCCAEACAAEA@CEOAECAGASAIAGCAC@I@KAAA@CAG@K@KAGCC@ABADAFADCBKFC@E@ABADADCBEBE@AACAA@A@EDGHEDE@E@ICIAC@K@C@A@KCGAEBEBMJGFEFABA@EAE@GBKFCHEDEBCDGLCBMDCBCDCFA@E@IAI@G@KFC@E@IAA@@B@FBDDF@D@BA@GBIBK@C@EAC@ABGDC@EAAB@@ADABCD@B@BBBAF@FCJCDC@EBCBCBG@G@GBIBCBCAGCEAE@CBKJABCDCBEDCDEDGBIBKBE@CDCBODKBK@EBIBABCD@BDJDBBD@BADGHEF@D@FADCDCDEBA@@DBDBL@DFFD@F@FAD@FBFBF@DBFDDFFHDFBBD@DBBB@DDDFJBD@B@DBDBBBAHAHCF@N@J@DBBD@BAD@DBDDJ@F@JAFAFCDOHCBCDAB@HAHAFEPCDCD@FAHABADAD@B@FBHBJBFABEBEBEACACCGEAACAA@IBMDYJMHULGDAD@D@B@BB@@B@B@@@@@@A@@@@@@BA@@@A@@@@@AB@@@@@@@@A@@B@@A@@BA@@@@@@@@BB@@@@@@@@B@@@@@@A@@@@B@@@@@@@@@@A@@@@@@@@@@B@@@@A@@@@@@@@@B@@@@@@@B@@@@@@@@@@B@@@@@@@@@@@@@@@@@BA@@@@@@@@@@@@@@@@@A@@@@@@B@@@@@@@@@@@@@@@@@@@@@B@@@@@@@@@B@@@@@@@B@@@@@@@@@B@@@@B@@@@@@B@@@@@@@@@@@B@@B@@@@@@@@@@@@B@@@@@@@@AB@@@@@@@@@@AB@@A@@@@@@B@@A@@@@@@@@@BB@@@@@@A@@@@B@@@@@@@@@@@@@B@@@@@@@@@@@@A@@B@@@@@@@@A@@@@@A@@@@@@@@@@@A@@@@@@@@B@@@@@@@@@@@@@@@B@@@@@@@@@@@@@B@@@@@@@@@@@@@@@B@@@@@@@@@@@BA@@@@BA@@@@@@B@@@@@@@@@@@@@B@@@@@@@@@B@B@@@@@@@@@B@@@@@@@@@B@@@B@@@@A@AB@@@@@@@@@@@@A@@@@@@@@@AB@@@@@@A@@@@@@B@@A@@@@@A@@B@@@@@@@@@BA@@@@B@@@@@@AB@B@@@@@@@@@@@B@@@@@@@@@@A@@@@@@@@@@@@B@@@@@@@@@@@@@BA@@@@@@@ABA@@@@@@@@@@@@@@@@BA@@@@B@@@@@@@@@@@@@@@@@B@@@@@@@@@@@@@B@@@@A@@@@@@@@@@@@B@@@@@@@@@@@@@@@@@@A@@B@@@@@@@@@@@@@@@@@B@@@@B@@@@@@@@@@@@@@@@B@@@@@@@@@@@B@@@@A@@@@@@@@@@@A@@@@@@@@@@@BB@@@@@@@@@@@@@@A@@@@@@@@@@@@@A@@B@@@@@@@@@@@B@@A@@@@@@@@@@B@@A@@@@@@@A@@@@@@@@@@@@@@@@B@@@@@@A@@@@@@@ABA@@@A@@B@@@@@@@@AB@@@@@@@@@@@B@@@@A@@B@@@@@@BB@@@@@BA@@@@@@BB@@@A@@@@@@B@@@@@@@@@@@@@BA@@@@@@@@B@@@@@@@@@@@B@@@@A@@@@@@BB@@@@@@@@@@@A@@B@@@@@@@B@@@@@@@@@@@@@@@B@@@@@@@@@@@B@@A@@@@B@@@B@@@@@@@@@B@@@@@@@@@@@B@@@@@@@@@B@@A@@B@@@@A@@@@@@B@B@@A@@@@B@@@@@@@@@B@@@@@@@@@@@@@B@@@@@@@@@@@@@B@@@@@@@@@@@BBB@@@B@B@FBBDJBDDDDBDB@B@DBB@BDDD@B@@@B@TLTHHBFB@D@D@HAB@@CAECGAO@UBKDGD@B@DHLHX@DBBHTjMPGRCRBJFPNTTLPLDNBPA^MZOVMTMVKPCNDVHfPdPbHHBJAzBL@EH@bAFBFFfnBDBBPLJLBJFDJDD@J@PCB@PED@PKJGDAFCPMNIR@HBB@JFDBJFTFL@NBP@F@HDRHNPRXJNRbJZ@`CTBFFHJBJ@L@VINKX[DCJ@JDVN`RBB^RZN"],"encodeOffsets":[[113696,35573]]}}],"UTF8Encoding":true}