{"type":"FeatureCollection","features":[{"type":"Feature","id":"411302","properties":{"name":"宛城区","cp":[112.544591,32.994857],"childNum":1},"geometry":{"type":"Polygon","coordinates":["@@BDBDB@BBFDBB@DDDBDBBBBF@BBFBFBNJBBDFDFB@@D@@@F@@@B@BADADEDEDGBEBA@C@A@EFCB@B@DADBB@BBBB@@@DAJAB@DAFAB@BAJDDBBBBB@BCDAF@BABCBEBGBC@A@A@A@ABADAB@B@B@BBBDBDDHFBD@@@BABBHB@BDBF@B@FA@AD@BA@AB@B@H@B@@@BBBAF@BBDB@DBBBBBBBB@DDDAD@B@BBH@H@FBBD@@@B@B@B@B@BB@@B@FA@@BCBABC@GDABCBABA@AB@@ABA@C@CD@BA@CD@@BBCF@B@BBBBBDB@BBB@B@F@@AB@@BFBD@@DBDBBDBF@BBBBD@B@BEDABABABC@I@ABEDEF@BGJ@@@@@B@BG@OJATARRL\\PHPXXLVZZDD@@@@BD@L@@@B@FDj@@@@@DJD@@@@HDTD^@ZDV@hHHD@B@J@FAF@DDDLTDLHRLLFFHJDF@B@DCDORILABEHADAHBFBHFJBDHFPFHDDF@F@F@DD@BB@BDBBFFFD@HKBABGAEGE@CAAAA@ENAZCT@VDRBPELEJQBIPKVEVCRBVFTJPFJ@DCFIEMCEEIIICKK[EKJACICAGK@GAG@MBAAKD@@CD@NCDEBCAGTIACFAEIJCAK@C@A@@DEJCDJDBJHB@JBVIIWF[EOOSSBS@IBGMYaBcCWYDMBE@@@@@]DMDGDM@ICAIBKTeFKBOCSGOQMYIW@C@@@EAQ@ODSa@]JEISAGPCAE@A@CAI@ADEB@@ECAMYMBAEKOKGCGGICIEGAKFGJENEHABIAOCSESMSAARCASWFYJEGIBFLOFKQDGDCGKIDCI@CJC@CDA@ADA@CEBAC@@AAA@AAE@@CIDC@@FCBG@@AOBAEIFOJKP@P@JGNSLUDFOBILIRAHGF"],"encodeOffsets":[[115170,33489]]}},{"type":"Feature","id":"411321","properties":{"name":"南召县","cp":[112.435583,33.488617],"childNum":2},"geometry":{"type":"MultiPolygon","coordinates":[["@@DCDCJGF@`BF@FCLGNGPCDADCDCBEBODCDAJEFEHIDCFAH@H@NDH@D@DCBAFIDAF@F@RJBB`ADBFDVLJDH@F@BAJKHCRQJCHGNQJGFALALAHAPDJBD@DAFKFKDEDCPKFIDCFCHCBABA@GCE@C@ABAD@BCBCDAFAH@JDHDDDBB@ABCBCBAF@F@FDHHFDFDLHHHJLHJHDD@LAHAHCDCBA@G@EBEDEHCJAXAB@BDFBHFFDLBJDHA@ABGFCHCXEHCDADEB@J@F@LAFAF@D@BDBBD@FAD@F@D@BAHC^KB@DG@ADCDATBDABA@EBCDCFCD@D@FBHFHFHDHDF@FBLHNFDBB@BA@CDADADAJBLBX@FBPNBHAH@FBHDIDIAUAW@M@GAUAIKKIEGOIOAC@CDCNAJECIQSSOSKKSw§IMQEOCMCICOMEMGKAOOUCCCECCEAABAJEFIBMBCAEMEIE@GBIFI@ECQQGKMM@@@AEE@ABK@@@@BGAIAKKWBAHANE@A@@@@BC@M@EACCCGEACACNGLS@C@CBMAE@@@IDGBECICECCKGIGIFC@ACACEB@B@BBDEBEDACA@EA@ASDBLE@E@AKE@BBKDGD@A@E@CB@@AC@@AD@AAA@@CC@E@CBAC@GCS_B@DCA@FOAKDQFMJOTIN@LBJGNGFGHKLKNITELIBI@GACA@@@AGECMIMGIOGM@IBCDEDCBKBC@BTB@@@BB@@@BBB@BAB@@A@A@A@QL@@AFA@GABCkEBB@BB@BB@@ABABAB@BAAQT@BBDEBCBCB@AAAAA@A@AB@@@EÅKEQIIACH@HGL@DIAEICQCCMII@KAK@@@@@A@KCQCM@QBED@@@@GFADAFAL@LGFIDAEGIABABAD@B@B@D@BABCBC@GB@B@B@BBBDBB@BDADABCDGFABABAF@B@FBDDF@B@D@DBDAF@DAFADAF@FADCF@BABADBFBB@D@@@D@BBF@B@H@FBHADABABCBEBE@EBC@CAGACAC@A@CBA@CF@BABADKAQKQESEODMFGDMDURaJUFIT@TMNU@QC@D@BFBBB@BBD@B@D@F@DABAAC@C@GAC@CAIRBBBB@D@BABAB@@KlELK@OCgWEAMDINIVMjOVIRQRUJSNU\\MTGTIVOPONEPAPBHJAR@bFVFPDXFTDPB@@D@DBF@HBN@F@JBDDDFH@BBABAHEDAAEGAAC@@DADC@AAALFVTRNDNCPOJGFEJENFPATGH@JH@LILEVOHGNAPDJVHPBZH`NVRV^FVJVRNTDTMBWLIZJHDJHPJRDNBJ@`D"],["@@RSC@AAACHI@@BB@B@@lF@CHDB@RKAAAA@@BABABAASI@OAMCSGKIGOGIGEOG@@FÆFAD@BABB"]],"encodeOffsets":[[[114945,34529]],[[115088,34092]]]}},{"type":"Feature","id":"411322","properties":{"name":"方城县","cp":[113.010933,33.255138],"childNum":1},"geometry":{"type":"Polygon","coordinates":["@@BCFGAI@C@AD@D@F@DBB@BA@E@E@CBABCFAD@DADE@C@EACEOBGFGBA@GBO@IBABADA@A@A@AEEIGGICQ@E@MDQDIDCJ@PHVHLBT@DATADAHBF@D@FANELCDAB@BE@G@EBABCPCD@HBFBPJFDH@FAJBJBHBJAHAHCHCHIBC@ERSFID@DABABCBEDEHCFAHCDC@A@EAG@GBEBCFAD@DDBBB@BABCBIBAB@F@HDB@JCBADEBCBAD@H@D@BADCDGBCD@H@JBDBNALCFEDEDCF@NFXLJDH@PERGPE\\ANCFADADAHBFAFADCHG@ABC@GACACECCC@CBCDADC@C@A@ACACAIAQCECAA@C@CBCNWJSFOBIAGDQBE@KACECGCGECKCICMAC@E@C@E@CAGEGAECCA@C@C@C@ABA@@@BABADCDCXS@CBEAACGACAC@A@CBABCBC@C@ACCGG@@@CBCHIJC@GAICKCIKEGACAGEKKECECG@OCMCIAOMEAGCGAC@EBEBGDE@UBY@E@E@IDABE@E@C@MKCAC@C@C@CBE@AAECQMGCAAA@A@A@CDEBKFEHCD@B@DFJ@@ABEDCBABAB@DBB@F@D@D@BA@ABAD@BAHBD@D@D@FAFCFAD@BBD@BB@BBBBBD@B@BADGHGHIJCBA@MAQEK@C@IBI@ABA@EAWCKGKKUOKCIGEGKAODKJ@@@@EFGLMPGHIFCBMBGAMGWEIA@@@@@@K@OCGKEKEKGGEAGDAF@@@@AFGJKHMBOCIIESCGGKOEM@MFMLOFODQCQGQCM@@@@@C@WDSB]AYBW@EJCDI@OESIUEQAUDUFOLAJIRKFOFQAUCS@YDMB@FBBBB@DHFBFAHABGLC@EEAECA@AAAC@A@A@ABADGHGLAHAL@DFHDHHDBFCDADBFAJBDDJHDDBJHLHDDDFDJAFCH@J@@BFAN@D@DKTMHBDBDHFDDBD@F@NAD@@@@@BMFGBABLXBLBJAH@@@@AL@BFF@B@@NNHLRRFDJ@JEHAF@FJFNDBNAJAFEBIBAFBDDDFDDPVBPHLFNPNJDNDPDRFJNx¨LTTLTPRTDJIFMBCD@DBDJPHPJFLLBJBV@H@NBXBVCJCJBJDBJBHBDDBD@BB@FAFCHAJ@H@FBBDBF@D@@H@DAHCHEFCFAJAJ@ZBJBB@B@B@@GFCBGBEBCBCFCD@HEFCDAF@F@FBB@BAFE@@@@DCFAFADA@EBCBADCHCB@B@@B@D@@BBD@TEDCFAF@DAHC"],"encodeOffsets":[[115736,34367]]}},{"type":"Feature","id":"411303","properties":{"name":"卧龙区","cp":[112.528789,32.989877],"childNum":6},"geometry":{"type":"MultiPolygon","coordinates":[["@@A@GCCEAAA@E@@@@B@B@BBBDBBBBBBB@DBBDABABABC"],["@@AAABC@EB@@A@@B@BBBBB@BDADAFAAC@A"],["@@@@@AAA@@GJBDBBD@BB@ABABABA@@AAA@@AAA"],["@@A@GC@DADHBB@BE@@"],["@@@C@E@ECEGCOEGEACEIAGAEBGBCFGBAJKPQDC@C@ACEGIEEKKGQCKKSCC@CBE@E@I@AGCgGU@YC]@SCGC@@@@IC@C@@@@Ci@E@A@@@KAC@@@@CCYYKUWWGO[OQKBQBSPIH@@A@A@@@@HI@AFEFCBAJ@D@BABABAFC@A@AACAA@AAEACCACA@@ACAE@@BA@@@E@AAA@ACAAAAA@A@ADEAA@@DCB@@ADCD@B@BA@@BAB@BADABAHCD@BADA@AB@@E@AA@@A@A@A@A@A@@ACEAG@G@AAA@C@CBCCA@AAAAAACAA@AC@ABEAA@A@@@A@G@ABAB@@ABCB@@E@AAEACA@AGBA@A@@ACGECCCAAA@A@A@ABABCBAB@B@B@D@HAFADABA@ABEDC@AAAAACAICABA@EBCBA@IBCB@@A@AA@AAABC@C@ADAFEB@D@B@FAHAFCFCBCBC@A@A@@@E@@@CA@CECEAAMIEAEAAAE@AAAAACCC@CAAECAAA@ACACMFMCKDKFOLIDOBMCIAQFCFAH@PDJJJHHPV@@@@B@B@B@B@D@D@DAD@D@B@@BBB@B@F@D@DABABA@ADC@EBG@CBC@CAA@A@AAAAA@AAABA@ABABCBK@KDGFENCH@L@VCLGDG@I@QBE@U@IA@NGDGFOPCP@JBBD@DBB@@BBBAB@@@BIBCD@@AB@H@@ABA@A@EAA@E@EACBA@A@ABCBAB@@AB@B@B@D@HB@@DDBBBD@B@F@B@FF@BDDABADAND@AD@B@BAFDB@BBB@JABAB@B@@ADJDFBD@BAH@BPB@@JD@@GD@@BR@@BJBBCB@@AB@@BB@BO@@@CH@@@D@@BDA@@@C@@AABEDB@E@CFA@DA@BBBDAD@@A@HD@DBABDABBBABCC@BDDBABDFC@A@@B@DBD@B@DA@A@AD@@BD@@CD@@DDBBZE@BJDABDDAB@B@BA@@D@B@@AD@@@BC@@@@BBBDBDBB@D@@AB@B@B@D@B@@@BAD@B@FBDBDDBB@BAB@D@B@BBBBBBBB@BAB@BAB@BCD@B@B@BB@BDBBD@B@BBAHAB@@ABA@@H@BADABAF@D@B@BBBDBDDBB@BBD@B@D@BA@A@C@AAC@CAEBC@ABAB@@BD@@BHCHCDAF@@@BBBDBD@DAH@@BB@@B@F@BABAH@BDBBBD@BDBBFDBBBBADABEDEFE@EBEBCDCHCDA@GBABCFABABCBCDABAB@DADAF@BADABABCBE@AAA@ABA@AAA@A@CBC@EBADA@CB@@ABABA@@@A@CDEF@@BJBBAB@BAN@BBB@@ABADCBABA@A@CBA@A@CB@@A@AD@@BB@BBB@@@@@BB@ABHrHTBHLhEF_HIFGHGJEN@L@@@@@BB@@@@@L@LBJ@NJDDDRFJJB@CHK@GDGJBRJLF@@PHHFHJHPLJTHNDPBJ@D@LADAFCDCJAN@PHHJJNDNHF@B@@DBHBJ@JAFKJSLMLKHGHEHMAI@KJMPSNIRELCPB@EDB@C`ADT@HBDDAF@D@@DB@BBC@@BD@@BA@@D@F@BHCLCAAF@BLF@F@AKTC@BFBB@BDFCFAAC@A@AFABDBDD@JECAGCCIACBIAEBCDCAEGCCGEG@CBKBGHKHGBCBAB@B@"],["@@B@B@B@@@BA@AAA@A@@AA@@A@ABABAB@@BBBB"]],"encodeOffsets":[[[114941,34123]],[[115088,34092]],[[115098,34076]],[[115125,34079]],[[115351,33950]],[[115134,34073]]]}},{"type":"Feature","id":"411324","properties":{"name":"镇平县","cp":[112.232722,33.036651],"childNum":1},"geometry":{"type":"Polygon","coordinates":["@@AA@CAAAAAACAAA@A@A@A@@F@B@BBDFHDB@AG@E@G@AAE@A@C@@@CAAAEBCBA@ADEBC@EBEBCBE@CBEAC@C@C@ACEAC@E@ABEBABAHEDCBABCACA@CAAA@A@A@AHAD@DABA@A@C@A@ABCBABAHJBFJCHE@KBKBEBCHE@@@@FCRAN@RDLD@A@@@@@KFMHIHGJE`GFEKgAGGSGqBAA@@A@@@@AA@AAA@@BCB@@@DAB@B@DAB@B@BADABCBA@@AA@ABM@ABAAAAI@@FEDCB@@@B@BABA@@DAB@BCFAD@DAB@B@BBB@BAB@BBF@DABABABC@ABEBC@CBABADCDABABADEBAHAB@DCDGDCFAFAF@FEFCBABCAAAAECAAACC@AACA@ABGBA@A@E@AA@@AG@CBC@CAAA@A@@BEDCDGAG@@AC@@BABAD@FADBD@BBD@B@B@@A@C@AAC@AAACCCAAA@A@A@CBEBABC@A@GB@BA@@BABGAAA@C@AAACA@@A@A@ADC@ABA@ABA@AAAAAAAAAA@C@A@ABA@CAACAC@E@ABC@A@@@A@C@A@ABA@@@CAAACACAA@@@@AD@@C@@BA@C@@@ABA@A@CBACCBAIF@AYCA@CC@@DC@@AC@@B@BCBA@C@CAA@@@@BEDACABCC@ADDBAAABAACAB@CGCB@@@BCACAAB@@CEB@D@FCAAFBB@@@D@@CB@AC@@@G@@D@@APA@@AA@@BA@ADIA@AQ@@AC@@HC@@IA@AOG@ABC@EAICBC@@@ABABA@IAA@ACABE@A@ABCC@BMBCBACC@AEEA@E@A@C@AACA@CA@CAG@E@G@EB@BCDAD@@@D@B@DA@@BA@A@A@A@CA@A@A@ABAO@SAMGQMUGK@@@@@E@O@CAWGMBWBG@O@KIQEOHIPBJBJE@EAGAMCS@IFGHIRETQFQAMCUGIEKEKE@CAAAC@E@ACAE@@F@@A@ABAB@@AAOOEBDDADHDADJH@B@B@B@@@D@B@BBB@@BD@@BB@B@B@@AB@@A@ABC@ABA@A@A@ABABA@@B@B@B@@@B@B@BB@BB@@@B@@ADAB@BAB@D@@AB@BA@CBA@@@@@E@CEKAAFA@@A@@AA@CAA@AACA@A@@@A@A@A@AB@BA@@BA@A@@@GAABADA@CHFB@@ABCBQEELVD@@@BB@@BBBB@@B@PFJBLCNGPIHGDCFLLZX\\ZBP@HENKVGBGDGJCPAPAHEHGFON@DBBB@F@D@B@D@B@D@DBDB@BBDABAD@@EBC@CBE@AB@DBFBDBHBDBFBDBBDD@D@DAJ@D@BDDDD@@DDLNFRAJELALBLAFAJVNLV@@@@TbTB@@@@VDhdVjFDHF@JCFIFMLEPLNL@rHPDPNLJNDP@RBJJFNFPDJHNHCNEPCTFRFRLLBBCBA@ADEB@DAB@D@DBHBDBD@FAF@FA"],"encodeOffsets":[[114936,34128]]}},{"type":"Feature","id":"411323","properties":{"name":"西峡县","cp":[111.485772,33.302981],"childNum":2},"geometry":{"type":"MultiPolygon","coordinates":[["@@VGHKHYB[AM@ODIFCFACMCEGOKS@OFMLMHMAOGMGMOAUACEKYEGIQEESGQ@ODQJOTILOJIBECGKAKISIQKOEOBMCOKEO@IFohGHIDGAMEYKGCCK@CCMGKECCE@IFGHAJCBEAICECI@KDO@MDKPOPEPCLAHGJAFOHKHENALCHBPBLAX@PAPAFABGEKGCICCC@G@GFCH@HCDEFMAMEKCGAABGBQFIFEBIBQCQAKBQBMBOBKDMHQHGBCDEFGBIDMDKFEJ@DA@@@@@@BECECECC@E@GDG@GEKCIKEKAG@IAAGCGGEE@IJI@GCAIAKIGMGQEMCOAQFMHMPENKROJK@SEI@GBCHADCRAH@H@FADAD@B@F@D@BBDBFADADCBCBCB@@ELMFMFMLGVGRCDSD[@W@cGCBAAC@CACAAA@CA@A@C@AA@ABCAA@AA@C@C@AAABAB@DBD@BADADEHCDC@AACAA@A@CBEFCBCDAH@BEDABIBEB@@IDKHIFEFKBOLGHGBKJENKVGLSDMGMKUBCDQFMKIMOKSCSFYBSBSBMLMVEFKDKCIEOCGJ@P@TKJODQ@UAS@KDA@E@ACCAC@A@EDCFC@E@C@CB@D@BBBB@BBD@F@DBB@FDDBBD@BBB@DAD@FHNBLKJGBKCICEAC@GCMEAAEAC@C@CAGCKEABA@AB@F@D@B@DBDBD@@FBB@B@@ADEDAB@B@BBFDDDBBFH@D@BABCBEAEACBAB@DADBBHJ@BBDABADA@GBC@CDC@AAAAAAGAKMOMUEKDGHOFQDQGIKMMMMWGMB@FCDCFEJ@LDLDJ@LAHEJKJIRAJ@RIRCFGTGNFHFDJB\\PHTDN@D@TADDXANALELCF@HCFEHIFOJAFBD@FBBAB@F@FHJBFBDBDHEHGHCFAL@HBHBHBR@HBFBHFDFDDFFB@FBF@FAHAFADADBBB@BDBFBDBHHDBHBHBDBDDFPDLHLDHFDLR@D@HALBB@DLHHDJLFH@DAPAFGFEBEDKPAHAD@FBBB@H@DABBDDDDBBDBH@NCNAF@D@JBDBFBBDBDBLDNBFDBHFFJBFBH@FAH@DBF@FAHAJ@DBT@DDFBDHLHPDLDDJFDDDDBFDHDDFDF@F@D@FEFADAH@JBDBJAFAFIHKFGFCD@F@JBD@FAFCHALAFAFEJKFCFAJ@FBNFDBD@D@D@FCFAD@L@PB\\FHBVBREZMXOVKZG`EPELIRMV@XLRRPDPETKZB\\@ZGVE\\D^@ZGZKVYTWPSXQZLXHTDTAXKxUTIVG`IJA"],["@@@AAA@@AB@@@F@@ABBDAB@@BBB@BABABA@A@@AAAA@A"]],"encodeOffsets":[[[114493,34465]],[[113686,34275]]]}},{"type":"Feature","id":"411325","properties":{"name":"内乡县","cp":[111.843801,33.046358],"childNum":1},"geometry":{"type":"Polygon","coordinates":["@@AGBOFOPMPOJUHSNSV[TMVIRQJQPUNiJUJMNCFBhXPDL@FKLk@@BABA@A@CAAAAJQDBD@HBD@D@BBBA@C@E@C@AAC@AAAEA@A@CRDV@NM@SJSVEbIVQNCGMCIEOEMIIQAO@MCKIOMOCqGK@KMFONKJEDE@IGEECUigcUC@@@@SASa@@@@KUUMBIBEAKBKFKBIEQKMCC@@CCCC@A@CBI@C@CCCAAACAEACAGACAE@CBAF@DAD@FA@@BCBAAC@ACACAC@A@C@A@C@E@A@AA@CPMHEFGBGBODOHIHCHALUFM@GAO[YYWKKQDMFQLUJUJWJYDEBK@OI@QHILIDMIIMEQGME@@@@EC[EYMMIOMSKMEKIESBMACCGCYKCKD@@CDAHCNCHGHGBMEQOMKKA@@@@EAKIMKCGBMDOHMFGBKAEGGGCMDIJ_nGHQJQJKDOBMCKEOBwtCDDLHHDJENYJEF@FDHDJALCHidGN@PBLJLFJFLBFDL@TEHWNCF@@@D@B@DBF@BDB@@D@B@BAB@BABABADCBEBCB@BADD@F@BBBDBB@DDABA@CBCBCDEBCDCBCBAB@DBDBFBFBDBFBD@BBF@BA@CCAAEGC@A@CDCBCBA@GCC@CB@B@B@DFL@BBDBD@DDFBDBDABABC@A@CBAB@B@BDBHFDB@DBDBB@BCAAAC@GFCDEFCB@B@BB@DBFBDBDDBFBDBD@DDFBDDBBBBBDD@BDDBHBDBBDBBBD@DBBBFB@C@E@ABCBC@E@GBGDQBCDGHAJ@TFL@PILQFMNONGREPBNDRFNHJHBLBJHDJ@JIF@HFDHBHJBH@LBLFDJFL@HCH@H@FDDDFDFAF@@@@@@CBI@EFCLCNAJEHCFADGHGRCNALAPANARBLDRARAJEFEJARAHBBDHFLBNENCFGDG@ED@H@HDDJDHDFLAHEBOBOBW@KBOAGAKDMBGFGLEPIBGHKBODOFOPCL@NCP@LDJDFBJAFIDGBEH@JDFFDHLDN@DDLHDZLNFHBJCHGpgJEP@LFDPANFPLPJRJTBLHLFDJAPIJKPSRIPCR@THFFJRFHLZDFVBPBHNHNBPGNKNEN@PLTHPDFDNPC\\BNDR@HAPCZKDCLIJIFGHE"],"encodeOffsets":[[114603,34378]]}},{"type":"Feature","id":"411327","properties":{"name":"社旗县","cp":[112.938279,33.056126],"childNum":1},"geometry":{"type":"Polygon","coordinates":["@@C@@@@@E@G@C@ECECAA@CAC@@@@AEACCCECCAGAMAEACCAC@EAC@CKIMKGKAECCCCG@QIIKCECOEMGQEIEOAGAIEGCEAE@@BCDAFCD@D@D@@@BCACBABCBAFAlCFADBDBBB@HBFBBB@DAHCDCBCDEFGFAJAJAPGXADBF@FAFAHCGQAG@G@CCGAC@C@@@AJGIMCA@AC@C@AA@A@ABAB@@A@@AAA@IECACC@A@@@@KQCEA@CACAA@CCAAACAGAECECCEG@AA@AAABABA@A@@ACAACA@@@GBIBC@A@A@AAACAAAACBCBA@GAEAI@E@CAAAOWKOACIEEGAAAAG@ODIAIBCBC@C@C@E@G@E@CBAB@DBD@D@F@BAB@BA@ABABAB@BBBAB@@CBAB@BA@@@AA@C@AA@CACAACA@A@@@A@ABA@A@C@GAAACA@AAC@AAA@AA@A@ABADABA@A@@A@@@CAC@@@AA@@@A@@B@@@D@@A@@@AAA@@@A@@A@A@ACAC@A@ABCDCFA@A@C@AAC@ABA@MNEHCDA@G@CBABAB@DBJABABC@EBG@GAE@AAAA@C@C@EAACAC@CAC@ABAB@DA@ABCAG@E@EBEBEDC@G@E@CBAB@D@BDB@BBFA@GBI@CBEBCDOLEBM@I@[HIFQJEL@B@@@@BRJP@FIFOBMDIAQCSAMFCH@@@@ABGTIHDXAdZbHNJAT@TAPTFPE\\JXUJIAA@IGCACIIDCF@@@B@DBLIDFJEBBDSJBHADCFMDC@@DC@BLAB@NBH@HHLDBDJIBFLL\\DLJJFJDFFNX@ZA^BTAXCD@@@@@N@RDRHRDPCPENKNEN@PFHLDHFTJJPDNALGHIBE@@@@BEHCFBHHFLFLHLPDL@@@@@@@JBXFNHHBNADAJEHGNOHKFE@@@@LIPCLBFHJHLDVPLLLHXDFBB@BAJ@JAD@L@RFNBB@DAJIHGHGBC@A@AACAAAAA@@AAC@ABCDEBE@E@C@CACBG@ABCBAB@@A@C@C@EAA@CBABADAFCBA@@EI@C@ADCFG"],"encodeOffsets":[[115924,33865]]}},{"type":"Feature","id":"411326","properties":{"name":"淅川县","cp":[111.489026,33.136106],"childNum":2},"geometry":{"type":"MultiPolygon","coordinates":[["@@NAXHNNNNJLRHRCPEHGLCVFPNLNHBBBBBBBD@DCD@HAB@BCBAAC@AGIAABC@CBADAFBFBDABA@A@CEGAACCECAAA@A@CBCF@BA@A@EA@@ACAC@C@A@C@EBAB@BALFHDDBD@D@FBBBNFHDD@FBJDLDHALIAKGM@EBC@CAA@AACCAECA@CAE@C@AAA@AA@A@CDAD@F@D@DEFCB@D@DBBDF@B@LCT@VBR@PCLI@S@OHIPDJFLDLCFENUNKTATAZATETDPLJNNLREDCVANLNHTCHKLUFMLIHAHGPKLAFEJELGJC@@FAJABAFC@ABGDCDAFEDAB@B@DBBBD@DCFGBCBC@AAC@CBABABBD@D@B@@BBBAD@BBBD@B@B@@DBBDBDBD@BBDAdHX@\\@TCDCHQHUNKNENEFK@@DADADABCBCAEAC@AEAAACAC@AACAAAACAGCC@ACCAAAACAACCE@CACACAECCCAEACAA@@A@ADAFEDCHED@BBDB@AAAAC@CCAGECA@A@ABADAB@D@BABAACACCE@CACAC@AEK@C@A@ADAD@HDB@DADADCB@D@FHBBDDB@@AAE@AACAEACAEAEAC@CBADADADCFADCDADAB@BACCA@CAAA@A@ECCABA@ADAFCDABABABA@ABA@C@@@CA@AAE@C@A@C@@DEXMFG@SCKAEEKEIIKAK@OHMjcDGBKCICG@EFEZIFMCIGGCKDCxsPALFNDPALCRIRIHG`mJINCHDHHBFALEHGNCPANDHNLLJFB@@@@LBNLRPNFHAHGDGDMBGDCBCBGBGFWAKBKLKDAJEDCFKLSHGB@FGHCHUDIBK@I@SA]CGIGIAGKBKB@nalSRiBCACBECEICK@IAMEEGCAGCKAGAMCWCEDEHA@GFA@GGGGEIC@I@@@@@CBU@KDSBKBG@KBQBOBIBCCAGA]@GKIGEK@IFOJOBWA_GE@GGMM@@CNMBMGQGOSMOMIOGKIKEIBMFMHKLQNQPKNCRAFCNDNQTIVCDKHKFEBABA@ONEBEBABCDAD@D@BEDCBEBAD@DD@DDBF@DADIACBAHEBA@C@AAG@GBIAGBC@CBABEFCBCBCBCD@BBDB@D@DADAB@@ABABAFCFEBBB@B@@BAB@BEDAB@@@B@B@B@BB@B@D@B@@AB@DEBAFCDAFCD@BA@BB@BD@DDBDFBDDBBB@B@B@B@B@DAB@D@FBDBBBBDBB@BBBD@B@BABABABEHAB@DABABA@CDABA@@AA@@A@A@C@CBA@@BC@AA@CCAAC@A@A@A@A@ABE@CA@@AC@@BE@@@AACCCA@CAG@C@A@A@@BA@A@@BA@A@A@A@ECA@ABA@ADABC@EDABAA@BAD@B@BABAH@B@D@@CDADA@ABA@@BAB@@DD@D@B@DABABCDAB@BADCF@@ABA@ETIPETINKDOHOFgFOBGDMFIJMFMFE@KFEDAFDXCNBH@JAHGJEDEDGAECEEEECGSOK@EHAHBJBFFLARENGRBNDNPXLFFBLHLRCNERIVIPWTMHCNFLAJEFIFQB]DuBK@MCSGOCIF@NFHNJJFNHRBHBVJBNEPKNMLAD@DADBD@BBDDFAFGDEDGDA@A@A@CDABA@C@A@MFUNQNAB@N@BAB@BA@AB@@@@@B@B@@@@BBBBBB@B@B@BICCAAAAAAFGDKBIFKPEJGFKDO@OCUKMMSSIAEHPTBBXXCTIPIDGFQFABCF@DCDEFA@A@ABA@C@ABABADCD@DAB@BADABABABC@A@A@@@ABCBEBA@CBABADU\\D@DAD@BABCDA@DB@BD@@ADCDEFABCB@DCDA@@BCD@B@@BBBBHBDBBBADABBB@BDBDBBBBDBD@B@B@B@BAF@F@B@BB@BDB@J@HDANE@IFCLFJFBXBVJHL"],["@@@@@AA@A@@@@@ACA@@@A@C@A@@@AA@AA@C@AAC@E@@@@BA@BBBBDDB@DBBBBBB@@DBBB@BBB@@B@@BB@@@B@@@BB@BBB@D@BA@@BAB@@@@A@A@@CE@@@A@@@AAAAA"]],"encodeOffsets":[[[113695,34137]],[[113699,33975]]]}},{"type":"Feature","id":"411328","properties":{"name":"唐河县","cp":[112.838492,32.687892],"childNum":2},"geometry":{"type":"MultiPolygon","coordinates":[["@@DEBANCHGBE@ADADADAB@@A@AACCGECCIA@@A@A@AB@FCDABABA@AAAAE@CBC@A@ACEKKAA@A@ABCTSPOHIBCDI@G@EAACCGCAAAA@C@E@CAEAEBC@@D@DBHDD@FADABA@C@E@A@CDEHGD@HAN@F@D@FAFCDEDG@EACECAA@CD@FADBF@PANEDCDEFKDK@@ACEECEC@A@A@A@GRCH@BA@E@IDGFCDAFADABCBGDEBGBCAMEECCECCAG@EGMGGCAIACAACAEAEBCFGBEBCDAF@H@B@BA@AAK@W@CACECCE@C@A@AFEBCBG@OACAACBCBC@C@CACAE@G@E@ADCJCFCFCBKDEBEDI@O@M@CAABIHA@EBK@G@EAK@E@C@@@A@AC@@C@C@C@A@CAECAAAAAAA@A@ADABC@A@CACAE@G@GBGAECCC@ABMDSACCCC@IDIFMTETANDPABABA@CAEGEAC@E@C@ACBG@CAECEIICC@CBK@CFCDCLCHAVE@@@@D@DABA@A@ACAEAOAMCAA@ABABAJCDCDKBE@AGQCE@CBG@CCCICEC@ABADAB@NHFDB@DC@A@AOOAA@CT[FGDCDCDAH@BABACG@AAAC@EDEFAFCBA@CAAE@GBGAE@GDEBC@C@ACAICCA@ADIBE@E@GBAF@D@BBDCFEBCAAACCAAAAEEDCBA@C@AAAAACGCEAGAWAKKKUDYBC@A@KGKUEMDILIPKFM@iBGBWBQCMMMKSCCJB\\CHKBSCSI_S]GaIUKQKGGIBACEIBECCECICG@IBKBEDGFKDABBH@DCL@FIASGEGEIEAKBG@GFGBG@EBIDAB@FADEBGBA@gAMDKJQNSDQJW@]DSBA@CBADABMFCDEAAACDMHCBC@A@CCAC@ADCBA@CACEGCGOM@@CBEDABEDC@CAGAEAE@C@@@C@GCEABB@B@DABIDEDGFIDGFCDAB@D@BBDDDBDBDB@DADC^AAdTJlEL\\FzTKfFPBP@@@@D\\n\\C`TfGNFdK\\AB@B@B@B@B@BAD@FCPGF@BBFJC@DF@BBB@BB@@BDFA@DCB@BCB@DID@DDJJCHLCDCHLRPEEKJAFHZIXEBTQDBBNTFTDTBPAJGBMFIFEHBLFHDJHJDHLHLPBFNANZDB@FA@CF@BBJ@D@BBFODBHJTIF@^TbPCR@FB@@D@X@ZJRNHPDTAPELSfALBJJDN@HCNC^C@@@@F@NAZCJGHSBA@@@@DGNETBRDJBNCPAJE@EIOAQ@@@@@AFKRIJE\\GJ@N@FAPKDCFADAJ@HAB@AE@ACA@A@CBADAF@H@D@FCFAFAF@H@DBBAB@@CBABAD@DBD@DBBB@F@D@DBBBBF@HBH@FAD@BABAAI@CBABADAH@B@DCFGNMB@BAD@BBD@B@B@DEDCBAB@D@DB@B@B@BB@@@B@BB@@B@@@@C@@@AB@@@B@@B@@BD@D@@@BB@B@BABCBAB@B@@BBB@BBD@BDBBBHBD@B@B@BAB@@@B@B@BDDBDBB@@B@DBB@@B@@ABADA@@BAAA@ABABABAB@@ABA@A@E@CAC@CBADAF@H@F@D@D@D@DAJAJBPCH@BBBBFHJFBDLPPXBBDBF@J@FBHBB@DADABBBBBDBBB@B@D@JAHA@@B@BDDB@BB@B@BABABBB@@BFHDDDF"],["@@@AC@I@CBADADDBLBB@@CFC@AAA"]],"encodeOffsets":[[[115882,33627]],[[115440,33134]]]}},{"type":"Feature","id":"411329","properties":{"name":"新野县","cp":[112.365624,32.524006],"childNum":1},"geometry":{"type":"Polygon","coordinates":["@@HEBGJQJKPAEVCTKHM@I@OLOPIJEBFPA@BH@DA@ED@AE@AHEDO@EBC@A@A@A@A@ABAL[EcHMSeD_m[C[@@@@AOEOLeSEyK[kFSIBc]BCDCBA@ACACCCAC@A@CBADCHEJCHEFCJCBA@C@AAACEA@C@A@CBEDEFCBC@A@CAAAACAEAECACAGAE@C@ECOMECAC@E@CDEDCDC@A@@A@C@GBEBKHEBEBGDC@GDCB@@AB@BABADADABCBIDOFGBGBAE@AAC@CA@A@C@ABC@EBODC@A@IAEAA@AAAGAGGICC@@A@@@A@CAC@E@C@CAAAAAACCAACCAAC@AAC@CAC@A@A@E@C@CB@AA@@@@A@A@CBABABCF@@ABAB@@A@@@@@@AA@@@@@AA@@@@@@A@@@@@@@@@@@AB@@@@A@@@@@@@@@A@@@@@ABA@CDCBABC@ABC@AB@DA@@BCBCBA@@@ABAB@BA@@BABABABC@ABABA@CBA@A@@@AB@@@@ABA@@@ABA@A@A@A@A@@B@@@@@@@B@@@@A@@@@BA@@@@@A@@@@@A@@BABA@AB@@A@@@@@A@@@@@A@@@A@@@A@@@A@@@AB@@AB@B@BAB@BAB@BABABABC@IBABABCBA@CBA@EDABAFAB@B@D@BBBBB@DBF@DAB@B@@@BIHBNFHH@V@TFJJNPPJRFLHNPBJGdETE\\E`ETBPFJFHFNFXBFDRFRDP@LCF]LOFIFMHMFGPARDPHHJDRHNHPHJLFJBNJRFFHDLHBDBHAFAFEJDLJLLFHFBLAFWLAPBLDJHHLNLTJNJNDNBPAHELJBV@F@RAJ@H@HCDK@U@KDGFMHELCL@DABABAB@BABBB@BBBBB@B@DBD@DAH@FAD@BCB@BABA@C@C@E@AAA@AA@C@C@CBC@C@A@A@A@A@@@@@OUGGIICI@OBGDEREJBNDPAJCPKLELCNDNE"],"encodeOffsets":[[115170,33489]]}},{"type":"Feature","id":"411330","properties":{"name":"桐柏县","cp":[113.406059,32.367153],"childNum":1},"geometry":{"type":"Polygon","coordinates":["@@QEECAAAGGCEAGCGYGOCCEEGAGACAEIAE@CDGDEFAFABA@ACAGCCEACAICICKAC@EBIBEDMBI@E@MAGAKAACAMGC@ABABADAB@ACACAAAAA@KAGAAA@@@A@@JABADA@ABCA@AAC@K@ICIEMEGEGACICEC@@@ADAFAFC@@AAA@AA@AAA@AAAAA@@A@A@A@A@A@@@A@AB@BAD@B@B@@A@@B@DA@@BA@A@A@A@EACCCA@AA@AB@@CBCDA@ABE@A@C@AACAA@CA@@ABC@@BCBA@AB@BA@@@AACA@A@ABABABABAB@@AB@AAAACAAAA@A@CB@BABABA@C@C@A@@AAAAEAAAAAAAACC@A@GACCC@CACACCCCAEAGEEC@A@A@E@C@A@E@E@C@A@AAAAACAEAC@A@EBCBABADCBCBCBCBA@A@A@CAC@@AA@@A@AAABA@ABABAB@D@FAD@DABABA@A@A@A@AA@A@A@ABA@C@G@C@A@CAAA@BA@@BABADABEAA@EDBA@E@A@A@ABCBC@ADAAAC@C@AAAAAAC@C@C@ABCBC@A@CAA@@C@AACAAECAAEA@AA@@EB@@ABABAB@B@@@B@DGBEBE@GBEECICEACBAF@FAH@FBHBJBHA@E@A@AAA@@@AAA@A@ABABABA@ABA@C@E@A@CCAAA@@AAAACCAKGGCA@A@QG[QGGEAEACACBCBCACCCEAACAGAUMeYGCC@E@CDEJKDIBI@C@CFAD@DAFIHCDUHA@GAMEG@G@EBEBGDGLKLGJABGBKBE@ABCD@D@DBDZPFD@@@B@DCFEDGDKFGBK@IBEBEDCFAF@H@HABADIBGHKFEHEDQHIDQP[REFGPAJADCBKBCDEDGDE@KCYMGCG@I@I@ECCAQO@A@E@CBC@CAEEU@E@C@CEEEAA@CDC@A@IAaCG@GJEXGNK@G@UCKEE@gVEH@DKNEFG@OBCBBFBBDBBDBBADEFCDAAC@E@AB@H@FAFCJ@BDBJDDB@B@DADCF@HBFAH@HBFDBB@DABEFEFCD@BB@BDHABABG@CBCDCDEHS\\@DBBPP@B@BCDA@ECMGA@CBAB@BFDJDDD@DAH@DDFHR@BAFCLCDIDABAB@BBBNDPBFBDB@B@BABCBC@@@@@UFGBKDCDED@DAL@DDDJJDFBF@DAHBDD@F@D@FBFHDBB@BABACOBMFSNSJEJCD@DDBDCTAN@BDDFDHBHAH@F@DBDBB@D@BABCB@B@BBBBBBFDDBB@D@D@D@@@BDB@@@D@F@L@FBH@L@FAB@JGBADBN@P@J@FCFALCDADEDEDIBCF@H@F@DBDBD@D@DADA@C@ADAFCBA@A@AACBABAD@H@TBF@NBLDHFFDFNDHBHBDB@D@LADBB@F@LCDBHBFBB@DADEB@PCPEDAHMBAB@BBDHDDDFD@BBDABABEDIDCDAHCHCD@BABCBCB@B@BBFFDBFBF@FAFADCD@B@@@BBDDFHNVRXJJFHDDBDFBFBFAFCFCLADADCDEBCDAD@DCHIFEJEFCD@FBJBB@B@BA@O@CBAB@DBJDDBB@D@HAFALGFCFCDADAH@FBPDDBDB@B@D@H@BHHBDHJDFBBB@D@FCJCHAB@B@B@DBLFPLJDDB@BB@@FB@FPBN@DBDBDDBFBLJDFDHBBBHAH@BBB@@B@B@DAB@B@B@DBBD@BABABEFAB@BB@VJF@N@FBB@BB@DAFALAL@FBF@BABCBEBABAD@B@FDJFLDDB@B@BABA@CBCDADADAD@HBD@D@BAFCB@B@LLDABCDCDEDAHCFADCDCDABBDBFADAD@BBJDHBHBDAFEHCLENEDADEJMJIVIB@@@NE\\QBAD@B@DBDBBBBBBAF@HADADEDGDAD@D@BABAAAIOAE@CBCDCDAHAHCBABIDCHGDEBEJE"],"encodeOffsets":[[116546,33384]]}},{"type":"Feature","id":"411381","properties":{"name":"邓州市","cp":[112.092716,32.681642],"childNum":1},"geometry":{"type":"Polygon","coordinates":["@@DEHCJGHODMAKEI@O@AA@AA@AA@@A@@UCFKRFDABA@@EADGB@BCBAHB@@B@B@@AB@@ABAB@B@B@@@B@B@BD@BBB@DBB@@@BB@BELBDFF@@@@@B@DAB@@ABA@@@CBA@ABABC@@@A@@AAA@@A@A@A@@@A@A@AB@BABAB@B@B@BAD@BAB@@@BA@@@A@AAA@@AC@@AA@A@A@C@@@A@A@AIGBCGCBCCCFAPPBB@@BABAB@@@@EF@DB@B@FBDBB@DLFLFJFVHNDRBREFSJQHGJET@NDHBFBF@AIAIJOPGRFLJP@H@XANAXHDBP@F@@@@@L@VHRNNHTBP@AB@B@B@BDBB@B@B@B@@AB@@C@A@C@@BCDC@AFAH@F@H@DB@G@C@A@ABA@@BADABAB@B@DAFBF@B@FBB@B@BA@@@GBA@@DCJA@A@@BAAA@AA@CAC@AA@IDOPOHEHC@MFKBGAOCMIMIMKSKMGGCIAKBOXKBEAKGEKEIKCKFIBEBEAGACKGGCEEIQAMEIIKOGMGQGICGGCOBQHONENGJEPE^KDE@KCOEQCQAEEWEMEGEIAOFSF_F[FSHcAIMOKGQEOIMOIISEU@G@EGAMJG@A@@@ABA@CAE@CAAAA@@ABA@@@C@A@ABC@A@ABC@A@ABCBA@ABC@ABA@CBA@UC@@AAA@E@AAC@CAEAAAC@A@A@C@CA@B@@@B@B@@D@@@@@BB@B@B@@@@B@@@B@B@BB@@@BAB@BA@@@A@@B@@BB@B@@@BA@A@CAA@AB@B@@@BB@@@@D@F@BDB@@@B@@A@@@AA@A@@A@@@A@@@A@@B@@@B@BEBCB@@@@ACA@AAA@A@@BBB@@A@@@A@AAA@@@A@ABAB@@A@A@A@@@@@A@@@AAAAA@AA@@@@@@@A@@A@A@@@@A@@@@@AD@@@@CBA@@DADAB@@@B@DDB@@C@@B@BBB@B@BABA@@@A@AAAAA@A@A@@B@B@@A@@A@A@@AA@@A@@A@@@@BCA@BBDBD@@@@@@A@@@A@AAAA@@@A@AB@@CB@@@AAAAGA@@@@@A@A@AB@B@@@BBB@FBD@BB@B@@B@@@BABADA@@@@@AA@AA@AAAACAACAA@A@CBABKFABABCD@BABABABE@ABABADCF@FADABC@ACECE@MFKFGLKJGFC@@BC@G@C@A@CDCB@BBD@BBBBBBBB@BD@@@F@BCBA@A@A@C@E@CBABA@@BCBA@A@ABABAD@BBD@DBFBB@B@B@BBF@D@B@@ABABADADAD@D@DABA@CACACAC@ABGBCBAAGCA@C@AAA@CGCCAAAACAA@EAAAACC@GG@@AAGCC@CBA@A@@AA@@@ADA@@DADADABA@A@C@A@CAA@GA@B@@CB@@@@BB@@A@A@@@@@@B@@@BB@BBDB@@BB@B@@@B@@SFA@IBCB@@AB@J@DABA@ABAB@DAFAF@BAFGHAD@BAFABCB@BAB@FABA@CBAB@BCBCBM@SCMESIaEQAQFQLGRINCHOHWCa@KFMFSH[TIHQLQDSJSPOZQLSPOFQ@ULeLIDMCIGGKQEGLALDTNNHHF@`HXBPAPIJEL@HFLJ@HB^BHDDJAPARALAH@LATALCV@DA@@@@J@D@FJHHHHB@HEB@FGFCXDNDHBLBHDDBFHNFJBL@JDDFAFBDADQjkTmbA@ALHLJBJHDHB^@T@JALCJGVGDEHA@GHKTELCDIFCBKLALBLEXAHAHAD@@LCLDDZDHBDANFTLJNFTLPNNJZN\\FFD@@@@NFRHNFJJCNKJGJ@RPJL@FAZCXIVIVIRKNERC"],"encodeOffsets":[[114669,33759]]}}],"UTF8Encoding":true}