{"type":"FeatureCollection","features":[{"type":"Feature","id":"411102","properties":{"name":"源汇区","cp":[114.017948,33.565441],"childNum":1},"geometry":{"type":"Polygon","coordinates":["@@AGAM@@@EAG@C@@CeCWCEEEEAEAIBI@EA@@AMAGACCAKDC@A@A@AAACBE@CACC@C@@@AKCEGACCACAEAACAE@MBCAAA@A@EA@OEE@C@CCIGEEA@I@IBKFGFEDE@AB@B@BEBKBK@G@YA_BI@K@GAAAIMEEIEKEKAI@C@QSKAEGODCBCDAHCFAD@H@\\DV@JBDBB@@BBBBBBBB@DBBBB@@bEF@L@F@HFJDBB@@BB@DBB@@HLPHLDDB@BBBAFAB@DBD@@FBBB@BB@ADABEBA@AB@B@D@NAFCH@DANDlAPAJIHQFQAC@@DBDBBDBD@D@DCDAF@JBHBJBH@FCXSF@JCNANAFCBCBG@C@CB@D@FBHDBD@DADEBEBABADBDDBFDDDF@DAFCFEHCB@H@JAL@DADCBC@G@E@EBABAB@HBDAD@F@D@D@BABCAE@CAGACECCAGC@@BABADANAJAB@B@D@BAB@@BJLBB@@FCB@F@D@BB@@@@@BA@@DKVAD@@@@EL@@@D@@@B@@B@@AD@BC@@BCBCBAB@D@DBFBD@DAFAJAJ@J@J@JBHDF@VA"],"encodeOffsets":[[116783,34386]]}},{"type":"Feature","id":"411103","properties":{"name":"郾城区","cp":[114.016813,33.588897],"childNum":1},"geometry":{"type":"Polygon","coordinates":["@@@@NB@D@@BC@@D@@DB@@DD@@BHB@DJBFCDEZAHCPDJNH\\BFD@BFJ@@BF@BJFADADAHCBABA@ABE@A@ABABAJE@A@A@GBA@ABAFGDBBBJBJ@@DBDLB@ABB@BBB@DDBDCF@BH@@BBB@B@DAD@BAD@DADABADA@@HCFAVWRMRIPERDLFNB@@@@F@TAHFZ\\B@n@N@FABABABC@@BEFCFCBAD@J@L@JAD@J@FBD@FBBB@@D@BABA@C@ABAF@F@H@ACBG@E@EBCBEBEBABC@G@A@CBG@CF@D@DBFBB@D@J@@G@ABC@GBABC@AACAQAI@CBAAACBCBABABA@AACCEMCGEAAA@@@@GAEEEGCGEKAIGUAE@KAGAAEACACC@G@MACA@C@QFMBE@UBE@GCIAI@I@I@IBEBCBC@EACAC@A@ABADAD@@ADC@@BA@@@@A@@@C@@FK@@@@BCLU@CB@@A@@@@AAC@E@A@ED@@AAIK@AA@ABC@A@A@IBMBCBABAB@@HDDBFDBDBH@DBFADABC@C@E@C@CBGAA@ABAB@F@F@HADCDCBK@IBG@A@GDEFEDCBE@CCECCAACBCBAFAFABC@CACGCEAC@A@@D@DAHADEDMBMBIDE@WTEDG@IAGAIAE@CBCDC@C@CAAAAC@C@AAGACCAA@CBCBAFCFCHIHCBEBA@EAEH@BAB@@E@@BA@BHC@BDD@@LA@@HB@@@C@@BB@BD@FA@@DC@@BC@@@B@@@GDQJGF@@@@IJKVCR@^@D@@@FB@@HEBAFEB@BD@@BE@@FE@@D@BH@@BD@@JF@@F@@B@@D"],"encodeOffsets":[[116494,34537]]}},{"type":"Feature","id":"411104","properties":{"name":"召陵区","cp":[114.051686,33.567555],"childNum":1},"geometry":{"type":"Polygon","coordinates":["@@BGBAAC@E@CDELODC@CBE@[@ABCDG@UBQBGDCJGJGBCBG@K@KAACCGAMCAA@C@CBCFITaBKBEBCB@DAH@F@DABA@ABA@CAE@C@EAEAKAE@E@E@ACGCCCCECCC@C@A@CDMBA@AAC@@@@CEAC@A@C@ABCBADC@ABE@QYOIEGAW@GAIEOEGCKAGBMDE@C@KEGAEAAAAEAOAGBGCIADIFQNEFEDAB@DBDJDFBBBBDADCFEDGBGAIAEAA@@BEBCBC@CB@BAB@BBBDF@BCBA@@@ABEBABA@C@A@EBEA@@E@@@AB@B@@AB@FB@@BAD@DB@D@B@@B@B@@@DCDAB@B@@BH@@ABGAA@AAEAIEA@@AM@ABAA@BA@CDA@@BB@BB@B@B@@@B@@AD@BNDD@DBF@DB@B@@@DCDADUGBAOCA@@DAD@BAB@BA@C@A@AACBEBUNMDEBI@EBCDCDCFCBGBG@C@CADXDf@@@DBH@F@@BNBHF@NARED@B@BD@N@HDDDBFBBBBH@LBFHVBJFLDHFHFFHB@@@@BBFBDHFNDDBBB@BABADADABBD@FBH@ZCL@L@D@DB@D@BCD@DBHDDFFDDFBBADADCDCF@B@DBBFBDDBBBFAB@DBBB@BAD@D@FBBBDJHDDDBDBLBF@HADAB@BBFHBBD@F@D@HBZHLDBB"],"encodeOffsets":[[116992,34514]]}},{"type":"Feature","id":"411121","properties":{"name":"舞阳县","cp":[113.610565,33.436278],"childNum":1},"geometry":{"type":"Polygon","coordinates":["@@@CF@@EF@@AC@@AFABEFA@GA@@E@@@C@]DQLUJI@@@@HERIHC@@A@@@D@@AD@@CB@@EACA@@AD@@@A@@GB@@KC@ACD@AGB@@AF@@@BA@AFGFBB@FADAJGDGDEBEDADAB@DBBDBH@BD@RBREJGBIBOCkBM@CDGBE@M@C@ABAB@FABABCA@@AAAEA@@AC@CBABEAA@ACAKCOGGK@@AA@CAA@@AAICGEE@K@E@aF@@AAAA@CAAAAAAAA@@AAAC@ICU@[@GBCDEBGDCDAPCEQCACAG@i@GBAAAAACA@E@G@BGAE@ACCWACC@C@UDE@AAAAAEAIAAA@A@@BABAB@B@B@B@H@BA@@B@@AB@@A@AAA@A@@@@@ABA@@@AB@@A@A@AAA@A@@@A@CBEBGDA@A@A@@@A@@AA@CG@@@A@@A@@@A@@@EDCBA@A@A@@@C@C@AAA@CACCCAEAE@A@CEECC@E@CBEBG@M@E@@@AA@ACCAAAAAAAAA@C@E@A@CBGBEBC@K@E@C@A@A@E@A@C@A@AACAA@A@ABAD@B@@@B@B@B@BABCBABCDABC@C@C@C@G@A@CACAAC@C@A@AAEAAA@AAA@CDABABAD@BAB@B@BA@A@CA@AA@G@EBABE@KFIBABU@GBCBAD@XBBJFBB@DAh@BB@@DBBDFBFDDBDBBBBBFBB@B@FBD@BEBABAHAF@BAF@BBB@@BC@@BABAB@J@F@D@BAD@@BP@@FBDF@@FF@BELA@@DAFDD@B@FGHGHBD@AJ@AEP@JD@@BD@@DB@@DBB@DD@@FA@BXBDDFDF@DA@@BD@@DB@@BH@@BB@@AB@@BDB@@B@@BC@@BC@@BE@BDC@@@B@@B@B@@@AD@@BD@@AA@A@F@@CH@AFA@@B@@@BD@@@B@@DF@@D@B@BB@@DA@@BG@C@A@A@A@@BA@@B@B@BA@@@@@@@@DB@@BB@@BA@ABD@@@AFC@@@DB@BB@@BAAADXHBEB@@FHB@CD@DFDB@@BA@FBBDBVNTNJD\\LFBHHFLAHEFIDWNEBOLKPKZAXBXFJBHMJv@WWBS^PB@F@DADAB@DAFABCDAD@DBD@BDBBBB@DAJ@DDBD@BABE@ABA@ABAB@H@LBHBFBNBDAHANEDALAD@LAF@BADBB@DB@BBNBHBDBBBDDBB@B@B@DEFIBCDIDA@@D@JBJFHHBF@DADAB@BBBBBB@F@J@CDH@"],"encodeOffsets":[[116484,34525]]}},{"type":"Feature","id":"411122","properties":{"name":"临颍县","cp":[113.938891,33.80609],"childNum":3},"geometry":{"type":"MultiPolygon","coordinates":[["@@ACB@D@@AA@@CA@@CBAD@XE@@`CJAD@D@DBHFFDBDBH@L@H@DCA@ZXDM^GA@HDBAFEA@DD@EPDBABD@ANLA@AF@@CDBFFLANBDIJAP@CFDBB@ADJ@@BL@@GH@@A@@BBBDHPBDFFbRBBRHTDRFNFT@N@L@RHH@F@DBJ@J@F@F@F@DAFADAFADAFAHC@EBA@ABC@ABA@CBABC@@AAA@C@@@BC@ABIA@@ABC@ADAHCD@D@BBDBFBD@D@DCFCDEBE@EBCBCBABALBP@D@BADC@A@@GCA@@I@@GB@AAAJ@@A@CD@B@AJ@BF@@BNBB@BE@@H@BCBABGB@DC@A@CAC@AAC@AFG@C@CAC@EBCBCBKAECCCACCCCCCACAACGBEDCHAFCFCLEFEDEDADADABADCHOJUHKBC@@@@AACCAAAEGDC@A@C@AAA@AACA@@E@C@A@@A@AAA@E@IAG@A@ADCDCBABABE@C@G@A@A@@@C@A@C@ADC@AA@ABEBA@E@A@C@E@CAC@G@A@CAC@E@AAE@C@O@AA@IBABAD@B@BAB@@C@IFG@A@A@C@A@CCECEECCAECAAAA@A@IAA@AG@E@E@AB@B@DABABC@@@AAEAC@EAI@C@IBK@I@C@ABEDEDAF@@ADABABEBM@m@A@Y[GESBE@@@@@MAKEQCOFQJQNUXEBGD@@CBABCBCBC@ABC@CBA@A@AA@@AGE@CDCA@CAA@AAA@BKAAC@CI@IAAACAEHAB@BAB@H@B@BIFABAB@B@BAF@BABABGDCBCBEBAIE@@AI@AEC@AEG[IMOCGDYBCFEDIA@CGA@AC@@CA@@CC@@@AD@@@CMA@@AJEA@@@B@DE@@FIB@@BB@@C@@BMAAHCAG@@F@@@DA@@FA@@FB@@BBBDBAHFBBDB@@JLABLFABL@FARBFPbAdADYD_LCD@B@D@FBB@BCDCBE@A@BBBBBP@@@CH@@BD@@@D@@BD@@BB@@DE@@BBB@@@B@@F@@B@BD@ADC@@B@@F@F@DBF@@C\\B@CB@@AHB@FC@@FN@@DHB@DG@@DE@@DCB@BFBH@JBB@JGLDNCB@BFDADCD@BBB@DAB@A@@F@@@DJ@@@"],["@@C@EB@@A@@BB@D@@B@@H@@A@C@@A@"],["@@B@@@@AE@@AA@@B@@@BC@@@@BB@H@@@@A@@"]],"encodeOffsets":[[[116544,34700]],[[116557,34704]],[[116550,34700]]]}}],"UTF8Encoding":true}