{"type":"FeatureCollection","features":[{"type":"Feature","id":"411724","properties":{"name":"正阳县","cp":[114.38948,32.601826],"childNum":1},"geometry":{"type":"Polygon","coordinates":["@@ACBC@AAAA@CA@@@AAABCDEB@@A@@AAA@C@A@@@AA@ABABAJKDC@ABA@G@A@AFGDADABAB@D@F@F@B@B@DABCBAF@BA@ABC@CBA@@LEFAF@D@BBDBBB@BDH@BB@@@B@D@BABABAAA@@GGCC@AAA@@BABAB@B@HDJDFBLBF@B@BB@B@D@DAFAD@B@@BBB@B@BADCDEB@BAB@F@BAB@BA@AAAAAAAECIAAAAA@CGU@A@A@@BA@@D@B@BBHHJHDBBBB@B@BABA@A@E@AAACAAACACCA@@A@A@@BABAB@B@D@FDLH@@B@BA@@@AAI@A@A@@B@BAD@J@PB@@BAB@@AFG@AB@B@B@F@ZJJDBBB@B@BADCBA@A@AAA@@AAE@CAC@@A@A@@@ABAB@BAB@HBJBJ@J@D@B@@BBBBDB@B@B@B@BA@AB@B@FBDBBBBD@BAB@DAD@BBBB@B@FABA@A@A@G@C@AB@@@BA@@DBFDLFBB@B@B@@CBCDA@@B@BBBBDBB@BABBDDLDFBDFFFBD@@@BABEBA@@B@B@BHB@B@BABCBCBADAF@J@NE@ABG@C@ABABADADCDCDCF@FABA@A@CBC@CBC@CAGIKAEACACAC@AAAEAG@E@KDGDADCBG@EBCAA@AEAAA@C@C@EDE@KBQASBE@AACACE@IACA@CAG@A@EBEBCDE@A@CACCCG@IBOBMBEBAD@D@DBF@BALODM@G@E@CAAIGECAAC@E@CAIEEECCACAGAC@ABCDCBC@@BEBCDAF@DABCBC@CAECCACA@AAEAK@MBSNEB@DADADADA@I@CAKEGCEAC@E@CBABERCV@@@@AFAFA@CBE@GCMECCCCAC@@@@@@@ADIBG@EACACAACAMAEAEBE@C@E@E@A@CDCFCHCDABCBC@IBOAEAEACAAAGECCEAUKKCAAA@A@A@EBADA@ABA@A@I@QBI@C@A@GEICEA@AAC@K@I@AHCBE@CEMAGAE@E@ADEB@LEFCFCBE@AAI@CCC@AAAC@CAA@CAAAAAACACAA@C@@BABA@@BEBABCDAXCLATGjWTMJILIDABC@AAA@C@A@GAAACGAKCQCE@CCAC@EBIDE@C@AAAG@OCCAAC@E@I@CKQC@EACAAEACCACAS@EAAA@CDCJKMBOCGACACKACACQMIECAC@GBC@CFKPCBEBWDWBG@EAAC@C@M@EACCAC@CDOLEFA@C@C@IGUQEAC@C@CDKLCBCBC@EAEEGKACA@C@ABIJOLEDIBIA_@EBCDAD@@AB@DABBBBD@BAFAJCDMFA@CBCBADCBE@AD@DBFAD@J@VCRCNADA@EDEBK@ODIFEBEACECAC@G@GEIAC@ABABEFAD@FDFAFAL@DAF@DAB@@A@ABAB@@@B@D@B@@@F@@AB@B@@BFFHHJBB@B@DA@A@A@GAE@AA@@@A@A@A@CCA@@C@AACAAAA@A@@@A@A@C@A@A@@B@BBB@B@D@@ABABABAB@B@B@BA@GDABABAD@B@@BB@BB@AB@@A@AAA@A@AB@B@D@DB@BDBB@B@BAB@FA@AD@@@@B@BB@B@@@BABABAFABADA@C@CAECEAG@E@CAACACAEAAEAGAG@E@EBEFAF@DBBDBJDDD@BBF@H@DA@A@A@ECC@CACBAB@B@PAH@NADADCBCBC@DFBBPHNFBDBDBNDFDFFDHBTBNBDBBB@D@BCHELAF@F@V@JBN@DCFEFADCP@DDJHDDDDB@B@DADCDSJEDAD@D@BBBDF@D@DAHCJLFHDJFD@B@FCFCHAJCJ@B@FBHBJFDDBBBBFBD@B@D@JGF@D@F@NDFBDBFDDBDBNDD@BDBBFL@BFDFBDBD@DBLJJFFBBBBBBD@B@B@BDDB@D@@BBBBB@B@B@BBF@BBB@@BBD@D@DB@@BBB@DB@@BB@@BB@BBDBBBBDFBB@BBBBBFDB@BDBBAB@B@B@@@BBBB@B@FBNBB@BABAB@B@@BB@@BAB@BBB@@BBB@BB@@B@B@DDHBBBBB@@@B@BDD@@BBB@B@@@@BABAB@BAD@@DHBHB@BBBDB@BDBBAB@B@BABA@AB@B@@@@BBB@BAB@DABAB@B@D@B@B@@BB@ADBB@B@BBBBBFDB@FFDDDBF@D@BAB@B@B@B@B@B@B@B@B@@CB@@@B@@BBB@BD@BBB@BAB@@ABC@@B@@@D@D@F@FBHBD@B@@BBBBBB@BBF@F@BBB@@BB@BBB@H@@@B@@BBBDD@@B@@BB@BA@@@ABC@A@@B@BBBB@@@DBB@@@@B@DA@@B@@@@@@B@@@BAB@@@B@@BB@@BBFDB@@B@@@DBD@B@@BB@@BABABAB@B@H@B@BB@@BB@@BD@BB@@@B@B@@@@A@@BGBK@A@@B@@@B@B@BBBBBDD@BBD@B@B@@BBHBDB@D@B@B@@ABA@E@C@@HBAE@CBAB@JAD@@AB@@A@AAAAAA@A@M@GAA@A@@A@AA@BABCJGHCBAD@DBNHHDBBBAB@@A@IAM@C@ABA@AB@BAD@DBD@D@HADAD@D@HBB@@@B@@@@A@CAAEEGECEAA@A@AB@BAB@F@FBFBFBD@@A@@@A@G@A@@@@B@JAD@BA@@@C"],"encodeOffsets":[[117392,33521]]}},{"type":"Feature","id":"411721","properties":{"name":"西平县","cp":[114.026864,33.382315],"childNum":1},"geometry":{"type":"Polygon","coordinates":["@@DBD@H@HADADEDCDCFAJ@FANCVMFADABBB@D@B@@ABA@ABC@CB@PDABVHBCDC@C@@@ACAE@CAC@MC@ABC@@@A@@@A@AAAA@@AB@DCB@@ABBBAN@@BB@JFFBBBB@HBBA@@AG@@@ABADC@C@@@A@AA@C@A@@CBC@AA@@EBA@@@ABA@@F@@@FBFAB@D@B@BAFABA@@B@DA@ACEAA@ABA@ADAD@DAFA@AB@FBJBHBHAFCDEBCACAAEAICAC@CBAFCFERMJEBCAGCCCCGCA@EAG@A@C@AAAC@C@CDEDAHCDAHGBABA@AAEBABCDCBC@A@@CAQEMEOAICECCCCCCEEKEC@A@A@CBCHQBKDOFIDCBC@A@C@A@ABEDGBAAC@AAAC@G@IFMFA@CACAA@EBA@A@EAAAA@CBA@AAAAAKCC@@@@@ACAGECCACCAAAACCGACCCCCEACA@@AA@ABCBG@E@E@AACCC@A@IC@E@G@KCECEEGEAAC@GBG@O@I@G@O@A@ABADABO@ABC@CDCBA@ABAFABMBC@AAC@GAG@E@C@EBCBCBCBC@GAK@A@CBA@ADCHCBGDIDQDIBOFCBAD@B@DFF@DBD@F@N@F@L@DA@EBE@E@A@GCGEECEAI@CBEBIBCAC@ECEAC@EBE@C@CAC@C@K@QBE@EAGAECEAAAA@CBABA@CA@AAAACAE@CAACACAGAGAG@E@C@CDABAB@@C@CBA@CBCB@@A@AAAAC@A@A@IBC@I@G@A@K@O@CAOEC@C@I@I@C@ECCACC@@@GAE@CCEACEEIIEEGGAA@E@C@CACACAAECCACAE@EBI@C@C@CCCAGCQKEEEGCGAGAM@I@QCBCBEAC@C@EBC@A@ECABA@ADEPCFAFCFCFEHCPCTADADAJ@D@FJ\\BLFZFbHRDHBJBDBBPNFDDF@B@F@N@LBDBB@F@FADCD@B@BBBDDDBBBBHDDHFDDBBH@LDFBH@FDDBBBDHBFBB@B@B@@BBBDBDDNDPBBBJBFBBBBF@VCD@D@BDDXBDF@HBAH@F@B@BDBBBBHAj@H@DBDBFRFHLBRTD@J@LBLFJFFFJNBBHBL@J@`AZBH@L@LAFA@A@ABAF@FCHELEJAJ@B@FFJHDDD@F@PFB@@F@BBBDBNAF@DBBBBFBDDDHBDFBL@@D@D@BD@DAFBDBBB@B@D@LCDBBDBHBN@@FBJ@JAFBFBFFDF"],"encodeOffsets":[[116776,34335]]}},{"type":"Feature","id":"411722","properties":{"name":"上蔡县","cp":[114.266892,33.264719],"childNum":1},"geometry":{"type":"Polygon","coordinates":["@@NFPFDB@B@BB@BBB@D@DANENEJCBAFCDCJCRGDCBA@C@E@CBADAB@D@B@LFDBB@BABADI@ABAB@D@BBBBDFDDBBFBD@J@H@LDF@BBBBBBBBD@DBF@L@JBZDHBJ@DAB@BABEBADAJEDABA@A@E@K@GDCDAB@DBB@HHDDFBB@FAJEHE@ABCAKAM@G@A@@D@T@ZBTBF@FDHDFFD@@@B@FCF@F@D@BDBBB@D@DADADAFA@@BIHIDCBCDEAK@E@CBCFEDA@CAECEAC@A@ABABAD@F@FAB@BAB@@C@C@E@CBADCDAHAHAF@DABAFGBCFEDEDCDAFAFAD@D@LBHBHDFBD@D@DADAFCFIBC@ABK@CBCDCDAHABA@@@AACACAAAA@ABABAD@B@B@BBB@@BBDB@DBF@F@B@BA@C@AAAAA@AAE@EBCBABADAD@FBHBHBHBDBN@N@FAAC@ABEJEDEBG@EAGAA@EFO@KAIAKC@EKACBIACEIAAAE@E@AAAGCGCGEKKAA@KAKCEIOEKMSGBA@E@CAC@aAO@CCEAcAEBGBEBE@OCkEC@AAAAA@CAK@EAGEICSEKCI@]@E@ADEFEDEDMBI@CAGCGECAG@A@EDGHCBA@EBC@CBCBABIF@@C@C@A@EEEEIEA@C@AB@FALABCBCDEFCFCBQBODKBGBQAGAMGEGGIMICAOAK@E@KCYGKAC@E@A@C@SGEACCCAE@IAC@AAECAC@@A@EBGDEDCDEDCBIBA@M@C@A@ABCDC@A@G@A@E@QBA@I@E@A@E@EBGBE@EAA@CACCCAA@C@A@AA@A@E@C@ABCBABIAC@AA@C@CAACA@@BA@ABAAEAGAGEC@C@CDABDDDFDJBD@J@DAJ@BAD@D@D@DBBBFB@BBDBDBDBDF@B@D@BADAD@@BLBF@JBFADADABABCF@FAD@F@B@DBB@DBBA@@@ABK@@@A@AECEAGCEAAA@CBEBADAD@F@DBFBDADAD@@C@CBA@CDADCFADE@EB[AWCK@EBCFAHCBEDAB@J@BDDBD@B@F@FAHAD@BBB@@DBFBDDDDBDDHBDBBDBBDDDHFDB@B@@@@DDBLBBBBB@DAB@BBFBB@B@FAB@DBDBB@NEJEH@D@BB@BBDABCHAF@B@B@D@BADCDEJCPALGRAD@D@B@BFDFLDFDDDDFDJDPBNFRFDB@@@BADCDADABBF@BABABGHCBGDCBCF@D@DBDBBD@B@H@FBB@HDDDDDBHDJAHBHBPBFBBFBHBLFD@F@NCHALBHDPFJFHBX@HBJFZP"],"encodeOffsets":[[117028,34276]]}},{"type":"Feature","id":"411702","properties":{"name":"驿城区","cp":[114.029149,32.977559],"childNum":1},"geometry":{"type":"Polygon","coordinates":["@@@AAK@A@GBAFCB@FAHCJ@H@D@JDBBLDNFBDBHAR@HBFHFHF@DCBEBMBEDEF@DBDH@D@FAFALBHBHBJBFF@L@LAHBFFDJBDBHRFLDJDDFDR@FBD@DADBB@@B@BAB@DAB@DD@D@D@BHBFDBD@BEFKBCDAbDJ@BA@EAO@A@@@AB@@A@@@@AA@@@A@@@@@@BA@@@@@@@@AAECCAAE@KBEFETKDCDKBEDCJ@PDJDFNDRBVDFNNLLDNBPBLFDZ@LAHCBC@O@KDCHATAl@BA@EIOGKCECAACBCF@DC@CECEEAEAKBEDCJANCDABCCEGECE@AHAD@F@DAB@B@B@@@BFBBFFB@DBD@V@B@@BBB@BB@JBLDLBPDDBH@BAB@BCBCBAD@F@B@B@BB@BB@JAB@@A@CBADC@A@@@ABAB@B@BA@A@ABAB@B@HBFBH@JBH@FBD@@@BA@@DAJAT@NAFBHHJHJFDBD@BAFGHGPONODGDIBC@KGMAE@CBE@CAAAA@AF@H@D@BAAAACBABACI@ADC@AIQEMEIEGGCMAG@CBEHCDGBIBGAGAEAE@GBEDC@ACGGGEE@E@EBIFE@C@KGGGECAC@EBG@EBG@EBA@@HCDCJIBCBA@CACAAAAC@AAEBA@EAEAACAA@AHINSDG@E@AAAA@ICCA@@@C@AFKB@@AAAAACDADEDGDK@KAM@KBC@CBAACCCAC@GEC@QAO@ABCBEACAE@C@ADCLELCFEDC@GAGCEEIKEFEDIBIAC@E@GBEBGEGC@@EAEAQCK@S@O@IBMAQ@O@MCMHEDGAGA_O[IMEG@C@EBC@GCOEC@CB@FYPgVQB_EkB_BMBGFCFE@AGAAAG@ACA@AA@ABC@EBE@AACCECC@A@A@@D@JA@@BYD_DA@ACGIIK@@A@C@KDA@BR@VGH_\\mNkF]B_ESAEFALFNZ`JP@LCLBL@NBHHHVJ\\LHJ@NCLIRAL@RBXBNFJFDFLFTANCFIHIHCHGPAJDJHRVTJRDT@XD@DBFBFDDDJ[BEBEDCDAD@B@DBFDD@HBH@HAHALCDALGBABCBC@C@ACC@A@@BC@CHI@CFU@EBIBEDEFCDCDEDGDEBIBCBABAFABAFADAFAJEFCBABADI@E@O@C@CB@D@PAB@@ABABO@EDIDCB@J@DAHCDED@B@D@DBHDJJFFFBB@D@@ABA"],"encodeOffsets":[[116517,33802]]}},{"type":"Feature","id":"411723","properties":{"name":"平舆县","cp":[114.637105,32.955626],"childNum":1},"geometry":{"type":"Polygon","coordinates":["@@J@FADCB@FIDAFAH@B@BA@E@G@C@A@CB@DAJ@B@DABA@ABCAC@C@CB@BABA@@BCAC@C@CBABAJCJC@ABCBG@@BAB@FBB@B@BABC@GBAF@J@NBDADA@ADOBGBADADA@ABA@QAI@CBABADAFAF@RBF@F@B@BCDCBC@CBEBAB@BAFBNDJBFBNALAFALGFAF@D@D@B@BBBBDPBH@LAFB@@@L@PDF@ZBNBDBB@BFAFNBD@BADCDAF@@ADEBA@CBA@CB@@ABA@EAA@@@AAAACACAA@ADEBABCDC@ADE@I@C@C@@@A@@@CBAB@B@@ABA@@BAD@@@BC@@DAB@B@@@FE@A@@A@A@AAA@A@@@AAA@@@@@@@AA@@@@@@@A@@@CA@@@@@A@A@@@@@@AA@@A@@@A@@@@@@A@QAC@A@QDWF@AAA@CFILKBGBA@ASIICCACA@AAEBGFIa_EEAC@ABCFCBCAEACEAIAGDGBG@SIUICEEQCIAAGAO@IA]AE@AAGGAAAA@A@CCG@A@EBM@A@CBA@AKCICAAIGIGGGECCAC@C@C@A@C@EBSHIBIAEAAAAECYC_CYACEGECECGA@C@A@CJCFC@CAGCGCAC@OBIBAAAA@CDADCBG@EAEAACAI@ICGCGEIEIECEEWK_ACCA@D@@ABC@IBA@@@@@@B@H@B@@@BC@EAEAEAE@A@ABA@@B@BBBDFHFFFBB@D@B@@A@@@A@GAC@C@CBGBC@C@CAC@ABA@@BAB@B@DBN@J@BA@ABAAGCMGCAC@ABGDIHADABB@@B@BB@B@HBN@B@B@BBBB@B@BA@@BC@IBA@AB@DBF@J@F@BBBDF@F@H@D@BABAAKEAA@B@BBJ@H@B@@MAA@@B@@@BBN@BABA@U@A@@AA@@AFK@C@AAAAAEACBC@GDGDEFMNAD@B@@BBB@B@BADCDABAD@B@BB@@@B@BCDADAD@B@@HHDDBBJAD@D@JDDBBB@B@FANADCBIFIFGDIDE@CAAACAAC@ABCFC@A@A@CCAA@C@OBA@A@EEECAAAICAAAQ@A@@@@BB@PFB@@@@B@JBBBDBD@BADAD@BDH@F@BABA@A@ICA@A@EBA@A@A@@CAE@A@AC@WEAACAEGECGCC@E@EBCBAD@B@BB@JBD@BBBBABA@ABE@AB@@CFABA@CAKAA@EBKDKDABADAFC\\ABA@A@AAOMEAA@A@A@AB@B@F@L@DBBDFBB@BABCDCBA@EBA@A@CBAB@B@BBB@@DDBBB@BADA@@B@B@BB@@@BAFENEL@@@BNHHDJBF@FBBFBJBFDDDBHBDBHHHJDRFHHJJNBBAHAFGLEFCF@B@BBBDFDBDBNBDBDB@@DTF\\DFBDBB@B@DAL@F@DBBDDDFBD@BA@A@C@_@MAAB@BAB@JA@ABAB@DADCDADAF@BBBB@F@FBBBB@BF@L@HBDBBBDBHHVDFBB@DAFITCF@FADCJ@@@@CDD@@@JEBADADAD@FAB@DAHGFCB@H@DBHFHDDBJ@NAFCFCFEBCF@^@J@LDTFJDHFFBL@DBB@BBBBD@lFPDF@FAHAFAdBFBDDP@bBD@DBF@B@HA"],"encodeOffsets":[[117434,33967]]}},{"type":"Feature","id":"411725","properties":{"name":"确山县","cp":[114.026679,32.801538],"childNum":1},"geometry":{"type":"Polygon","coordinates":["@@@@@ARALAFAD@BABAD@F@B@DAFEJGFC@ABMBI@ADABEDGBCAAACCE@A@C@ABK@C@CA@AAA@A@OHA@UBC@AAA@@G@I@E@@AAIECA@A@C@ABEDGHMDGB@B@B@B@FDJHDBB@D@H@DADADEBADAF@D@BADADC@CDMACACEKACCAAAEAG@CAAACCEGAACACACBC@CFA@A@@@@A@G@C@AAACACAAACCAA@E@GBEFMBA@AB@FAL@FBHAD@B@@@J@HBPBBBBB@B@B@DBBBBB@JDLBF@F@DABCDE@C@ECGCGAECCGCCAGIECAA@G@ABEJQBCDI@CBCDEFCDCDIBG@C@CCEAA@A@CBCFCTIDCBC@C@ACACCGCCI@CDOBCFEDE@CAM@I@U@EBEFKDG@A@CAACAMASAGAECCECEAMACACMEOGAACEI@GAUGEAAA@A@G@EACCC@E@A@EBE@E@ACACAA@A@A@IBI@CBGBEBA@A@WOECMGEAG@E@C@EDGDC@C@A@EAC@C@EBADAB@D@HARAP@FB@B@B@F@D@BB@D@DADEFEBEDABGPAJAD@BBDBD@D@DAD@DCDCDAD@D@F@F@DABABCB@DABA@A@CACCAEAE@O@EAAEAC@E@E@CBA@A@CCCAC@IAQAE@AAEGEECCGBEB@@CC@AMCKAG@EBC@C@C@CAC@G@EDMNAD@F@J@FADABCBCBAB@B@H@HCFAFGLCDAD@B@BBBDTBH@DADABC@GBABIJEHENCNAHABABABE@C@WCMAC@CBEBQTILABEBA@EACACCAACAIAC@A@CDCDCBA@CAEAC@C@IDE@CAEAACAA@CBIAQ@AAAC@EBIFAFCFGHCDAJABGDGBCBCDAD@DBFJPBBABABC@C@CBCHCFCBGBE@ABAAAACACAA@C@AB[RMF@@A@UJIJINCFCBMFKFGDEFCBGAGAICAAC@CBEBCAAACBCDCDEBGDCBCFCDADCBAFAFCJIVEFAD@FADCFADGD@@@F@BBBFF@DBN@HBBBB@@AF@D@BB@BBBD@@@BADCN@F@BBDBD@B@DABADAJAF@B@DBDDNDJBH@JAD@B@BDFDHDDBBDBPBNBB@LCD@B@@@JLHJBDB@`CZC@AB@@I@CB@B@D@FDDDBBF@FAD@BAB@@BDB@BBHBBBHF@DEHENA`AlA`FRAhUZO@EDAD@PFHDD@FAD@H@NF\\J`PHBHBFCNGNDP@R@NBJAP@T@L@RDFBFB@@HDHFFAHAF@D@JBJAFCFEJLFFHDHBD@FCDEFKDKBCD@F@DBFBDABAP@RBD@HFD@DBDDBBDAD@LAN@LBL@HCFCBCDCBBBB@B"],"encodeOffsets":[[116883,33639]]}},{"type":"Feature","id":"411726","properties":{"name":"泌阳县","cp":[113.32605,32.725129],"childNum":1},"geometry":{"type":"Polygon","coordinates":["@@MAOACAAACCCGCE@A@ABC@IAGCICMAC@C@ABEBIBCBA@C@AACAC@A@EDMBC@A@@ACAAA@@A@CBE@@AAAA@GAM@CEEAA@A@E@@HCBCDEBC@EBCFEJUDIBEBEKKA@A@EDABC@C@GAC@CBCBCBAD@DABABA@A@CCEKCI@E@ABCBAFADABA@AAE@EBKBKBE@CAAA@EAM@E@UIA@@ABAFEBABA@AACCAA@A@A@CBA@A@@@AA@ABGAGAACGCEKIEACAACAC@CAMEOA@@EA@@ACAICOKKECAA@A@A@GBIDEDC@A@AACEGIACGG@A@G@C@ACACAOCEAG@CBCBEDEDKHEBGBC@A@CAICCAA@AB@D@PABA@A@IAEAC@EDIFEFGJCDC@CBADCFCDCBKBEDEDEBEAEAACCCEGIIQWMUEGCCAA@@A@C@CDEBEBE@EACAEEAAA@A@ADADABC@GDGDCBCDCJAFABCBAAC@CECCCGAAA@ABGNCBOFODA@CFCBA@EAGACAKDE@A@CAKBC@A@ACAGCGEMECGEKCMAE@SAG@C@ABABBD@B@BABEDCB@B@DBBBD@PAHADEF@B@B@DDFFDBD@D@XBL@BABA@G@E@CBADAFEHADBFBFBDDBJBDBHHHN@FBHDDDFFDNFDBHAFAHCDABABCBEDCHEJCF@B@@ADGHQB@B@B@D@DFFFBD@@CLELCFCDMFOBE@CAEBC@@DBBFDBD@FCHCFEDEBC@E@M@GBC@GHCF@D@B@F@DABCBEBC@GCCAC@@@ADBFBF@D@F@DBBBBHDDDBB@F@HCJADGJOPSTAD@B@BBBLLDF@B@BAD@DBFBB@BABABCBEDA@@B@B@BB@DJFDDHBD@B@BA@CBCBCB@BAFGHMDABCFBFBHBDBBDDB@DBDBB@DFLR@@@@@BDDDBJFB@BB@@@BA@AB@B@BBBD@D@@BDBJNIH@B@@@DBDDH@D@HBHHRGDEBEBE@CAWBOHIBIBEBEHCFADCDGDCBA@AAAE@GAACACAEBkDEBABADABBDAD@@C@C@C@EDCBAD@@BFDFFHBJBHFPFJHRFNDPDFJLRJH@DDDDBFHLNLLJ@DBD@FBDDDFBNBHBDBFDDDBDBF@@@@BD@DBBFDFDD@H@F@@@@@D@LEFADCB@B@B@BBHDRNFDBBF@DAD@D@D@DBNLD@F@F@BAJCF@F@Z@VAF@HCFAFAD@HBHDFBPNJBNDPDH@FDFDLLHFDBHBLFDJDLBJ@HHTBLDFDFDBRHJDJBJ@H@JAHBJDJBH@FAFAFADAFALBNALAFBFBF@H@DAD@B@DBDDNHDBDAB@BCJKDAB@F@F@BAD@BAFGJIJEDAB@BBFHDHDDBF@F@HBBBBB@HCLCFAJ@P@JBD@DBDB@BBDBB@@B@DCHGLMHEBA@WCSIQUSGQCIBIHODGJGJGDEBMESEKECEIAMAW@QBKJQDK@MGI[KUIGGAG@MAKDK@KIOY_EMBKFETB`F^AlEnM`[HG@UAQ"],"encodeOffsets":[[116389,33640]]}},{"type":"Feature","id":"411729","properties":{"name":"新蔡县","cp":[114.975246,32.749948],"childNum":1},"geometry":{"type":"Polygon","coordinates":["@@@@GBIBGBGACAKIKGEAEEIKIICAC@CBEF@D@DBFDH@D@F@DABEBWJC@GCC@C@EDKJEFABEFAF@DBNADCDCBGB]GUGC@EBCDGJGFIFKDSHI@ODIDeJODe@S@C@IEcOGAK@GBEDEDEBAAE@KGABEBE@CDCDCDCBABAB@B@DAH@BMFI@E@CBABADADABA@A@AGA@A@@@ABAFAB@@C@EAEEACCECKACBA@AAAACAA@A@AB@DCDA@@@A@AAAKEECCA@@AB@@A@@B@D@H@B@BABEBA@A@AA@ABC@CBA@AACAACAEAA@A@@BABA@A@A@A@ACAA@AA@C@I@I@IAGAA@ABA@AB@B@@@B@BD@DBF@BB@@BB@B@BABCDABA@A@AAICYIE@A@A@A@@BEH@BA@AB@@OAI@C@ABA@@@@B@BBJ@B@@ABA@@@KGECC@A@A@ABAB@@@B@BB@DDDBBBDBBB@B@F@BABABA@A@AACAIGGGAAA@C@@@AB@@@B@BHV@DBBBBJBFDBBBBBB@BABA@ABE@A@ABA@CFCDABA@A@AA@@@ABCBE@C@C@AAAA@E@KAEAICGCA@A@ABAB@@BB@BDDHH@@BBABABABC@A@@@A@@ACG@AAACAAAC@E@EBKF@@AB@DAD@BABE@ABADCBA@A@E@E@C@A@ABCBCBEH@B@B@HAB@BCDILABAB@BBB@@B@D@B@BB@@@BA@CFADBB@B@@DBB@BB@BADBDDBBDL`FXDFJFJFHFHDJDJ@DBBBBF@FAHCDCB@DBBBBJAPAD@DBDHBH@DEDID@D@B@DHBFDFDFHBDDZD`DZBFBBFBJBJATGFAD@B@D@D@D@DBFDHHJHJHBBJDLD@BAB@D@BAN@F@BDH@D@BBBBBHHBBF@^BJBP@HBBBDJFRDFVJTJH@HAHCJBFBBDBFADEDAD@BBDFFb`HIHAJCL@N@F@D@BCFKDEDCFAHADCFCHSDIDEDAF@F@JFHFD@H@NBL@NBXAXALE^KFABABEDCBABC@C@AAAAAQECAAA@A@ABABAFATAN@F@HALAPAPBP@D@DADAHEFEFAFAB@FBBBHDHDD@F@HAJ@RAF@B@DCBABA@AACAE@A@C@ADADCJAB@DCBABEAG@GBCHENETEH@JBLBHADADCDGBGBE@ACAKBIAAAAEBEBALI@@@CACEGCK@C@EBAHIDCHCLEDEHI@A@AACC@E@I@GBGDEDA@C@EACAAA@CAGBEBCFABCDABC@E@ECECMGYCAAA@A@GAGBE@EBADABABA@C@EAICEAEAC@E@ABEDCBAAE@ECCACA@@A@A@@DAD@B@B@@CBCAA@I@EAC@A@@BAB@@@B@@BB@B@BB@@F@B@BBDB@BBB@B@@ADGFCDCD@BBBBBDAD@HEHEDCDC@E@E@A@C@@@A@C@C@ACE@A@AB@D@B@DBB@BB@B@D@BB@B@B@D@B@D@@@@A@@@AAEAAAAAAA@AAC@CAA@@@@A@C@C@ABA@A@AB@B@F@@@BA@@AAEAAAAAA@@@CBCBAB@@AB@BBD@B@B@@ABC@A@CAA@AAAC@A@A@C@C@E@A@A@AB@B@BBBBBB@@B@BABA@GBCAAACAAAC@A@@B@BADAHEDA@A@AAAA@CAA@@CA@@AAB@BC@A@C@AACAAA@@@@A@@@@@A@@A@A"],"encodeOffsets":[[117957,33386]]}},{"type":"Feature","id":"411727","properties":{"name":"汝南县","cp":[114.359495,33.004535],"childNum":1},"geometry":{"type":"Polygon","coordinates":["@@DC@@@@DIBC@EDEJSBE@CAACEGUAGACAAAC@G@KAEA@AAEAE@A@AA@ABEBCDCBC@CBABAB@@IBA@ABANB`@D@B@B@@AACCECCAA@C@EBK@C@AAAACCEE[CS@@CACAMACACACEAA@A@ADEFEHKBEBGAAIMGIEGCQGIGGCAGACACCAEAIAEEAE@IAGCMG@A@@FKFMBE@A@@AAA@A@@@CBABA@AACC@@AA@A@ABADAB@B@FAB@DADCBA@AAACEAA@C@K@E@ABAB@B@B@FBPNBBB@B@BAD[BEBCBALCLCFAB@LBDBB@BADE@@BAF@BAB@BAAAAAC@IAA@@A@ABCDAFAF@D@HDFDFHDBBBXFD@@B@BBF@DB@B@B@FAB@B@JDB@B@BA@A@ECG@ABCBC@AACACAA@I@A@@A@OEA@@A@@B@R@BBDBBJBBFDFFB@B@PAD@B@DB@D@B@BEDAD@BBDDBBBDBF@JCHCJEJEDABCBM@E@AAACAICC@C@IBAACCGG@@@ABCBCDC@A@A@@AAA@C@ABCBCDABA@A@AA@@@ABCNMFEHCHCD@DAFBBBBB@B@DEL@BB@@BB@V@B@BA@AAM@A@@@AB@NB@@@A@GAI@A@ABBLFBBBA@A@C@G@ECEAA@A@E@IGA@@@D@FAB@BA@A@C@A@ACAG@AA@A@C@AAC@ACAAAAA@A@@@A@@@@BALAH@@@B@@A@A@@@A@@AAC@@AA@@AAA@G@A@A@ABABAB@@AA@@@AAC@C@@@AA@ECAA@@AA@@@A@@BA@A@@@A@@@@A@@@CBA@@@@@AA@C@@AAAAA@@@@BAD@B@@ABA@@AA@@@CCAA@AA@@@G@A@AAA@@AA@AAE@E@AAA@AAAA@AA@C@GAEAE@C@C@@@A@@@AD@BA@ABA@AAC@@AAA@AA@@@A@@DA@A@A@A@A@A@A@A@A@ABC@E@CACCEEA@ECAAAA@A@AAABCA@@AA@A@C@A@A@ABCBA@ABA@AA@@@@@ABAB@BA@A@ABAAAACA@ACAAA@AGCG@@BC@ABABA@A@@A@A@AA@@CC@A@A@@AAAAGACCA@A@@@AAA@AA@@AA@ABA@AA@@AA@A@ABABA@MAEAA@A@AA@A@@@A@ABAAAACA@ECAAAA@AAACEAAAAAC@AAA@@AA@@CAA@AA@@CAC@C@AA@@AA@AAE@A@A@AAAAA@AC@A@CC@A@A@AACAAAAEAIEKICAC@CAEAEC@AEKAAACC@MCCACAECCAEAMCE@C@E@IHC@A@C@EAAAAACCIEGAEAA@I@IDGBEDEDA@C@IEGCKECDEDCFAD@DCJADIRAF@B@HBBFDHJDBHDDDBFDHDH@F@DCFADCBE@E@KAICA@AAAA@C@A@AAAAAOAGAI@@@A@C@GBEAK@EBA@@BABENAF@H@FBBDDBBDBDBBB@B@D@H@B@@B@B@DED@DADBDBBBFHDDBBDBH@FBBBDBBDFLBDBDCN@DCDCBABC@E@CBABCFCBCBG@C@A@CAIGECA@A@A@A@CHGNCHAF@B@D@BDBJFBB@@@F@J@HB@BBD@VAB@PGB@B@BBB@@D@DAL@B@D@BDFBDBBADCHAFCB@BAJAN@BEDIHEFCBA@E@C@ABABC@EBKBQB@B@@A@EL@B@D@@DBJDB@BB@B@FCHMTGJ@BBBBDFBFBB@FABBD@BBBBBD@DABADIJCDGD@@AB@FAH@FAH@FBDFDHHLHD@F@JEFAF@F@HFHHBDD@FCHAF@FBHBHBJAHADCFGDAH@NBHDFHFJFNJR@BCD@BDJABABBDBBABC@G@E@@BBBBB@DAF@DBFHN@LADCJCHMPOPGHEHABC@CAIEIGGGEAMBS@IBCB@@AB@@C@EAG@IAG@EAGAA@A@AB@B@BABA@A@AB@B@@@BCDAB@D@BA@IBA@@AAAA@A@E@C@ABADADA@ABG@AJ@D@BDB@@BBAH@@CBCB@B@B@DDF@B@B@FABBDBD@H@BADAD@D@DBDBDFHB@DAFCB@B@DBDFBDBD@B@BADCBADA@BB@BBBF@JD@@@D@DBDBBB@F@D@BA@A@CAG@C@EBAB@P@H@B@DBDD@B@BC@ABAB@@BB@@D@@BBHBFADAH@DBBJDBADCD@D@HFHBFBBBBAB@@AB@BDDBD@B@@BBDAJABAD@B@D@F@BBBB@D@B@DBDDDBB@FBF@HAFAF@B@F@J@B@RAF@B@H@B@D@DCBAB@D@N@B@JADAFCDCFCHCFAB@@@BDFDBBD@JBF@DBDDFBTHD@B@F@D@LBZHLDF@L@PBDBNJHJFHNHHBRBHALAPCRADADEFEDCDABABK@EBAD@B@JFFFFFB@D@"],"encodeOffsets":[[117201,33963]]}},{"type":"Feature","id":"411728","properties":{"name":"遂平县","cp":[114.00371,33.14698],"childNum":1},"geometry":{"type":"Polygon","coordinates":["@@BAFCDABGDEFAL@XD\\BFAF@BCDEBCDCB@DAD@@@BCBCACAE@C@EBCBCFADAB@BBDFBHDFBFB@@@L@BA@@B@AA@CAA@C@A@EBC@EDEBABABCBCAE@IAEAK@@BCBC@A@C@ACECACACAAAA@AEAA@C@C@CBC@ABI@C@IACCICECCICAA@CBGBCAEAG@AC@@@AA@@BABAD@@A@ACCCAA@G@O@A@AB@F@DBH@D@BABC@E@A@AAAC@C@C@@ICE@AA@AAAB@BCDABC@A@AACACCECAA@A@EDCBA@EGACAC@C@CBCBC@A@GACACBA@E@A@ACE@C@A@ADADA@@BGAA@@CA@A@CBICAOCKAKCIAA@@AAA@AA@U@C@CAA@EEAAAE@@A@A@A@CBE@C@GB@BDFHFDFADCBMDIBCDAFBLBFFFFD@DCDE@ADBDDBDFHLJP@FABk@SBGBCD@L@PADGDKBY@ECAKAOCMKKMMCEAUCQEMICOCI@CDAFCLCDSLEFAF@LBFDBFDBB@@@@@@@@AB@@@@@@@B@@BB@@@@@BA@@B@@@BBP@FABI@aCCBADELAFC@CAAEAGC@C@C@@CBA@CBA@A@AA@CACBC@EAQ@ECCCCIEKGQCAIAECAEBG@K@KEEIAGAGAKAEBEBC@G@AC@CFEFCNAFADA@CGEGEAE@GBQAGACMEKCAAICC@G@I@GDEBA@EDAB@H@BBL@BAB@BC@A@EAEEIIGCCAC@A@C@CFGDCBI@A@CDCJ@FAPAB@BA@OBC@A@@D@D@P@FCJABABEDIFEBCBEBABEBABABADAJCFCHCFCDEDCFAFAJ@FEV@DGJ@DAD@@@BDD@B@DADADABKHCBKDGBGBG@GAC@ECCAA@C@CBCDAFAFI\\NPFL@@@@DHJNHJ@D@B@R@JBNBHDHFHFFRLHDDBDDD@D@J@FAF@DBDBFDBBBDBD@D@D@FBBHHFFJJFFBDDF@DBF@H@@DDDBFDD@J@J@D@D@PFDBP@L@B@H@J@D@JAB@B@D@BBBBB@@@DADAB@DAD@@@BABADCD@F@H@HBHBDBDBBB@DBFBDBB@BDBB@BADAB@BBFBFDHBFBF@RAL@D@D@DBD@F@FAD@FBFDD@DBJAFADAJ@FBFDHFHDB@F@F@FAB@@C@K@E@M@EAC@CEE@C@ABCDAPEJARCJCHCDADGBCB@DAB@L@HBD@DADADAFAD@F@H@HBD@BBD@NABABEBAB@DADCD@BAP@BABCBAB@P@H@J@P@H@HAD@BBHFFFFDLDH@F@D@"],"encodeOffsets":[[116832,34046]]}}],"UTF8Encoding":true}