{"type":"FeatureCollection","features":[{"type":"Feature","id":"410603","properties":{"name":"山城区","cp":[114.184202,35.896058],"childNum":1},"geometry":{"type":"Polygon","coordinates":["@@BE@G@MAK@C@E@ABAB@D@B@BBBDBDBBBBB@BBD@FDBBBBJ@D@HC@A@EEGGGACA@CACAAAA@A@@A@AB@@A@C@AACACCAAAIACAC@A@CAAA@AACBECG@ACCAAAC@CAG@A@ABCDCPIBA@C@@@@@@ACCCGEICMCYCEACAAEACBEACACCAECEGIOS@E@AAECAAaAIAE@CBABKXABCDCDEDABCHCNAFABABQDCB@BABBBBHBF@DABKXCF@BBBBDDBD@JBB@B@BH@@BBBBBBD@FDFBBBFDBBDBLDB@DD\\VFFDFFH@B@B@FBFBFBFAFAHAHCFCFEFEFCFAF@D@J@H@FBDDFNCNCFCBCBWDELIHCB@@@@@JCNKJGLCRCLBH@HDH@B@B@"],"encodeOffsets":[[117023,36837]]}},{"type":"Feature","id":"410602","properties":{"name":"鹤山区","cp":[114.166551,35.936128],"childNum":1},"geometry":{"type":"Polygon","coordinates":["@@CEAC@E@G@I@CBEDEFEFEDEDEBGBGBEAEAEAE@E@A@AEGCEEE[UCCA@KCCAAAECAAEAECC@AAAAAA@@AGA@A@IAC@CAACGDE@EB[AQ@kCU@BB@BA@ADSLIDIDC@A@ADEBABABAB@@A@ABA@@@CBGBEDA@@BAL@B@BABGDE@ADAB@D@D@BBF@D@HAH@FDBJ@L@F@NCZIDAD@B@BFDJBDDDHBFABABAD@DBDDDFBBD@F@FAHBHBBB@DADEFABAD@FNXBH@F@FHHJJDB\\JNHNJVNPAJCHGDEDGFQFKJCLCB@"],"encodeOffsets":[[116939,36880]]}},{"type":"Feature","id":"410611","properties":{"name":"淇滨区","cp":[114.293917,35.748382],"childNum":1},"geometry":{"type":"Polygon","coordinates":["@@AA@ADELWBA@CAEAGAABA@ADARCBABABEDMDGBAFCDCDCBALWBADAF@JBbBBBFDBBF@T@@CAE@CH[DEFIRcFWFKNWBCBA@ADCDK@CBABA@AB@@@BBBDBDBDDJHLNTLNFFDDD@HBH@NDFBH@RFJDLHLJDDHBRDLBF@FAH@XAV@HBFDJB@@kCKAO@KBEBIDEBCDCFABA@CACEAMEICqOLWNYBEBc@CIUSeCKCCAACAE@ABAFEJABC@IBC@AABEAAA@UACB@B@JABQBQDAB@@A@GB@@ABC@CBABA@@@CA@@C@A@AB@BAB@D@D@DADEH@BABCBEBGDGBEBCDAB@B@H@HBDBDBD@BD@FBF@B@B@BB@BBFAF@J@DDF@B@BAB@B@BFDBDBD@D@HABABIBCBA@CACBC@A@@B@B@HAD@BABA@ABA@C@@BA@ADABEBA@ABCDA@A@C@AAEEAACACAEBCBABAH@DDP@B@BABIHABAD@BA@GVADABEDIDC@C@ECGCCAE@CBIDKDMDE@E@C@AACAAAA@C@ABC@CBE@AAC@E@CBCDIFABC@CACAA@@@CBEDCBAAE@E@C@CBE@G@E@ICEAI@CAGBEBE@EAIAKGGCE@CBGFCDC@A@GCKEEAC@AB@FBFFJFFFDHJBD@FABCBGBEDABENCFGHCDCF@DBFFHFDD@bBLDHDJHHFJDFBHABBDBDLBF@D@H@@@@@@@J@R@DB@HHFFV@lDR@\\BFAF@HC"],"encodeOffsets":[[116887,36774]]}},{"type":"Feature","id":"410622","properties":{"name":"淇县","cp":[114.200379,35.609478],"childNum":1},"geometry":{"type":"Polygon","coordinates":["@@DBJ@FBJDF@H@F@DAD@F@F@BBDAFCDA@@B@DBDBD@BAJEDCDAF@D@BBF@DAD@BAD@B@BBDBBBD@F@F@NCLCJCDAF@DBHDFDD@D@JCFCBABCHUB@@ABCBAJGBA@A@ACO@CBGBADAFADBDBBBFFBBD@B@B@DCBAB@FABABCB@@AD@B@BAB@BA@ABC@G@A@AB@D@DADBB@DAJABABA@G@CACACEC@A@ABA@A@ACE@C@IBEAE@AAAA@A@E@EAC@@AACACAC@G@G@ABADCFAHAHCFADABA@AFGBC@C@C@CBA@ABAB@@@HARCBABA@@EQ@CAA@ABCBADAHABCBABC@CAA@AKCAAAA@AB@DADA@A@EA@@@KCA@AA@A@AFI@A@@CACCA@@@@@EIAAAEACAAGEA@@AACAGACACKECAAAAA@ABAJQ@A@ACE@CAABADCBC@C@AESACACCCCA@A@C@ABAFCDC@ABC@C@AB@B@JDB@B@DG@ABAB@B@HDD@BAB@DC@ABCCOE@I@E@E@E@CBGBMDWFGBOFWHGBE@A@C@ABCDEDCDEBC@E@EAA@CCC@C@C@GBCBC@G@C@C@A@ABA@ABGDMBGDMHOHIFQLIHIDG@IBU@MBIDGDCBAB@DATAFEHWREFCF@D@DFRBJ@F@DCJ@F@B@BHHDD@DBDADAFCNAHAD@D@DCFIXADABABGFKDGDI@GBC@ABAB@B@D@HABCDIBEBCBSHCDA@C@F`BFDBBBZ@DBHFFHDBHDFBHHHJDDBBD@DAL@D@BBNNHHDDBH@FCJAD@B@BFBDDBHBJ@DDJFH@D@D"],"encodeOffsets":[[116817,36663]]}},{"type":"Feature","id":"410621","properties":{"name":"浚县","cp":[114.550162,35.671282],"childNum":1},"geometry":{"type":"Polygon","coordinates":["@@LKDIBC@CBAD@PAHABA@@BC@AACAA@ADEBGBAFEHELGREPANAJ@FAJEJGDCFAD@HBTFNDP@H@D@DCJIHCDCLAJE@@@@@@LGHC@@@@DCF@@@@@DADA@@@@@@DE@G@EAWAGGKKQK]IMGGC@EAAAE@G@GAEAAAAEAAAA@@E@I@EAEACCAA@AACCACAAAACCEAA@EAK@CCEAGCACACAE@G@EBKDCBC@E@UEWCCACCACAIAGECMC]EKIIGCECAE@C@A@KCG@AAA@A@CBCBC@C@AAKWAAA@EDI@IAEBEBODYDC@EACG@CACBCFEDC@C@E@C@AA@@AC@O@EBC@CA@@AE@AFGBC@CCECCKEiM[MMGGAICGEACCEEEGEGCEAGCEICGAGAA@C@AFIPQFMCC@@@@IEKIOKACCA@A@@@@A@aMGAA@CB@@C@E@OKeWE@E@K@KDIHKJEFEBCBI@G@GDIFEFAD@FBFBFDD@B@DAD@FBBFBJDDBDDBBBJDPAD@BCDA@ABC@GCA@A@AB@BCHA@A@ICA@A@@B@DAD@BCDEDAB@B@D@BDBDDBDBDFT@B@DADCDABBB@DDF@B@BIRAB@BBBBBDBLFBDBDBHBD@BB@HFBBBDBFBBFJ@@@@B@DDDB@@@BEJ@B@BBBB@LD@@B@@F@BCBCBA@@BBBBBLD@BBB@DADABADGBCBABAD@BBB@DFR@@ABABQDGB@@D@@@DB@@B@BADAD@BA@@HAB@@@BARCRABA@I@ADAVBB@BBAFBBD@JAD@BAFIBEBAF@DBBBDDDLTfJV@DAdAFMZKXrPJDNFFBBD@DABEBCDADCFAJAF@LBPDLlD@DAHAH@JBD@DAF@D@BAF@JBF@BBBHDHDBDBHANAH@F@DBDDBBDFBBF@J@J@D@D@NBBBLANAJAhGJCF@FADBBBDBHPHHFBBBF@BABA@AACCA@A@AB@FAD@DBLFDBD@"],"encodeOffsets":[[117338,36701]]}}],"UTF8Encoding":true}