{"type":"FeatureCollection","features":[{"type":"Feature","id":"431302","properties":{"name":"娄星区","cp":[112.008486,27.726643],"childNum":1},"geometry":{"type":"Polygon","coordinates":["@@BA@A@EBCBABC@CBCDIDGDEBCBCBEBC@C@A@AAAAABC@K@KDMFIFEDCDCD@FBBFBNBHFDFCBIBG@KFODKBIJEJCFEHEHCF@FBHBHFNJJ@HEJGFMDQBACECGGKCSBEB@NAFAHADGFEPCJK@@@@@ACAGCK@GCA@CCAAAKASAE@CCAAACBADAB@D@DBB@B@B@D@FABCDC@E@C@E@CACA@A@C@AACCAAC@C@@DAD@FAFABA@CGAE@C@ABADEBEBG@G@ACKCOCCCKKAC@A@ABAH@BA@AAE@A@ADADA@A@@@AEA@ACAAC@C@E@@BE@A@@AA@A@@@AB@B@@@@H@BB@@@B@BC@A@@B@@@D@B@@BBB@B@BB@B@@ABAB@B@B@@@@G@C@ABAB@FBB@B@BC@A@CACCEAE@ABAB@D@BABABABABABA@ABC@CAAA@A@CA@A@ABAAAA@A@ABACABE@CBC@AD@BADC@@ABA@AAA@@CDA@@@BCA@@@A@@B@@A@ECA@A@C@AAA@@C@ADA@A@@A@AA@@@ABABA@AD@B@BBBA@ABAAC@AA@C@C@C@I@E@CC@@@EFEBA@AAA@AB@D@B@@C@AAAAA@A@ECA@ABEAAAACA@@@A@AA@@@C@A@AA@ACCA@@@@DABA@ADA@ABA@ABABA@@AA@C@AAC@ABCBCBA@@AAA@AA@@DABAD@BAB@@CAAB@BA@ABA@A@@BA@A@@AA@@@C@A@A@CAA@A@@@@BAD@@@BA@AB@@AD@@ABA@GCCACBCBAD@D@F@FABABIAA@ADCN@B@DJFDD@FBDAHABADEDOLE@GACBA@ADABBF@DFL@J@HBBDDHDBBBB@BBHAFCBUBQDIHMFE@G@GAIESMCAC@CFHJFHPNFFBJ@FCNADQTAFBBBDJ@J@F@BF@NEH@JHPBFLLD@D@BCBAB@D@BD@NAJAHEFDDFFBBJBFBD@DCNGJIFAZHFBFHCHMFGDCDAHHDPFJFFHBD@DADEBABMCABCHCF@D@BHD@FEDA@E@S@CBEGC@E@UDABED@FBDHFBDFLDDDB@F@RDNHRHRDNAJALETAHGP@FBDHDDFBJ@FD@HCLC@@@@DBB@DBBB@@@ABABABADAD@BADABCBABCB@BAD@DAB@DABCBCBCBABEBABC@EBKBEBEBEDEBCBC@C@C@CBC@A"],"encodeOffsets":[[114688,28578]]}},{"type":"Feature","id":"431321","properties":{"name":"双峰县","cp":[112.198245,27.459126],"childNum":1},"geometry":{"type":"Polygon","coordinates":["@@NCB@HCB@B@BB@@FFHH@@@@FDDDD@BAB@BADBBBB@B@@@BKBCDAD@D@D@BBTRBBBB@BABAD@BDB@BBDBBD@D@D@DABCDEBC@C@ABCBCBADADAD@BB@BBD@D@DBBBBDBBBBAFEFAFABA@AAC@@BAB@DBP@DBD@HDF@D@B@HCD@@@@B@BAF@DDN@B@BAB@B@@BBHDFD@@BBBB@@@@DKB@B@B@BBJHFHBB@H@D@BBBDBB@B@DAB@@@BBBD@D@FDH@DBL@B@DB@D@D@BABCDCHAFAHB@@JGL@LBJDLDJARMJMNIFKDIAICGEC@I@G@CAEGCI@QAOAICCC@IDINKPMTILGLEJCFCFCDIAMDIBIAKAKCKIOQUAA@A@CCE@AAAGAAACE@AAC@@@ABC@A@ACC@@@C@A@AAA@A@E@G@AAAAA@C@A@@B@B@@@B@BCBC@C@C@A@A@AD@DAB@D@B@DBHFBBB@B@BAFAB@@AA@AAA@AA@A@@BA@AB@B@BBBBHHBB@@B@B@DCB@B@@@B@DFBBB@@@B@BA@@BGBI@@B@FBB@BA@@B@@@@@BD@@B@@@@@BC@@@AAA@A@@BAB@DC@@B@B@D@@AB@B@D@@BB@@BBBBBBBBBB@@@D@D@FBBDBBB@D@F@DBDBBB@B@D@BABA@@B@DBBBBB@D@F@B@BBBB@B@BABABAB@B@@B@BB@B@@@B@BF@BB@DBB@BBBADAB@BB@D@D@DBFBDBF@B@LCDAB@DCBADKBCDC@AA@A@AD@BA@AA@@AE@C@ABCBA@@@A@AA@AAAAA@AAB@@ABAH@B@@ABABABBD@B@BABCBAD@DBDBHBB@@@BC@@HCFOHKBKBKBEFGHEHERCLCJEHEHC@ABABCDABAFCDAFCBABA@ABA@C@C@ACAAAC@E@A@EACAC@AAAA@CBCDABCDCBA@A@CC@CBA@A@A@A@A@@@@@BC@ACAA@A@AA@@CAA@ABADA@A@AA@A@ABABCBA@@BBBABE@A@AAAA@@A@@BAB@@@BA@@@A@A@ABEBA@A@AAAAAC@C@EACAAAA@@A@CBA@A@C@A@AAA@AAAA@A@A@AB@BA@@BAA@@A@@FABA@A@@@@B@@@BA@C@A@AB@BAD@BA@A@@A@AA@AAAA@AAA@@AA@A@A@C@@AA@ACCA@@C@@AAA@@@CBA@@@A@@@A@@A@ADE@A@AAAAA@@AB@BABA@CAQGEAA@ABCNABABCBE@E@EBABCBE@IFA@ABC@AAE@GAG@EAG@I@EAA@MAEAC@@B@BDFBF@DABCBE@C@CAAABA@AAAA@C@EDCBC@G@G@E@GFABC@ABCAC@CCEEAACBGBCBC@A@CAAA@CBA@AAAAAC@CBC@CAACACAAAACCAC@ACACCCCCCACAA@A@@BABCBABCBC@CAC@ACCCAAAAAAE@CBABAA@AAA@E@E@CACAAA@C@AAAA@A@KHCBABAAACAA@CFC@CAG@A@ACAA@C@CAAAAAECICAAACBA@C@A@ACC@ABA@A@CAAAAAAAA@A@EAAAACACACAABCDABCBCBA@ADAD@B@H@@B@B@B@@B@@CBEBA@AD@BABABA@AB@B@DBDBB@DABAFABC@CAC@C@CBCDAB@BBDDB@BABCDAB@B@D@BA@AAGCC@A@ABADADADCDCDSHCBCACAAA@CBC@CAACCAACCAC@CB@D@DDDBB@@ABAACAACAAAA@A@AA@A@@@CDCDGBCBCDA@ABCBKACAAAAAAACACCACACAAAAC@I@CBEDCBCDCD@DA@@@A@ACAAACEAACACAC@CBCAGAA@A@C@AAAA@AAEAA@AA@A@A@AA@@@@AA@@@ABABCBA@@AAAAA@A@GDA@C@@B@@A@A@CAA@@@@@@@@B@@A@@@A@@A@A@A@@AA@A@A@A@A@ABA@AB@B@@A@@AAA@E@@BA@@BABAB@@AAAAAACC@@@@AA@@@@AA@@BA@@A@@@A@@DAB@@@@@@AA@A@@A@AB@@@@A@@@AA@A@@@@AA@@@@A@@@@@@@@B@@AA@@@@@@AA@@@@@@@BA@@@@A@@A@@B@@A@@@@@@@@@@@@@@@AA@@@@@A@@@@CBABA@A@AB@@@B@@A@@@A@A@@BA@BB@@EDEFCHAPBJ@JCNCP@PATAVANEHOFKCGAGDKHMPITCJcBKGGDCJAJCH@DJRKHQLKNIDMDIHK@MHUNMHIFGDIHCF@FBDDDFH@HAHONGHOLKJILGJEDIHAB@JHLTJXFTLXDLFPJXNJLHNVLR@ZJTHRE\\CPFPJHNCTMFYEQAKJGPGLCLB@BB@B@BADB@@BB@D@B@DF@BFB@@@A@A@@BAD@B@BAB@BD@BBD@B@BABBB@@BA@@BABBB@@B@@EDIFABABAB@@@BA@AA@BAB@@@@AB@@@BB@@@BA@B@@@B@B@B@@@B@DAB@BEFAD@@CDAB@BA@ABD@@@B@@BB@B@@AB@B@BAB@@ABADB@@BA@ABCBA@CB@@BBB@BB@DADABAD@BBD@B@@BB@BABAB@BAB@BCB@BA@C@@B@DD@BBBB@D@@@B@@B@B@@DBBBBBAF@BDB@F@BBBBB@B@DA@C@A@@BBB@BABEF@F@@DDF@J@D@D@D@B@@BBDAB@BABAAA@C@@BABAB@B@@BBB@@@@BCB@B@DB@BBD@B@B@FDB@@@@AB@@@B@AD@@B@DC@@BB@BAB@BD@BC@ABCD@DAF@BABDBAB@B@BBAB@B@BDBB@B@BB"],"encodeOffsets":[[114768,28310]]}},{"type":"Feature","id":"431382","properties":{"name":"涟源市","cp":[111.670847,27.692301],"childNum":1},"geometry":{"type":"Polygon","coordinates":["@@CAA@@AAA@A@C@AACACAC@ADABC@@JCHCBAAA@C@@AACCAE@AACAAACAA@A@A@CBABADCBADADAB@B@D@DBHBFBFDFDDFDDDDBDBBB@DBB@B@DAFAFADADABABADCBEBCBABCBEBABC@A@@AACAA@CA@@@@KDGDC@@EAICEGCAC@EHOBGFSBKBICMGQGQCM@Q@ECACCEKACGEAC@EFCBAVCF@D@FHDAT@F@B@FC@EGC@A@CDEDGBANDBAFABC@CACEGIEOEGCBGDCHCNEDGEGEAYGEBIJMHCDC@EAIAAAEECCFEBGBI@MACC@A@ABADC@C@KKAEGO@IFG@MAEE@I@I@ACAABERSBCDM@EAIEEOMEGGIDED@DBTNJFHBH@F@NEJGRCVADABEAG@AAAAAGCCCAA@G@IEK@CAEBABCB@DAHBF@PKFCBCBABGAC@ECCIE@C@ADMBCB@JBBABA@E@E@CBCDADADBHDB@BA@@BC@@BAB@@A@@BC@A@@B@B@DBB@B@BAB@@ABADC@@BCFE@ABA@C@A@@@A@A@A@@@AAB@@A@@A@@BA@@@@BA@ABBB@@A@@BABABAJEFC@@@AA@AAAB@@AB@@AABA@A@AAC@AACA@ABA@C@AB@@@B@B@@EA@ACEA@C@A@@AA@BC@A@AAAA@DKHKHOLIRBZFNEDSGMOIOE[DQFSGYIQ@UKGMIKWMOIKEWCSKWESIGK@IKDEFEHEFI@EAEACACGCECGACGAEBGBABGDKJCJAN@JEFIBCCCEECG@CD@DAJADAL@HDLGBMAQBMBQDK@IBEFGLAFCJEDE@CAEAE@E@CDEFGFOJIFABA@ABA@AAAABO@CAACB@BAFABABABCBEFCFCDCBC@CAA@CKCCCEAAEIIKAAA@ABADABA@CBA@AB@B@B@BA@ABBF@DADCD@D@@ABADBBB@B@DC@@B@D@@@B@DCBABBBB@@@BBD@D@@AB@@EB@@CDABABA@C@@B@@@BBBBB@B@BAD@@EB@@@D@DABCBA@AA@ABE@AA@EACAA@C@ABADBBDDBB@BBBJ@@@HJBDDH@BAB@@CAAAC@A@AB@BBBH@B@@B@BEN@@ABAA@@@@BG@AAACAC@@@BB@B@BA@C@AAA@@A@C@AA@AACBOHCBA@C@@A@ALIFAB@@AAAA@AAACCECAA@@BADBD@B@@CBAB@FAB@@ABC@A@@@AAAAABA@AB@DAB@BE@@BAB@DBDBD@B@BABAAA@@AABCH@@BFAJAJQBM@EHEJBLAJA@A@CFC@A@EAA@@@BBDDDDBDHFBBD@B@DBB@BB@DBBBBB@@@@@DBD@DAD@B@@BBB@BA@@B@@D@B@BADAD@B@DBFBFBDB@B@BBD@BB@BBFDDD@D@BAHAFADCFA@AAA@@@A@@B@B@D@BBB@@@BA@ABAB@@@@DDB@@B@BCJADAD@D@BFFFBBBBB@@@B@DABAB@H@BEBCFEHABCBA@C@AACCAAC@A@ABABEL@@GHEH@FBHDFBJJPJLFDHFFDJHHHJLLRJRJLLNHFNHJHLFHJFJ@HCJINKJIBMBI@CDCDAJAL@NANAHCHGBE@IHGDEH@LDBHFDDD@D@F@B@DBDFBF@FBDBBNPNNFDBB@B@BCFKNCHOHSPQLIHCFAB@D@BFHFFBFDDB@D@D@DAB@D@F@FBBBDDHFDBB@B@BABABABCBC@A@AB@D@DAFADABCBABGBATIB@B@BBJFPNFDBBDB@Q@ABCBAD@B@FBFDDBD@BAD@DED@B@B@HFB@B@B@LQDABAB@DBFF@BD@D@@@DDBDB@DBFBBBHR@@FDB@HAD@HBTJF@FAFC@EAG@GHGNCHADBBBBB@BAF@RBDBBLBHDJHJBFDFJFBFALCFALHHJBBB@D@D@D@BBB@B@B@HCBAB@BBB@@ABAD@B@B@D@F@J@F@DBF@DADAHC@@DAFA"],"encodeOffsets":[[114589,28695]]}},{"type":"Feature","id":"431381","properties":{"name":"冷水江市","cp":[111.434674,27.685759],"childNum":1},"geometry":{"type":"Polygon","coordinates":["@@AACAAACKCIAACAAAACCAMCCAA@CAA@AB@DA@A@AA@@DA@AAAA@C@ABA@AAAACAQCSEKCGCIEEGCKOCG@EFCDAFAJGFGDGDOCKEKGGIMKIGGOA@CIGKAAKCCCEC@ACCACAAA@EBC@AAA@C@CBAAAA@AFA@CBAAGACACEACA@AACCAC@A@@@CA@BED@@A@@AA@@A@A@A@@A@@@ABABA@A@EH@B@BB@B@FGB@@@@B@BINABCBCBM@GDKFOFEJNENBJDFH@DAHADBFBFDJFJFH@@@@FHJPBHDFDJB@AB@B@@BBBBD@BB@B@@ABA@ABB@BBB@B@BAB@BBD@B@BCD@LHBBADBB@@@BAB@BBBAD@BBBBBBAD@@@@@@B@BDBBB@@AD@BB@BBB@BBABA@@@@BB@@BBB@BB@DABA@AAA@A@AB@B@@@@BBBB@D@B@B@HDDD@@@BCD@B@D@BDDBD@B@D@DABAB@B@BBF@@BBBBHDDBBB@@ABED@B@BBH@BDBB@DBB@@BA@A@CBC@ABC@ECC@AAEAG@C@EACAC@ABADCD@DBBBBJHHHBFDD@DBD@DBDPJBB@D@D@FAF@F@DBDADABE@ABADBBB@HDB@D@D@NCHAB@DAD@F@D@F@FBF@NJBDBD@BAFCH@D@BBDDBFDDF@DFJBBDBFBB@BA@@@ACGAABAB@D@DBBBBBBD@BBBBBB@D@DB@D@BAD@HBDBF@B@FJRBDHJHFDAF@@@THHDDDHFFN@HFHLBD@HCHAN@F@FCBCBGDCD@DBD@H@DADAACAECC@C@CDGBCBI@KAKAIBK@IDEDCL@JCL@ECIKIOAICEAG@EFGHG@@FKBABAB@D@BBDDBBD@B@DABAFGDEFA@A@GBABA@C@A@@AAAAEAEE@A@CBCBCDI@A@AA@CC@@@@BABAB@@A@@AA@A@C@A@AB@@@B@BBB@DEBCBEBG@A@CCCECAAA@@AAC@A@ACAEAEACAA@C@CBABA@C@@@@AB@@AAA@AA@C@CBC@CA@@@@A@AAAA@CAAA@CAA@C@AAGEACCCCCAA"],"encodeOffsets":[[114235,28293]]}},{"type":"Feature","id":"431322","properties":{"name":"新化县","cp":[111.306747,27.737456],"childNum":1},"geometry":{"type":"Polygon","coordinates":["@@A@CEEECC@A@@@ABC@A@A@AAAAACGAECE@@A@@@C@C@CDC@CBA@AACAECEEAAAA@@BA@AD@@A@@B@@@BB@@BAB@DADCDADADAFABAB@B@B@LJDDDBFDDDB@B@DBDBDBDBD@DBDBBDJNFFBDDBFBD@BB@D@DADCBC@E@CBADADAB@DBBBDBBB@HBDBFDBDBB@@B@BAFKDABAHCDCHIBAB@JFB@B@HG@@B@JDPJHFDBFBH@FABABC@AAA@AA@A@CBEBC@A@AAAA@ABC@ADAD@D@B@DAB@B@@@DFBHADBDBBFFBB@BDHBD@BB@DBBAB@B@FDDBB@@@BAAECU@Q@EBAJCDABCA@GGCACAAAECOMIEAAA@A@SJABAHABADCBEBCBC@A@@B@BADADABABABA@A@CAGECCAAEAE@C@A@CBC@C@A@CCAEEEEG@A@CBADEJGRKTOPGDGLMDE@A@AAAECMMMOAAAC@EAECECAA@E@C@C@CCGECA@KFGHCJGF@HADGBGBM@MBKBIDCDCJ@NAJALIJMDI@GEIGIKEIGMGGEKMIKIQKQIKGGIGECGEK@IDK@CDCF@JALBJBL@LAJADCH@D@DDDBFBDCBCBG@C@CAC@CDAHADEDE@M@GBGDC@KAEG@GEMGECCGCSG@@E@CBGEGIACIQ@E@AAEAC@GBC@A@CCAC@A@AAAA@AACAAAACAC@A@ABBBDH@B@@ABA@EACAAAEI@CCEECCAAC@A@CDGBE@AACACMIE@EAE@C@E@C@CBA@GBMDC@C@A@GCA@AABCBAF@BABCAC@C@EBE@E@C@CAAOIAC@CAC@CCCAEGGIGAAAA@CDCBCBAD@DBFBD@H@FBBBD@FDD@BAD@DAB@B@@AA@CAA@CA@AAG@A@AFCBA@@AACAGCAAAA@@AE@A@ABABA@C@C@AACCC@A@C@ADC@A@@CCGCA@A@C@A@AA@A@@A@A@@B@BBB@BABCBA@@AAA@AA@@A@@B@BAAAA@AAA@@ABC@@AACA@A@A@@@@C@ABAAAA@ABCAA@ABA@A@@AABCAAKGC@ADA@C@AAA@ABA@A@AAA@BAB@BA@@@AAAC@AAAA@@@ABAA@CICEAGIOEG@@@@EGEICIAEAEBCBG@CEGICMAMFCDGHQNEFC@C@CAAACAGEC@ACC@GCAAAEACAAEGACAC@AA@A@EDC@A@AAA@CBC@A@@A@E@AAAABABAA@@@K@AAAA@@@A@A@@A@AAC@AA@CAA@ABGFQHGDABABABBB@DBH@DAD@BCDA@CBC@C@E@IBC@A@CCA@CACA@@A@ADABA@ABG@CBCBABABAD@D@D@BA@@@EEA@EAA@CBABAB@DABAD@BABAB@BBDBBDBBB@B@@AB@@AA@@AA@AA@@BA@A@A@@@AA@A@AAACAAAA@CBAB@B@B@B@BDBB@@B@@ABC@ABABEBAAA@CEAAC@ABA@A@IFI@MEEAG@GB@FAFEHCDO@KAO@IAMFCF@JDLAPCPIJKLSDKAG@E@EDKBKBIEKIGEKBK@EHFJDHCNCNIHKFQ@OESAWCM@SDWBSCQCSCK@KBKDCDDF@FCNAJGFIBEAI@E@MDIFAJCHANAPCVENCHCLEJEN@LCJCDEBIBKCIDEFCLAPGPIJMDGFCF@JLNFJJVHTH^DRHJJDLBLARINITGP@P@L@FCH@FBBADAD@D@B@HFBBB@B@D@F@B@B@BBBBB@@CD@B@BBBD@B@BBBDAD@BBLFDDBFBBBBB@D@DADAB@@@B@BB@DAD@DBBFBDBD@D@@B@@A@A@AB@@AHBBBBB@BB@BHHDBDBBB@BA@BB@BDD@@BBFBD@D@B@DBBBBBBD@BBB@@HBB@BBBBRHFDBD@DBBBFBBAB@BCBA@C@CBC@CB@B@BBD@@@D@B@D@D@DCFAHAHBDBDDDDDDDBDFFDBFDDFFFBDBFDFDDDH@B@BDBDBBD@BA@A@G@GAABEBIHUHABABABBBBDBBFDBBBDDX@DBBB@P@DBF@F@J@P@JAJADADBFBDDFDBBD@D@DABCBGBEDCDADAFCBCDCD@FADAFEDCBCBCFEFIBAFAHBD@BBHH@BD@D@D@F@FDBD@B@BAFCDAD@B@DBH@D@BADAB@@@BB@LFJFFFBDBDBN@BBBBBB@B@F@BB@B@BCFEJ@D@B@B@@HDFBFDBDBDDDBBTVBD@BAD@@@BBBBDBJ@B@D@@FHBDBB@B@@BBDJBH@DB@B@D@FAB@D@BBDDBHBBBBDDHFJFFHNPFHBBAB@D@@ADCB@@BB@@D@B@B@DAB@@AB@FBB@D@D@D@BAB@D@F@B@B@D@@@B@@@DBDDB@B@B@DABA@A@ABA@ABABA@AB@D@D@D@DBLHDBBBD@BBPLBB@@BDBB@BHFVXHHFHDL@D@LBFBFBDFHJHDBXLHFD@@@DAFGDAD@DABADEBABABABE@CBCBADAB@@ABI@AAAAACC@AAA@E@CDAD@D@F@VLDBLApCBABCBE@E@MBCBAFANFZP`ZLLFDD@NCFABABCAECKAEBA@CBAD@B@HDJFXHNHLJB@BAB@BEBELKDA@A@AAE@C@E@AAACAA@AC@E@A@C@CAEEG@A@ABCBADABA@C@CAEAACCGGCE@C@CBEBA@CAE@E@ABA^_DGBA@@AI@A@@BCBAD@HBF@BA@@@ACA[YCCACAG@CBEDW@E@CCCAA@ADEBEPH@@D@FCHEFCDCDCBAD@BADBB@@@@B@@ABADA@BB@FBDAD@DABADEFCBGBGBAB@@AB@BBDBDBDBDDBBBD@B@B@BADADEBGDGDCBAB@@@BBFFBB@@B@B@@ADAFCFEDC@C@@@AAAAAAAAA@AAC@IBKDG@AB@@@D@BDFDFFDBB@DBD@DBB@BBDD@@B@B@@@BABCB@@@B@B@@@BABGBG@A@A@@@@CAA@CBC@C@A@AA"],"encodeOffsets":[[114243,28691]]}}],"UTF8Encoding":true}