{"type":"FeatureCollection","features":[{"type":"Feature","id":"341102","properties":{"name":"琅琊区","cp":[118.316475,32.303797],"childNum":1},"geometry":{"type":"Polygon","coordinates":["@@AA@C@@@AA@@@C@@@KEA@E@@@AB@@A@@@A@CCCE@ABAB@DABA@@@A@CBG@ABADC@@ACAAAC@A@@@@B@B@B@BADAB@@@@AAC@@@A@@AA@G@AAAA@@AB@@AB@@@B@B@BABEAE@C@ABCACACECCEGG@AAAAA@A@@@@@ABAB@BB@@B@BC@AB@@A@A@AA@BAAC@AAA@@@@@A@@DC@ABA@AB@FEFC@AD@@@@@@@AAAAA@EAA@A@A@AB@@CFAB@B@@@BCBABA@A@AACA@@C@C@ABA@CA@@AAAA@ACAA@A@A@@@AAJKFGFCAA@@CA@@@AEBCBCDA@@BAAAC@@@@AA@@@@CCA@B@BAB@@A@C@AA@CB@@@A@@@AB@@@CAA@A@@@A@@@@ABAAC@@@@C@@@AABABABA@ADE@CA@@ACAAAGAEAA@CACBEBA@EBC@A@AB@B@B@BA@@BA@A@@B@@@@A@@@ACA@@BA@@B@AA@@A@@@@ABCDABADA@@B@@@@A@GDABA@A@AAA@AAABAB@B@B@BAB@B@BCBAB@@BDBHBBFDHF@BDF@B@B@B@@BB@@@DABBBBB@BABFB@@BB@@GD@@A@A@C@@@@@A@ABAB@@A@AA@@@D@B@@DB@@AD@@A@CBABABC@@@@B@F@B@BAB@@@BBDADBD@DAB@BA@EBA@A@CAA@EDAB@@G@@@@@@B@@BF@@ABA@K@A@@@@B@@BBBBF@LD@@BB@@@B@BA@EF@B@B@BBF@F@@@@@@A@EAA@@@CEAAA@A@C@CBCB@@ABBD@@@@BB@@N@B@HDD@B@@B@@@BADA@@BA@GBA@@BAB@B@B@BAD@@ABA@A@ABA@@@B@B@B@B@B@@@DCDAD@DAF@@@DCBAB@AC@@@@B@DABA@@@ABA@@AA@@@@HG@ABA@AAAA@@ABA@A@@CA@A@A@AD@D@@A@@@ACA@@ABA@@@AA@@BAB@DC@@B@B@@B@D@@@@B@D@@@@@@@@C@AB@B@@@BDBB@AD@@@B@FFB@D@@@REHA@ADADAB@B@@@DBB@@@JA@@BA@@@A@@A@CA@@A@EBA@@@@@@A@@@@HCFAB@B@HBBB@@@@AJAB@@ABGBCBABCFABABOJABAB@@AB@FBDDNBF@FAB@BABCBA@EBA@@@AB@BAB@D@B@@@BAD@B@B@@ABCBADCDAB@@@BDBBBBB@@B@BABAB@BA@@BBD@BBB@B@@@BCB@@ABBB@BBBBB@B@DA@@DCBAB@BA@@BBB@DDFJ@BDDB@HJFFJJFH@BDDB@DAF@DBHBDDD@D@DAFCDCBE@CACECCACEBADCFCFCF@FADCDCDI@C@AHE"],"encodeOffsets":[[121237,33148]]}},{"type":"Feature","id":"341124","properties":{"name":"全椒县","cp":[118.268576,32.09385],"childNum":1},"geometry":{"type":"Polygon","coordinates":["@@C@@@A@A@ABAB@BA@@A@@EK@@AA@@A@C@@@A@A@A@@@A@@@@@@@@A@@@C@@@A@A@@@AA@@@A@@BABABA@A@C@A@AA@@@A@A@@BABA@@@A@@@@@AAA@A@@@A@CA@@AAAAAAAA@A@@@@@AB@@A@@@A@CC@@@@@A@A@@@A@@A@AAA@A@AAC@EACAEA@CYKEKKG]GKIMGCAECAOKEIW@K@E@E]KeYWSGEaUSSUQUFI@ACKASKIWGGECGCGBKF]JICIEI@WDICQ]IEKCCCICCACC@CBA@ABC@AACCC@A@A@G@G@CAAE@A@EAECA@@@GBEFCDCDGBI@Q@GBABOFEBA@CBABA@CB@@GBABA@ABKD@@EBGDC@ABA@CBA@ABEBABC@@@qjG@IBA@ABCDCFAB@BgTABA@ABU@A@A@EDQHCBA@A@IAAAA@C@AB@AA@A@@@A@@@CBAB@@A@@@@A@@@@A@@@AB@@AB@@AA@@@@@A@@ABA@CA@AA@@BA@@B@@A@@@A@@@A@A@@@@DB@@@B@@@@B@@@@A@CB@@@@BB@@BA@@B@@@@B@B@BAD@@DB@@B@@@@B@@@BA@@CA@@@@@ABBBA@@@CAA@@@AB@@BB@@B@@B@@@@@@@B@@B@BB@@AD@BA@@@A@A@@@A@@B@@B@@BAB@@@B@@@BB@B@@@@@@B@@@BEBA@@@A@@@A@AAA@AB@@@@@BA@@@A@ABAB@B@B@B@@@@ABAAA@A@@BC@A@@@@B@@CJAB@@A@ABA@@@@BBB@@BAB@@@@B@@B@@B@@@B@@@B@@A@AB@B@@@@@AA@A@@@AB@BC@AB@@ABAD@@@B@@B@@B@@@B@B@BA@@BA@@B@@A@@BABAFAB@@KDKBA@CDGF@@DBDDHFFDDBDBFDD@DBDD@DBD@DADAF@D@D@DBDFFFDDBHBJBHBFBHBDBHFDBDDHDBBDFDBDDFDCDGBC@EBEFCFADAF@DAF@DCFCDGFCBAH@FBD@JCDADADAFBDDJDDFFDDDDDDHFFHBD@DCHAFBHAF@DAFAF@DAF@D@F@FAF@DAD@HAFAFH@FDHBD@HBFBF@D@D@D@JCDAFAFADCDAHADAD@JBDBD@FBFBF@DBDD@DCDEHAB@FBHBDBFBFDFBHDDBDDDDDFDFBHBFBD@HBD@F@D@H@H@D@HBF@D@F@F@DAH@DAJAFAFADAFABAFCDAFADAD@FAFAF@H@DBF@FBD@FAJAFAHAD@JAFAF@H@FBF@J@LBF@D@FAFCDADCBCDCBEJAF@HBD@H@F@FAFAFAHAFBFBDBJEFCFEHEDAFAFAH@DDDFFFDBFBBDBDDFBDBDDFFFDBF@BCDGFGDCFEBEFCFCHADCDAFAFAFAF@HBH@F@F@FBHBD@F@D@J@FAJAF@F@H@F@D@H@FBH@HADAHCF@DAF@FAFAD@FAD@F@D@F@F@D@F@DADC@CECCECE@IBGHCD@FAFADCDAHEBCFEBE@GCEEC@C@CDEBCBCDC@AA@@A@@@ABA@@B@@@BA@AB@@AFCB@DEHGDGBABCDADABEBAFGHIDCBCBEB@@@@ABA"],"encodeOffsets":[[121265,32856]]}},{"type":"Feature","id":"341125","properties":{"name":"定远县","cp":[117.683713,32.527105],"childNum":1},"geometry":{"type":"Polygon","coordinates":["@@B@HADHDDHCFEAACACAAEAAACACDGBE@CAEAAAAACBCBCDADEDCFGFCDAFBDFDBB@F@DAD@BCBAFCFCDCDCBAHAHAHAFCFADAHCFAFCHADAF@FADAH@D@H@J@J@F@FAF@F@FCHADEDCBEBCBC@CCE@EDCDCDADE@CBCBCAEACCECEEACCACACDEHCBAHCBEDEBEBEBEDE@E@CBEBGBEAGBGBEBCDEFCDAH@FAFE@E@C@CBC@C@O@@@AECCCEAIAE@I@G@E@E@G@C@GBGBG@GBEBE@CBIACA@CAIAC@E@CAEBE@G@G@E@E@E@E@E@ECCEECCCCECGCECCAEAECEACCCCCAECCCCCACCCCEGAACACCCCE@ECCCCCCGCCCG@C@I@E@IDC@ICEEEAEEEECECEACAEAEDE@EAEAE@E@GAGCEAGCACECCECGEGEEEAACEACEAEAEBEAE@CCACACAE@CAEAEAEAE@GAE@IAGBC@EBCBE@CACCAEBG@GACACAC@E@C@E@E@G@GCCCAAECCC@CCCCBCDEDCDCDE@EEECECCACCCACAGAE@C@EDABADCDABEHCDEDCDCDGBGBGBG@C@GDEBCBEBGDI@C@EAEACAACGACEEAEAC@CDCFADGDEDGBCBC@EBE@E@G@E@C@C@AH@NSASBOE[SBRSMQ@CE@@@@MQOBA@CAECE@EAGCCCGAECCCCAEAEECAEEC@CCGCGAE@EAE@CAEAE@EAEAE@CAE@GAGCCAEAE@CBEBEDCBEDEBEDEFCBCBCDCBADCBEDCBEDGDCBEDEBGBE@EBGBEDCBEFAD@FA@BBA@@B@F@F@D@DAFGDCBGDEBE@GBAFCFCDADCFAD@DBFBDBDDFDHDFBDBHBDDJFJHHFHDHDFFFHDNBJBFD@H@H@JCNAHIDG@EBGBE@GBE@EBEBIDCBEFADEDCFEDEAEAEAGAEAE@GAE@GBGDBDDDDDFDHBDDFBDBBDDFBFBH@DBFAF@H@D@F@D@FBDBDDHBHFHDFDFFFDBFFFFFFBD@BEBCDCDADGDEBCAGEEICECCEAECCACCEAGCEAGAEAGCGCGAECGAGCE@CAE@IBCDCDEDEDCBC@CAIEECECEAI@C@A@A@@BCBEBCBOJC@CBIFC@ABCBEBEBEBA@EBA@EBC@C@C@E@G@C@A@CBA@A@@@ABABCFEFAB@DDDANAVB\\BB@F@F@DCDCDEHADADADAH@@DLBFDBFDFBBDDFBD@B@HADKLCD@BABABKRAHAD@F@P@VADADCH@BADF@DDHBF@H@PBTJXB^AV@F@F@HBFBF@H@HBFBHBF@D@JFFBHDDB@@FBPJ^LLDRDZHBBGNABBDLDF@BKD@@@F@D@FAHGFCBCFCDADCDAFAH@F@DBDBHDHRFHLDH@RMNWFEB@D@F@D@D@D@DDFDFDHDD@HBF@F@F@FAHAH@D@HAH@D@H@HBH@FBH@DAF@HBH@FAF@DAFCDCFCBEDAFCF@DBFDDDHFBDFBHFHBHBDADAFCDAFEFADAFADAFADCFAF@FAF@DAFAHCFCFEBCBCDCDAHCFAD@F@J@HB@D@FCFAD@HBDBDDDDDBDFDDBDDFFDBDBBDDDBDDDDDDHDDFJBDBFBD@DBF@F@D@DBDDDJDDBFBHDF@HADBFCBCDAHGBC@CDEAC@CBA@GBEBE@CBE@C@CFEDEBE@C@C@CBI@E@GBCBGDEFAFBFFBDDHDDDFDBFBFAHEDCDCHCHCD@F@FDDFDFBFFFDBFBFBFAJBFBF@FBH@DBHBDBH@HDFBD@F@D@F@H@F@DBFDHDDBD@F@F@D@H@F@JBD@D@FBFBDBNDD@HFDDFF"],"encodeOffsets":[[120770,33462]]}},{"type":"Feature","id":"341122","properties":{"name":"来安县","cp":[118.433293,32.450231],"childNum":1},"geometry":{"type":"Polygon","coordinates":["@@@@@@@AB@@@@A@@@@@@@A@@A@@@@A@@@@@A@@@@@@BB@@B@@B@@B@@B@@B@@@@AB@@@B@@@@@BA@@B@@@@@BA@@B@@@B@@@B@@@BA@@@@BA@@@@B@@A@@A@@A@@@A@@@A@@@@@@@AB@@@B@@@B@@@B@@@B@@@@@B@B@@@@A@@@@@@@A@@@@@A@@@AB@@@@@B@@A@@B@@@@A@@B@@@@A@@@@@A@@@@AA@@@A@@@A@@@AA@@@@@A@@A@@A@@@A@@A@@A@@@@@A@@@A@@@@@@@A@@@@@A@@@@@A@@@@@@@A@@@@@A@@AA@@@@@AA@@A@@@@@AA@@@@@A@@@AA@@A@@@@@A@@@@@@@A@@@@@@@@@A@@@@@@@A@@@@@A@@BC@CAC@CBE@CBEAGAG@E@@@@@A@CAEAEAECCEECACAE@GAEAC@EAC@C@EAECBEDCF@FAFAF@F@J@FABCBE@CBCBCDEBEDGBEB@@@@A@@@AB@@@@A@@@@AA@@@@@@@A@@@@@A@@@@@@@AB@@@@@@@@AB@@@@@@A@@B@@@@A@@@A@@@@B@@A@@@@@A@@@@@A@@@@@A@@@A@@@@@AB@@A@@@@AA@@@A@@@A@@@@A@@@A@@@A@@@A@@@A@@B@@@@@B@@A@@B@@@B@@@B@@@@@B@@@B@@@B@@@B@@@@AB@@@@@B@@A@@B@@@@A@@BA@@@@@@B@@@B@@A@@B@@A@@B@@A@A@@@@@@A@@@@@AB@@@@A@@@@B@@A@@@@B@@A@@@@BA@@@@@A@@@A@@@A@@@@@AB@@A@@@@@A@@@A@@@@@A@@@@@AA@@AA@@@@@@AA@@@A@@@@@A@@@A@@B@@A@@@A@@@@BA@@@A@@@AB@@A@@@AB@@A@@@A@@BA@@@@@A@@@A@@BA@@@A@@@@@A@@@A@@@ABA@@AA@@AA@ABA@@@A@A@C@A@A@@BAB@B@BA@A@@@A@A@A@AC@@@AA@@A@@BA@@@A@@A@@@A@B@AA@@A@@@A@@@A@A@@AB@A@@A@@AAA@@@@@A@@@@@AA@@A@@ABA@@@@@A@@@@@@@@@A@@A@AA@@A@@@@@A@B@@AB@AA@@@@@@AB@@@AA@@@@@@@AA@@A@@@@@A@@@@@@@A@@A@@@@@@@@@@@@@@@@@BA@@B@@@@AB@@@B@@@@@BA@@B@@@@AB@@@B@@A@@B@@@@@BA@@@@B@@@@@BA@@@@@@@AB@@@@@@A@@B@@@@A@@@A@@B@@A@A@@@A@@@@@A@@@AB@@A@@@A@@@@@A@@@A@@@@BA@@@A@A@@@A@@@A@@@AB@@A@@@A@@@A@@@@@A@@B@@A@@@@@A@@@@@@BA@@@@B@@@@@B@@A@@@@@AB@@A@@@@@A@@@@@@AA@@@@@@@AA@@@@@@A@@@@A@@A@@@@@@@AA@@@@@@AA@@@@A@@@@AA@@@A@@@@@A@@@AB@@A@@@@@A@@@@@@@AA@@A@@@A@@AA@@@@@AA@@@@AA@@@@A@@@@AA@@@@@AA@@@@@@AA@@@@A@@A@@A@@@@@@AA@@@@@A@@@@A@@A@@@@@A@@A@@@@@A@@A@@A@@@@@A@@@@@@AA@@@@@A@@@@@A@@@AA@@@@A@@@A@@@A@@@@@A@@@A@@AA@@@A@@@@@A@@@A@@@A@@@@@AA@@@@A@@@@@A@@@@@@@A@@@@@@@A@@@@@AB@@A@@@@@@BA@@@@@AB@@@@@BA@@@@@@@@BA@@B@@@@AB@@@@@BA@@@@B@@@BA@@@@B@@AB@@@@@B@@A@@B@@@BA@@@@B@@AB@@@B@@A@@B@@@BA@@B@@@B@@@BA@@@@B@@@B@@@B@@@B@@AB@@@@@B@@@B@@AB@@@B@@@B@@A@@B@@@B@@AB@@@@@B@@A@@B@@@B@@A@@B@@@@AB@@@@@B@@A@@B@@@@@@A@@B@@@@A@@@@B@@@@A@@@@B@@A@@@@@A@@@@@@@@@A@@@@@A@@@@AA@@@A@@@@@AA@@A@@@A@@A@@A@@@A@@A@@A@@@@@A@@@@@A@@@@@A@@A@B@@@@AB@@@@@BA@@@@B@B@@@B@@@B@@@B@@@B@@@B@@@BA@@@@BA@A@@@@@A@@B@@A@@@@@A@@@A@@B@@A@@@A@@AA@@@@@A@@AA@@@@@A@@A@@@@@@AA@@@@@AA@@@@@@AA@@@@A@@@@A@@@@A@@@@A@@@@@@A@@A@@@@@@A@@A@@A@@@A@@@AB@@A@@@A@@@A@@@A@@@A@@@A@@@@@A@@@A@@@A@@@A@@@@@A@@A@@A@@@@AA@@@@A@@@@@A@@@@@@@@@A@@@@@A@@@@@A@@@@@@@@@A@@@@@A@@@@@A@@@@@@@@@A@@@@BA@@@@@@AA@@@@@@@A@@@@@@@@@A@@@@@@@A@@@@@@@A@@@@@@@@@A@@@@@A@@@@@@@A@@@@@@@@@A@@@@@@@A@@@@BA@@@@@A@@@@B@@A@@B@@AB@@@B@@@@AB@@@B@@@B@@@B@@@@@B@@@B@@@@@B@@@B@@@B@@@B@@@@@B@@@@@@A@@@A@@@A@@@AB@@@@A@@@A@@B@@@B@@@B@@@B@@@B@@@B@@@@@@@B@@@B@@@@@B@@@@@@@B@@@@@B@@@@@B@@@@@B@@@@@B@@@@AB@@@B@@A@@B@@@B@@@@@B@@AB@@BB@@@@@B@@BB@@@B@@@@B@@B@@BB@@@B@@@B@@@B@@@BA@@B@@@B@@@B@B@@@@@B@@@@@@@BB@@@B@@@@@B@@B@@B@@@@@@BB@@@@@@BB@@@@@@B@@@B@@@B@@BB@@@B@B@@@@AB@@@LCHABAJA@AD@D@@@@@D@DBHB@@@@B@FB@@H@B@B@@@@ABIBC@AAAAC@C@A@ABC@C@AA@@CA@@EAKAKAI@A@A@ADK@C@A@AAGCK@GAAAAIOAA@ABEBAB@JGDADKBA@@B@@@BB@BBB@B@B@@BBBBB@BAB@@@DCBC@A@@@AAAA@AAA@A@@A@@@@BA@@B@B@B@B@B@BA@@@A@E@@@AA@@@A@@@A@CBA@@@A@AAHKBADA@AAACAA@A@C@A@@AAAAA@A@ABABAB@D@B@B@ACCA@A@A@ABCBAB@JADABABCACACACAAAAC@E@EBA@CBE@CAC@CC@AACBAB@DAD@D@F@BAB@BA@C@A@@A@AAA@GBC@C@I@EACACCAAAA@ACACACAGACCCAAA@C@A@A@ABABAD@BAD@BBB@@@B@BA@@BCBC@A@C@A@A@A@AAAACEGCGEIAC@A@A@CDABCDABADAF@BAD@B@BA@@BA@AA@@AA@@AB@@AO]@ACAAAACKKMMGIAAACA@AAA@A@GCECECAAC@A@A@A@EDA@CBA@A@C@CACAAAA@AAMACAC@AAAAAAAA@@@AA@@@AB@BA@BD@BA@@BA@AAC@AAC@C@C@A@CBAB@BAB@@A@C@EAECCACAA@@AA@A@A@CBCBCBC@@@AAA@@A@@@A@AA@@AOCA@A@@@A@EDCB@@A@A@@AAAAAACA@AAAAA@AAA@A@ABC@ABEDGD@@EBABE@C@@@CBA@A@E@ABE@A@@@A@A@A@A@C@ABGBC@A@@AC@@@ABA@@B@B@B@B@BA@ABA@A@AAA@@AAAA@AA@@A@AB@@AB@BBB@@DF@@@BAB@@ABA@A@@AA@@A@C@AA@A@CBGB@@A@AA@AACA@@@A@A@A@EJ@BA@MBABA@ABAD@B@DABEHABAB@FA@AB@@GBCBA@@BAB@@BBBB@B@B@B@F@BB@B@D@D@B@BB@D@B@B@BABA@C@CAA@@@A@EHAB@@G@A@ABA@@B@B@BBD@BABABABAAA@AA@AA@@AA@AB@@AB@F@DDJJBH@FAFADAF@DDDDDDBFBFBF@F@H@FAFBFBFDFDDBD@DAFADCFCFCFAFCDCDCD@D@D@FFDDBDBF@FAHAHADD@DCDEHCDCDADEDEFGDGDGBGFEBCAE@EBC@AB@@GF@B@DCJCDCDEBE@EDEDCDABDFDBFDBD@DAFCDEDCBC@C@CCGACAE@CBA@AB@BC@AD@H@HBD@F@D@DCFCDEDEFEDEBEBIDI@G@K@DH@@BA@@@BB@B@@BB@@B@B@@@B@B@@@BABBB@@@B@@@BB@@@@B@@B@B@@B@@B@@B@@@BBBBB@BB@@BBA@@BBA@BB@@B@@B@@@BBB@B@@@@@BA@ABABBB@@A@@B@@BB@@@@@@@B@B@@@@@BB@B@@B@@@B@BB@@@B@B@@@B@@@@@B@DCFEFCFAFDBDDH@D@DAF@DEFAFEFCBEFCFAFBDBDBDBFDHDFBBDDBF@DAFADCH@FADBFDHDDDDDDDDBBBDDBBBHHBBFFBDBF@DBF@DFF@DBF@DADL@H@@@DBD@DBJ@HAHAFBF@BD@D@F@D@D@FHFBDFFFDHFFDDDBDAFCFABEFEBEHAFBDDDHBFFFDDB@FBDBF@D@FBD@FAF@FAHCFEDCDAHCF@FBD@DDD@D@D@DBDBDB@DDDBDBDDBDDDDBBDBBDDBBBFDDDBDBDDD@ACBABGBA@CDEFIDCD@DAD@DAF@D@D@DBFAFADBBBFBF@B@DAH@F@F@B@@@BB@@@@B@@@@@B@@B@@B@@@@@B@@@@@BB@@B@@@@@B@@@@@B@@@B@@AB@@@@@B@@A@@B@@@B@@A@@B@@@@BB@@@@@B@@@@BB@@@@@B@@B@@B@@@B@@@B@@@@@B@@@B@@@B@@@B@@@@@B@B@@@@@BB@@B@@@B@@@B@@@BB@@@@B@@@B@@@@@B@@B@@B@@@B@@@@@B@@@@@B@@@@BB@@@B@B@@@B@@@@@B@B@@@B@@@B@@@B@@@B@@@B@@@B@@@@@B@B@@@B@@@@@BA@@@@@@B@@A@@@@B@@@@@@AB@@@@@B@@A@@@@B@@@@@@AB@@@@@BA@@@@@@BA@@B@@A@@@@BA@@B@@A@@B@@@BA@@@@B@@@@@B@@@@@B@@@B@@BB@@@B@@@B@@BB@@@@@B@@BB@@@@@B@B@@@B@@@B@@@B@@@@BB@@@@BB@@B@@B@@@B@B@@@B@@@@@B@@@B@B@@@B@@@@@BB@@@@B@@@@@B@@@@@B@@@B@@@@@B@@@@@B@@@@@B@@@B@@B@@B@@@@@B@@B@@@@@@@@BB@@@@@BB@@@@@@B@@B@@@@@@BB@@B@@@@BB@@@@@BB@@@@B@@@@BB@@@@@BB@@@@B@@@@B@@BB@@@@@BB@@B@@@B@@@B@@@B@@@BB@@B@@@B@@@B@@@B@@@B@B@@@@AB@@@B@@A@@B@@BB@@@@@@@BB@@@@@@@BB@@@@@@@@BB@@@@@@@BB@@@@B@@@@@B@@@@@B@@@B@@@B@@@BA@@@@B@@@B@@@@@BA@@B@@@@@B@B@@@BA@@B@@@B@@@@AB@@@B@@A@@@@B@@A@@@@BA@@@@@@BCHAJCL@FEPANC"],"encodeOffsets":[[121539,33513]]}},{"type":"Feature","id":"341126","properties":{"name":"凤阳县","cp":[117.562461,32.867146],"childNum":1},"geometry":{"type":"Polygon","coordinates":["@@A@@@AAGAA@EBCBEDCEECCCGCEAECEACCECE@CCCG@EBEBIBG@GBCBEBCBGBCBE@C@E@G@E@E@GBI@KBA@E@CBC@CBCACBE@CBCBC@CDCDCBCFAFCFADADAHAFAFAF@HBD@HBFBHAD@LCDADADCDGBCBCBEBC@EFK@C@EBCEEACGCEEACCGAE@EAE@EBEBCDGBEBCDE@C@EBCBCBEBEDCBEDAHCFAD@FAJCD@FAFCDCBCAEAGCCCCCACAGCCE@EBC@EBEBE@CCCCEACCC@CBGDEBE@C@ABUCSAE@ELOBAFAEECCGEC@MCCAEAEAC@C@IAE@G@C@E@E@C@CAGCECCAE@G@E@C@E@C@EAGCG@CAGACAG@EAE@EAIAEBEAEACAEEAECECEECE@C@GDGDCDCDGFEBEACACECCCGACEEEAEBCFAHAD@H@FAJ@D@D@DAFCFEF@D@DAF@DAFAF@HAB@DBDCF@DADGHCBADEDCAGBE@GCEACAICCCAC@C@C@EAE@CACAEACEICCCGCCCCACCCACCACAEECCCAECACCCCCACAC@GBCDE@E@CGAI@E@C@EBGDCBCDADADEFEDGDEBCBE@EBE@EBCDEBCBEBCBEBEFCBEDCBCBGAGAGEEAACGECCECCAE@EDCBAFEDCDEDCBE@EBG@GAE@CBG@EAG@GAG@C@G@GBC@G@GBEBE@E@E@GAC@GCECECCCC@C@C@E@C@A@EFMXQNG@KCEGGQGCCACAE@G@EBCBCDCBEDADEDGHEBC@E@@@C@ALE@KCACBAHMAAYGQCKC]KOIEA@@CAGCEAIEC@E@GAEAGAG@E@EAGAE@E@U@]BWASIOAG@E@GACCE@A@_EVAHCFIHEHAF@DDFDBFBDBBBDDFDJBHBDD@LBDBD@DBD@DBFBBJDPLFBABEBIFCB@B@B@@BB@FHHDFHBDDDDHDFDDFDDBDFFDFDDFFBDBDDFDFDBDHBDDF@FBFDDDDFFDBBBHELCJBJDLJDJBFBBD@B@@@D@B@B@DAB@H@DBF@BBB@F@@BDLBBDBBBB@B@B@BABANA^DVDHNNHD@JEL@T@P@HALEPALAFF@PDH@@D@PEDA^@P@FALCFCJ@LHDDFLDJPVLHP@F@FFDHBHCNGFKJEF@BBDBFDDBDBD@D@F@DBDBH@FBDBDDDBFDBDBFD@@B@F@D@DBDB@F@D@DBJ@FAJARBJDN@B@BFAJCBAFCFEBADCDADCDCDABCDABCFCDCDCDABEFEDCDEFCFCJCFADCFEDCDADCDCL@JBF@FBH@FBFCDCDCHEHCFADAFAH@JAFBDDFDHDDBDJDJBF@FBFBFBHDHBDDFBDDFBFDDBBDFDF@DBF@DBDBF@DBDBFBFDF@DBDDFDDFBDBFBFBD@HCHADAHAF@HBDDDFDFDHBBBFBDBDDFDF@DDFBFBDBDBBDDFDBBFBDBF@F@D@HAFAFCDCBCFEDEDEDAJCF@H@F@D@H@HBDBF@FBHBFBHBFBF@FBF@H@BBF@FBDBHBFBHBFFFDB@DIJMEEDKBA@@B@B@@@@A@ABA@ABA@E@@AACCECGEGEA@A@CAA@@A@A@A"],"encodeOffsets":[[120709,33795]]}},{"type":"Feature","id":"341103","properties":{"name":"南谯区","cp":[118.296955,32.329841],"childNum":1},"geometry":{"type":"Polygon","coordinates":["@@BC@CAE@CEE@CAE@CAEACEEAAGGAACAACAACCCCCCCCCGAEBC@EDGBCBE@CAECCAACECGAEACACACBEDEFEDAFEBEFE@CBE@C@CCGACECEBEDEFCDA@@@@@A@@@A@A@@@A@@A@A@@@AA@A@@A@@@@@A@A@@@@@@AA@@@AB@@@AABABAB@@A@@@@@AAA@A@@@AA@@@AAB@AA@@AB@AA@@AAAAA@A@@@AA@@@@AA@A@@@@A@@A@@A@@@A@@AABA@A@@@A@A@@@A@AA@@AA@A@@A@@AB@@CGL@H@J@JCFAFAFCFEFCDCDE@C@C@EAC@G@GBCD@@ABACC@AEGIIEEGIA@CC@AEICCA@AA@@ABA@ABCD@@CBA@A@AAAAA@AA@BA@AD@@A@A@AAC@AA@@ABA@ABABA@@@AAAACA@A@@BADCBCDABA@@@A@ABC@A@@@A@CBA@ABA@@B@FAB@DABA@ABA@EAECMAC@EBA@@BABAPIBABADEBADAHABA@@BABI@@@@AAGAA@A@EBGD@@@@@B@@@@B@FAB@@@DBB@@@@B@@AB@@IB@@A@CA@@A@A@CBCB@BGBQF@@C@A@EEA@@@C@@BAAAC@@A@A@@B@D@@@@@@C@A@@@@@@C@AA@A@@@CDA@AB@@BB@@B@BA@@DB@B@@@BC@C@@B@B@BDB@@@BAB@BB@BB@BAB@BGH@@@@BB@@AB@B@@ABCBA@@@@@BDA@ABCD@@E@CBC@CBCD@@A@A@A@A@A@@@B@BAB@B@BA@@BC@A@A@ABA@AB@HAB@@AB@BC@A@@@AA@C@GCA@M@@@AA@@@@ACBA@@DADAD@B@B@BBDF@@B@FBB@@@@@@@@EAE@A@A@AFEB@@A@A@@AA@@KCE@AAAA@@@A@@B@L@B@BA@@AE@@@A@@@@H@@@BAFCB@DBB@B@FAB@@ABA@CACBCAC@A@@BA@A@A@E@A@@D@BABADAB@@@BC@@CA@@@A@C@@BBB@@@BABAB@@@@@D@B@B@@@HC@@AA@@EABA@AAAAABA@C@@AA@@@A@A@ACE@AGEECAAAGAC@@BADA@A@ABA@A@A@ABABABBB@BBB@B@BAHCB@@@@@@AB@BCBADCBA@@@@@BB@@B@AB@@AB@BD@@B@@@@@@AB@B@@AB@@A@A@ABAB@D@FAB@FADADBB@FBHBBBDB@BB@@DCF@BABABABBB@@D@@@@@BDAB@B@@B@@@B@B@DB@@A@@B@@@B@@DAB@@B@D@BA@ABA@B@DD@@@@BB@@@@BDBB@AB@DCDAFA@B@@DB@@BBEDEHILBB@@B@B@B@DB@BBBBB@@DBB@BAD@D@@@DBBBB@B@BADA@A@@@ABADE@@BAB@B@B@FBB@BBBB@@@@@@C@@BEDEFA@@BAB@BCD@@@B@@@@BB@BBDABB@@B@B@BA@@BADA@@@AAA@AB@B@@@@@BBBBB@BHHDFFDBDBDAD@B@DBFAFABA@A@@@A@@BA@@BB@BB@B@HBB@@@B@@BD@B@@A@CBABA@A@A@@@@@@BBDBBBD@@CDAB@BAH@D@B@@ABCBA@AB@BDFDDB@@@B@@@BA@@F@B@LF@@D@@@B@@B@@@DBB@@BAD@FAF@DBFAHEHAHCHCFEFCBCDCDCFGDC@CCCGBGBEBE@CACAEC@E@C@CDCDCDCBEDEDEDEBCBE@CACCCCEAEAEBE@E@G@EAEAEAECCCCCCE@CBEBEBG@IACI@C@EBA@@BAB@@BB@@BBBB@BBBABABA@AAC@A@A@AB@BAB@H@@@BAFGB@@@B@DBD@B@BA@A@A@A@CAAA@C@C@A@A@@A@E@A@A@AAAAA@@BA@AB@DAHA@@BAB@@EBABAFGBA@C@ABCBAB@BANAB@@AFIB@B@B@@@B@BD@BBBB@@@HADAB@B@@B@D@BB@@BB@B@BA@@BA@A@@CE@@AA@ABA@@BAB@@@BBB@BB@BB@BBB@B@BAB@@A@A@A@A@AB@BA@@D@@BB@D@HABAD@B@B@B@B@@@B@F@BAF@B@B@DA@@D@F@BAFAA@@@@@AA@@@@@@@A@@@@@A@@AA@@@@@A@@@@@A@@@A@@@AB@@@@A@@@A@@AA@@@@AA@@@@CACAC@A@CAAAAA@@@A@CBCAMDE@AB@@ANc@@@ABA@@@A@@B@@@@@@A@@@@@A@@@@@@A@CBABCBABA@@AAA@AAA@AB@@ABAAA@@@AA@C@A@@A@A@@DE@CBABA@@DC@@@A@AA@@@C@ABA@A@C@EACAC@AAAAA@AAA@EBA@A@CAAA@A@A@A@ABAAA@@@AA@@@AAA@AA@@AACAAC@AAA@@A@A@@@A@@@A@C@@@CAAA@@AA@AA@@@A@A@@BA@A@@AA@@@@A@A@@AA@@A@C@AAA@AAA@AA@AA@@A@AA@@@A@AB@BA@@@A@@@@@@A@A@A@@AA@@A@G@C@A@EAAB@B@@A@AFADCDGJEHABAFCBCBADABCHGHCFA@ED@BA@@BAB@@A@@@AB@B@@@BB@@BCDADADCF@D@DFDDF@HAFEFADGFCBCDEBEBC@GDAH@JDFDFFD@DCDCBE@C@E@E@C@E@C@EBC@EBEBE@CBE@GDCBGBG@EAG@C@E@G@E@E@IBEBI@C@E@C@GAEAE@E@G@GAE@EBEBEBCBCDGBEDEDAFEFCDEHCHADE@CAEECEACACCEACACEACAEECECCG@EBEBCBGFEFEDIFCAEAEAGBEBEBEBE@G@C@GAE@IBAFCDADCDCBEDEBC@E@KAI@E@EAG@E@EBIBC@GBEBIBEBC@EAE@CAG@E@EBEBC@CBEBCBEDABEBCBEBEBIBCBG@CBE@E@C@E@GAC@G@G@C@E@C@GAC@EAGAEAECCCCCACCCAGCEAEAEACAG@EBAFGDC@CCCCAE@EAEAC@CAIAC@CBGBCBCDEBEBCBIDC@C@C@E@EAGAC@GAECG@ADCFCBADAFADCFEDCDCDGDEBC@IDDD@DDDFDBBDDHDH@F@F@D@F@D@DBDBHBH@FADBBD@DAFAD@FADBH@JBF@HBFBFBFBF@DBFBDBDDDF@FBFAFBFBBDDFBBFFHFHFFDDDDFDBBHDFBH@H@FBFBF@FCFBFBFBDDFDFFFFFFBFFJDD@JCF@J@D@H@DDHDDDDDDD@FDFDDBDBDHBDFDDBDDDDDFDDBDDDDFBFDFBDBFDHDFDDDDDFFDD@F@F@F@F@F@F@H@HAFBF@D@FBDBJ@DDBJBDAF@FAHAH@HAHAD@H@F@F@H@J@F@JBFBDDFD@B@@@@BBBBB@BAB@B@B@BA@@BAB@@@@BB@B@B@FAD@B@BB@@BB@@D@@@BA@A@@B@@BB@B@B@@@DDB@@@B@@C@@BA@@BB@@@@BBA@@DB@@@@@B@BC@@@@@A@AAAA@@A@@@@BA@AB@@AB@@B@@@BBB@@B@@@@ABA@@B@@@B@B@D@@@B@B@B@B@@@@A@@@@AA@ABA@@@@B@@@B@@@BBBBD@B@@A@@@A@@@AB@BAB@@@DHDDFBDBD@HEFCDCJCH@FAFCDCFEDEBCBCBCFAFAF@FBFBDBLDDDHDDDDDBFBDFFJBDBDCBADADEBA@@BD@DBBBBABCD@@AB@D@DBDBB@D@B@D@B@BBD@B@@CBA@@@@B@B@@@@@BBDDBF@D@H@H@@@@B@@DBBBB@@B@@@@@BA@@BA@AA@@A@A@@BABB@@DBB@@BBDABBBDDHDHBJBH@D@FBF@JBFDLDHDHDFDHFJFHDFFJFJFJFHDFDB@@BDDHBDBFDDHFDDBCDGDCD@FADADADADAN@N@"],"encodeOffsets":[[121212,33380]]}},{"type":"Feature","id":"341182","properties":{"name":"明光市","cp":[117.998048,32.781206],"childNum":1},"geometry":{"type":"Polygon","coordinates":["@@BK@C@E@A@E@A@A@A@A@@A@@A@@@A@@BCDEAKCSAWAW@EA@SAIAACPDAIOA@@PB@EVDB@@ADK@K@EAA@A@@AA@@@@A@A@@@A@AB@@A@A@@@A@AB@@A@@@A@@@AB@@A@A@@@ABA@@@A@@@@@A@@@@AA@@A@@AA@@@@B@BA@@B@@@B@@@B@B@@AB@@@B@B@@@B@@AB@B@@@B@@@B@BA@@B@@@B@B@@@B@@AB@B@@@B@BIDIDGA@A@A@@@@@A@@@A@A@@@A@@@A@@@AB@@A@A@@@A@@@A@@@A@@@A@@A@@@A@@@AA@@@@A@@@A@@@A@@A@@A@@@A@@@A@@@@B@B@@@@@B@@@B@@@BAB@@@B@@@B@@@B@@@B@@@B@B@@@B@@@B@@@B@@@BA@@B@B@@@B@@@B@B@@@FIBEFKDWDM@O@O@GBSFKB@BGFMNMTKNATBX@H@FAB@FCB@@@@ABA@@@ABA@@@@@A@@@@@A@@AA@@EEA@CACACCECACA@AAAAA@A@AAA@AAA@A@AAA@A@A@A@AAA@A@A@A@A@A@A@AAA@A@A@AAA@A@A@AAA@A@AAA@A@A@AAA@A@AAA@@@A@AAA@A@AAA@A@AAA@@AA@A@AAAAA@@@AA@@AAAAA@AA@AAA@@AA@AAA@@@A@A@A@@@A@A@A@A@ABA@A@A@A@ABA@@@A@A@ABA@A@A@A@A@ABA@@@A@A@ABA@A@A@A@ABA@A@@@A@A@ABA@A@A@ABA@@@A@ABA@@BA@AB@@ABA@A@A@@BA@A@A@A@A@AFI@EDUBBFDJFHDHBD@F@L@H@F@DAAE@E@ABCFCD@FBFBD@FAACACCG@E@C@ADCBADAAC@@ACBEBABCBCBC@G@GCCCACAC@EAAC@CBC@CFK@EDCDEFADAF@H@H@FAD@DCBABE@CAEBGBAHAF@BBBDDDBBBDBBDDHBD@F@LAFAF@BADC@EBEDCDE@A@E@G@C@EBA@CCCCCCEAC@CBE@CDABCDADCDADAF@D@F@FBDBFBD@H@F@DCDAFCD@F@D@FBJBACAC@C@C@CCC@CAC@EDEBGDCFCDEBG@EBE@EAC@E@CAEAC@ECAECEEGACCACBEFGFAFEBADEBEACCCECGEECEEACGE@E@C@C@E@CACE@EAGBGBI@CAC@CA@@G@K@M@M@CBCBCBCBEBC@CDCHADCCGECCAEACCGAC@@CACEEGEIEIEICEEGEICGCECGCGCKAE@IAE@E@CAGAICGCGACAACBAA@@AA@CA@BA@AB@B@@@BBB@@AB@@A@@@@@AA@AACA@@@A@@G@G@C@E@CAAC@A@@@@@A@A@@B@DA@@@AAC@A@A@C@A@CAAAC@C@CBA@@DCBAAAAA@CAC@@ABCFCBABCDCAIAEEACAECCCCGCCCKCCAEAEAE@EBEBADADADCFEFCDEDEBG@IDCDEDGFC@CAEACCCG@@A@ABA@@B@@@B@@@BA@C@AAAA@@A@@@A@@@@@AB@BBB@@@@@B@@A@A@A@A@@@C@A@A@@@A@@@AB@B@@A@@@AA@A@@@AA@@BA@@BAB@@@@@BB@BB@B@B@@@@ADA@@@@@A@@CB@AA@@@@AA@@AB@@@DA@@@A@CC@@A@A@A@@AA@@@@BAB@@C@@@AA@@AAA@C@EBA@A@A@@A@@A@AB@@ABA@A@A@ABA@AAAA@@@P@DAD@D@D@FEFEBG@CBEDCFADAFAHBHAFAHAF@D@FCFAFAFAFCFAFGDABGDCFBDBDDDFBDFDFBDBFADAD@DCFCBCDCD@FDF@DADADAFCDCFGBEDE@E@EBE@I@I@G@C@G@CBEBE@CBGBEDEBGDCBEBEDGBGBGBABCDCDEDEDABADC@CBE@A@CACEEACBEDEHCDCFCBADADBDBBBBBF@DAFCHBDBDBBBFDBDBBBEFGDCCCGGBA@EBABKP@FBFDTAV@B@DAFCFAH@DDDBDDFDD@DAFAF@FAD@FDFHDDBDBDDDDBHBFADCDEDEBC@IDEBC@EBGDCBAFCDAFAFADAD@F@DCFADAFCHADAF@FBF@FBFDHBDFFHDBDFFAD@F@DEL@FADAFADADCHCDCBCBKDC@GBEAGAC@GAE@EBEBGBCBCBEBEDEBADCDCD@DADAD@DAFBDAD@DAD@D@FAB@LAJ@H@F@F@H@F@DAFADAHADAFAD@HAHAJAF@FDHDDF@FDDDFBFDFBHDDDFDDFFCDAFAB@HBBB@@B@B@DAFAFCBABABA@@B@DCDADABAHADADADAJBDDFDDDDDFFDBHFBBFFFDFFFBDBDBF@HCDCDCFAHEDABAD@H@DBDDBDDDDFFAJADADAFCDCDADAHAH@FDDDFDDBFDDBDBHFDBBDDBDF@FCDCDCBEDE@CBE@GDE@EAGAEAEBCBABAF@FBFBFDHBDBFDBFBFBFDFBBDFFBDJDDDFDFBFBH@JAHAJBL@FBFBFDDDAF@FCFCFADCF@FBDDFFFDH@DBDBD@D@F@FAD@H@F@B@@A@@AA@@@A@A@@AA@A@@@AAA@@@A@AA@@@@A@A@@AA@@@AA@@A@AA@@A@AA@@A@@AA@A@@AA@@@AAA@@@A@@@A@@@A@@@@@AB@@A@@B@@A@@B@@BB@@@B@@@BB@@B@@@BB@@@B@@BB@@@@@B@BB@@@@B@@@B@@BB@@@B@@@B@@@B@B@@@BB@@B@B@@@B@@@B@@@BA@@B@@@B@B@@@B@@@@@BB@@@B@@@@BB@@@B@@BB@@@@BB@@B@@BF@DBVNVHhNVF\\HBBB@HBDBDBBB@@BBD@@BB@@BDF@FCJAF@H@FBHDHHJJJFDDBJDLELCJCNIHELILMHS@A"],"encodeOffsets":[[121059,33978]]}},{"type":"Feature","id":"341181","properties":{"name":"天长市","cp":[119.011212,32.6815],"childNum":1},"geometry":{"type":"Polygon","coordinates":["@@B@@@@@@@@A@@@AB@@A@@@A@@@@@AB@@@@AB@@@@AB@@@@AB@@@@AB@@@@A@@@@@A@@@A@@@@@A@@@A@@@@@@AA@@@@@A@@@@@AB@@A@@@A@@A@@@@@AA@@@@@@A@@@@A@@A@@@@@@A@@@@@AB@@@@AB@@@@A@@B@@@@@BA@@@@@@@AB@@@B@@A@@B@@@@@@A@@@A@@A@@@@@@@A@@@@@A@@@@@A@@@@@A@@@@@@@A@@@@A@@A@@@@A@@A@AB@@@@A@@@@@@@A@@@@A@@@@@@@A@@A@@A@@@@@A@@@@@A@@@@@@@A@@B@@A@@@@@@@A@@@@@A@@@@@@@A@@@@@AA@@@A@@A@@A@@@@A@@A@@A@@@@@A@@@@@A@@@@@@@A@@@A@@@@B@@AB@@@BA@@B@@@@A@@BB@@B@@@B@@@B@@@@@B@@BB@@@@@B@@@B@@@B@@@@@B@@@@@B@@@B@@@BB@@@@B@@@B@@@B@@@@@B@@@@@B@@@@BB@@@@@B@@@B@@B@@B@@@B@@@@@BB@@B@@@@@BBB@@A@@@@@@@@@A@@@@@A@@@@@@@A@@@@@@@@@A@@@@@A@@@@@@@A@@@@@@@@@A@@@@@@@A@@@@@A@@@@@@@@@A@@@@@@@A@@@A@@BA@@@@AA@@@@@A@@@@@A@@@A@@@@@A@@@@@A@@B@@@@A@@@@B@@@@A@@@@@@BA@@@@@@BA@@@@@AB@@@@@@@BA@@@A@@@@@AB@@@@A@@@A@@B@@A@@@@@A@@@@B@@@@A@@@@@@@@BA@@@@@@@A@@@@@@@A@@@@@@@A@@@@@@@A@@@@B@@A@@B@@@@A@@@@B@@A@@B@@A@@B@@A@@@@B@@A@@@@B@@A@@JAJCPOZaPQHIRGNANBvD|BF@H]@EBI@GBK@IBEBEBEBC@CBG@CBE@CBCBE@EBC@EBADCDEBABCDE@C@E@C@E@GBE@GAIFM@qCmAe@CBABCFCLEBC@C@EACACAE@CBE@EDCFAFAD@FACG@@@@@@KCAEACAG@I@E@G@C@CCEE@EAEBKHC@ABG@A@A@ABEHCHAD@B@@FH@@EJ@BA@@@OICA@A@@@A@@@A@@AA@@@@@@B@ACBC@AA@@AB@@A@@BA@@@A@@@@@@@@@AAA@@@A@@@@@@@A@@BAA@@@@@A@AA@@@@@@@@A@@AA@@@@AB@@@@A@@@@@@BA@@@@@A@@]GIECC@EACDCDEFCDAFADCBEBC@EACCCECCAAAECECAGAEBCAICEACCCACGIDCFEBCC@K@GAC@EEGCGGEEIEEACACCKCIECCGMCCACCACCE@GBIDKNA@@B@@@@@@@BA@@@@B@@@@@B@@@B@@@@AB@@@B@@@@@B@@@@@B@@@@@B@@B@@@@B@@@@@B@@A@@B@@AB@@@@@@@B@@@@@B@@@@@@@@@B@@@@@B@@@@@@@BB@@@@@@B@@@@A@@B@@@@@@@BA@@@@@@BA@@@@@AB@@A@@B@@A@@@AB@@A@@B@@A@@@@BA@@@A@@BA@@@@@@BA@@@A@@B@@@@A@@B@@A@@B@@@@A@@B@@@@A@@B@@@@A@@B@@@@AB@@@@@BA@@@@B@@@@@BA@@B@@@@@@@B@@@BA@@@@B@@@B@@@@@@@@@B@@@@@@@B@@@@@B@@@@@@@B@@@B@@@@@@AB@@@B@@@@@B@@@B@@A@@@@@AB@@@@A@@@A@@@A@@@@@A@@@A@@@A@@@@@A@@AA@@@A@@@A@@@A@@@AB@@@@A@@@A@@BA@@@@@A@@@@@A@@@@BA@@@A@@@A@@@@@A@@@@@AA@@@@AA@@A@@A@@@@A@@AA@@@A@@@A@@@A@A@@@A@@@A@@@A@@@@A@@@@@AA@@A@@@@@A@@@A@@A@@A@@@@@@AA@@@@@@A@@A@@A@@@@AA@@@A@@@@@A@@AA@@@@@A@@AA@@@A@@@A@@@A@@@@@A@@@A@A@@@@@A@@@AB@@@@A@@@A@A@@@A@@@@@A@A@@@A@@@A@@@AA@@@BA@@@A@@@@@AB@@A@@@A@@@@BA@@@@@@BA@@@@B@@@@A@@B@@@@AB@@@@@BA@@@@B@@A@@@@B@@@@A@@B@@@@@B@@A@@B@@@B@@@@@B@@@@@B@@@B@@@@@B@@@@@B@@@B@@@@@@@BA@@@@@@B@@@@A@@B@@@@@@@BA@@@@@@BA@@@@@@@@@AB@@@@@@A@@B@@@@A@@@@B@@@@A@@@@B@@A@@@@@@B@@A@@@@@@BA@@@@@@@AB@@@@@@A@@B@@@@@@A@@B@@@@A@@@@B@@A@@@@@@BA@@@@@@@AB@@@@AB@@A@@B@@A@@@@BA@@@AB@@@@@BA@@@@@AB@@@BA@@@@@AB@@@@@@AB@@@B@@AB@@@@@B@@AB@@@@@B@@A@@B@@@@@@@B@@@@@@@B@@@@@@@B@@@@@@@@A@A@A@@@AA@@@@@@ABA@@@A@A@@A@BA@@@A@@@A@@@A@@@A@@@@AA@@@@@@@@@A@@@@@@B@@@@@@@@@@A@@@@@@@@@@@B@@@@@@@@@A@@@@@@@A@@@@@@@A@@@@@@@@@A@@@A@@@@AA@@@@@@@@A@@@@@@@@@A@@@@@@@A@@@@@A@@@@@@@@@A@@@@@@@A@@A@@@@A@@@@@@A@@@A@@@@@A@@@A@@BA@@@A@@@AB@@A@@@AB@@A@@@@@@B@@@@@@@B@@@@@B@@@@@@@B@@@@B@@B@@@@@B@@A@@@A@@@A@@@@AA@@@AA@@@@@A@@@AA@@@@AA@@@@@A@@@@@A@A@@@@@A@@@A@@@A@A@@@A@@@A@@@@@A@@@@BA@@@A@@B@@@@@@@B@@@B@@B@@B@@@@BB@@@@B@@B@@B@@@@@BB@@@@B@@@@BBA@@@@B@@AB@@@@@B@@@@@B@@B@@@B@@@@AB@@@B@@@@@B@@@@@B@@@@@B@@A@@B@@@@@B@@@@@B@@@@@B@@@@@@@B@@@@@@@@@B@@@@@@@B@@@@@@@B@@AFD@BBBFJFJD@FCFKEGACAA@A@A@A@C@@@A@@@A@@@@@A@@A@@A@@@A@@@@@AA@@A@@A@@@@@A@@@@@A@@@AB@@A@@A@@A@@A@@@AA@@@@A@@@A@@@A@@B@@A@@@@B@@A@@B@@@@A@@B@@A@@@A@@@@@@@@@@A@@@@@A@@@@@@@@@A@@@@@A@@@@B@@A@@@@@A@@A@@@@@A@@A@@A@@@A@@@@@A@@@@@A@@@A@@@@@A@@@@@A@A@@@@@@@A@@@A@@@@@A@@@@@A@@AA@@@@@@@A@@@@@A@@@A@@@A@@@@@AA@@A@@@@AA@@@@@AA@@@@@@@@@A@@@@A@@A@@@@A@@@@@@A@@A@@@@@@@@AA@@@A@@@@@A@@@A@@AA@A@@@@@@BA@@@@@@B@@@@@@@B@@@@@@BB@@@@@@@B@@A@@B@@@@@@@@@BA@@@A@@@@@A@@@A@@A@@A@@@@A@@@@AA@@@@A@@@A@@@A@@@A@@@@@AB@@@@@@A@A@@@@@A@@@AB@@@@A@@@@@@B@@@@@B@@@@@B@@@B@@@B@@B@@B@@@@@B@@@@@@@B@@@B@@A@@@@B@@A@@@@@A@A@@@@@A@@@A@@@@@A@@@A@@B@@@@@@AB@@@@@B@@@BB@@@@@@BB@@@B@@@B@@@BB@@@@@@@@BB@@@@@B@@@@@B@@@@@@@B@@@B@@BB@@@@@B@@@@@B@@@@@@@B@@@@@@@@@B@@@@@@@B@@@@@B@@@@@@@BA@@@@@@B@@@@@BA@@@@@@BA@@@@@A@@@A@@@A@@@A@@@@A@@A@@AA@@@@@@@A@@AA@@@A@@@AA@@@@AA@@@@@A@@A@@A@@@@@@AA@@@@AA@@@@@@@@AAA@@@@@A@@@@@AA@@@A@@@@@AB@@A@@@A@@@@@AA@@@@A@@@@@@@AA@@@@@AA@@@@@@AA@@@@A@A@@@A@@@A@@@A@@@A@@@A@A@@AA@@@@@A@@@@@A@@@AA@@A@@@A@@@@@A@@@@@A@@@@@A@@@@@A@@@@@A@@@@BA@@@@@A@@@@B@@A@@@@BA@@B@@@@A@@BA@@@@@A@@@A@A@@@A@BB@@@@@B@@@@@@@B@@@@@@@B@@B@@B@@@@@@@B@@@@@@@@@B@@B@AB@@@@@B@@@@@B@@@B@@A@@@AB@@@@A@@@@@AB@@@@@@@@A@@@@@AB@@@@A@@@@@@@A@@B@@A@@@@@A@@B@@A@@@@@A@@@A@@B@@A@@@A@@@A@@@A@@@A@@@A@@@A@@AA@@@@@AA@@A@@@@@AA@@@@A@@A@@A@@@@@AA@@@@A@A@@@@@A@@@A@@@A@@@A@@A@@@@@@@A@@@A@@@A@@@A@@@@@@@A@@@@@@@A@@A@@A@@@@@@AA@@@@AA@@A@@@AA@@A@@@@@A@@@A@@@AB@@A@@@@B@@A@@@@BA@@@AB@@@@A@@B@@A@@B@@A@@B@@A@@@AB@@@@@@@B@@@@@@@B@@@@@B@@@@@B@@@@@@@B@@@@@B@@@@@B@@@@@@AB@@@@@B@@@@@B@@@@@@@B@@@@@B@@@@@B@@@@@BA@@@@@@@@B@@A@@B@@@@@BA@@@@@A@@B@@A@@@@@A@@@@B@A@@@@@@A@@@@A@@@@@@@@@A@@@@@@@A@@@@@A@@@AA@@@@@@@A@@@@@A@@@A@@@@@A@@@@@A@@@@@A@@@A@@@A@@@@@A@@@A@@@@@A@@@A@@@@@A@@A@@A@@@A@@@A@@@A@@AA@@@@@A@A@@A@@@B@@A@@B@@@B@@A@AFCHAFCFADAD@DAFADEBI@E@E@EBEBE@CDAFFDFBD@D@FBD@FBHBF@DBDBFFDDBFBFBF@D@B@@@@@FBHBHAF@DAF@DBD@DAD@@@B@@@@@B@@@@@@@B@@@@@@@@@B@@@@@@@B@@@@@BB@@B@@@B@@@@BB@@@@B@@@BB@@@@B@@BB@@@@@B@@@@@@@B@@@@@B@@@@@B@@@@@@@B@@@B@@@@@B@@@@BB@@@B@@@@BB@@@@@B@@B@@@B@@@B@@BB@@@@@B@@@@@B@@A@@@@B@@A@@@@BA@@@@@A@@B@@@B@@@@@B@@@@@@@B@@A@A@@@@@A@@@A@@@A@@@A@@@A@@B@@@@@@@B@@@B@@@BB@@@@BA@@@@@AB@@@@AB@@A@@@A@@@A@@@AB@@@@A@@@AB@@@@A@@@A@@B@@A@@@@AA@@@@AA@@@AA@@@@@@@B@@@@@B@@B@@@@B@@@@@@@B@@A@@B@@@@H@TIHCNATFDB@@@@@BB@@B@@@@@BB@@@@B@@B@@B@@B@@@@@BB@@B@@@@@@@BB@@@@B@@B@@@@B@@@@@BB@@@@B@@BB@@@B@@@B@@@@@B@@@@@B@@@@@B@@@@@B@@@B@@@@@B@@@BB@@@@B@@@B@@BB@@@B@@@BB@@B@@@B@@@BB@@B@@@B@@@@B@@@@@B@@@B@@BB@B@B@BADA@@B@@BB@@@@@@@@A@@@@BB@A@@BB@AB@BA@@@@@@@@@@@@@@B@@A@@@@@@@@@@@@B@@@@@@@B@@@@@@@@@@@@@@@@@@@@@@AB@@@@@@@@@@@@@@@B@@@@A@@@@@@@@@@@@B@@@@@@@@A@@@@@@@@@@@@@@@@@@A@@@@@@@@A@@@@@@@@@@@AB@@@@@@@@@@@B@@@@@@A@@BA@@@@@@@@@@@@@AB@@@@@B@@@@AB@@@B@@@@@@AB@@@@@B@@@BA@@@@@@B@@@@@BA@@B@@@@@@@BA@@@@BA@@@@BA@@@@BA@@@@B@@@@@@@@@B@@@@@@@B@@@BB@@B@@@@@B@@@B@@@B@@@B@@@@AB@@@@@@@B@@@@@B@@@@@B@@@@@@@B@@@@@BB@@@@B@@@@@B@@@@@@@B@@AB@@@@@B@@A@@B@@@@@BB@@@@BB@@@@@@BB@@@@@@BB@@@@@@@@BB@@@@B@@@@B@@@@B@@B@B@@@@@B@@@B@@@@@@B@@@@@@@@@B@@@@@@@B@@@@@@@B@@@@@@@@@B@@@@@@@B@@@BA@@B@@@@@@@B@@@@@@@@@B@@@@@B@@@@@@@B@@@@@@@@@B@@@@@@@B@@@@@B@@A@@B@@BB@@@@@B@@@@@B@@@B@@@B@@@B@@@@@B@@AB@@@B@@@@@B@@@B@@@@@B@@@B@@@@@B@@@B@@A@@B@@@B@@@B@@AB@@@@@B@@@B@@@@@B@@@B@@@@@B@@@BA@@@@B@@@B@@@@@B@@@B@@@B@@A@@B@@@@@@@B@@@@@@@B@@@@@BB@A@BD@@@B@@B@@@@@@B@@@@@@A@@@BB@AB@@@@B@@@@@@B@@BB@@@@@@BBB@@@@B@@B@@@@@BB@@@@AB@@@B@@@@@B@@@@@@A@@B@@@@B@@@@B@@@B@@A@@@@@B@@B@@@@@@A@@B@@@@BBA@@AAB@@@@@B@@@@A@@B@@BB@BAB@DCB@BB@ABA@AB@BBBBB@DCB@DBBADABABAFBF@DAF@FFHDD@B@@@@@B@@@@@@@B@@@B@@@@@@@B@@@@@@@B@@@@@B@@@@@B@@@@@@@B@@@@@BB@@@@B@@BB@@@@B@@@B@@@B@@@@@B@@@@@B@@BB@@@@@B@@@@@@@B@@@@@@@B@@@@@B@@@@@@@@AB@@@@AB@@@@A@@B@@@@A@@@@B@@A@@@@@@@AB@@@@A@@@@B@@@@@@@B@@@@@B@@@@@@BB@@@@@BB@@@B@@@B@@BB@@@@@@@@B@@@@@B@@@@@B@@@@B@@B@@@@@B@@@@@@@B@@@@@@@B@@@@@B@@@@@B@@@@@@@B@@@@@B@@@B@@B@@BB@@B@@@@@BB@@@@B@@@@A@@B@@@@@@@B@@@@@B@@@B@@AB@@@B@@@@@@BB@@@B@@@@@@@B@@@@@B@@@B@@@@B@@B@@A@@B@@@BA@@@@BA@@@@BA@@@@@AB@@A@@B@@@@@B@@@B@@@@@B@@@@@B@@@@@@@B@@B@@B@@@@@@BB@@@@BB@@@@@BB@@@@@B@@B@@B@@@@@BB@@B@@@@@@BB@@@@@B@@@@@B@@@B@@@B@@@BA@@@@B@@AB@@@@@B@@@@AB@@@@@B@@@@A@@@@@@BA@@@@@@B@@@@AB@@@@@B@@AB@@@B@@AB@@@@@B@@AB@@@B@@@@@BB@@@@@@@B@@@@@B@@@@@@@@@B@@@@@B@@@@@@@B@@@@@B@@@@@@@B@@@B@@@B@@B@@B@@B@@@@BB@@@B@@@@@@@BA@@B@@@B@@@B@@A@B@@@@B@@B@@@@@B@@B@@B@@@@@BB@@B@@@@@@@B@@@@AB@@@@@@@@@B@@@@@B@@@@@@@@@B@@@@@B@@A@@B@@@@AB@@@BA@@@@B@@A@@B@@@@@@AB@@@B@@@B@@@@@B@@@B@@AB@@@@B@@B@@@@B@@@BB@@B@@@B@@@@@B@@@B@@@@@@B@@@@@@@@@B@@@@@B@@@@@@@B@@@@@@@@@B@@@@@B@@@@@@@B@@@@@B@@@@@@@@@BA@@@@B@@@@B@@B@@@@B@@@@@@BB@@@@@B@@@@@B@@@@BB@@@@@B@@@@@B@@@@@@@B@@@@@B@@@@@B@@@@@BA@@@@BA@@@@BA@@@@B@@@B@@@BAB@@B@@B@@@@BB@@@BB@@@@B@@@@@B@@B@@B@@@@@B@@@@@B@@@B@@@B@@@B@@@@@BA@@B@@@B@@@B@@@B@@AB@@@B@@B@@@@@B@@@@@B@@@@BB@@@@B@@@@@B@@@B@@@B@@@@@B@@@@@B@@@@@BA@@B@@@@@B@@@B@@AB@@@@@B@@A@@@@@@@A@@A@@A@@@@@@AA@@@@@@AA@@@@@@AA@@@@AA@@@@@@@A@@@@@A@@@@@@@A@@@@@@@A@@@@@@@A@@@@@A@@@@@@@A@@@@@AB@@@@A@@@@@AB@@@@A@@B@@@B@@@B@@@B@@@B@@@B@@@@@B@B@@@B@@@B@@@B@@@@B@@@B@@@B@@@B@@@@B@@@@@B@@@B@@@B@@@@A@@B@@@@@B@@@@@BA@@@@B@@@@@B@@@@AB@@@@@B@@@B@@AB@@@B@@@B@@AB@@@B@@@B@@@B@@@BA@@B@@@B@@@B@@@B@@@B@@@B@@@B@@@B@@@B@@ABB@@B@@@@@BB@@@@BB@@@@B@@B@@@@@@B@@B@@@@BB@@@@B@@B@@B@@B@@B@@@B@@@B@@BB@@@B@@@B@@@B@@AB@@@B@@@B@@@B@@@B@@@B@@@@@@@B@@@@@BA@@@@B@@@@@B@@BB@@@B@@@B@@@@@B@@@B@@@BB@@@@B@@@@@B@@BB@@@B@@@@@B@@BB@@@B@@@BB@@B@@@B@@@BB@@@@B@@@B@@BB@@@B@@@B@@BB@@@B@@@@@BB@@B@@@B@@BB@@@@@B@@@BB@@B@@@B@@@@BB@@@B@@@BB@@B@@@@@BB@@B@@@@@B@@@B@@@B@@@B@@@@@B@@@B@@@BB@@@@B@@@B@@@B@@@B@@@@@B@@@B@B@@@B@@A@@A@@A@@@A@@B@@@B@@AB@@@B@@@B@@A@@B@B@@@B@@@@@B@@@B@@@BB@@B@@@"],"encodeOffsets":[[121877,33747]]}}],"UTF8Encoding":true}