{"type":"FeatureCollection","features":[{"type":"Feature","id":"510812","properties":{"name":"朝天区","cp":[105.88917,32.642632],"childNum":2},"geometry":{"type":"MultiPolygon","coordinates":[["@@@CAG@@@AJGBADABABADE@@DBB@BAB@DCBCBA@CBABAF@HAHADCDCDQBABAFAHALDNBF@DABAN@DABC@CBEDEBCDCDBJBHDJBDADEBG@CAABCHAHCB@FBHBH@L@HCD@D@BB@DBBD@BAB@BCHCB@NAF@F@HDHBDEB@BAF@JBHBBA@ABCDCBADABA@EBGDEDCFCHAB@F@HDF@FBH@BC@A@@@AAAAAGACAAE@ABA@CBABCB@DAB@DA@A@CAAAEAA@@@A@ADCB@BABABCBA@EBEBCBEBA@A@A@@AAAAA@C@E@EAEACAE@A@CAC@CAA@ABC@A@C@C@GAGAC@@@@A@A@C@A@AB@BAD@FAFAB@BA@@BA@A@A@A@AA@@ACACCEACCAAAA@A@A@CBA@ABA@AB@BAB@DAB@@AB@AA@AAAAAAAA@@A@ABABC@A@A@C@A@G@A@E@E@@AA@@AA@@C@C@AAECCC@ACEAEAAA@CAA@E@AAEAA@AA@A@GAG@C@A@C@AA@A@CCCAAAACA@@AEAAAAACEAE@@AAA@A@O@A@GAAAA@IDEDA@@B@@@FBB@@ABA@C@GDA@CBAB@BCJAD@@A@@@A@@ECK@CCE@AAA@AAA@A@@@AAAEG@AAA@A@@AA@@@AA@AEABEBCACBA@@@AB@@A@AB@@@B@@A@@A@DA@ABAHA@AA@@@@AB@@@@@@@BB@@BAB@@B@@BA@@@AA@@@CA@@B@B@BA@A@BB@@@@A@A@@@ABA@@A@AA@@@A@CB@@AA@CAACA@@CBA@IAA@@DA@@@CA@@@@@AA@A@A@AA@@DC@@A@@@ED@@A@@B@BBB@@ABABA@AD@BCB@BB@A@BDABAB@B@@@@B@B@BB@@A@C@ABC@GBCACBC@@A@C@@A@ABA@@ADC@AAAC@A@@BCBA@A@@B@@@@ABACBA@ADEDADE@@EAE@ABABAB@BCBAFAD@@@B@B@BB@@@EAC@G@I@AA@A@@ECK@A@@BA@AACCA@BCA@CAE@GBA@ABCACC@AA@A@G@CBABA@I@G@C@QAE@@B@BA@@@AAE@@AA@E@ABCBA@@@EAA@A@@@A@@@@@@A@@CAC@C@A@CBCBCFEAABBB@BBB@@BB@@@B@@B@FBBB@@@@CB@BBBHB@@@B@BA@AB@@@D@D@B@@CB@@@@@BA@@BE@A@@@AAA@@AA@@@AD@@A@@B@@A@AB@DBB@B@@@@@@@B@@@@A@@@AB@@A@ABA@@@@@A@@AA@A@@A@@@A@CA@@@@@@BAB@D@@@DAB@@@@AA@@A@@@A@@AE@@ACAA@@@A@A@@@AB@B@@CA@@B@B@@@@@@A@@A@@@A@C@@@@BB@@@@@@B@B@@AA@AA@@A@@A@CDA@@BABAB@BA@C@A@AAA@A@@@@F@B@B@@C@A@C@@@@@CAAA@@AA@@@ABA@ABA@@AC@A@E@EBA@A@@AA@@ABC@ABA@A@@A@@@C@AAAA@@@C@@@A@@@BB@B@@@B@B@@ABA@CAE@@AA@@@A@@@ABBB@D@@@@C@@AA@@ACACABB@@BB@B@B@@BBBB@BCB@@A@ABA@A@@@@@BB@@@@A@@@@A@@A@@BA@@@A@A@GA@@AB@@@@A@CAA@@@ABCBA@EAAA@AA@@ABA@@@AAAACAACA@AAA@@AB@@AA@@@B@@BBC@AAA@A@A@@@AA@@A@@BBB@@A@CCABA@AAACA@@@@AAA@@DG@AACA@CAE@EAEA@BCBA@AEB@AC@@ADA@@BABAD@@GCABC@ADABA@AAECAAAAC@E@AAA@AA@A@ACAABA@IEGAAAAC@ACCCC@C@@C@AAAA@AC@AEAA@AC@@ACE@@CACAEA@AAA@@E@@@AABAA@C@@CA@CDABCAA@EBABBJ@B@DADA@A@EAC@@@A@A@A@C@CBE@ADA@AB@B@B@@B@@B@@A@E@C@ABBD@B@@ABCDAB@B@BCB@BA@@@AACAEAGEA@C@ABAB@BABED@@@BBB@BB@DB@@@B@@BBFA@@@B@@MHCD@@CF@DBBDBBHFLDDDFBF@NAFED@BDB@B@DKFED@B@D@JCH@@AF@BEJAFAFAB@B@BAD@DAH@BADABA@A@A@CBABABAD@DAH@D@DHLFHBBBD@@ABA@ELCBEBA@CAA@@@ABBD@BAF@FAB@D@BCFEDCDA@A@CAC@AAE@A@@FONCFGFCHAF@B@D@H@DAFADAFCFHJDBF@JADBDDDJDDHFD@HAJFHHD@B@L@D@B@BFDHDDDBDFBFD@F@HADBFDDHNNDBLFJAXIFJFHLJFBFCDCF@B@HFF@F@B@DADGHQDEDADDHDFBLFFBDBDDDHFHFFDBF@D@DABABAB@@DAFAHAH@HEHBDHLHF@D@BCDADAD@D@BBDBDBPBBH@D@B@DADCFCJADBDCBAD@DBBBDDBDBHB@FAFFB@BBH@FBDBBBBBDAHBD@DBBBB@FDB@B@HCBADCD@DAB@@@DBDAHAB@D@D@FADAFEBAD@B@B@LHF@B@HDLHBBFBBBBDFHBBDDFDF@B@FCJGFCB@D@B@DCHG@AFE@A@AFCLBB@BBD@BB@@DAB@D@BB@DBD@H@@FFDBFBBB@DBD@H@FAF@@@BB@B@DARKB@@@BB@D@DBBFBD@AB@DAD@BB@B@B@B@@ABCBCBADCACCC@@@ADC@ABCB@BAFED@FKDCHCBCJEB@@A@ACA@A@AB@FBB@DALBD@DB@@B@DCD@D@@AAEAG@@BAFG@CACACAABABCBA@CAC@CCCA@CBC@A@A@ECCIAACAM@GAA@CA@A@CAAAE@GAE@ABAL@DBB@D@@A@E"],["@@@@@B@B@@@F@@BB@@DBB@DBBDFDBD@@B@@ABA@A@A@CACA@CAAAAAAA@AEAAACA@B@@@B"]],"encodeOffsets":[[[108619,33551]],[[108623,33546]]]}},{"type":"Feature","id":"510822","properties":{"name":"青川县","cp":[105.238847,32.585655],"childNum":1},"geometry":{"type":"Polygon","coordinates":["@@AEA@ECAA@WAEAKHWDGFCNKNABABEBGBABCFADAB@@[BCDCJUAECGAGAGBCHUDCBAD@HDDBDDDAD@BBDBD@BABA@A@CCW@EBCBEBCFAFAF@BCBCBCAEA@CCEAGCCEAG@E@E@IBGFGJEFAF@NDD@D@FDDBB@BC@C@EBCBADEBG@EHSB@F@FBV@JBN@BBBBDEBEBCBE@C@G@C@ABEDGAC@CAA@AAAECA@AAA@@AE@@AAAAAAAACAAA@CA@@AA@A@AAACCECCCAAAAACCCCCCICG@A@C@C@AAEAAAABC@@ACEAAAA@A@A@A@@@E@EBAAKC@@EBA@C@ABA@@@CAE@MPCDGBGA@A@C@AACBE@@@A@E@@AA@@@@@AB@AA@@@@@@AB@@@@CA@A@@@AA@@A@ABA@@A@@A@@BA@@@A@@A@@A@@BAB@@A@AFE@@D@DD@@B@DCB@@@@AA@@AAA@AA@AACAA@ABA@@@A@AAE@ABCBABABA@@AAC@CACACAA@@DAF@BB@@FCB@D@@@D@BA@C@AAC@A@ADC@G@@BAB@D@D@DBBBBAHGFEBC@M@GDEDADA@@@A@@CACAA@@@@ADC@@@CBCAG@GBKBA@@EAC@C@EACEAACAE@EAC@E@AA@A@GBICEAACECEAACCIAG@C@CBAAACCC@EAE@AAA@CBEBAAA@AA@CDABEBABE@C@G@ABA@C@ACCCAAACAEA@CBC@EBA@E@ABCDADA@A@AA@CKHCDCBA@A@CAABMDEBA@@@A@AACECAAA@ABA@ADABA@A@A@@@@@@BA@A@@@@@@@A@@A@@@@@A@@B@@A@@@@@A@@@@A@@@A@@@@A@@@A@@@A@A@@@@@AB@@@@@@@@AA@@A@@@@@A@@@@@@B@@@BB@@B@@@B@@AB@@@@AB@@A@@@@@B@@B@@@B@@@@@@AB@@@@@B@@@@A@@@@@@@@@@AA@@ABA@@@A@@@@@@@A@@A@@@A@@@@@@@ABC@@B@@AA@@@@@@@@@@BA@@@@B@@@@@B@@@@A@@@A@@B@@A@@B@@@AA@@@@A@@A@@@@BA@A@@@@@@@@@@@@AA@@@BA@AB@B@@A@@@@B@A@@@@@@A@@A@@@@@@@A@A@@A@@@@@@@A@@@A@@B@@@@@@A@AAA@@@@@@@@@@AB@@AB@@@@@A@@A@@@A@@@A@@@AA@@@@@@@A@@@A@AB@@@@@@@@@@@A@@@@@A@@@@AAC@@@AAA@A@@@A@@@@@A@AB@A@@@ABCBC@CBEACAAC@ED@@CF@DABC@@@A@BA@@EA@A@AACAC@G@E@E@E@CDMAC@C@ABEAAKCKE@KNBDADABEBC@CDCBCFGBEBG@EBEAENELAHAFDHHHHHJJLHFBBH@HC@EDAJ@DDDBD@FDLHD@FADDD@JCB@DGDCDCD@DCHEDA@E@KCICGCCCA@@GEAEACOQCACEKMCEMMEEKGCCCEIIGKIGIGQIOKIKKICCCGECAGBEBAJGJIBABGFS@K@I@ECMCCIEKGC@MFEDEJABGAMEEIQOGC[SIEQKIEOE@@AAECEEEA@AECCCCCCACCAACAEE@@@B@@AB@@@BABCBC@@@EFA@@B@B@BDF@BED@@KAC@A@A@A@ADEFCDCDABGF@B@@BDHF@@DBDB@@DDNPDDBDBF@BCF@@@@A@@C@AA@@@A@CBA@C@@@@B@@@@BBBB@B@@ABCBA@@@C@ABA@AB@@CBA@@@A@EAAAAA@@A@@@@@@@AB@B@@CBC@AB@@@BB@D@@@@BBD@D@@CBA@FHDFBBDBBBFBDBFBB@B@BBBB@B@BAB@BA@ABEDADCDA@BDFHFHHHFHBF@DDFDDABBB@BCBABDLBFCBA@@@A@CAGCCAEAAA@@A@CBA@AD@@ABEDEDABCFADCD@@B@DDDDBBNLFBDB@DB@@DBBA@@B@B@BCFEJABCFABA@C@A@EAIAC@A@C@C@C@AAGAEAA@AAA@AACCAAAAAACCG@A@A@A@G@A@A@A@GAE@CAA@AAIACAA@@BGBE@@BC@CAA@CBCB@@A@A@A@A@ABEBA@C@AAAAA@A@EBA@ABC@GBKBC@G@ABAAA@A@EBC@A@A@AAAAA@@@E@A@ECGAA@C@GBCAA@AAAA@A@AAC@EAG@ABABA@ACCAAAAACEAA@E@@@A@@B@D@BA@ABA@E@E@C@A@C@E@A@C@C@G@I@A@EAAAAAAAACCCAIBE@C@C@AAAAACAEAGAAAIAA@CAAAA@OK@@AAA@@AAAA@CAAAC@A@@DAJ@B@@FJBHBDB@@BAD@D@@CBAA@@@BABEDIH@@@BAD@B@BCBC@AB@BAD@@@BABAB@@ABCBA@E@C@ABCBCBAB@BAB@DAD@B@B@D@B@B@B@DBBBB@BBBBD@BBD@@@D@@DBB@BBF@BAB@FAB@@@BB@B@@B@@@@@@B@B@B@@ABA@@D@@A@CBAB@BAB@@A@A@AAA@A@KAAAA@I@A@A@C@CBC@CBC@E@E@C@CAAAA@@AA@AAAAC@A@C@C@CAC@A@CAC@EAA@ABAB@BA@ADABA@ADCBABABADCBABADADCBABAD@BAB@BABCDABC@A@CBC@C@EBC@C@CBE@C@C@C@C@CAA@AAC@CA@@GACCEAA@@@ADCFCBC@CBCBABCDABAB@@AB@B@DAB@B@BABABC@C@A@E@CACBC@ABCBABCBCBABABCBABCBA@CBAB@BABA@A@@@ADAB@B@B@B@@A@@@A@A@A@@@CDA@AB@BAB@BAB@B@B@D@B@B@D@BBB@B@B@DBB@BAD@BAB@BABCBABCBA@@BCBAB@B@BAD@B@BA@@@C@AA@BAD@B@BA@CA@@@@@@@BB@BBFB@@@BABC@@B@@@@BFDBBB@@@@BBA@AB@D@BABAB@BABAB@@@@@B@@@BABB@@BA@A@AB@BCBCD@BBBB@@@@BBB@B@BBB@B@D@B@B@B@@AB@@@@B@BD@B@@CD@@AB@@BDBBB@@@BBBB@@DHBB@@ADABAD@@ADABA@A@EHBHBF@B@BDF@@@B@BBBAB@BAB@BBBBDBBABCB@@ABABADABABCBA@CBC@CBC@ABCBCBCBCDCBEBCBABEBCBCDCBCBCBC@C@A@C@CBA@ABC@ABC@A@C@ABC@C@C@CBA@A@CAA@CAAAA@AAC@C@C@C@CBABC@ADA@@B@B@B@B@B@D@DAD@BAB@BADAB@DABABABA@ABADCBABADABABABADAB@BCBABC@CBC@C@C@CBCBCBABAB@D@B@@@BBBB@BBBB@BB@@B@B@B@BAB@BABABAD@B@D@@@B@D@BBB@B@DBB@BB@@DBBBB@BBBBBB@BBB@BB@@BB@B@B@B@B@BAB@B@B@D@BBB@D@BBBBBBB@BBD@BB@@DBB@BBABADABABABABAD@B@B@D@HBDBD@D@D@D@D@DAD@PDRFLHLDLCFEFGHGLOFIHCLGB@DCFEBADAJBFDFBHDFDHDJ@F@JCF@N@DBD@H@DAD@NHRFDBFDBDBBBH@DBBB@HBJAFCHCHEFAFABIDCBCHGBCBABCDADADAHCDCDCBCDEBCAI@E@EBCB@FEDCBCB@B@FDFAFBJ@L@D@B@D@FBBBHBFDH@F@FBBDBDDDBBDBFBFBD@HDHBFBDBNFDDJFFDF@D@D@D@FADBHFBBDBFBDAD@FBB@@@DAB@HBF@DBDBDBDDDBFH@BB@D@BBPCFAHCD@F@J@F@HADABADCBAHCL@DAB@FIBC@ABCB@BAHK@C@@DCBABEBCBEBCBABAFCDADCBA@@BCBADAD@HDB@D@HBNBBBB@B@BBH@FBF@BBBBBDB@BBD@D@FBB@DBBBJBFBDBB@D@BBBBBDBDBBDAHAB@BB@D@BBHBBFBHBP@D@@BABAD@@@BB@JBB@FBDBDD@FBLAXDHDJFBF@DADAJBJBDBD@LERQFCDCB@DAFBHDHBFBD@FAHAF@D@FBDBFFBFHJDBDFR@H@D@BDBHTDF@D@NHBD@FDDHL@DDFFBFHHJFDDBB@DABCBARFJDF@D@DBDBFDDBDBTHDBHHFHDBF@D@D@F@H@DAHAD@DBBBBBBBHB@B@BAB@H@H@BBBDBDDAFAJ@B@BCB@B@@@BAB@BABC@A@@@AAAA@@@A@A@A@@@ACCA@A@@@ABAD@D@B@BBD@B@BABABC@A@EAC@EBC@ABE@@B@@@BBDBF@HCBA@AD@B@BAD@B@B@@AB@@@B@BA@AB@B@DAD@@AB@@A@@B@BAB@BA@@D@@AD@@@BAB@@AB@BCDABAB@@@@@@@BA@@@@BABA@@B@B@BA@ABABABABABC@CBABA@@BADAB@@@@BB@@B@@@@@@@B@@@@@@@@A@@@@BB@@@AB@@@B@@@B@@@B@@@@@B@@B@@@B@@@@A@@@@@C@@@@@@@@@@B@@@@ABA@@@@@@B@@BB@@@B@@@@BB@@@@@B@@A@CB@@@@@@@B@B@@@@@@@@A@@@@@A@@@A@@@@@A@@@@B@@@@BB@@@@B@@@B@@@@@@@@@@@@B@@A@@@A@@@@BB@@@D@B@@@@@B@@A@@@@B@@@@B@@BB@@@@@@A@@@AB@@@@@@@@@@@BB@@@@B@@@@@B@@@@A@@@@@@@A@A@A@@@@@@@@@AB@@@@AB@@@@A@@@@@A@@B@@@@@B@@@@B@D@@@B@@@@@@B@@@@B@AB@@@@@B@@B@@B@@@@@@@B@@B@@@@@@@@@@@A@@B@@@@A@@B@@@@A@@@AB@@A@@B@@@@@B@@@@A@@B@@@@@@@@A@@@@@@@@@@@@@@@@B@@@@@@AB@@@@@@@@A@@@A@@@A@@@@@@B@@@@AB@@@@@B@@@@@@A@@@@@@AAB@BABBB@B@@@@BA@@F@DBDDFDBBB@FAH@FBHD@BAHJfBRDFDFHDDDFFJBJBL@JAJ@LBJAFAFAHEHCD@D@HCHCFEDCD@DEDCD@"],"encodeOffsets":[[108032,33702]]}},{"type":"Feature","id":"510811","properties":{"name":"昭化区","cp":[105.964121,32.322788],"childNum":2},"geometry":{"type":"MultiPolygon","coordinates":[["@@AA@A@A@A@AAA@CAC@A@@AAAAAACAEAGAEAACGGC@@@AHAD@@ABA@@@C@A@A@EACAC@CAAACACEAAEAAAA@AAAA@A@@@A@@BA@AAA@@@AAAA@CCEA@@EACACACAAAAA@A@A@A@A@@@A@@AAISCEEBA@CBAA@@ACAC@ABEBA@A@A@AAA@CA@AACAA@E@KAA@ACAG@E@A@ABABAB@TA^@B@HAF@J@D@BAB@FAD@BAD@F@B@JAFAB@H@D@B@BAFCFEB@DA@AD@BB@@B@BBBB@@BBB@BA@@B@BA@AAC@CAE@AAA@CBABC@A@C@AAA@@AAAA@CA@@AA@A@@AA@AC@@@AAA@ABA@ABA@@AA@AAAAC@@@A@CBA@C@AAE@A@@@AB@B@DCBAB@DCBADCFDDDFFDBD@D@BG@@D@@BBFFBHHLJDDHBF@FABC@IBCHGAGACAEDAFBF@HAB@@AE@A@@@A@AA@A@AA@@@ADC@EACCA@CBABA@CAA@A@E@AACCACIA@@C@CBCBCBA@AAA@@@AAA@CA@A@ACAAAC@A@ABA@@B@@@@@BA@@@AAA@A@@@BAA@@ACAEG@AAA@@D@@@BAAAB@@ABA@CA@AAC@A@@ABA@A@@BCBAA@AAGADE@@AA@@@AA@@@C@@@GCCACCA@AB@AAAA@ABCBA@A@@@CA@@A@AA@@C@C@@@A@ADAB@@AB@B@AA@@@BA@@@@@ABADA@A@AA@A@@A@ECCACCE@CA@A@@@@AAECEGCGAOAAAAA@ABAJCD@FABABAAAAA@IACCC@I@CACACGICCAACCIACA@E@GAAGCCCAIBCACAA@@ABA@CAIFA@A@AACA@@ABA@A@@BAB@D@B@BABA@ABABABABCDGFC@EICCBIBEDEF@D@F@NGFAFEB@@GBGD@DABAGACCCCCEEAGFADCDI@IDE@GDIPCJ@DBBFBBB@DADADC@C@GCECG@AB@BBDFFBB@BABE@EAC@CCAG@CAEKAQ@G@E@C@EBA@@@A@@@A@@B@@@@AA@@@AAAC@ABA@AAA@G@ED@@CDA@@B@B@@CB@@@@AB@B@@A@@@@A@@@A@@A@@A@@AB@@@@AAAAB@@@@BB@@@@A@@ACBA@@@@B@@@BBB@@@@CA@@AB@@@AA@AAAA@@@DC@@@@@A@@ADA@@@@@@ABABCBABC@AD@DC@ECGCCCCAEAG@EEEACCAAAC@ABAFBFCBCBCAECCCCCAC@CDMDIDEJIHEBA@A@CAACCAADC@ACCE@CBE@AAEBCHEFIDGDGBA@E@IECAC@@HADADADCDCBCBC@CAAC@ABCBCDEBE@E@EAECCCCCAE@C@CDABCHCDICCECEAC@CBEDCBCCAG@E@CAOMGAECECEAAC@C@CIEMCE@ADDL@DCDCDEBE@GBCDCBCJADEDKBEFCDCDCFDDDDADBBDBF@DCHEDDBJ@LCNAJ@FGFCFAJIHKLGFEDG@G@IAAB@BDDDFBBBBGPINADBBBFFHHLFDB@FAFCFABBDBDBPAFBDBBF@DAHEDCFAHBF@FBFDFFDHDFDBDDD@D@DCBABC@C@GCEAE@E@CDCB@D@D@DBDDDDBFBJBJDHDDBBDDF@B@DABCBMDGBCDCDAD@DBBBBDBF@L@H@H@DBFDDDBDBF@B@BABEHABABCBCBGB]JQFE@CBCBAB@B@BBBDDB@D@HBH@D@DBLJDDDF@B@F@FADABEFADABAD@D@BA@C@ABEB@@A@A@A@A@A@AAAAA@AAA@@AA@@A@@A@@@AAA@E@@@A@@@@@ABCBCBABA@@BABA@AB@@AB@@@BAB@BAB@BA@AB@@ABABAB@@AB@DAD@BAB@@A@AB@@@B@@@B@@AB@@@BAF@BAB@@A@@@ABA@A@@@A@A@@@A@ABA@@@@@AA@@@@AA@@@@@AA@@@@@@AA@@A@@AA@@@@@@A@@@@@A@@A@@@AA@@@@AA@@@AA@@@@A@@@@A@@AA@@AB@D@DBDDFBHBFADC@KBIDABCJEDE@KAKAI@CBAFAH@NEJ@BDBD@NADBBB@DAF@NADATEHG@IBGDCBCDA@CAQIECECEEGAE@AD@D@BBDNHBDBB@PBDBBDBD@BBBBBB@@BF@BBB@@B@@BD@B@D@D@V@@BBBD@LDNHDBB@FDND@@@B@BB@B@@@BDBBD@BAFDDB@DB@@BDBBBB@@@B@BBB@@@B@@@B@BBBB@@DAB@@@@@BBDB@@@@@@@ADEBA@@B@B@BB@@DAB@F@@BD@@@@B@BBD@BDHAH@B@DA@AB@@@B@@A@@BABAB@FAB@B@@A@@@@B@@D@@B@D@BAB@@CDA@@D@DBB@B@B@@@@@@D@B@B@F@NAD@LCF@D@DBABABABCDADADAB@D@B@D@BABFB@BD@B@@@B@@@AB@@B@@@B@DAB@@AB@B@B@DBB@B@@BDA@@@A@A@@B@B@@@@@@@AA@@A@@@@@@@@@@AB@@@@@BA@@@AAA@@@A@@@A@A@@@A@@@@@@BA@A@@@C@ABCBCB@B@@@B@@@B@D@B@B@@BB@@D@@@BFHDBFD@@@@@C@ABA@C@@B@@A@ABAAABCAA@ABCD@@@@ABCBA@AVHDB@@DAB@@@@AB@@@@ADCB@DB@@BABA@@AA@@@AA@A@@@BA@AB@@@FB@BB@@@B@BBDBBA@BB@@@B@B@DBBB@BD@@@BABC@A@@ACBA@A@@@AAABAAAB@@@B@BBB@B@B@@@DCB@BAD@D@@A@A@A@@@C@@AA@AC@@@AEAAAAA@@A@A@C@CBADADE@A@A@@B@D@FBBBBBBDB@@BBB@DB@FAFA@A@@@A@@BABCFAB@BB@@@@@BB@B@@@D@FAB@@@B@DCBABA@@B@@AA@@AB@@CAAAA@ABCDAJMFEDCHEDEHCFAHAJADAD@JBFAL@BAVEFFD@NCHDFFB@@DBDBDABAB@B@BB@JDF@XFB@BBLLDDHLBFBB@D@H@DAF@LBB@J@BBBAL@FB@BBRAPABA@@DDBBJ@@BCD@F@DJCFA@HAD@@@@@BD@B@HFF@JBFFB@F@@@BC@A@C@A@@@A@AAE@@@A@@CC@@B@FDBB@@BA@ABADCB@@@B@D@@BD@B@@@B@BADCHCBA@ADI@ABAB@DADADABA@ABGDEBA@@PAD@JGHI@ABA@ADEJGBCDCFEBAD@D@D@D@BBDBFDFDDBFBBBBBD@B@B@DE"],["@@@@@@B@B@@@@AC@ACA@@@@@@B@@B@@B@@@@@@BB"]],"encodeOffsets":[[[108629,33089]],[[108407,32777]]]}},{"type":"Feature","id":"510821","properties":{"name":"旺苍县","cp":[106.290426,32.22833],"childNum":1},"geometry":{"type":"Polygon","coordinates":["@@BG@I@I@K@E@A@EBCBC@E@E@E@E@EDIFGBEDCFABCDABCDQ@EACCECECAAABKAIBA@CDEFQ@GBE@EACEG@C@A@EDCDA@A@AACACAA@C@A@C@I@CAM@ABA@AB@DC@A@A@A@CEEIKAC@A@A@ABCDCBAHAHEFETIDABCDCAGCK@ABABCDAFCDCFGBEBC@AAACAAAAEACAG@EBG@C@@@@BAD@AE@CCC@A@ABC@@A@BC@AF@F@FBBAA@B@BAB@A@@AA@BEB@@AAA@EAA@@C@@@AA@@@C@@@@B@D@@@@ACC@A@A@ABAAA@A@A@ABA@E@A@AAA@C@C@E@A@AAE@IBADCBC@ABAAC@AIICG@C@ABEDADAB@DBHBJBBBD@B@DAFCHCPIFGFG@ABABA@A@@ACAC@@@@D@@AAA@@B@@@BA@C@AFABBDBCD@@D@BBDDBBDADCB@DA@CB@DA@AB@BA@@AA@ABBBB@FBDB@DBB@@BB@D@B@AA@AAAA@@CCB@@AA@EAABA@ABCFAB@B@DAD@BADCBABEBC@@AAAAK@I@ACCCA@EAA@AABE@AAAA@ABCBEDKDCBK@EBCDC@C@A@C@AAGBAECECC@ADCD@FC@C@IAKAAAAMCCBEBCAGACAA@ABEDCAC@@BA@A@@B@BBABB@DAB@@AF@@@@C@AAACAAA@A@EBABAA@A@CCM@C@AACCECEACCAC@OCKAGAGBE@A@ICKAQCYCKAC@E@CCIAWEGAGCECCIEc@IACBE@A@E@EAEEK@CBCBALIBCAIAC@C@EDMDQBO@C@CMEIGCCAC@I@ACAC@I@C@AAE@AAAE@AAE@C@A@ABA@AFAFCBADCDAB@BAJAF@BA@ABC@A@ACCECCAGAC@ABEBKFCBA@A@A@CCCEGIECEAAA@AAA@CAC@A@C@A@CFCDE@AAAC@C@O@GBA@A@@A@A@EBAAEAEBA@ABA@A@@@E@C@ABAD@B@DA@A@A@MAEAGAA@A@CC@CBC@EBCAAA@@AA@G@AA@CKAECCCCACBGCEAEAAIBEDCBCBBBBF@B@BABADAB@DABCDAB@B@BB@BB@B@B@B@BAB@BC@A@AB@@AD@D@BBDBBBB@D@FA@ABABA@ABAB@BBFB@@DA@@BABABAFABAH@B@D@DBBBBBDBBBB@@D@BBB@@B@@@B@@@@ABA@A@C@A@AB@@AD@B@BAD@BAFAB@B@DBBBDFFBD@B@BCFC@ABCAMEC@A@A@@A@E@CAAC@C@@BCFCF@F@DADAFAB@DA@BBBDBBLJDD@BBBABCDC@E@CBC@CBC@CBCFCD@DADCHEDABAF@DADABA@AF@DCFEJA@ABEBE@E@CAEAC@CAG@CBABABA@@B@@BBB@D@BB@@BB@B@BAB@@ABA@GBIAQ@O@A@@AEIEIA@CAE@KBC@A@AA@@@ABA@CBA@@@A@ACAEAC@CAIAE@A@C@CAC@AAACACCE@ACAEAEAECKCECCACCGCCAE@A@A@A@ABA@AFA@ABA@@ACACAA@C@EBA@A@CA@AACAC@AA@A@C@A@ABGDABEBCBCBC@A@G@MC@DCH@B@FBB@D@D@DEDEFCBE@GB@@@@@@C@AC@@@AABA@ABABCAA@CAEBC@GEIGGEGASCIAK@KDALAF@FEJAHCHCBA@GBE@EACBBFBDBHGHAD@JADEBE@GACCKIGGEAAE@AC@@@AHC@C@CAEECCECCDABCDA@ABCDA@A@@B@@@BBF@B@DAB@D@B@@BDBB@BBB@@AB@BAB@BBB@B@@BDB@@BB@B@@BB@@DBBBB@@BB@B@D@BADAB@DBB@BBF@DBD@BABA@@@ABA@AA@@AAAAA@@@AAC@@BCBA@EFEDABA@C@G@A@EBIBA@E@C@ABC@EBA@ABC@I@E@GBA@]@SBA@ABAB@B@B@FBHBDB@LBF@B@DBBBB@@DBB@B@B@BABAF@BBDBD@@BBDAB@FADFJTBB@@@B@@@B@B@B@BBBBBDBDBDBFB@@FBDDB@BB@B@@BB@BAB@@@B@@@BBBBBB@BBFBBBDFDBBBDBD@DBFBB@B@D@@@B@BA@@BCBG@@D@HHBDFBHBFBDBBBBBBB@@@BBD@DBB@B@B@B@BBBB@PDDDFDD@FBFBB@@@B@@DDJBD@@BBB@L@HBDDBBBBDDBDFDDBDDFFFDBB@BA@@B@BBD@B@BABA@ABCAI@E@I@EFEDCBGBEBGDABCBCFCHCBCDA@@BBBB@FFFJFH@B@D@BABABCBE@EAABC@CBIDGBCBAB@BAD@BBB@BDHBFAF@BBD@B@DAB@BADA@CBEBADABAB@BBB@BD@DBD@B@DBBBB@B@D@BAB@BABA@@FDBBB@B@B@D@DAB@DAFCDADAFADA@@DABCBA@@BAB@@BB@BFDD@BB@FFFDBBBB@BBB@BBBDDBB@@@B@@B@@B@B@@AB@@@B@B@BAD@D@B@@@B@@BB@@@@B@D@B@B@D@BAB@@AB@@@@@B@@@FDDBB@@@JAB@BBB@@BABADAB@@AB@@B@@BB@B@B@@BBD@B@B@D@B@D@@B@@@B@FAD@DABAB@B@B@@BB@@BAB@@ABA@ABE@CB@@A@ABAB@BADAD@B@@@BBFB@@B@@BB@@@BBB@BFHBB@B@@@BBB@BBB@BDF@DDL@FB@@@B@@@BCDI@ABADAB@HCD@B@BA@@AA@E@@@AB@FCJCB@BBHBB@P@B@B@BB@@BFDFBBBBFB@BB@BDBBDBDDB@B@@B@D@B@DBH@H@BBBB@FBBBF@B@DBB@BBBFDF@BDDFDBBD@D@@@BB@@BB@@@F@F@B@H@B@D@B@BADAB@B@BB@BBBBBB@BBBA@@BA@CBA@ABA@@BAB@BAB@D@B@BBBBBDDFBDDDB@BB@@B@B@B@BAB@@ABA@EBEBC@ABA@@B@B@D@B@B@@D@HBHBD@D@B@D@BAB@DBD@DBB@F@DBFBFBF@D@B@BBBB@@@B@BABAFADAF@FABADABABA@CD@B@B@@BBBFBB@D@BCBA@CBA@ADAB@DAB@BBFDBHBBBBB@B@@@BADD@BBFFDDBBB@FALALCPEDAHBH@F@B@FANA@@B@BB@@BADABCBADAJEFCFCDCJKRIBCCK@CB@BADAB@BAAC@CDGLIDADCHAB@B@B@DDB@FAJAD@BAB@B@LFBDDDFDLJRPDBB@@B@@@DAH@DBD@F@D@DBF@BB@B@B@BADADEDCBAFADAL@HAF@H@BAFBF@F@JA@B@@B@@DBHBFBD@BB@D@DBDBHBB@BBBBBDB@B@B@F@DBRDNBLB^DD@@@BBF@D@BBHBB@BDB@B@B@ABBBB@DF@@B@@B@@BB@@DBB@DBFALEF@B@DBB@NEDAJ@D@F@F@B@DAB@BBBBLFFB"],"encodeOffsets":[[109200,33472]]}},{"type":"Feature","id":"510802","properties":{"name":"利州区","cp":[105.826194,32.432276],"childNum":1},"geometry":{"type":"Polygon","coordinates":["@@@CDE@@DCNG@@@A@@EBAA@@@A@@CAA@@AAA@A@@FCBA@ABABAD@B@HFFBDBBB@@B@@ADA@A@ABADCBA@@@AACBAD@F@B@@@@AA@@@@A@ABAB@BCF@DAD@B@B@B@@@D@FBB@B@BC@C@AAIBAFAB@DBBADCB@@DD@B@ABBB@@F@@@BB@BFBDBDB@@DF@BD@@BBBBFD@@BBBBBD@@@@DDDDD@BBDBBHBJFB@BADB@B@BBBB@BBF@D@BBBBFDBBB@BABCD@BAHD@@BCBA@AB@BC@@BDA@BFB@DA@AFBFBF@DBB@BD@BCH@@BB@B@@B@BDBBB@BADDB@@@AA@AB@@@BB@@B@B@B@BBD@AA@@@A@@BB@@BA@@BB@BDBBBBDBB@B@@AB@BB@@BBBFBB@DABA@@B@DBB@@@@@BA@@HBB@B@@@B@@AB@@@@B@@B@@@@@AA@@@@B@B@BAB@@@DA@AAAAA@@@A@AAA@@AADBDB@BB@@BD@@@@@@CAABA@@B@@@B@@BF@DBB@BA@@@A@A@@@AAA@@B@@@D@@@B@BB@B@D@@@BB@B@BAD@BA@@BB@@@BAB@F@F@BBD@@AB@BAB@B@@BB@@BBDB@@@@D@B@D@@@@A@A@E@@B@B@BBB@D@B@@ABABA@AB@DCB@@@@BB@@BBB@@@A@A@@@@A@@A@@D@B@@@B@@@@B@@@@A@A@@@DB@@@ABA@@B@B@@@B@DB@BF@@BB@@@B@@@BB@@@@BA@C@@@CBA@A@@@@B@@D@B@@@BB@B@@BB@@@@@B@BAB@@@BA@@B@@@@@@A@@@@@@@AAA@CBAB@@@@AB@@@BC@@B@@BB@BB@@B@F@@AB@@A@@@@DA@@@A@C@C@@BAB@@A@A@@GAAA@ADA@@@@AAEAA@@@@A@@AA@@AA@AAABAFBDEDADAB@D@D@DB@@@B@@@@B@@@B@B@FB@@B@DABAF@B@@BF@BB@@B@@A@AF@RBD@H@J@B@BADAH@B@B@@BDDDBBAB@HAF@DBB@ADB@DDBBB@@AB@L@FD@@@BBBJ@H@D@FB@@A@@A@A@A@@BCBEDA@ABABABAF@FB@@CFCBCF@BABBDBA@@@@@AB@B@DA@AB@D@BB@BCD@BB@BAB@@@@D@BD@DADBHAD@BAD@B@@@AAA@A@@@@@@ABABAACB@A@@ADA@ABCB@BABA@@AA@A@AB@@@FC@@B@@@CD@@BBB@B@B@@B@@@@DB@@B@@CB@JBB@DA@@DBBB@DBB@@DAB@@@B@@B@BB@BA@@B@B@@@@@AAB@B@@A@A@AB@@D@@BB@@B@@AA@@@BA@AA@@A@@@@@@BA@@@@BBB@BGBAB@@C@BB@@@@A@@BAB@@@BA@@B@DADBFABA@A@@@ABCBC@ABABAB@@@DAF@BAB@BA@@BA@AA@@AA@A@A@ABCBC@EBA@@@A@@@@C@A@C@A@AAC@AA@A@A@@AA@@@BA@@BABCBA@AA@AAA@IB@@A@CAEC@@A@@@@@A@@BA@ABC@A@A@C@A@@@@@AA@@@A@@@A@CBC@A@A@A@@BA@@@A@AA@@@@A@@AACCAA@AAA@AAAAAECEEA@@ACCAEA@@AA@AB@@ABADCB@@CBEBCBCBEDCBA@CBC@A@A@A@AAEC@@ABABA@ABC@A@A@AACAA@C@CAC@@AAA@ABABABCFADAB@BC@ABA@C@AAC@ABEAECG@AAA@ABC@ABADAHAJCDAD@BAFBF@DABABA@A@C@AEGEIEEA@AA@AB@DCDADGDEDABAHCFAHADAFCFEJ@F@J@DBBAB@BA@A@AAC@A@AB@@AAAECEECCCAECACCCAAAACCGAK@A@AA@@ACCI@CA@@@A@EAEAC@ECCCOCA@CFA@A@C@AAAAEACAECECCAAAC@C@C@C@ABEFCDADIHCF@BAB@BGJIHC@OB@@ABCFAH@BABCBCBCBA@AB@BCJ@BABGDCDABA@@@A@C@@AC@A@@@A@CDAB@BAB@@AAECA@@@DD@@@B@@BF@B@B@@@B@D@BAD@@E@A@EEIAE@GEA@C@@A@@@@BC@GEBID@C@EDC@AI@AACC@@ABOBQBAAA@@EBKAA@A@IAA@KBE@C@G@CAAAEGKCCKKAAA@WEE@ICA@@A@ABABAACAC@CA@EEGCMDC@EEUFABK@EBIAC@CBIBGBEBGDCFGFCDEFINCBAD@BBBBB@DA@@BB@@BA@@@ABABCDA@@@A@EBC@@@A@A@@A@@@@AAA@EBADAB@@@B@@@BEBEBA@@CAA@AA@ACAAAAEAC@A@@@@B@BCFCBAB@D@D@B@BB@BBBBBF@@D@@BBB@@@D@@@B@B@BC@C@ABA@CD@@A@A@A@AAA@@@A@BBABBB@B@@@BABBD@@@BADAB@@C@@AAACAA@A@@@A@@AABCAAAA@@@A@@AEA@@A@@BAB@@B@B@@B@@BB@@ABAB@@CAA@CD@B@@A@@B@@A@CB@@CAUG@BABAD@B@@C@AD@BBBADBBAB@B@BA@@@@DAB@B@D@@@@ECCAEG@A@@@CA@@AA@A@C@A@@@A@@@A@A@ADAD@B@D@@@BAB@@@@@@@B@@@B@B@@@B@@BB@B@@AB@@@@A@@B@@@@@@@@B@@@BB@@@@@@A@A@@@@B@B@@CB@AA@A@CAA@A@A@@BA@CBA@@@A@@@BA@@A@@@A@C@@AEABA@A@C@A@CBABCBCDCBABABACAC@E@KDC@MBE@A@A@C@@@@@@@@A@AAA@C@CB@DC@@BA@A@C@AC@@@@A@@B@@@@ABA@EBABA@AB@@@@A@@BAB@@C@ABGCG@AAC@A@A@@C@@AE@A@CB@@AAA@A@@@ABCF@B@@@@@@CAAA@@@@A@CB@@AAAAA@@@A@@@A@AAA@@@A@AACA@AA@@CCAECABC@AAAC@@A@A@@A@A@@MCECA@CAMGKCC@AA@AU@C@C@A@C@@AA@ABCFEDOAQAQAIBEFAB@D@DBF@B@BKBCBENCFCBW@C@ABAD@BCDCBABE@CDCB@B@H@@DBDDDHDJ@L@FCBGFCDC@CDCDCHA@IDC@CCEBC@KGECC@CACCI@CB@FGDG@AAGEIKGIGGGGECGBKBMFBFAF@FAHAFEHADCD@DADAFCBCBMA@LLFLDBBAF@B@DBDCN@D@F@F@F@HBDBD@B@BFB@@ABB@@@D@BA@CDE@@FCD@BBBDAF@DADAD@B@@@BBAB@@@@@B@@@B@B@BB@@D@BB@@@@@B@@@@@B@@@@@@@@@@BAB@@@B@@@@@@@B@@B@@@B@@@B@@@BB@@@@@A@@BA@@B@@@@@@@@B@BBB@@@@@@@@AB@@@B@@@@@@@B@@@@B@B@@@@@@@BB@@@@@@@@B@A@@B@@@@ABAB@@A@@BB@@@@@@@@@@@@@BAB@@@@@BB@@@@@BB@@A@@@@BA@@@@B@@@B@@A@@@@@A@@@@@AB@@@@@@@@@@BB@@@AD@BA@@@@@@B@@@B@@@@B@@@@@@@B@@AB@BB@@B@@@@@@@@B@@@@@@A@@@@BA@@@@@@@A@@@AA@@@@@B@@@BA@@@@BA@@@A@@@AA@@A@@@A@@@@B@@@@@B@@@BB@@@@@@@@BA@@@@B@B@@@B@@@B@@@@@@B@@@B@@B@@@@@B@@@@AB@@@@@B@@@@B@@@@@@@BAB@@@@@@@B@BABCB@BAB@BBBDBDFBBB@@@B@FANCBADBB@B@DADCLG@DBBB@B@BCDCBAF@B@FAD@DAB@BFBDBBDDBDD@B@BAH@D@F@BAFABADCB@@BBBABAF@DBB@BBF@FDDBDBBDAD@H@JBDDBBDFDFBBDFAJ@H@BBBF@D@FBF@DBBBDFFBD@D@FB@@ABAL@HBHAD@D@@CD@B@@B@DBDB@@@B@@CBCBCF@H@NADEFGHABAACAC@C@A@AB@@@HCD@B@BBD@B@DABC@@@C@A@ED@@AAE@CB@@BBBDBD@DBD@BB@BABADABAF@BBB@@@B@BAB@DBBBB@@BBB@BB@@B@@A@CDA@@@CCC@@@EF@B@BA@AB@@@BB@@@@B@@AB@@@BB@@@AB@B@BB@@B@@@BDB@@@@BA@@@@@@BBA@@B@@@@BB@@@F@B@@AFBD@B@D@BHBHADCNOF@DB@@B@BAD@B@FA@@LDBBFAF@@@B@B@B@B@BBFBBD@@ADBBBBBF@B@D@D@BDHDJDDDDBDBBBBDDFDDDBB@B@BBB@@DBB@BBBDBBBBBB@BF@@BB@BBB@FDBB@BBB@DBDHEDEPM@EB@F@BBD@DBB@B@DCFCDE@A@CBA@EBE@AACBA@@B@DBB@FADAFKB@BA@@ACAAEGGK@C@CBG@CBCBABADAB@B@B@BABC@ABG@CBC@A@ABABEBEFI@ABE@@DG@I@C@AFCLE@C@ACA@AFCBE@MAECECCEKAGCAAA"],"encodeOffsets":[[108231,33307]]}},{"type":"Feature","id":"510823","properties":{"name":"剑阁县","cp":[105.527035,32.286517],"childNum":2},"geometry":{"type":"MultiPolygon","coordinates":[["@@@@AA@AAE@@AAAAAAC@CAAAAC@OAAACMGAC@A@CBCF@HBFFFDFDRJDBB@DCDAHCJAH@FGBSBC@MBE@CAACAMBC@CA@AFI@MBGBEDAJ@LBLBF@FCDIBAJCLAD@BCAEAGCEAC@C@CBA@@BB@@@B@@B@@@@@BB@@B@@B@@B@@B@@@BB@@@@@B@@@@@@@BB@@@BB@@B@@@@B@@B@@@@BB@@@@BB@@@@B@BAB@@@B@B@@@B@B@BA@@B@@@BA@ABE@A@@BA@@@A@@@A@@BAB@@@BA@ABC@CBA@@BABABA@@BAB@@ABA@ABA@A@@BA@@BAB@BA@AB@BADADABA@@@@B@@@F@B@BB@@B@@@@BB@@BB@BBB@BBBBB@B@B@B@B@@@FABAD@B@@A@CBCBABCFEBABC@E@E@ACECCKICAC@G@GAC@A@CCAA@A@ABADADAF@RE^IHADADABABAFGBA@A@AAEACCCECCAG@G@K@E@CAAAAA@CBCDCDCHANCDABA@C@ACEACCAGCICIAEACACCAC@C@C@CDADCF@F@FBHDD@D@BADA@C@CCCACECGCECCEAE@EAEBGDEFCBG@CAECAEAOBCACAAAEBEDEBA@ECGKEGAEAABCJMHOAAAACECC@ABAJBH@H@FCHELKJGBIDEHE@EBIDM@KAICCGFCDE@CAAABCCCCCDEDCDCFELAFCBCDIDADCHAF@FADCDC@CCKBCF@NDJF@D@DBDFBFDFDHBPNDBF@H@DBADCDAF@DBDDFDFJDDCDGBADCD@F@DBDDDDBF@F@FAFCFADAD@BBDDBD@DADADCBCBCBC@G@GBC@ADEFCHGFCDC@CDCBABA@C@ECCCACEEIC@KGEABEACCCAE@CBGACEAEC@CEEACACAABAHGBC@EACCCKCCCCEBCHKDEAECAEAGCKAICCBCBEHCAACAECIBIBIBKBI@IDEHILIDEJEBIEEQCCCBMBK@CECS@KGIEKEECABC@CAEA@A@A@A@C@@@ABABCC@C@C@@@AAACAC@C@E@A@ABC@@BABCDEBA@ABC@C@AACA@CACAAA@@@@AC@ABC@ABCBA@AACAAAA@CAA@ABABADA@ADA@A@A@CACACAA@AA@A@ABABC@E@AAA@@A@A@ABADABA@A@AAAAAAA@@@A@A@@CC@BA@AB@@A@A@E@A@AC@@A@E@A@@A@A@AAA@@A@ACAC@A@C@A@A@AAAACAA@A@AAA@AAAAAAA@A@A@C@CAA@A@CAA@@@A@AB@DADAF@BADADABEBC@CBC@C@A@C@A@A@CAAAA@@A@@@@B@D@BAD@BADABAB@BA@A@A@AA@AA@AA@BA@@@CFAB@D@F@B@B@@A@A@CAGAAAABA@A@AA@A@@BA@AAAAAC@A@C@A@CAA@A@C@ABAB@D@F@DABADABABCBA@AA@A@A@A@AAA@@AA@AAAC@EAC@CACCA@AAA@ACAA@A@CD@DAFCBABA@CAA@@AACBE@C@CAA@AAC@CAA@AA@C@A@C@AAAAA@A@@BABABABIAAAA@CACAE@CAA@A@AA@A@CBA@A@@@CCAA@@A@A@@DEFAB@BBB@B@FADCL@@AB@B@D@BBB@B@DCBA@CBC@EAC@A@AAGACAACAA@C@E@CACAAE@GBCBGBE@CACAGEAAE@CBA@@BA@AB@@CBC@A@@@ACA@C@CBCBAB@D@BAF@BA@@BA@A@EAA@A@@BAB@BCD@BA@@@A@CB@AA@@E@A@@A@C@ABA@@B@B@B@@A@A@@ACE@AA@E@A@CBA@ABA@@A@ABADABABA@@@K@@@AAAA@CAA@@A@A@AA@@AA@A@ABABA@A@A@@AB@BC@@@ABA@A@ABA@ABA@@BA@AAAA@CBCBEBA@AAAAAAAAA@A@AAA@AABA@@@A@AAAA@C@A@A@@A@ADC@AAAAC@@@@ACC@CAE@AAA@CAA@@ACBA@CBABAB@B@BE@A@CB@DABC@A@C@E@ABABC@C@@@AB@B@BBB@@@BABA@C@G@C@CAAAC@ABABAD@BBBDD@@AJ@FABABA@AAA@A@CD@@@@A@ABIDCBAB@BA@@@@E@@B@B@@A@@AAAACBA@@BBD@B@BAB@DAD@B@D@DBD@F@D@@@F@BADADAHADDHHP@FAFADCDA@GDA@EBC@C@C@E@A@CBA@A@CAACAGCAA@C@@BABABABADMFIBABA@ABEDCBEBE@@@AB@D@D@DBDDBDDBFBD@HBD@DB@DBFBDB@B@B@B@DAFAHADBD@D@DABABCBABCBADADABC@EBABAD@DADABABCDGDCD@@@DBDBB@DADAD@DAD@BC@A@@@@AA@IEA@CAAACCCACCCAECCAAAAACAA@C@ABC@EBG@C@AAAACACAC@ABABADCBABE@A@A@@DABBBBBB@DBBDBBBB@D@BB@DBD@D@DAB@BBBBBDBBDBB@B@BB@@BB@BBBBBB@BB@BAD@DCD@D@B@BB@DBFBFBF@HBFBHBDABABAB@B@B@@BBD@B@BBD@F@@AF@DAF@BADAFAF@DCBA@C@CBEBEDCF@B@BBDBBBD@@@BCBC@ABABAHA@CBC@AAAAA@C@EACBA@@@ABAF@@A@A@CAEGAA@@@ABCACCK@A@AA@ABA@AB@DAD@BCBKHKLAHBD@@DBDBF@BB@B@B@F@F@J@BADEJCDABADA@EDC@CBABCBA@E@GBEBA@ABAAA@CCEAE@C@CDAD@B@DBFBF@F@B@DBBBBBBBBBDBBBFBH@DAD@D@FBD@BDDB@DBDBBBBBADCB@@ABADC@C@ABABA@C@ABABA@@J@BABABABA@@B@BB@@B@@A@@@A@@@A@A@A@A@ABABA@CAA@G@CA@CC@A@ADAD@@@D@BBDBDDDDHBDDDDDBB@D@DBBD@DBBD@B@B@HBB@@D@D@B@B@@B@B@BA@@B@B@@DB@@ABA@CAABA@ABABA@A@A@ABCBCDAD@B@DAB@BABCBADABBD@B@BDDBB@F@BAB@BA@@BABB@@BBB@BIJEFEFED@DB@@@ABA@@@@@@@@B@@@@B@B@BA@@B@B@@@BBB@@A@@@@@@@@@AD@@@B@@@B@B@@@BAB@@@B@B@B@@AB@@ABAB@@@@@@@@BBB@@@@@@@B@@@@A@@@A@@B@@B@@B@B@@@@A@@@@@@@@BB@@@B@BB@@BAB@B@B@@AB@@@@BBB@@BB@@@@B@@@B@@@@@@@A@A@@@@D@@@@@B@@B@@@@@@@A@@@@@@B@@@@@@@@AB@AA@@@@@@B@@@@@@B@@@@@@@@@@@@B@@@@@@@@@@A@A@@B@@@@@B@@@@@@@B@@B@@@B@@A@@@B@@@@@@B@B@@@@@B@@@@@B@@@@@@@@B@@@@D@D@@A@@BA@AAA@@@@@A@A@@@A@CD@BB@@B@BB@@@AB@@@@@@@B@@@@@@B@@@@B@@@@B@@@@@@@B@@B@@@@@@@@@@B@@A@BBA@@BB@BB@B@BB@@B@B@@@D@@@B@BABB@@@B@@@BA@@@A@A@A@ABC@@B@@@B@@@@A@ABA@@@@@@@@BB@@@B@@@@@@@BB@@@@B@B@@D@B@B@FB@AB@@@@BB@@@@@@@@@@A@@@A@@@ABA@ABAB@@ABA@A@A@@BA@ABA@A@ABABA@ABAB@@CB@@A@@BA@A@A@A@@@A@@@@BA@A@AAA@@BA@@DA@@BA@@BBBBBBBBBBBDBB@BCDABABBBABBBDD@B@@BBADB@DB@@AD@BA@A@@B@@AB@F@BB@DDB@B@BA@@B@@@@B@BB@@B@@@B@@@@AJBF@D@D@BADCBC@A@EACA@@A@@BAB@@AC@@@@@D@F@@@@BB@B@B@BAH@D@BGHBBDF@HDBD@@@B@BB@B@B@HAD@DAD@F@DAB@D@BBB@BDBHFBBJFHFHFBBZTDD@D@BC@ABA@CBC@GBCBCFABA@A@@@C@E@A@ABA@AB@B@@@BBB@@DBD@HBDBF@H@B@BBBBAB@D@B@@DDFD@@FFDBBBDDDBDDDDFD@BFBFFFDBB@@PFJFRLJF\\THDRPFJNFHBBAFIFCNED@LHJFDDDN@F@J@LETAHABIJIHABAFBHFDDHDDLJJLPLRJJHJHHLJJDFDDLHFFNNDFLNDFDBPRBDBFHF@G@ADADCF@BADADC@ABCBAD@X@DADEFMDALA@A@AAE@C@CBAFEJARBRBPBFCDEBA"],["@@@@@B@@@@@@A@@@@B@@@@B@@@@@@@@@@@B@@@@@@@@A@@@@@@@@@A@@@@A@"]],"encodeOffsets":[[[108106,33081]],[[108027,32308]]]}},{"type":"Feature","id":"510824","properties":{"name":"苍溪县","cp":[105.939706,31.732251],"childNum":3},"geometry":{"type":"MultiPolygon","coordinates":[["@@AA@@@@@@@AA@AB@@@@CD@@B@BBFC"],["@@BF@B@B@B@@D@F@BABBA@DA@@@C@IAAOF"],["@@@@ABAB@@@@@B@@@@@B@B@B@@AB@BA@A@@@A@@BCB@@@@@BA@A@AAA@@@AA@@BAAC@ACA@@@A@@@@@A@@@@@@@BA@AAB@A@AAAA@EBABAFGBAD@BA@A@BBBBBBB@@@B@BPE@@@@@EACAA@ACAAACAAACAI@C@CAAA@A@A@ABCBABAB@D@F@B@F@D@BABC@AACEECAICGCCEAE@CDGBICKAEBA@C@C@GFKDC@@HEBA@AAC@@ECEGAECEAABEAEBEACCAA@GCC@C@@BAA@BA@AA@@CACAEACAABCDCBAD@@@B@BBBBB@D@B@DAB@DADADADBB@BABABABABABA@ABCAAAAAC@EBCB@B@FADBBBFBD@B@BABABC@CBGBEAC@AACAA@A@A@ABC@@@ABC@@@@@A@@AA@@A@@@@A@@@@A@@@A@@@A@@@A@@A@@A@A@@@@@@@A@@@@BA@@@@@@@AAA@@AAAAA@@A@@AA@@@A@@@@@A@A@@A@AA@@AA@@@@AA@@@@A@@@AAA@@AA@@@A@@@A@@@A@A@A@A@ABA@@@A@A@@AAA@@A@@@AA@AA@AA@@@@@AA@@AA@@AA@@@AEAA@@@@@ABA@@@AAAA@A@A@@BA@@BA@@AA@@A@AAA@@AAEDADADABAB@BC@C@AAEACAE@AAA@AADABC@C@C@A@A@ABA@ABC@C@AA@@A@A@AAA@A@A@AAA@A@A@A@A@@A@AAA@AC@AA@@ABA@A@@AA@@@@A@@@@@A@AAA@@@@@A@@@@@ABAB@B@@A@@@A@@B@@@BA@A@@@A@@B@@AB@@@B@@A@@@A@@B@@A@@@A@C@CCCA@C@A@AAAAAC@C@ABCDC@CBC@C@C@EAAAAACAEEAAC@A@ABABABAJABEB@@CBCBA@CBCDABCJAH@F@DADBD@BBBDBBDDD@BBH@H@BABA@ABA@C@C@A@A@C@AACAAACACACAA@AAC@A@EBC@AAEAECAAA@AAAAAA@ACA@@@BABA@A@@B@@BBBBAB@BA@EBA@GCA@CAC@@BA@@BAB@BAB@B@BALCFABAD@DDB@B@BABA@AAAA@@AA@@AA@A@A@@@KACCAAACA@CACAEDG@AAAAAC@CABC@AACAEACACACB@D@B@BA@@BABBD@BBDBBB@A@@@@@AAACA@A@@D@BAA@@AAA@A@@BABAB@@@DC@ABA@@AC@ABCBC@ABCAA@@A@AAAA@@AAC@EACACACAAAAA@AAC@A@@@A@AEE@A@ADE@CAAA@A@C@A@A@A@A@@A@@@@@CBABC@A@AAACECAUOIGGESEAC@@@ADAHCDAFABAD@BA@AAA@AAAA@CAA@C@C@A@C@C@A@E@EBEBG@E@C@AAACCEACC@C@C@CACACACAABA@C@AA]EA@C@ABAAEACE@EAAA@CAE@CAC@@AAABABCBEAA@AABCBABA@A@ABAAA@CA@CAAAAA@C@C@C@A@ABA@ADCJ@BA@ABA@ABC@CAICGEEAGCGAE@G@GBE@C@AACI@CBABAFAFCDE@A@CAAACCCIICA@C@C@E@AAAEAI@KFMJCDCFENCFEBC@A@CA@C@C@AC@A@AAAA@ABC@ADABA@CBA@@DAB@DA@@@AAAC@A@CACACAAAC@A@C@ABAA@ABC@CAA@AAA@AAAA@CBABABA@AB@B@B@F@BA@ABA@CAA@A@A@@@AB@BB@BD@B@B@BC@CBC@A@AD@B@D@B@B@BA@A@E@A@A@@@@B@BHBBBBBABABC@CB@BA@@B@BB@BBB@DA@AB@B@B@BB@BBB@BA@ABA@ABCD@B@DBBBBDBDBB@@@@BAB@BA@A@C@@@AAAAAAA@AAC@ABA@ABAB@BABC@A@C@CACAA@A@C@@BA@@BABAB@B@D@B@BBB@@@BA@A@A@A@AAABCB@D@BADAB@BCBABCBEDADCD@BABAH@BADADA@GBA@I@C@CB@@BDDB@B@B@BADABEJGDAD@B@P@B@BA@ABCACCCAA@CACCACCCCIAAA@C@C@CBGDABCBCDA@A@CBA@ADAB@B@@@D@B@B@BFBDBD@BAFDLFJFLHT@FD@DALANDDRDFFAJIFCFKJGJCF@JAJALAJAJDJBFBDDBFGDADAJDLBHDFBDBBFCFGLADDFDDLDDDBD@FADGHABBBBDBDFF@DFDFBBDAH@DBFDDBDAFFBLHD@FJDFDBDD@F@DABABCD@DCDEDGHEDCF@BAD@HD@DBJFF@B@HAHCJCFEDGFABBF@DAF@DD@BCDBBDDBB@D@BABGFIJCFCJCN@DBDDDDDFDDBDADAAEBEBAD@BBDBBDFF@FBHBFDDDDDH@FCDC@@BADABADAB@B@@@@B@BC@@@BBA@@@A@@@@B@BDD@@B@@A@A@@@@@ED@BBB@@A@@BB@@D@@A@AA@@A@@@@@ABBD@@@B@@A@@A@@A@BBBB@@@@BA@@@BB@@@@B@@@B@@B@@@@ABA@@@@DA@@@A@AB@DC@@FCH@B@BBB@BAD@BB@B@@BB@@@@@AB@@@B@@@B@FAD@F@H@R@LBBF@DBHDDD@FBF@BA@AAAEEAC@ABAH@FDHDD@D@BCBC@CAAEAAA@CDIJOHCF@JCJ@DCBCHEFBDFDDDDHBABCBC@AH@HA@EFEBMHE@C@E@CFAFAJDDFJD@HEDCBABABABAB@BA@A@A@CBA@AB@B@BA@@DBBBB@B@JEDBB@BA@@BBBDADBJDDHDBB@H@FDBJBDDBBDDHJBDBD@D@JDDBD@JBBBBABABEBC@IDAB@BBBBBPBHBHDDFBF@B@@B@B@@DDFBDDD@F@BB@B@@B@BCBAB@B@@@@AB@@B@@B@ABA@@BABCB@@@D@D@@@BBB@@@DB@@B@B@DABAB@BB@BBAB@DDDBHD@@D@@@B@@B@@BB@@CFHBBBB@ABAD@@@BAB@BB@D@BBB@@DAB@BA@BBAB@@C@@@BB@BFHDB@BB@AB@@B@B@BB@@B@@A@@@@@AB@BAB@D@BBDB@B@BDBB@BB@@B@BBB@DADADAD@@@JBBDDDBBF@B@B@DBB@BADAB@DDFBD@BC@@B@@B@BBBB@@@B@F@@BDADGBGFI@EBEBKLCL@JBTDHBHFJHHFD@FADBB@DBBABAB@BA@B@@BDD@@@@@@@HAF@DAFEFC@C@C@CAA@E@ADG@CNDH@B@D@DADAFABAHCBAB@D@B@B@@BBDBD@BDBB@B@FAD@B@DBDB@BB@BAB@BEB@BAB@B@B@F@DBHDDDDBFDLDFDFBFBDB@BDFBDBDBBD@DBD@B@F@JBDBD@FBDB@B@B@@AB@DAB@B@@BBB@D@LAF@DBB@FJFJ@BB@P@R@JBHAB@BA@@BA@A@AAA@@AAC@A@AA@@@AB@BABADAH@DBD@FBDBF@F@FABAB@FIDE@CBEB@BABC@CBEBAFCDGBC@CDCDEDAD@DAD@DAF@D@DCBAAA@ACCKIAAACAAB@@CBABEBC@C@EDEDE@AD@D@BB@D@F@BB@B@D@NFDBBAD@DE@A@AACEEACAA@C@ABABE@ABC@A@ABC@@BAB@D@B@B@BA@@@@@A@@@AA@AAC@@@AAAAACAAAA@C@C@ABGBABEBABA@AB@@CA@AE@ABABAB@BABAB@@E@CAAAAAC@A@CBC@@BAB@D@@ABA@A@A@A@AAAA@@A@ABADCBA@CBABCBA@A@AAEAAC@CB@AA@CEC@CAEBC@ABCBABC@A@CA@ABCHIFEFEHGFGDGDM@CAECAA@E@CDADABE@EACA@@CCACEIEECAAAAAAAEICAAACB"]],"encodeOffsets":[[[108407,32777]],[[108974,32684]],[[108981,32690]]]}}],"UTF8Encoding":true}