{"type":"FeatureCollection","features":[{"type":"Feature","id":"510502","properties":{"name":"江阳区","cp":[105.445131,28.882889],"childNum":1},"geometry":{"type":"Polygon","coordinates":["@@@@BBDD@BBB@DABCDEDABCJBDBFDDDB@@B@B@B@DBHBDBB@DA@@BABABA@A@AAC@C@CBABA@ABCFEBABABABABC@CB@@A@E@CCECAGAG@AAAC@E@EDCBCBAD@B@DBNLFBF@DCDEDCDAD@JAP@B@H@D@DBBD@DBH@HBBDDBBLDBDBB@BAD@D@D@BD@H@P@@@BAD@@CDE@A@CCIAEBA@ABAB@NAF@F@D@BABABA@AACAEECCC@ABCDCHCHCBAB@D@B@D@PCD@DAFAD@HE@@B@BABCAA@ACAGCAA@ABA@ADAFADCFAD@F@F@NDDDRPJLDBBBBBDDFDHFH@N@NGJOPaPMJGLAB@B@F@HBFBHBHDJF@@HDJNFF@@TLPH@BFF@JGLADAHAJCDEFAHADCD@BABAD@B@BBBNPRJ@@DBFBLBHBD@DADAHAFCHAHEFGB@DONOTK`ELGFE@ABKCSKOWUCACEAE@CBCFAD@B@@@BAB@@CBCBA@@BCBABC@ABA@A@A@A@CFGFCFCD@FBDBFBL@B@BA@ACC@A@ABAF@HBB@DAB@@A@@@AC@CAA@AADIB@@A@AAAECAA@ACAE@ABABBDDDAD@DABCBEBA@AA@C@CAAAC@ADEFG@A@C@A@AC@C@IFA@A@CAA@AA@@@C@ABA@A@CAACAAA@AAA@@@AAAAAAAC@@@CB@BC@@@@@@C@C@A@A@AACA@AAA@AAAA@@A@CBC@@@A@C@AAA@AAABA@CBA@@@A@C@A@@AAAAA@@BADCBAD@DAB@B@D@D@RC@@FADCBABCAACEEC@@@A@A@@@ABA@@@A@AAA@C@E@@@@AA@CC@C@ABAA@A@CBAFC@E@AA@A@C@CA@@A@A@@@AB@@A@A@C@A@A@@B@BBB@B@B@DDFBD@B@BABEB@@@BBHAB@@@@A@E@C@EBIBAB@@@BBBAB@BABABCH@BBBDBDB@@@BA@@@GBA@CB@@ABABA@AAA@CEECA@CACAAAECAAAAABAB@B@BAB@@AB@@ABB@@BAB@@@@A@@A@CA@A@@@AB@BBDBD@BABABCBA@A@A@CACAA@EBCBCBCB@BC@A@ABA@AB@DBB@@BDADAB@BADA@ABC@@@A@AAAAA@@@AB@BBBDH@@B@B@@B@@@@ABA@@BE@A@@@A@@A@C@A@B@@AB@@@@A@@@@A@@@A@@@@@AA@AB@@@B@@@B@@A@A@ABAACEAAA@@BAN@BABC@EAGACAAAEAG@AAAABABC@CBAACAGACCACC@C@CDCDADC@C@@@A@A@@@@A@AAA@A@@@AA@@@@@AA@A@ABCDA@A@AA@@A@@@AB@B@BA@EBCDA@ABA@A@@B@@AB@@EFQLC@@@AB@@@B@@A@GFAB@@CB@@A@@B@@@B@BABA@A@AAECC@@@@B@BBBDBBBBBA@@B@@A@ABA@@@A@@B@@@@A@A@ABA@@BAB@BBD@@ABA@A@CBA@ABA@AAAC@@C@C@EHCD@F@BDFDDBDADABC@EAEAECEAE@E@ACAABI@C@CAC@CACCAAAC@@@E@CAAAAA@SAGCAG@CACCDAFI@EAIEK@@EEKEIE]MMEC@G@IAUCOISGIEUOMGEAI@E@IBEDOFYP@B[LIDBBDF@BBB@@@BBBBB@@BBBBB@DAB@D@DABBBBDBBBBBDDBBBBBD@B@@A@EBC@CBA@AB@@AB@BBB@BBB@BAB@BABCBAB@BABBB@@BBBBB@@B@@@DABABADAB@D@D@D@BCBA@CBADB@@BA@CDAB@@@@@B@@A@@@@@AB@@@B@@@@@@@B@@@@@D@BFBDBBBB@BB@B@BA@@BABA@A@ABA@CAA@A@A@@B@@@B@B@D@D@B@D@FBD@BBBB@@B@@ABIBABAB@DBD@BDFD@DB@B@DADABAB@@@@A@AB@@A@A@A@A@A@@@CB@B@D@@BB@D@B@@BBB@BB@B@B@B@D@@CBABAB@FBD@DBDADA@EAC@E@CBC@EBCDCB@BCBCDEDAD@@@@@B@BAD@B@B@D@B@BA@ABC@A@ABABA@AD@B@D@BA@ABC@C@A@C@C@ABABAB@B@BAB@BADA@ADCDCB@@BB@BB@@@B@D@@@B@@BA@@BA@@BBBB@BDB@BA@@BB@@JADADCDC@EDCBC@AAA@C@C@A@@BAB@B@B@DBDBD@B@D@B@BA@ABABCBA@AD@B@BBB@BDB@BBB@B@D@D@B@@@B@BBBB@@@B@B@B@@ABA@@BB@@@BB@@B@@BBBBB@BAB@D@B@B@B@B@BAD@BB@@BBBB@@@BBB@B@B@B@@@B@BB@BB@F@B@@@BABAB@DC@A@@@AA@@A@A@A@AB@BABABAB@@AAAAA@C@CBABAFAHADBFBFHBBB@BADCBEBCDABCBAB@B@@@DBBBD@DBBBB@@BBBBB@DBBBB@@@B@D@@ABAB"],"encodeOffsets":[[107792,29638]]}},{"type":"Feature","id":"510503","properties":{"name":"纳溪区","cp":[105.37721,28.77631],"childNum":2},"geometry":{"type":"MultiPolygon","coordinates":[["@@@ADA@@BA@A@@@A@@AA@AAA@CAAA@AAAAA@A@C@E@C@A@IBE@EAAAAC@OAEACAAE@C@CBCFAB@BA@A@A@C@AAC@A@@AA@@A@ABAD@DABAB@@A@@@A@AC@CCA@CAAAC@CACCA@@AAA@@@ABABAB@@AB@B@B@@AB@@AAACAAA@AA@@A@CBA@A@AAA@AAA@@A@A@A@AA@AAAAAA@AAAAA@@A@C@A@@AAAA@AAAB@@A@ABABAB@BAB@B@@BB@BBD@BBBA@@BCBABA@@B@B@B@B@B@@@BBDCBEBADG@A@A@AA@@ACAC@@@@@A@EDIFCBE@EACCACACBA@C@C@@CCEAAA@CDGFGDEB@BE@E@CBEAAEAEACAE@C@@@@A@@@@@ABC@CBABAB@DADABAB@BAB@@A@A@ABC@C@C@A@AACACAA@CBA@@D@D@D@DABA@A@@@CBA@C@EACAC@AAABC@ABCAA@A@CAC@CAA@AAAACAAA@@AB@DCA@A@C@CBCBEBA@C@AAA@AAAAAA@C@AAAACAA@A@A@@@A@ABA@A@AAAAAAC@AA@A@A@A@A@AAAAAACAAA@A@@@ABCBC@EAOC@C@A@AAABE@C@C@A@GAG@G@E@C@A@G@A@C@G@I@I@E@CACCAAAA@A@C@CBG@C@CBE@C@C@C@CAE@ECCACACAACAAAA@C@C@GDC@ABGB@@ADABCFA@CBCBAD@B@D@JBFAF@FAF@@AD@BABA@A@ABA@C@A@ABA@@BAB@BCBABABC@A@ABA@C@C@E@A@CAA@AAAA@ACC@AAAAE@AACACAA@AAAA@AAC@A@C@A@A@A@ABAB@@ABA@AAA@@@AAA@A@ABA@CBABCBA@A@ABC@E@CBC@AB@@AB@B@@@BAD@BADABABA@CBC@CBCBE@CBABAB@B@BA@@BE@A@C@A@AA@AAA@C@C@CAC@A@A@AACACCCACCCCCCACAEAC@EAAAAAAA@@ACAA@AA@AAAAA@AAA@C@AAC@@AEAA@A@A@A@A@ABAB@BA@A@ABA@AAC@C@A@A@A@AAC@A@EAA@CAA@AAA@AAC@AACA@AA@@C@CAA@A@@@AACBA@A@C@ABA@CBA@A@A@AB@@@E@E@K@G@G@@B@@@@@@@B@@@@@@@@@B@@@@@@@@@@@@@@@@@BA@@@@@@@@@@@@@@A@@A@@@@@@@@@@@@@@@@@@@@A@@@@@@@@@@@@@@@@@@@@@@@@@@@@@@@@@@@@@CA@A@GBC@C@C@CAE@EACAGACAE@E@I@@@ABAD@D@@@F@B@BBBB@FBDAHGB@@BBD@@D@DBB@@@@DBDBB@DBDB@@B@BB@@BB@B@DB@@@@BB@BBBB@B@@@BB@BBDBDBFDDBDDFBDDBDB@@BB@B@BAB@BAFADBF@BBBBB@DBD@FDLBD@BADABCDAB@BADAF@BABCBADABABE@CAC@CCE@CB@BABBD@D@BA@AB@AEEAAA@AD@D@DBBBBFDBB@DABC@C@E@@BAD@DBFDFHDBD@B@BABCBCBI@CBABAB@F@DABADABABCDCDAB@ACC@@AAC@GDAB@B@BBBD@BBB@@B@BABADCDCBCDAB@BAD@BBD@D@DBHBJ@BADADAF@B@@AB@D@BAB@DAD@B@BAB@B@D@BB@@DB@DDBBDBBBBBDBBBDBBBDBBBBBDBBBB@BB@B@BAB@B@B@@@@B@@@B@D@B@B@B@D@DBB@BBDD@@DDBBBDBB@B@D@B@D@FBD@DBDAHCFEFCF@DDDFBDADADAD@DBBF@B@@@D@F@DAH@D@BBDADAD@D@BABABCBGBCBEB@D@B@DB@DA@@B@B@DDBBBBBDJC\\K@AZOPEFCJAF@J@FBNHVPJFTHPJVDJBH@D@NF^NJFLFFF@@FLBJ@FEJCBDDDBH@DBBH@TBBBBDBF@@@D@BBDBBD@DBD@D@DAJBBBDF@F@FBFDFBFBD@BABCACCCCE@A@EDCFGD@D@@@BDBBB@BAB@DAB@B@BA@@AC@ABA@AB@BAB@B@@@@@@AB@@@B@BAB@@@@AB@AAAACAAA@A@A@@D@FDBBB@B@BA@A@A@@@AB@@@DA@@BAHEB@@@@A@@BA@@D@RKFE@@BA@@@AB@B@BAB@DCFAB@@A@ABA@@B@@@BBB@B@DCBAB@B@@B@@@@BB@@B@B@BBB@@@@@@B@B@@@DCDCBCD@D@DDDDBBDBHBDAB@DADABBBBBH@FBBBDBHBFBD@BA@ABM@AB@BBDFBBBAB@B@@@@A@@@A@@BAB@@B@@@@@B@@@B@@B@@@@@BA@@@A@B@D@BB@@@B@F@@AB@BA@@@@@AA@A@@@CGAA@ABA@@B@BBBBB@@@D@BAB@BC@ABABCAC@@AA@CBAB@BAB@D@@ADADADAFAB@DBDBB@B@B@DABABA@AACAC@ABA@@B@B@@D@BB@@@@@BA@AA@BA@@BA@@BA@A@ABABABBBBFDBBDBDBB@FDDFB@BBB@BABA@@DAB@HA@@B@@A@@CACAAA@ADGBABA@ABAAA@A@@BAJAFAD@F@B@@@@@BAAG@A@@FABA@A@AACCE@C@A@AAA@A@AB@B@D@B@B@@@BA@@B@B@@@DBD@B@B@@B@F"],["@@@A@@C@@DB@@@@@@@@@@@@@@@@@@@@@@A@@B@@@@@"]],"encodeOffsets":[[[108159,29440]],[[107757,29134]]]}},{"type":"Feature","id":"510504","properties":{"name":"龙马潭区","cp":[105.435228,28.897572],"childNum":1},"geometry":{"type":"Polygon","coordinates":["@@AA@A@ABCBA@ADCBCBGFEDCBIBGBCHK@IEE@AOGSK@@EEIMGC@@IEGCGAEAGAE@A@A@KBIHONObIPMHM@G@GEECCCAAAACAIKQOCCMCE@E@C@EBCDEBCB@BAB@BBBHDDB@BBBADABA@@@GFC@EBCBC@ODC@A@C@A@ABGDGDCDAD@BDDFDBFBD@BABABABC@E@E@MBA@AB@BABBFDJ@D@BCF@DC@AB@@O@G@C@@A@C@CBC@AAAACKCAACDABABADAB@BC@@@@B@B@DB@DB@D@DCDCBAD@D@H@JFJBHFHBF@D@B@DBDDDBB@@@@@@@B@B@BAB@DBD@B@BFJBBBFDFDFDF@@FF@@AB@@A@C@A@ABABCF@@ADCH@D@B@@DBF@BBD@DADABAB@B@DBD@@@@@B@@@B@@@B@BA@B@@@@@@BB@B@BB@@BB@B@BB@@@@@@AB@@@@AB@@@@@B@@B@@BB@B@BA@BB@@@B@@@AB@@@@@@AB@@@@@@BB@@BB@@B@@@B@B@B@@@@A@@@@@A@@@@@@B@@@BBBBB@@BB@B@@@B@@B@@@@@@@B@@A@@@A@@@A@A@@@@@@@@BB@@@@@BB@@@@A@@@C@A@@B@@@@@@@B@@@B@B@B@@@@@@@BB@@@@B@@@B@@@B@DAB@DBBB@D@FEBAFAJ@FCFC@@BB@@@@DA@@@AB@@@@A@@@@@AB@@@@BB@B@B@@@B@@@@AB@@@@@@A@@@A@@B@@@BB@@B@@@B@BABA@@B@AA@@@@FCD@D@FBFBJHDDH@HAHBDDBFFHFABADSDABADA@A@C@CBCBAB@@C@AAA@AAABG@ABAB@B@@@@A@A@ACG@A@CDCH@H@H@LHHHBFDDDD@H@FHHHFD@D@@CACAABABCD@DAFA@@DKDABCD@FDDBDDD@BA@CACCCCCAC@AAAA@ABABA@A@AA@@@@@AAOBEDAD@F@DBBBB@B@BABADCDAFABCB@@@B@@ADA@A@@@A@AB@@@B@@@B@@@B@B@BB@@BA@@DAB@BA@@B@B@B@BA@A@@@A@@@AA@A@@@@AB@BAFKBE@AAAECEAAC@ECGKEAE@M@G@GBEBCDAFC"],"encodeOffsets":[[108084,29638]]}},{"type":"Feature","id":"510524","properties":{"name":"叙永县","cp":[105.437775,28.167919],"childNum":2},"geometry":{"type":"MultiPolygon","coordinates":[["@@@@AA@@@@@AA@@A@@@A@@@A@A@@@A@@@@@A@@@@@A@@AA@@@@@@@A@@@AA@@A@@@A@@@A@@DEBCDAFAFAB@DAF@BADADA@@B@@@BBBBBBB@@@B@@@D@@AB@@AB@BA@@@@BAB@BC@@@ABAAA@@BABA@@@A@A@@@@BA@A@AA@@ABA@A@A@@@AB@@A@A@@@AAA@@@E@@CCACACAC@C@ABCDADCBABCBEBC@E@E@EBE@ADABCBABAFA@AC@AACAA@@I@EAEAIAGEICECGAECAEGAC@GDMBCD@DBBD@@@BBB@DBBBBBB@@@@B@@ABA@@BAB@BA@AB@DC@A@@BA@@@A@ABCBA@A@CBABA@C@@BC@CBC@C@ABA@@A@@AAA@A@@@@BA@@@A@A@@B@@A@A@ABC@ABABA@AB@BA@ABA@@@@@ABCBEBE@EBCBE@C@@@AFIDGBCAC@@A@AA@@CB@@CBCD@@CDGBE@GCIC@@GA@@CAIAECCA@A@A@A@@C@EAUIA@EG@CBEDCTKJO@GACCCCCAE@C@CCK@CBA@EBCDEBAAA@C@AEEACACAA@AAC@AAAAAAAEACAACACACAEAC@ABABADADADABA@@@A@A@A@CA@AAGCECCEACAE@E@CA@C@CBAD@@@@ADAB@B@@A@@@A@@@@@A@AA@@A@SG[MAA@CBC@CBC@CBE@C@CAEAGAE@CAC@C@C@E@C@G@CBCBG@@BMDU@G@CCEICAA@A@CBAB@D@BANALG@@BA@ABCBABCBC@ABC@C@A@@AA@@AA@A@ABA@ABC@C@A@ABA@ABCAA@CBCDCDCDEDCBA@C@GBA@ABABA@@@@B@DCFABADAFAHCFADC@AAAC@A@@AB@BAD@H@J@NFB@BABC@C@AFEF@B@BFFFDBFADAHCFCF@JFVDD@@A@AGGCC@EBGBCBAD@DCBCBEACKIAC@CB@B@F@DADADE@@@A@A@CBA@ABA@A@ABA@A@@@A@A@@@ABEDCDAB@FHHFF@F@F@DCBCBC@A@A@E@A@A@@AACA@@A@AB@@AB@BAB@BABA@C@I@E@C@E@CCAC@A@CBCDCBCAC@A@AB@AA@A@@@@AAA@@AA@@A@A@A@A@AB@@CBABA@@BADAB@@@BADC@CAG@C@G@ECEI@E@EAG@CBGFCDA@A@CEAE@EBA@ABCFEDCBABC@ABABE@ABCBA@A@ADA@@DABA@ABA@CDCBA@A@CAE@A@@AEAAB@B@B@BBB@BA@A@AC@AABEBC@ABAEEC@AAC@CAC@A@CACACACECOECCAKACAACBAFIBCAACC@ADCBC@ECEII@E@A@CFABA@C@GBA@@BA@A@ACCACCCCC@ABGFKA@C@ECCAAAECAA@CACACCAACAAAAAC@AAAAAAAAAA@AAA@C@A@CBA@A@ABC@A@ABAB@BCBABAB@B@B@DCH@B@B@BBB@B@B@B@BCF@BABABCBGDEBAB@BAB@B@BAB@BA@AB@@AB@B@BAD@DBBBJ@D@BABA@ABC@A@A@CBABA@A@A@@@ABABA@A@AAA@C@A@ABC@A@CBCACAC@A@C@I@CACBCB@@@B@BAB@@CBE@CBAB@BAB@BABAB@@@B@DAB@@A@@@ABBDBB@BCBCFCDABAB@D@D@BKDGBEBCBCBAFCFGBABEBCBGAE@A@EBCDEDE@G@@@A@@BA@@@C@CBE@GAEAE@@AEEIAA@EBABADGFA@G@EBCAACAC@AACC@C@ACCGA@@@AB@B@DCBCBE@GCEAG@C@C@E@AACCABC@AAEA@ABCBAACAE@AAACAC@AB@@AB@FADABC@C@ECE@C@EECEAAAB@BA@GAAAAAC@ABA@C@C@@A@@AAEEAGCCAEACAAACAAEACAA@AAA@A@CB@@A@A@A@@@AACEAA@@@A@A@@@AAACA@AAC@@EACA@ACCCE@AC@@@AB@@ABABA@C@CAC@A@@BCD@@CBA@ABA@@H@@@B@B@B@B@B@D@BBD@B@D@B@D@BADABAD@B@FABBB@B@@BB@BBDBBBBB@@BBBAB@@@BABA@AD@BAB@DAD@BBB@BB@BBBB@@B@@D@@ABABABABABC@A@ABA@ABA@ABABABABAB@DAB@BAB@B@D@B@B@BAFB@B@BBB@BB@@@@BABA@@B@@@@@B@B@BBB@@@B@@@@BB@@BBB@@@B@@@B@@@B@@@BAB@@@@@B@@@@@B@@@@@B@@@@B@BB@@B@@BB@B@D@B@BBD@B@D@@@BBB@@@B@B@@BB@@@@@@@B@@@@@@AB@@A@@@@D@DBB@BBBB@@BB@B@B@B@B@@ABABA@A@C@A@A@A@ABA@CAA@A@CAA@CACAA@CAA@A@A@ABABC@C@C@A@CAC@A@EBA@CB@@ABABA@ABABABA@@B@BABAB@@A@A@A@AAC@AAC@A@AA@@A@@ACA@@A@A@@@ABBB@B@BA@@BABA@@BABBB@@BBBBBBBD@BBB@@BB@BBBBB@@@BBDABABABADAB@BABBB@B@@BB@B@B@B@DAB@B@BCB@BA@ABA@@BA@@DB@@B@B@BBD@BABAD@BA@@B@B@B@B@B@BADABABC@AB@D@B@FBBBDBBBBBBBBBDBBDBBB@BB@DDBBBB@@BBDBB@B@B@B@B@B@BADABAB@B@B@B@BB@@BBBBB@BB@DBFBD@@@BBBB@BBBBB@B@DDBBBDBB@@BBBB@D@B@B@B@B@B@BAF@BAD@BAB@BBD@B@B@B@DBB@BAD@B@BADAD@BABABABABABCBABABABAB@B@BAB@B@B@D@B@B@BBD@B@B@DBDBBA@ABCBEBEBE@E@CBE@CBABABBF@BABA@EAA@AAAAACAAAAA@CBC@AACACCCCAA@@@AAA@@AA@AAAEAA@C@A@CBA@A@C@CBE@C@CBA@C@CBC@A@C@@BA@C@C@A@AB@@ILKPABADAFADCF@FBFDBBDDBBDDBDDBFDBFB@BAD@B@BBDBDBB@DBDCFEDEFADAFBBFBDBF@DBHBF@DBH@B@FBNNHDDFFNLD@@@@@@@@@A@@@@@@@@B@@@@B@@@@@@B@@@@@@@@B@@@@@@A@@@@@@@AH@@@@@@@@@@@@@@@@CBDBBBDBD@@@B@@BAB@B@BB@@@D@B@BABBDBBBBD@@D@B@BD@B@D@BAD@@@@BBBBB@D@D@F@DBDDBDDFDDB@D@D@D@DBB@BDB@BBD@B@F@F@F@F@B@D@D@DBB@D@BBD@DBF@B@D@F@H@B@D@F@D@B@BBDBBDBDBDDBB@D@DABAD@BABCBABAB@D@DDBBBDBDBB@BBBBBDHBDADAHCFMTCHAJ@F@BBF@HBF@FBF@FBD@DAFADABCFA@CBAB@FJRADCDI@ABCLA\\LpCFEBCDAH@FDJ@LBFBDBJAHEHEFGDEDA@CBC@@BA@AB@BAB@@@@ABCDAB@FHP@DADGBCBAF@FCFEBGDEDMDAB@@B@DBB@D@B@B@B@D@@@D@D@F@D@BB@B@BAB@@@B@@@BB@B@BBBA@@BABAB@B@@B@D@B@B@B@BB@BB@BBBBBB@@@D@@@BB@DADCFABABCDABA@AB@@@B@DBBFFB@FBBBB@BB@B@B@@@BFF@@@BA@CAC@@@AB@B@BBF@D@BAF@BAB@@A@@AAEA@C@ABABCDC@E@CB@@AB@J@DABC@A@C@AAA@@A@AA@@@AB@@@BBBDRAB@BABA@GAG@G@G@G@EDG@CBC@EAE@EAE@A@@@A@@B@B@BAB@DAB@B@D@BABBD@B@@@BBB@D@DB@@BDBBBD@BBB@BBB@DBB@FBB@D@BBB@B@B@D@D@BBB@BAB@B@@ABABAB@B@B@B@B@FB@BD@BBD@B@BBB@BBBBB@@BBBBD@@BBBBBBFBD@FBDBDBDDDDBDDDBDBD@B@B@BBD@D@D@DBB@BBBB@D@B@F@@AB@@A@ABABADAF@DADAD@DAB@BABABC@ABC@A@@@ABA@@BAD@DAF@D@BAB@B@DABADAB@BAB@B@BB@@B@BBB@BA@@BABAB@B@B@D@B@D@BBB@BB@BBBBDBD@BBFBB@BDD@BBBBBB@DBB@F@D@D@B@BAB@D@BABADA@ABA@AB@BAB@D@B@BAB@B@BA@ABC@@BE@EBEAE@I@C@ABCDADAB@DEBABC@@HABAD@HCD@D@B@BBDBBBBDBDDD@FBF@D@D@D@DAF@D@DAH@D@D@BBBBBDDDBF@J@J@H@D@B@H@B@D@F@H@H@HBB@D@D@F@BABBB@D@D@B@BAD@BC@C@A@ABC@AD@D@B@B@BCBAB@FBB@B@B@BABADGFKBCBABADAJ@B@FEDC@ABACACECI@C@CBAD@HBNFDBFBD@J@BAFAD@HAHAFADABA@@"],["@@@@A@@@@@@@@A@@@@@@@@@@@@@@@@@@@@@@@@@B@@B@@@BG@@@@A@@A@@@@@@@@@@@@KCFJBD@BDA"]],"encodeOffsets":[[[108149,29142]],[[107752,28774]]]}},{"type":"Feature","id":"510521","properties":{"name":"泸县","cp":[105.376335,29.151288],"childNum":6},"geometry":{"type":"MultiPolygon","coordinates":[["@@BB@@B@@@B@BC@@@@A@A@@A@@@ABABABAFCNGB@D@BBB@@B@@BDB@@@@@@@@@A@DBB@@@DDB@BBB@D@BB@B@B@BABEBCDABABBBDBD@L@DBBB@B@B@DGDCB@D@@@DFBB@B@BAB@@AB@BC@AB@@@BBBDB@B@@@BB@B@AB@DB@@B@B@B@@@B@B@@@B@@BB@B@@A@ABC@@DBBDDDDD@@@@@@FBLDF@F@D@BADAD@B@BBBB@BBD@F@DBBF@FCDCFCBABC@A@A@CAC@A@@@A@AB@B@D@D@B@B@@A@A@AAAAAC@C@A@AAA@@A@ABA@A@@@A@C@AB@BA@@@A@AA@AAAACAEAA@AA@AB@@@BAD@F@D@DAFCDAB@@ABA@@@A@@@A@@@@A@BAD@J@FAF@FBZLDBB@D@DADA@ABAAAGK@C@CFGHCDAF@DBLJD@FBB@FDD@FBF@DAF@BAB@B@DBBB@@AB@@BDBB@BB@DCHAFAD@B@B@B@FCBADABAB@D@D@HBJDHDB@B@BA@@B@LBDADA@EAIAM@ED@FBBDDJDFBHBDRLFFHAFADCHE@EISDEFEHCHAH@@AD@H@JBHJBHADEFEFAD@F@BDD@AB@FADAB@H@LB@B@@AB@@BD@@ABBFBDFHHFLJJDHBLCJCDEACQAOAIACGAIBKBIJUHQLUAMAIAC@ABCB@BAB@B@B@BA@@EOCGCEAC@A@ADC@C@E@G@K@AA@AEA@@C@ABCBAFAF@D@D@@BDAB@BABABCBEFIDGBABA@@@AA@@@@@@ABA@@@@@A@A@@AC@A@@@AB@B@@@BA@@CK@C@C@CBABADAH@LLDBFAFADE@GICOEICEIAKCG@C@E@ABEFEHEFEBCBEBGBEBEFCFAD@FAB@BE@E@@@@@@@@@@A@@@@A@@@@@AA@@@@@@@@@@@@@A@@A@@@@@A@@@@@@@@@AAA@A@A@@AA@@@AA@@@@A@@AA@A@@@@@@B@@@@@@AB@@@@@A@@A@@@@A@@@@@@@AA@@@@AA@A@@A@@@@@A@@@@A@@A@@@A@@A@@@@@@@@@@@@@A@@@@B@@@@@@@@@BA@@@@@A@@@@@@@@@@A@A@@@@@A@@AAA@@@@@A@@@A@@A@@@@@@@@@@A@@B@@@@@@@@BB@@@@@@@@@@@@AB@@@@@@@@@B@@@@@B@@@@@@@B@@@@A@@@@@@A@@A@@@@@@@@@@@@@@@@B@@@@@@A@@@@AA@@A@@@@@@@@@@AB@@@@@@@B@@@B@B@@@B@@@@@@@@A@@@@@A@@@@@@AA@A@@@@@@@@B@@@B@@@@@B@@A@@@@@A@@@@BA@@BA@@@A@A@@@@B@@@BA@@@AB@B@@AB@BAB@@@BA@@A@@A@A@@@@@@B@@@@A@@A@@@@AA@@@A@A@@@A@@@@A@@AA@A@@AA@@A@@@@AA@@A@A@AA@AA@@A@@A@@@@@A@@CACA@AAA@A@ABCA@@A@@@A@@@@@AAE@AA@A@A@@AAC@A@@AA@@@AA@@C@ABAAACA@AAAAAAA@@@A@@@@BA@A@@@A@ACCCAAA@C@A@A@A@CA@AACC@A@@@A@A@@@A@@@AB@BA@@AA@@AAA@G@A@AA@@A@@ABA@@AA@AEC@@AA@ABC@A@@BA@@@AAAA@C@C@ABIHAB@@AB@@A@@A@AAA@A@@DG@AAA@@AC@A@AA@@ABABC@A@ACAACAAAAAGA@@AA@AB@D@BA@@@A@CAA@ACA@@@A@AB@@AD@@AB@@A@CAGEAAC@@@AB@B@B@BEBC@C@@BC@CBA@E@A@A@A@A@@@AAA@EAEFKH_FSLMPCPA@EHGFGBEDGBCBCBC@GAKAEACA@@QIMOEDCBADAF@H@H@NBFLFDH@FBDFBFDBB@BAFELABA@@B@@B@B@@B@@@B@@@BABA@A@A@@@ABA@CB@@AB@@AAA@A@@@A@@@A@@@A@@B@B@@@BCB@BA@@@A@ADEBCBCDABABA@A@AACAE@C@CBAFBP@B@@@@BBB@B@BABAB@BB@BBDDDDDBD@DABC@CCCAECC@ADCBCL@@EBCBC@ADABBBBD@DC@C@GEGG@E@GCCCCAEGGKGG@G@G@CD@D@BDH@B@B@B@@A@A@AB@BAHBB@BBB@B@DA@ABAD@D@D@BCBABCBCTABEBEGAECCGAGBG@CCIGEAEAC@C@ED@@@@BBA@@@ABABA@@@A@@@AA@@A@@@@B@@@B@@@@A@@B@@A@@@A@A@A@@A@@A@@B@@@@@B@@A@@B@@CB@@@@AA@@EDEDI@EBABEFC@A@AA@CBA@C@A@@@A@@@A@@A@@A@@@@@@@A@A@A@@@A@@@@@@@AB@D@@@B@@@@@AA@@@@A@@A@@@@@@B@B@@@B@@@B@@@@A@@@@@@@AA@@@A@A@@AA@AAAA@@A@@@@@@@@B@@@@@B@@A@A@A@@@A@@@AA@@AA@@@@@@BA@@@@@@BA@@A@@@A@@AABA@A@@AA@@@@A@@@@BA@@@@BA@@@@@@AAA@A@@AA@@A@AAA@@@@@@@AABA@@@A@@@A@@@@@C@CAA@A@ABCBCBC@AAE@CA@@@A@CDGBC@@DEBABAB@D@B@@@BA@@EE@@CECECEAEAAEI@A@AAC@CBA@A@A@A@@@@@@AACCAC@C@A@CAEEGAGEI@I@G@CBCDADC@C@CCAA@@C@A@A@@D@@ABABCBABADCCCAA@GAG@CACCAC@G@A@O@IBC@CBCDCFCDE@EAMKCAA@C@ABADCD@F@FBDBBH@HBDBDF@D@F@BA@@DADABABABABEFAD@BABAB@D@DBD@B@BABABAB@@CBA@CAGACAA@A@A@@@CACCAEACDIBAFCDCBA@CAA@ACCAA@@@@A@EBC@ABAB@@ABAB@BA@A@C@@@C@EBCBEDADAD@D@DDFPJ@@BBBDB@@B@@B@D@B@@BDBHDDBDDB@@BBBBD@BBB@B@BAD@BAB@B@@BDBD@B@@@D@BE@ABA@@DBDFJ@FAD@BA@@@A@ACAAC@CBC@G@I@CD@DBBFDBB@BCBC@GBE@GDGBAACCAAACCAABADEBGA@@@ACC@A@AACAAA@ABA@ABA@A@C@C@EBABADADADEBE@E@AB@DAH@B@BAB@DBBBDDBBB@D@DADAD@F@D@DBBBBB@BBBBDFBFHDHBF@DD@@BDBBBDBDBDBDBBBBDBDDDDDDFDDBDDDFDHDFDDBDBBDBFDBDDFBB@BABAD@BABADAHAD@DBBDBBDDDDDBBFDDDDBDFDDDBBB@BFDDB@D@BAD@@@@A@A@@@A@@@A@@B@B@BBBD@@B@BABABA@QDCB@DAD@DBBB@D@F@@@D@BBBDBB@FBBD@D@B@FAF@F@D@DDBDBD@F@F@BAFBJ@DAD@DBFBBBDHFDDBBDFBDDDBFBDBDBDHL@DBDBDHJDFBBFDDDFDBDXTBBD@DAD@D@BBDBBBF@FBDDJJ"],["@@@@@@@@@@@@@@@@@@@@@@@@@@@@@@A@@A@B@@@@@@@@@BB@@@@@@@@@@A@@@@@@@@@@@@"],["@@@@A@@@@@@@@@@B@@@@@@@@A@@@@@@@@@@@@@@@@@@@@@@@@@@@@@@@@@@@@@@@@@@@@B@@@@@@B@@@@@@@@A@@@@@@@@@@@@@@B@@A@@@@@@@@@@@@"],["@@@@@@@@@@@@@@@B@@@@@@@@@@@@@@@@@@@@@@@@B@@@@@@@@@@@@@@@@AA@@@@@@@@@@@"],["@@@@@@@@@@@B@@@@@@@@@@A@@@@@@@@@B@@@@@@@@@@@@@@@@@@@@@BB@@@@@@@@@B@@@@@@B@@@@@@@@@@A@@@@A@@@@@@AA@@@@A@@@@@@"],["@@@@@@@@@@@@@@@@@@@@@@@@@@@@AC@B@B@BB@D@CA"]],"encodeOffsets":[[[107893,29995]],[[107894,29997]],[[107918,29991]],[[107898,29990]],[[107916,29988]],[[107914,29987]]]}},{"type":"Feature","id":"510525","properties":{"name":"古蔺县","cp":[105.813359,28.03948],"childNum":1},"geometry":{"type":"Polygon","coordinates":["@@BCBEDADADCDAB@DADAB@B@@B@@@@B@@@@B@@@B@@B@@@@@@@B@@@B@@@B@@@@@B@@@@B@@@@@@@BB@@@@@@@B@@@@B@@@@@@B@B@@@B@B@@@@A@A@A@CBA@GB@B@DABAB@FCDADAB@BA@A@A@@AAACAC@A@CAA@A@A@A@AAAAGAECGEECAEGECAI@CACACAIAEAG@AACAC@ACCAA@C@A@@@A@ABAD@@AB@@A@A@@CA@@AA@A@AB@BEBEFEDCFC@@BALI@A@AACAE@C@C@CBCBAB@H@B@D@DADADADAB@DDDBBBDDBDBDHDFDDBD@D@H@DBDDBBBBDBB@@A@@AA@AAC@@BA@@DAB@B@BAB@B@@@D@DBBBABBBBD@@ADADB@BBB@BABBB@B@BAD@DAD@D@FCB@D@DAB@DCHEDC@C@EBCBE@CBA@C@ABA@A@@BK@@B@BADAB@BBD@BBB@@H@D@DDDBBB@BABAD@BAD@D@B@BBB@BBF@DBD@DBB@B@DABAB@B@BABCBA@AAC@ABABAB@F@D@D@FAB@B@BBBB@D@BABADADADADADA@ABA@@B@@AD@D@B@B@@@BB@B@D@@@B@B@BBBBBDBDBBF@F@DBDBFBD@HBJBFDFDDDFDHDFDHDBBFDB@BDD@D@BB@@D@@@H@J@H@FBD@DBFBB@DBDBF@BAB@DCD@DAD@DAB@@@B@D@H@D@BADAB@HCFABABABAB@BAD@DAD@BADCF@FABADCDEFAFCDED@DAD@FAJAF@B@BCBC@C@CACBCBCBCB@FAF@FAF@DABA@A@E@C@C@CBEBCFCHAHAFAD@FADCDCBC@EBCB@@@@C@A@ABADCB@FCB@BA@ABABA@A@A@@BCB@AC@C@A@EAA@CBC@C@AAAACAAA@AAABABA@A@A@@AA@@CACACACAAAACAAACECC@CAAAC@C@C@ABA@CBABEBABABADADADAB@DAD@DAB@B@BADADAD@D@D@D@BBDBDBB@DBD@B@FABAD@BADABABC@ABCA@@A@@BA@ABADCDCBADCDADABABAFCBA@@B@BA@A@AAA@@AA@A@A@ABABC@CB@BADCDADADABCBC@A@CAC@AAAAAAAACAAA@AAAAAAAAA@AA@AAAA@CAC@A@A@@A@EBC@C@EBC@A@C@AA@@C@A@A@AB@@A@@AA@AAAA@A@CAA@A@AA@@AC@ABABC@ABA@CBABAB@F@DBJ@DAD@D@D@B@BABA@CBA@A@ABABABAD@BA@A@AACAA@@AAEAA@@@AA@A@@@@@@B@@A@@@@B@@@@@BAB@@@@@@AB@@@@@@@@@B@@@@@@@@@@@B@@B@@B@@@@@@@@@BA@@B@@@B@@@@@B@@AB@@@@@@A@@@AB@@@@A@E@ABC@AAEACACAAAAAA@AAACAAAAAAAAAAAAAAACAAAACAAAAAAAA@A@ABABCBCB@FCB@BADABABAB@B@B@B@BBBBD@BBB@B@B@@@B@B@@A@@B@@A@AAA@CAA@CCACACAAACAEAGEICIBABIAGAGEGCEAAAEEECEEEACCCAIEAAA@AAAAEEECC@AAECEAEAACAA@@CCGAECGBG@GAEAAAAEAAE@CBIBCBE@CAC@CCCEEAGCCAC@ADEBEBCBCDCBEBGAEBAAEBABEBABEDGBEDGDEBG@EBCBGDGBIBC@EAEAC@GBCBA@C@I@GAC@C@CAEAEBC@@ACACBEBE@CAE@E@CACEACBCBEFACCAAECGCGAIAGAGAGCIEKEE@EAC@EBG@G@@@A@GBCDA@I@C@CBCACAA@CACAGEGAECC@CAGCEAICGAECGAIAA@EAAA@ACBCDAD@DAD@DAD@DADADABA@E@CAC@G@E@A@C@@AAACCECC@AACAECC@GBCBABC@CAEACACAEC@C@E@AECCCCACCBC@CEACCGEAAAACCCAE@C@GBC@CBABABEBIBCACBAAEBC@ABC@A@EBEBE@E@ED@@ABC@C@GBCBCACBE@CAECC@C@ADC@MCICGAC@CAAAEBC@EA@AC@IAECA@CACAACAC@C@EACAE@CBEBA@AAACCCAEAA@GAC@ECC@C@C@ADABC@AAAAA@E@E@CBCDEDGB@@EBCAC@@@ELAH@BDDDDBDDD@B@BAB@@AB@H@DABEB@D@B@FJJDF@FADCD@BDDBBADEJABBDDBLBDBFDDPDFDBDBDBB@D@DBD@BBD@FFAB@BADAFBBD@@B@BABA@AAA@A@A@BBBF@@@BBF@D@BABCD@DAB@BABCB@@CB@B@BABAD@BAFAB@BADABCDEFAD@BAB@FBFDFB@B@DCHEDAH@FBF@J@DF@F@H@DBH@DCDAB@@A@CBAB@@ABAB@DA@@B@B@B@B@BB@@BB@BB@@@@@BBBA@@B@BBDADCDAD@D@BBDDDF@D@F@J@D@B@BA@ABA@ABA@@BAB@@@DBBB@@@B@B@F@B@BADADCDE@E@E@GEEGA@CBCDAF@B@@@B@B@@@BAB@B@BAB@BAB@D@B@B@@CFCBCBE@A@A@@DBDLJBDAFADCDC@ABADAH@FDDHH@B@BC@UCIEE@EDGDCBEBCAEEAEA@E@EF@B@DADABA@MEI@G@C@ABA@@BB@D@BB@BCDEBGDEBCBABEBCDA@@@@@ABAB@BAB@H@DABCDCFCDCDAD@DBBAD@BAB@B@B@DAD@BAB@B@BBB@@BB@@@B@DAD@BADADABAD@BAB@@KHMBABC@A@AB@D@BBBJDDF@D@HCVAN@@AHAD@D@H@D@F@D@DBD@DBFBHBF@D@DAF@DAD@DAD@DBB\\NTHB@@@BBB@@@@@B@@@B@@@@ABABC@@@@BCDAD@B@@D@FBFBDDFFDHDBBB@@D@B@B@B@@ABCBCBCBABAB@BBDBFBDBDBDDBFBBBBBBB@BBD@BBBBDBDFF@B@DBBABCFAD@FAB@DDL@D@DBFDDDDBD@HIPSLCDAF@DFHB@VJFBD@@@@B@B@BDBFDJBDB@@HB@@JDHDF@HADC@@DCDA@@DA@@BBB@@@BDADCHEJ@B@@@DAFAD@FAFAFAD@B@@@@AB@BABA@@BABAB@BAD@B@B@BA@@@@B@B@@AB@@@@@BBB@BB@@@AB@B@DAD@DAD@@@DABAB@D@BABAD@B@B@@ABB@B@B@@@DBD@B@B@BAD@BA@@BA@A@ABA@@@ABAB@@@DCDCFEDCBCBCBEDEBAHCFAD@JCB@B@B@BBBBD@B@B@BABA@ADADABAF@DAFADADAD@DBB@@B@@@@BBBBDB@@AD@BAB@@@B@B@B@@@BBB@@@B@@AB@@@BCD@@@B@@@@B@BB@@BBB@@B@@@@@B@@@B@BA@@@CB@@@B@@@BBBBD@@@@BBDBB@F@FBHBHBD@HBBBBABA@@B@BBB@B@@@B@B@B@B@B@@@F@F@J@F@B@@BC@@BCBC@CBEBABAB@D@@ABA@CBB@@D@DAD@D@BDFBBDBBBB@FDF@D@DABABAA@@A@AB@BCD@@@BA@@@C@E@@@A@@BA@@B@@@@@@A@A@A@@B@@@B@@A@@@@@A@@@A@@@@@@@A@@@AB@A@@A@A@@@@@@B@D@@@@@B@@@@AB@A@@A@@@A@@@@BA@@D@@@B@B@@@@AD@FBHAF@D@H@@ADA@ADGDGBGDIBGFGDEBCDGBE@ABCBCBCBA@@"],"encodeOffsets":[[108387,28939]]}},{"type":"Feature","id":"510522","properties":{"name":"合江县","cp":[105.834098,28.810325],"childNum":1},"geometry":{"type":"Polygon","coordinates":["@@HELGHKFAFC@@@@FAD@DBFBDBPDLDD@D@BAJCFG@KCM@ABC@@BABALALCJIHCHBDF@HKPAFBDHBFBDD@@@B@FBBBBBB@BB@BBB@B@@@D@D@D@B@BBB@B@@BB@BD@BB@B@DBB@B@@@BBDBBDBBBBBBBBDBBBDBBB@BB@BB@BBDBD@BBDDDBBB@DBBBB@BBB@B@@AB@BA@ABA@CBA@@BAB@@@B@@BBBBBB@BBB@BBB@B@B@BB@B@@@B@B@BAB@@CBA@C@AB@@AAC@A@ABA@AB@B@@@BBBBBB@BBDBB@BBB@D@B@BAFADAD@D@DADABAB@BCBABABA@ABCBCDABCDCBABCBABCDADADAB@B@DBBBDBBBBBB@DBB@H@@@@@DAB@B@BABABC@A@A@AB@@A@A@A@AAAAAC@C@AAA@@C@AAA@A@A@@BAB@BADAB@BA@ABAB@BA@@@A@AAAA@@@A@AB@B@BABA@C@AAA@@A@A@@B@D@@@BA@A@AAAAAAA@C@A@@BA@A@ABC@ABA@@BADCDAB@B@B@D@BBDBBBBBB@@@BB@D@BBBBDDBB@B@BBD@D@B@B@BABABABA@AD@DABAD@BABAB@B@B@@B@B@B@BB@@@BA@A@C@AAA@A@AAC@@@ADADADADAD@DAD@D@B@D@HB@@B@FBB@DB@BD@DBB@D@BAD@DBB@B@B@@B@@B@D@B@D@DCDAD@D@B@D@B@BB@@BBBDBDDBB@@BD@D@BAD@BBDBBBDBBBDBBB@@BB@D@B@B@@@@B@DCDAFADADABAB@BADA@@BA@ABABAB@B@BBDAB@DEDBD@B@BABA@ABC@A@CBABADCBABAB@B@B@B@BAB@D@D@DA@@BA@A@AAABC@ABCBADABCBABADABA@ABA@A@C@A@@B@B@B@DBBADA@@D@B@B@D@BAB@BA@A@A@A@CBC@ABABA@ADCBABABAB@BABA@@@AAAAA@A@AAA@C@A@AAC@AAAAACAAAAAA@@@E@@@C@AAA@@AAA@A@ABA@AB@DABADABAB@@AAAA@CAA@@BC@CB@@A@@CAA@@@C@ADABC@@@ABC@C@C@A@C@ABA@ABA@A@ABA@C@A@CBC@@F@BADBBAD@BADABADA@AB@AC@A@@AABA@A@A@CBAB@B@@ABC@C@E@C@C@C@A@C@EBC@C@CBC@C@ABAB@B@B@B@B@BCBADADAB@B@BC@@@C@A@@BABADAB@BAB@@ABABABC@A@A@C@ABABAB@BABABA@ABCBA@CAA@C@A@C@C@A@ABABA@@@CBA@C@CAC@C@C@A@C@C@ABABAB@DADADABAB@DABABABA@AAAA@AAA@A@CAA@C@AAA@@AA@@CAAAAACAAAA@ABABC@A@A@ABABABADABAB@DADAD@D@D@B@DBBAB@BABA@A@CAAAAAAAA@A@CAA@ABAAA@C@C@A@ABA@ABCDEBA@CBABABABAD@DCB@DA@ABA@A@C@A@AAAB@DCDA@ABA@A@C@A@A@C@A@E@AAA@AAAAAAAAAAA@AA@@AB@@@@@B@@@D@@@@A@@BBB@@A@@@@@A@AA@BA@@@@YQA@BABADAB@BA@@BC@E@C@AAC@ABABABC@ABAB@@@BBB@@BDD@BDBBB@@BB@@B@BAD@BABA@AFCBC@ABABABABCB@B@B@@ABA@@BA@BB@BBBB@@B@B@@AB@@@AA@A@A@A@@BAB@@A@AAC@@@AAA@CBA@A@@BADABAB@BA@AA@EC@A@A@@DC@AA@A@A@ABAA@AAA@ABADABABC@C@A@A@A@CBA@ABA@A@AA@AAAAC@AAA@A@A@ABABA@CBA@A@A@CAC@CAAB@@CBA@AAAAAC@A@AA@C@ABABADAB@@ABABA@AACBC@C@A@CB@BAB@BA@CBAB@BBDAB@B@BABABABC@A@C@A@ABCDCBEDCDCB@B@B@B@DA@CBAB@BBB@D@BA@ABADAB@BAD@B@DA@CBAB@B@B@BAD@B@D@D@@A@C@C@C@@BC@A@C@A@C@@@A@@ABG@@AA@@A@A@ABABA@ABABCBA@A@A@EBAB@B@BADA@@@AACA@ACAABABADABA@@B@B@B@BC@AB@DABA@AB@@AAA@@@A@A@AB@@ABAB@D@BAD@@CBCBA@@@CDABA@CBA@ABAD@B@DA@ABA@C@A@C@@@AA@AC@A@CB@@ACAAAA@@A@ABAD@BABC@ABC@CDCDA@@BABAB@BADABCDAB@D@@@D@BBF@D@BAD@BABCBADABABEDADABABADCD@D@DAB@BBF@BBB@BAB@BABABABADAB@@CAEBCBADABA@AAAA@ACA@BABA@AB@BAF@@ABA@ABA@AAAA@@AA@A@@C@AAA@A@A@CBC@AAA@A@@DA@ABABA@ABA@A@AA@@A@@@A@ABA@@@A@@A@@@A@A@@BAD@BA@ADAB@@A@A@A@@@A@AA@AAA@C@C@G@A@A@AB@BA@ABC@CBAFADAHAHAH@DCBE@CBEBC@A@EDBDBBFB@DBBDFAB@B@@A@@B@@A@@@@@A@@@@B@B@@@B@@AB@BA@@@@@@B@@@B@@B@@@@@AB@@@@@@@@BB@@@@@@@@@BA@@B@@A@@BA@@BA@@@AB@@@@@@AB@@A@A@AB@@A@@@@@A@@@C@@BA@@@A@AB@@@@A@@BA@@@AB@@@BA@@@@@A@@A@ABA@@BA@A@A@@@AA@A@A@C@C@CBA@@B@BAB@BA@EBEBC@ABA@C@AACCAAA@@@A@ABC@ABABABAB@BBDBB@BBB@BBBBD@D@@@BC@A@C@C@C@A@A@CBABA@@B@BDDD@D@D@@BCBCB@BBBDBB@@@ABA@ABA@EBG@AB@BBB@B@@ABA@CBA@@DABADABAB@D@BABA@ABABAB@AABABABA@AAA@@@A@C@A@C@C@C@A@@B@BAB@@CBG@C@AB@@@@@BAB@BAB@BAB@@ADAB@BABABABABA@A@A@@C@C@A@C@AAA@A@A@C@AAC@C@@ACA@@A@ABABABC@ACAA@CCACAAAC@@A@ACA@@CBA@@@CAA@ABABA@A@A@@AAA@ABE@CAA@CAAAC@AAAC@CAAA@@@A@A@AAA@@AA@AA@A@C@A@A@A@ABA@ABABABC@ABA@A@@AC@AAA@ACA@AAAA@CAAACBC@EBGCEAAAECCACACAAAA@CAA@A@ABC@ABCBA@CB@@AAAADC@CBE@CAA@C@GBG@@DAF@DAD@@AAACAAAAA@AAA@A@CBA@AAAA@AA@C@C@C@CBA@EA@@@EC@@DA@@B@@@@@@A@@B@@A@@@@@@BA@@@@@@@@@@@@@A@@B@@A@@B@@@F@B@BADCB@BA@A@@@C@A@AAAA@C@CA@@A@ABA@@@C@C@AAAACC@@@AAAA@@CAAAA@AA@A@@@A@A@ABA@AB@@@@AHADC@EAIAC@AACACAA@ADAD@@A@@@@@AB@BA@AB@@AB@@A@A@@@@@@@A@A@A@AA@@C@A@AACAA@CC@@ACA@ABC@ABA@A@@@A@@@C@@@@@A@@@A@@@A@A@A@@@A@@BA@A@A@@@AB@@@@@AA@@@A@AA@@A@@AA@A@A@A@A@A@ABA@CB@@@B@B@@AB@BA@@@A@@AA@@AAA@@@@A@A@@B@BAB@@@BA@A@ABA@A@ABA@@BABC@@@@@A@@@A@@A@@A@@AA@@A@AA@@A@A@@@A@@AA@@AA@A@A@ACCC@@@AAA@AA@@CAEACAGAA@CAA@@@@@@B@B@D@D@D@@@D@B@BABABADEB@B@@@@@@ABAB@D@B@B@@@@@@@BA@@BA@ABC@A@AAC@CAAAA@@@@A@A@@@ABAAAAACAEACCIQ@@GIECGCEBGBIFCBA@C@A@@@EGAM@O@C@CBC@CAAKIEC@AAEAKBIDOBAA@A@GBA@C@C@ABC@AAA@AA@@@CAA@@BA@A@A@A@ACAAAAA@@A@A@@@@A@@A@@@@@CB@@@@@@@A@@@@@@A@@@@@A@@@@@@@A@@@@@A@@@@@A@A@@@A@@@@AA@@@@@A@@B@@A@@@@@@A@@@@@AA@@@@AAB@@@@A@@@@A@@A@@@AA@@A@@@@@@@A@@@A@@@@A@A@@@@A@@@@@@@@B@@@@@@@B@@A@@A@@@@A@@@@@A@@@@@AB@@@@AA@@@@A@A@@B@@@BA@@@@@@BA@@A@@A@@@@@AB@@@A@@A@@@@@A@@@A@@B@A@@@@A@@A@@@@A@@@A@AABA@ABA@@BA@A@A@ABABA@ACC@AAA@@@I@C@A@CACAEAAAA@A@A@AA@AAA@A@ABA@AAAAAA@AAE@AACAA@A@@AAB@@A@@@@B@B@B@@@@@B@@@BA@@BA@ABA@@@A@@@@B@@AB@@@@AB@@A@@@A@@AA@@@@A@CA@@A@@@@@@@AA@@@A@@ABCBEBGBGBC@EBABI@C@EACAMEGAC@AB@D@DDJDFDBAB@BCDEFA@I@CBABABADELCHABABA@A@A@EAA@ABADA@A@C@C@@BAD@B@B@DADC@ABA@BP@FADAD@B@@@BBBDBBBBBBBB@B@B@B@B@@BBDBBBB@B@BAB@B@B@@@B@BBBBDBB@B@DBBBBBBB@BBD@B@FADADAD@B@B@CDA@@BB@BBBDBB@BBB@DBD@D@BBBAD@BADBB@BBDBD@F@DAB@D@@@BABCBC@C@C@@@AB@DBBBDBD@B@B@D@DAD@B@B@BA@ABA@ABCBCBA@ABAB@DAD@B@@@@@B@@D@F@DBFBFBBBAF@D@FAFA@CFEHCH@DBBFBDD@@@D@DABBDBDDDFBF@DAJEFCB@@@@@D@DB@BB@@B@B@BCHABAFCDAA@@A@A@A@A@A@@@ABABAD@@ABAAC@AAA@@AA@A@ABA@ABAB@B@BA@BB@BBBBB@@@B@D@BB@BBBBB@BBBB@BBBB@B@B@@@BB@BBB@B@BAB@D@BB@@BBBDBBB@BA@@BA@A@A@@BA@ABAB@B@@BB@BB@DDDBD@BBDBB@DDD@@B@B@@@BA@ABCBC@AB@B@BB@@BB@D@BBD@B@B@B@@ABADEDAD@F@BBBDBF@PBDBBFBF@JAB@D@F@D@B@B@BBBBB@BB@DBB@BBB@@@B@@@BAB@@CB@BEDAB@D@BBBBAD@D@@DBB@@@@@F@DBB@B@B@@AB@B@@@B@B@@FDDFBBADABCDEB@@QDC@C@A@A@CBC@ABCDAB@@BBBB@BB@D@B@@@B@DAB@BABBB@BBD@B@@@D@DAB@@@BBBBB@BBB@BD@B@B@B@D@D@@@@D@@ADA@@D@BBBBBB@B@@BB@BBBDBBB@D@BAB@B@D@@BBB@DBB@B@JED@D@@B@B@D@BEHCF@BBDBB@D@DBBB@FADABA@CBCCCACBABAF@DB@BBBFDBB@B@BA@CJBBB@DBD@@B@@@BA@CBA@GAE@AB@B@BDD@BABA@K@EACAEAC@EDEDEH@D@B@B@BAB@BADABAD@@ABAD@DA@AB@@A@C@EBAD@DBFDFDBXVLPDTAL@BFBB@BB@@B@B@B@B@F@B@DAD@@AD@D@FA@A@A@ABA@@D@BBHFDBB@@@BA@@BC@@BAB@@@B@BDB@DBB@@@B@@A@CBAB@@BB@BHBBBBBDDB@B@BADAB@BB@@B@BBD@@BB@BCH@@@BBB@B@BB@@@BA@@BAJGBAD@D@B@BB@B@@AB@@@BAD@BBB@@FD@BBB@@AB@BB@@@BBB@H@B@BB@@BB@@ABA@@B@@@B@@@B@B@@@BDDBBB@@D@B@B@B@DBBDBDD@B@B@@@BAB@@@@@B@@BBBBBB@BDBBBAB@B@DB@@B@@BB@@@BBD@BB@B@B@@BBF@B@@@@@B@@@BB@AD@B@BBB@BDBDB@@@B@@@@@BB@@@BBB@@B@B@BB@@B@@B@@@BB@@@BBB@@@B@@B@@@B@B@@@B@@B@@B@@@@B@@B@@@BA@@BA@AB@@A@@@A@A@@@A@@@@@A@A@CA@AAA@@C@ABABA@AAEA@@CAC@@@ADAD@BA@ABADABCB@B@DAB@@ADA@@BA@AB@DAF@B@B@B@BA@@BABCBA@ABCBA@ADCDCBA@CBABCBABAB@DAB@B@D@@@ACAA@AAAAA@AAC@@A@A@A@CBEBCAAAAC@CBEDCDEFA@@BB@@@@@@B@@@@@B@@@@@@@@@BBDBFDDBF@BBD@DAD@D@B@DBB@BBB@DB"],"encodeOffsets":[[108371,29639]]}}],"UTF8Encoding":true}