{"type":"FeatureCollection","features":[{"type":"Feature","id":"361102","properties":{"name":"信州区","cp":[117.970522,28.445378],"childNum":1},"geometry":{"type":"Polygon","coordinates":["@@@A@@AAA@@C@@CAA@@CAA@A@@BEBAFADCDEBA@A@@CEA@AAEAGAAAAGA@AAC@EBCBC@C@CAKGIMEM@A@AB@@@B@DDB@B@@@B@F@B@@AB@@@BABB@@B@B@BAB@@ABA@A@@B@B@BFB@B@@@B@@@@AB@@@B@@BDFBF@@BBB@BA@@BC@CBAAE@A@A@@@C@C@@DAHGBC@A@EC@@A@A@@BAB@@CAAAA@@A@AB@@A@@@AC@A@E@AAACCCA@CAA@ABAB@@@BD@BBAB@@C@C@AFC@A@AB@BAB@DABAC@A@@BAA@@BAFADAF@FAB@DABCBA@CAAEGMMAE@EBIBC@@@AGCEA@@E@@@A@@A@AA@A@@@@@AG@@@@AD@@A@@@@@@CBA@E@@@@BABAD@@@DC@@AAAAAC@A@@@ABA@AB@BDFBBBB@BA@@@CGC@ABA@AIECACECAIAEAIAA@AA@ACCCAGCIIAA@CCAEAAA@@A@CBABC@CDAB@@A@@A@@@C@@@@A@@@A@A@A@C@A@C@GAE@E@A@G@CBA@@@AAAA@@A@AB@B@@@@A@A@GC@@A@A@@A@A@@@@B@B@@@@@@GCA@C@@BC@A@A@A@AA@@AAA@@BA@@@@@C@C@AAA@@B@@ABA@@@A@@A@@AAC@@@AA@ABA@@@@C@@AC@AA@@@AB@BAAAC@@CB@@@AAAAA@@A@A@@@C@@AA@A@@AA@A@@A@@@@A@A@@H@JAFCDCBCBC@ECC@CBAB@DAHEPA@A@ABCA@@A@AAC@CBA@A@CA@@@@@@DAD@B@BACE@@@@CBAB@AA@ACACA@ABA@@@A@@A@AA@AAABCAA@A@@AAABABCB@@@B@@@@A@@@AC@CC@A@AAC@@@AA@@A@@BC@@AA@@BCBA@AACA@A@@A@@@A@@A@@@@BA@@B@@CC@A@AA@@@A@@@@@@BA@@@@BAB@BA@A@@@@ABA@AA@@@A@A@AB@@@@AA@@@A@@@@ABAB@B@@@BA@@@A@BD@B@BC@A@A@A@AA@@@A@A@AA@@B@B@@@@A@@@@@@A@@AA@BABA@A@@@@@E@A@@A@A@A@@@AC@@@A@@BA@A@@AA@@@@C@@@AA@@@A@EBAAA@@@A@@@C@@@@@@B@B@@BB@B@BBBBB@@@BB@@FAB@@B@B@@B@@@D@BA@@BB@@@@@B@AB@BBB@BAD@BBDDFJFBB@DBD@DAHADA@@@@BCDIL@B@@BBBB@@@BCBCDGL@B@BBB@BDDBBD@@@@B@@@@AB@@BBB@@ABB@@B@@BC@A@C@@@AAA@@@@@A@@BADBB@BAB@B@BB@@@@@B@BA@@BB@@@BD@B@DD@BA@BB@@DDDDD@DB@@@@D@BB@@@B@@ABA@@B@BB@B@B@@B@@@B@@AB@@@@@B@@B@@AB@@@@B@@@BA@A@A@@B@@B@B@@@DA@@BB@BB@@D@B@@@B@BBFB@BBF@@@B@@@@BDD@BD@F@FAB@@A@A@@@@CA@@@A@A@AC@@@@@@A@@BA@A@@B@B@@ABA@@A@A@AB@@A@BCB@B@B@@AA@AA@@@AB@FI@C@AAAAAAAA@@ABAB@B@B@@@BB@@BAB@@@@@@B@BB@DADDBBB@@@AD@DBDBFAF@B@BFHBB@D@D@BB@BDB@BAB@DB@@@@BD@@@D@F@@@@BB@@ABBD@@B@@@B@@@@@@BBDB@B@BA@@BB@@@@@D@@B@@@B@D@B@@@B@B@BB@@B@B@@@@@BB@@B@@EBAB@@@@B@@AB@FB@@FBDDFFBFDDBFB@DB@FFBBDBD@@@BA@AAC@@BAB@BBBBADB@@@B@@AB@B@@B@B@B@@B@@@D@DBBB@B@DDF@DBB@BDBBB@@ABABAB@D@@@BB@@@AB@@CAA@AAAAA@@B@@@BB@BB@B@@CB@BAB@@AAACCC@@A@A@@A@AAA@@A@ABAB@B@@BDBBDDAB@@CA@BA@@D@B@F@B@B@B@BA@CBC@@@AB@F@BBB@DA@@BA@@AA@@@@@BAB@AC@@A@A@BBAB@@CBA@@B@@@@HB@@@BBH@BABA@C@CDAB@@@B@BABABAB@H@B@@BBABEL@DAF@FBFBBBBB@DB@@B@B@@@@@@BB@BAFEBA@@BB@@B@@@@A@AAA@@@ABA@@B@BB@@BB@@B@@A@E@E@@AA@@DE@C@@@A@@BA@@@@BBB@@BD@@A@@A@@@A@@@AA@@@A@AB@B@@@BB@BB@@@@H@@B@@A@@B@D@D@@@B@@@BDD@@@B@@BBDB@@B@B@@A@AB@@@H@BA@@@@B@@@BB@@@D@D@@@B@@@BA@CB@@B@A@@@@BA@@@B@@@B@B@@@B@B@@@B@B@@@@B@@A@A@A@A@@@@@@BA@@@A@@@@@@B@@ABABA@A@ABAB@B@B@BA@AA@@A@@A@BCAAA@A@@@@ADCBA@@@@DA@@BCAA@@AB@AA@@A@CBCBAD@B@F@DBBBFFBBB@D@B@B@DB@@@AB@@@B@@BD@@@B@@B@@@B@@B@@@BC@@DBBB@@DBBBB@@@@B@B@BB@@@@@FABB@@@@@B@BBB@B@@BBBBB@@@@BBB@@B@B@@@B@@@@BBBFFBBB@@BBAB@@@FBBBBBBB@@CF@@@B@@@@B@@B@B@B@BB@@@@B@BB@FB@@@B@@@D@@@BDA@@@B@BB@BB@BABB@@@@AB@BABA@A@@@AB@@@@DB@BC@@A@@AACAA@C@@@@@A@AB@BA@@AC@@@A@@AC@@@A@A@@"],"encodeOffsets":[[120979,29304]]}},{"type":"Feature","id":"361125","properties":{"name":"横峰县","cp":[117.608247,28.415103],"childNum":1},"geometry":{"type":"Polygon","coordinates":["@@DSBOCOKMEI@Q@MBKFEHEJAJAFAFADCBE@CCKCCGCG@ICECGGEGCEAEAI@E@G@GBEDGDIBE@G@EACCCEEECCEBEDGHCDCHCHEFI@E@C@GAECEGCGAGEEEEEEEECCEACBEDCF@L@J@H@JCFCBCDIBGDIBMDGHCFEJEP@NDDHFFJFF@JMAU@KECKEKBOC@@A@A@AACA@ABABABA@@@AC@@@BA@@@@CA@AA@A@A@@@@@@C@@BA@@@EA@BAA@@AA@BA@@@@@AC@C@@A@A@@A@A@@@@A@A@@AAAA@@@M@ABC@AA@@A@@BC@CBE@@@C@E@AAAA@@@AC@@A@A@A@AAAC@@@E@A@A@@@CAA@AAAAA@AA@@@CBA@@@EAAAA@ABADAD@BIDAD@B@DBDB@B@B@BB@B@B@J@@CFABA@A@@@@@A@@AAAEC@@AB@BCB@B@@@AA@@A@@A@A@A@ECCAKAA@AAA@ABAB@D@D@@AB@AAA@@AB@@@@@@A@AC@@C@ABA@@AA@A@@BAB@@A@@CA@A@A@AEA@@A@@@AB@@A@@@A@@AA@AAA@@@@@@@A@@CC@@A@C@AAA@@A@@BA@A@A@@AA@@@BA@@@A@A@@@CCC@AAAAABA@@BA@@A@@@A@A@AC@AA@@@@@A@EDCBAB@@BBB@@B@@@@A@C@AAAGA@@@ABI@@BAB@DBB@DA@AAE@EA@@ABAACACEE@CCEI@@@AB@BABA@AAAA@CAAAAC@I@A@@@@CA@@@E@A@A@@@@@CA@@BAA@AAA@@@CBA@@@A@@EA@A@A@A@C@A@A@A@ACAA@AAAAACAA@@@@BA@A@A@A@@@AC@@BA@ABCB@@@B@D@BB@@B@@@BC@ABCDEFA@@@A@AC@AA@@BC@A@C@ABC@EB@DC@A@AICIACBQL@@SVKFUHKFKHABIFMFCB@B@@@H@@LHFBF@B@BCD@B@B@B@B@F@B@D@@@BB@D@@B@F@@@BBB@AFDJ@@DBB@@B@DBD@BAB@@BB@@A@@@A@@@@AAA@@@AA@@@B@@AA@C@AB@AA@@@@BA@@B@@B@@BB@AD@BB@@@A@@B@DBB@@BBB@B@BDDBB@@@BBAD@DAD@BCD@@@B@@DF@@ABA@GD@@A@@@BD@B@@AB@@@B@BA@ABA@G@@B@@@D@BB@@BBB@FA@@@AB@@@@BB@@@@AD@@@@BB@@@@B@@B@B@B@@@@B@@BBD@B@F@@CD@B@@BB@@AB@H@FAFBD@BABC@CASKAAGAE@AAAEEE@AC@E@CBCDCDCBEBA@@@EIA@CAC@@B@@BJAJCHIFSNCF@BDDNRDBFB@BBB@BBBDBB@FBB@@ADA@@DAFABB@@BBB@@D@BB@BBDDDDFBBDBB@@@@ABA@AAA@ABABABAB@@A@A@I@AAA@@@A@CBCF@D@@ABEF@B@@BBDFABBD@J@DBDDFBDDB@@B@@BDB@@ABED@@AFABEB@B@D@NFBFFHDFBHBHBH@LFDDDFBFDFJLFDJFJFF@D@HBJBHBHDJFFHHNCJGFCJAFBFJFJHNFLHLDJLJLDJENEJGJIJILGFKHKJKHKFG@BJBHFHFFDFDJBJBJBLDJDDHFFFJHLDLAHALCFAJGHIFGDGHGHCH@HAHEFEDCHCJCFCHALDNHD@FDHFFBHHHFDDBB"],"encodeOffsets":[[120552,29401]]}},{"type":"Feature","id":"361103","properties":{"name":"广丰区","cp":[118.189852,28.440285],"childNum":1},"geometry":{"type":"Polygon","coordinates":["@@@@B@BBB@@G@A@@B@@@@@@B@BD@@@B@B@B@@@@AB@@@B@BBD@BB@@B@@@BA@@@AB@@@@A@@B@BAAA@A@ABA@@BBB@@A@@B@BAFBB@@@DDBDBD@B@B@@BB@@BBDD@B@B@@B@D@@@@@B@DFB@BBB@B@@ADEB@BA@@FFFBB@B@HAB@@BD@FDD@@@DDABB@@BB@BAD@BBDB@@FAB@F@DBB@B@B@@ABA@@@@AA@@@C@@EAABA@AAAAA@@@DC@@@AB@DCD@@AB@DCD@@@@AA@@@A@AB@@A@AA@@A@@@BB@B@@CB@@AB@A@@@@@AB@AA@AC@@@@A@C@A@A@ABA@AACAA@A@AFEBBB@@AHEBEBC@AD@@A@A@ECA@@C@@@A@AAA@C@AAAA@@@C@ADCB@BABBD@@@BABCB@@@BBD@BBB@@@BA@@B@AD@@B@@@B@@AB@BAB@@C@@B@@@@BB@@@@ABC@A@A@@DA@@@@@BBB@@@@BCB@@@@@B@@BB@BB@@D@@@AAB@@@@@BB@BB@@@@A@AAA@@@CB@B@@@B@@@CA@A@A@@DADAHEDEBCDIDK@A@AA@AB@@A@@@@@CA@C@@AA@@BADAH@H@B@HBHABBB@@@@A@AB@@@B@BB@B@B@@AB@@@BBBBBD@@BBBA@@B@BHDCD@B@B@@DBB@@B@BBB@@CF@D@@@FBDBHBB@@HADBF@DBB@@A@ABAB@BC@AAACA@AFCDABA@@DB@BB@@@BA@A@AB@@@B@B@@@BA@@@AAA@@AB@@AA@A@@B@@@AAAC@@@@@@@@D@B@A@@ADCB@@@D@@@B@BABA@A@AAA@@C@ABA@@@CC@A@AAC@C@AFAB@BAA@@AE@A@@@@A@@AA@C@A@ACA@@@@@AD@BA@@BCAA@AA@A@@A@A@@B@@@FBBBBDBBBAB@DGBAFCDCB@B@BA@A@A@AB@@@BB@@@@BCB@B@BAB@B@DBB@HAD@B@@@FBBAB@B@B@DABCBAB@BD@BBA@@D@@A@AA@@@@A@A@A@@BB@@BBA@@B@@BAB@ABA@@BB@F@@@B@BB@@BBBBDB@BFHBBBBBBHDFDDDDBFD@@@@B@BBBBHBFB@BD@@A@@B@BAB@B@@A@A@@@A@@@@@ACA@@@@@@B@@AB@@BD@@BBBBBDD@BB@@@@@BA@ABCDADA@@BA@@BC@AA@CCAA@@@A@A@@C@A@AA@@@@@A@@BA@@@@@A@A@@@@@@A@@@AB@@A@@@@B@@@@@@@@@@@@@@@@@BAA@@A@@A@@A@@@A@@@@AA@@@@A@@@AA@@@ABE@@@A@@@BA@@@@@AABA@@@@B@@ABABA@A@AAA@AAACCA@AB@DCBADABA@ABBBB@@@@BADAB@@@BB@@@@B@@@B@BA@@BB@@B@B@B@@@@BB@B@@@BABAD@BABCBCBABAB@@@@@B@@@B@@@@ABA@ADE@ABADA@@DBBB@@DB@@@@AB@@@B@@B@@@@@B@B@@B@B@@B@@@BA@@@A@@@@@@B@B@B@@@B@B@B@@AB@BBBD@@@@B@@@@A@@@@AA@@@A@A@@@@B@@@B@@@@@@@BC@@B@@@DC@@@AA@@@@A@A@A@@B@@@B@B@B@B@@@@@@A@AAC@@A@A@@@A@A@C@@@A@AAAC@@@@@A@@A@@AA@@B@@AA@@@@BA@A@@A@@@A@@@@@A@AA@A@@DCDC@A@C@@A@@@ABABA@AB@BA@A@@@@@@CBEBA@ABACECE@AAAAE@C@AAA@@@A@CCEAE@@C@AAA@AEACA@@AB@B@BBB@@@B@DA@A@@@AA@A@A@@@A@A@A@@A@AB@@AA@A@CB@BA@AAA@IC@@AC@@@C@A@@@AC@ACCAA@AA@AAC@@@AB@BBDBD@B@BABABE@CBABCDCB@DAFAJCDKJSBE@I@ABADAD@BA@A@C@E@IB@@E@@FA@@BE@CAC@CA@@@@ABAB@@@@@BBBB@@@@@B@@BAB@@@@@@@AACCEAAAA@A@@A@@B@@@B@D@BB@@@@B@@@B@@@@@AA@A@A@A@@@@B@@BBB@B@@@B@B@@B@B@@@@AAA@@BAB@@B@@@BBD@B@B@@@BA@@B@@@@B@@@B@B@BCBCB@BA@AAC@AAAA@ACACBC@AA@@@CFA@AACAAAE@AAAABA@AACCEGGAAACAA@@A@@@@@A@@@A@@@@AA@@@AAKEGCCAKCCAEC@@@B@@AB@D@B@@A@@@A@AAAAE@C@A@AAEEGEGAA@CAEC@@AA@@AA@A@@@AA@GA@@C@AAEC@@@@@@@A@@@A@@AA@@AACCA@AAC@@@CAA@C@A@A@ADA@A@CAIGGI@ABAAA@@@AC@@@A@A@AAC@IAC@@@AABIACEE@AAAAC@AAAA@@@ABC@A@@@A@@@OGSIGECA@A@CDEFEHEJEFAB@@@DA@@DE@EBABC@EBA@@DADAFA@@@@D@FBFBD@B@BAD@BADAF@F@@@B@FADABC@AAM@GDGDCBA@A@ACA@@AAGCEEEAEAC@AAAC@CA@@A@@FEBA@C@EA@@CBC@AFGB@BABC@A@@CA@@EAA@EACCAA@E@GBCBA@ABA@@AC@CCEAA@A@CBGAK@AEECAC@GAEAA@AB@@A@@F@@A@@@C@A@OBC@A@C@@@ECA@ABGBEBEAMEAAA@AA@@EACAA@C@CBABC@AACAA@E@C@C@A@AACACACAECCCCCECAACAA@A@@@ABABIFCD@@A@EG@@CEECEEGECAAAA@C@GAC@AADHDBFHBFDL@H@BCBC@C@IAGBCBADCJCB@P@HFNDTAVCFQLCFEnKPAF@HBDHFFDDHDFDF@FBBBB@BAH@JBDFNDFAHAB@BCFKHIF@B@HBD@DCHAHIJCLAFBDDJBF@B@DAD@BBDDD@B@B@DCHAD@B@BDFBBAB@B@@D@BAB@BD@D@D@@B@B@B@@@@@@B@@CBCB@BA@@B@BB@@@D@DADBD@B@@B@@@DABBBBD@B@BAB@BC@CAAAC@E@EAA@EBMAEBA@CAAAAA@@AA@A@AB@DA@@BA@EAAAAAAA@CBK@G@@@@AAG@@AAAB@@ADAB@BA@AAA@@A@E@A@A@@EAA@A@GFA@A@E@@@AACG@A@@CAAACBC@ABC@ABAD@@@FAFELA@A@A@A@AB@BABABGDA@@B@DB@BBB@A@@BEBADC@ABAB@B@BBD@D@B@@IBGDIDAB@FAB@BABODCD@FDL@BABIBCBA@AAAEA@A@EDABBDA@ADEDCDCDAD@BA@MCAAC@C@CBCBABAF@D@HB@B@@@@@@BB@B@@BB@B@@BD@@@B@B@@@BBBB@B@@DA@@BDBB@ABA@@B@@BBD@@@D@@B@BAB@@B@@BD@BB@@@@B@@AB@BA@@@BB@B@D@D@@@@AB@@BB@BB@@B@B@B@BAD@@@DDB@H@@@@A@A@@@@@@B@BB@B@@@HDB@B@@@@@@ABAB@@@BBBB@@B@DAH@B@F@F@HBD@B@D@B@B@B@@@B@@@@@@D@@@BB@@@BADCD@BADAB@@@BBFBDB@DBBJJHDDBDD@BBBB@JBFBJBDBDFDBJF@BAB@BHD@D@@ABA@AAEAACA@@BAB@B@@@BBDBBBB@@CD@@C@ABAB@@@@@FAB@D@@@@B@@@BC@@@@BH@@@@B@B@@B@BB@@@F@@@FBHD@B@@ADAJ@FBFNNFHBB@DABADCBA@EBE@CBEBAB@@BB@AB@D@ABCBA@ABA@@B@BED@B@D@DA@AB@AAC@@A@AB@BBB@DDBDDBB@B@F@BBD@@B@@@BAB@@@BBBB@DA@AB@@@B@BD@@F@BADGHCB@@@D@D@@@B@BBFAB@DAD@@ABA@AA@@AECE@AA@@@A@@B@@A@@@A@A@AEA@A@@@@BAB@BA@ABA@A@@@AAAB@@A@@BA@E@A@@@A@A@CCA@@@A@@B@BFNJNLHDBD@D@DAFAD@BBB@BHBBHBFBBBB@DF@@@BABCFCDEBABAF@@@BBB@DB@DB@@@DB@BB@@@BDA@A@A@@BAB@@BB@@A@ADC"],"encodeOffsets":[[120986,29297]]}},{"type":"Feature","id":"361124","properties":{"name":"铅山县","cp":[117.711906,28.310892],"childNum":1},"geometry":{"type":"Polygon","coordinates":["@@@@@BBADABAAAA@@@AA@@@AB@@AD@D@B@DA@AB@BA@@@A@AACAAAE@@BA@@BB@BBBBDB@@@@A@@AA@ABC@@B@@@@A@@@A@@A@@AAC@A@@DAB@@A@@CA@ABA@@DCBA@C@A@AA@@@A@CAC@AA@@BG@ABA@C@EACCE@@AA@A@A@@DCBC@AAAAA@@ACDE@AB@D@F@HA@@FEFIBAB@B@BBHHDFDJ@B@DEHAD@D@H@DBF@@DB@ABBB@@@@D@BABBBBDB@@@JABBBBBDDF@@B@B@BABEBE@@AA@A@AA@A@A@@@AA@@@C@@@AF@DAB@BA@@BAB@@@@D@@F@D@@AB@B@@@@@BDBDB@B@HC@@BB@B@@B@B@B@BAB@B@B@BBD@B@@@BA@A@@FC@@@ABAD@FBB@BBFDHBB@F@DBDB@@BB@@H@B@@@BAAAACAA@E@M@IBEBAB@@@BD@B@H@D@@B@B@@@BC@C@E@ABA@AB@D@@@BDB@B@BA@C@@AA@A@A@CB@BC@@BB@B@@BB@@BAFGBA@@B@@B@HB@@@BC@E@ABCBA@C@AA@ACA@@AB@B@B@B@BA@@AAC@A@@A@ABCBABA@ABEAA@A@@BC@@@C@@A@ABA@CAAB@B@B@@B@@@BB@@@BA@@@E@A@@C@C@AA@A@A@A@@@A@AB@@@BBBBBB@BB@@@BAB@B@@@B@BA@ED@@A@ACAACCAA@ABA@AA@EEGCGE@@BA@@FC@CBG@AAAABA@GAE@CA@A@@BEBG@A@ABCB@BDBB@BBDBB@@DBBB@ADA@A@A@AEA@@@A@ABCB@BABA@@@CCG@A@ABADADADANCNG@AJCHCDGDGDKHIJMPQFKHGP@N@P@NCJCJCJEJGHEFGDKDIBK@I@KCKCGCMCGEGEECIAG@EAMBQBKBGP[FMHQHQJMHODKHIDIBADABABAB@@@@C@C@@@CCACECCCCAC@CAGCCACCAEAACE@CACAGACACACBCBABADADCBC@GDCBEBE@EAA@CCCCAACCC@C@EACAC@AAAAAEAACCAACC@C@CC@C@CBEAECAAC@EBC@CBEAE@CCCAEACAE@CACCAACACBAD@BADCDCBEAACCECCCEECECEACCCACCEAE@EAEAEACAEAAACC@@@CCCACICCCCA@CAECCCAEAA@A@CACAAE@EBCBGBAAEAEAECCAG@E@CBABCDABABEAC@@A@@@@A@@@@A@AC@@@AA@@A@@AACGCC@EAACCE@E@EEECCAEGCGAE@GACACAAAAEAAACAACCCCCAAE@C@CBEDADEFCFEDEBCBABADAFADABCBCDADADADABGACECCECA@CBCBC@AAACCAA@C@ABCBCBABABADADAFADADAD@BCBCBGBGDGFCDEBC@CBEBEBA@CBABC@IDEBABCDA@A@C@CA@@C@EBA@CD@BABA@A@ADAHBHBHADBFABCDADCBABAD@DAFABCDCBEBABAD@B@D@BBDBDBD@BADAB@F@F@F@D@DABA@BDBJCDIDKGGM@@CBCBCDCDAHAFBDBB@DBFBBAD@BCBABADADCBCBCBABC@CAEBCBEBGBCBABABAB@D@D@DA@ABC@C@C@AAECECECCC@AAE@E@EAEACAEECCCECIEGEGCGGCCEI@AAAA@A@CBA@@B@BA@@BC@@@CBA@ABAB@B@B@@ADABC@E@AAEAEIEAAAA@@BUDCFAHDHDF@@HNLPBT@HDRDNDFPZDFDFBF@BBF@H@F@LAJCNCN@N@NFDHBFJDFDFDHBHFLBHBHBH@HCFCDCFGDGDEFCFBDHDHDJDFBDF@DADEJ@HDBHDFBH@HD@FCJCL@@BDBBDBHCD@D@FBDB@@BB@@ADADCBABIBA@ABCHALAH@BFDDBHBHBFDDDDF@F@D@JBDABIDGBA@ABCDCD@DAD@BA@A@E@M@GAC@A@CDEJCFA@C@A@A@@B@BBB@B@BAD@@BFJJ@D@HBB@@BBBAB@DBBDDBD@D@BB@B@@ABA@CDCF@D@B@@A@C@AAACAAAAC@CB@@A@@FCBA@@AAABAAAABABAB@BA@A@CCC@A@EF@@BD@BBF@BABABA@@B@DBB@BBDBA@ABB@BAB@@@B@@@@BBABAD@@ABB@@BBBDFBBB@BABADABBB@@B@B@@AB@@BBB@@@BA@BBBBB@F@BBBBF@DBDBB@DBBD@DDB@B@FAB@@@@@@@BADCBADAB@@@@B@@@B@B@B@@@@B@@CDABA@@B@B@@BB@D@BABABC@AA@A@AA@A@@BCBCBABCBI@@DAB@B@BA@@@A@CBAFAD@F@B@BAD@BBDBBBB@B@@@BAB@@@BBBB@BHFBFBHAF@D@B@BBBBD@B@ADANEJEBALGLEVGLETU@@RKDAJBJD@B@BCDA@@FAD@B@D@BAD@@BBD@@B@B@@EBCFAD@BAD@@A@@@AAC@A@@@A@AD@BAB@@BD@@B@B@B@B@@A@@B@DBBBBB@BBBBDB@B@B@D@B@B@B@B@@FB@@@B@DA@@B@BBB@AB@@DB@@@@B@B@F@@@B@@D@@B@J@D@BBBB@DBBBBB@BA@ABA@@J@DF@DFFBDBDAB@BB@@FBF@BCBA@CAA@AB@@AJ@B@@HBBB@B@D@B@@A@@@AA@AA@ABCD@F@B@@@@BBD@@B@B@B@@@BB@@AB@BABBBBD@DD@@B@B@@@B@@A@@BB@@@B@BAB@@@BB@BBD@B@@@DD@@@B@@@@@@BB@BBB@@@B@@@BA@@B@@@BB@BFB@B@B@@DB@@@BA@AB@B@@BB@BAD@@@BDB@@@@@@@BA@@BB@BBA@@@C@CBABAB@BBB@LBDBFDB@B@B@@@@BB@@B@@@ADA@ABA@@FDBB@BB@@@@@B@B@BADE@@@I@A@AAAA@A@A@AC@C@ABCJC@ABCBCBAB@BBFB@@B@DA@@B@@BBBBB@BBB@D@@"],"encodeOffsets":[[120562,29064]]}},{"type":"Feature","id":"361123","properties":{"name":"玉山县","cp":[118.244408,28.673479],"childNum":1},"geometry":{"type":"Polygon","coordinates":["@@@@@@@AA@@@@@@AB@@A@@AA@@@A@@@@@@B@@@@@@@@@B@@AA@@C@A@@@AA@@A@@BA@@@@B@@@@@@A@ABC@A@AAA@@@@BA@@B@@B@DBB@@B@@@@@B@@@@@@@AA@@A@@A@@BA@@B@B@BB@@@@B@@@@@@@@@@A@@@@@@BA@@@@@@@@@@@@DB@@@@@AB@@AA@@AA@A@@@A@@@@A@@@@B@@@@A@@@@A@@@@@BCA@@A@@@@A@A@CAA@@@@@A@@@@@DABAD@B@@A@@@@AA@@@A@C@A@@B@B@@@@@@AB@DA@@B@@AB@@B@@@@B@@A@@BA@@@@@AA@A@@@A@A@@@@@@@@@C@@@@@A@@@@@@AA@@AAB@@@A@@@@@@B@@@@@@A@@@@A@@A@@B@@@@@B@B@BB@@@@@@BA@@@A@@B@BA@@B@@A@A@@@@@A@@@@B@@@BA@@@@@A@@A@@@@@ABA@ABA@@@@@@@@@A@@A@@@@@@AA@@@@BA@@BABA@@B@BD@@BA@@@@@A@@@A@@@@@A@@@A@@@A@@@@B@@A@A@@AAA@@@AAA@CAC@A@@AA@@C@C@@@AA@A@@AB@BCAC@@B@@AB@B@DB@BB@F@DBB@@@BA@@DEBA@@@@@@B@@@BBB@DA@@B@@A@ADADADCB@@A@A@@A@EB@@@AA@@A@@@C@@@@FA@@BAAAAA@@@AD@B@DC@AB@FDD@B@FCBABC@@AAC@@@@A@C@E@@BAB@@@@A@@AA@@@ABA@A@@ACAABC@A@C@@@AAACA@@@@@AD@@@B@@@@@B@@@B@AA@@AAA@CAAAA@C@AAA@@A@@B@BA@@A@@@AA@A@@B@@A@@@A@ABEDA@A@A@@@AB@B@@A@@@@@@@A@@@AB@@AB@@A@@BA@@B@B@@@BA@@@AAA@@A@@@@@AC@E@CA@@@AB@@@@A@@@@@@@A@@A@@B@@B@@@A@@@A@@@@@@@@@B@@A@@A@@@@@@@BA@@@@A@@@C@@AA@@A@@@@AB@@@B@A@@A@@@@@@@@A@@A@@@@AA@@@@@BA@@@@@@@A@@@BA@@@AB@@@@@A@@@@AABA@@@CAA@@@@@@BB@BB@B@@@@@BA@@@@@CACAAA@@@C@AB@@AB@B@@@@@EG@A@ABA@@@A@@A@@A@@BAB@D@DD@@@@B@@@BA@@@@AC@@@@@ABA@A@A@A@A@@@@BA@@B@@@@@@@@@@@@@@B@@B@@@@@BA@@@@@@@A@@@@@@@@A@@@A@@@@@@@@A@@AA@@A@A@AB@@A@ACA@A@@@@AB@BA@@@AAA@@@@@C@@@AB@BA@@@AAA@A@@@@@@E@CB@@A@@AAA@A@A@@@@A@@@@@@A@@@ABA@A@AB@B@BA@A@@AA@@@@@@BABAA@@AAA@A@@@ABABADAB@@@B@@AB@B@@A@A@@@AB@DAD@D@BA@@@@@AA@AAA@E@A@@@@@A@@ABA@A@CBA@@BB@@@@@A@@B@@A@@BA@@@@@@B@@AB@BC@A@A@AA@@@@@@@AB@@@B@@@B@@AD@@@@@@A@@@@@@@@@BE@@@A@@B@@A@@@@@@A@@@AB@@@@@@@@@A@@BA@@BA@A@@@@@@@@A@@@@B@@AB@A@@@AB@@A@@@@B@@A@@@@B@@@@@@A@@A@A@@A@@@@@A@@@@@@B@@@BB@@@@@A@@@AC@@AEAGAAAAAA@@@@@ECCACCECGCAAAAAAEG@ACAAAAA@@AAA@@@E@A@@AB@BAA@AB@@@AB@AA@@AA@@@B@B@B@@B@@B@BC@@@AB@AACA@ABADCBA@A@A@ABEA@@A@C@GBA@CAA@A@ABA@A@AD@@@@AA@@A@@B@B@BABA@A@CDEDABCHA@ABAAACAAEA@@A@@@@B@BB@B@@BBBAD@@ABC@@B@@@@DB@B@B@DBB@@@B@@B@F@@BB@ABA@EB@B@DBD@B@BDD@@B@BAD@@@BB@B@BABABA@@@C@@@A@CD@BB@A@C@@@@@@@@@BDBB@@A@@@@BBB@@BA@@BB@B@@AB@@A@A@@@A@@B@BAB@@A@@ACA@@ABCBED@BDBBB@BADA@AB@B@BA@CAE@CAGB@@AAAGAC@E@@@CDE@@AA@A@AA@CA@@@A@ADCGC@A@AB@AA@AC@AAAA@A@@BA@@@A@AAAA@@@A@@B@B@@A@AAGBGAA@G@G@CBAB@@BB@@@DDB@@@@B@@@BAB@@B@BCLCJADCFGFCBCB@@@B@BDB@@A@@@A@A@@D@@BB@B@B@@A@@AAA@@@@A@BB@@C@@@AAA@@AA@@@@@A@AD@@@@AA@A@@@@CB@@@B@BAD@B@@A@@A@@A@@@@DA@ABA@@BA@@@A@@@BCA@@@AB@@A@AAC@AA@@A@ADAB@@C@AAABA@CD@B@D@@BBBBD@B@BBB@@@D@@@DB@F@B@BC@@BADAFGF@BA@AAEF@B@BBBBD@BAB@B@B@B@D@B@@D@@BBBA@@B@@@@@BBA@@DA@@@AAA@@B@@@BBB@@@BAB@@@B@@B@@C@CDA@@BC@CDA@@B@@CD@@B@BBBBB@BAFB@@@D@@BB@@@@AB@BA@A@A@CAE@A@EB@@CAAAC@ABA@@AA@BACC@@C@ECC@@AA@GBA@A@EAEE@@ABA@CF@BA@A@AAA@CEA@@@@@C@A@@@@A@ACCAA@@AA@@@A@AACACCC@@A@EAABA@@@@BA@AA@@AB@B@BBBABA@@@@B@@A@@B@@AB@@A@@@AAC@AAA@@@A@@B@@A@A@A@@@C@@A@A@@@@A@@@@B@HA@AAA@@@CD@B@BA@@AA@AB@@@B@BCB@@@B@B@@BD@@@B@@BD@@ABA@@B@B@@@@@DBBBD@BB@@@ADA@@C@@A@@B@@@BABABA@@B@@A@BA@AAAA@@A@A@@CB@A@@@C@@@A@@EAA@@A@A@@A@@A@A@A@AA@@@@@@A@@DE@@AAAAAAEA@@A@AB@AA@AAEEAA@A@@A@@@A@A@@@AA@A@@A@AAAA@@@AAA@A@A@@@@AAEB@@@@A@@A@A@A@@A@AACA@@AACA@@AD@@A@@@@A@@@AA@@@C@@AA@@@A@@B@@CAA@A@C@A@AAEEAACAE@A@C@ABAD@D@BB@@BBA@@BBAD@@CB@@@@ABCD@B@@B@B@BBADB@@@@BB@@BABA@A@A@AB@B@BABAB@BA@@@@@@@@B@@AB@@@@@@@B@B@B@BA@@@@@@A@A@@@A@A@@@A@A@@@A@@AB@@@@@B@AA@@DAB@@A@@@C@C@@@A@@A@@@A@@B@@A@G@@BAB@@@@A@AA@AC@AA@@@C@AC@@A@@@C@C@A@@@@BA@@@@G@@A@@AAA@@A@A@@B@B@@BB@@B@@@B@@@@BC@@AA@AA@@@@AB@@@B@@@DCF@@BB@@@F@F@BA@@@AA@@AAA@@@AB@B@@BB@B@B@@A@@@AA@@ABEFABA@@A@@@@A@A@@@CAA@A@CBAB@@B@@@B@AB@@@@A@AA@@@B@@BDBBB@DBB@F@BBBBBD@B@BABBDBDBB@B@BABAD@DAB@@A@A@CAA@AB@@@@@BBB@B@BADGB@@@BBD@@@BA@C@C@ECC@EAIACCCAEACBA@C@@@AACIAA@@ECCCCAAA@AEA@@@ADA@@@AA@C@ABCBABA@CC@@@@AB@DCB@@AAA@CBA@CAIECCGCA@AAGBA@CDCD@@@D@@ADA@@@A@@@@@@BBB@@@@B@@@B@@BB@@B@@ABABAA@@A@@F@FDD@D@DBDBBFDJB@@@D@BCDAB@B@B@BDFDDBBDB@B@@ABA@@@@HA@@BC@A@A@@B@@@BDH@DAF@D@DCFAFAB@FABC@A@@@AH@HBDDFDJDH@HAHCDGDEBEDGFGFEDEFEHEHGFGBIBMDEJGJCJAJ@JBJDJ@JDJ@NBFDDHDD@JBF@L@DB@@FABBBBDFHDB@DBB@BB@D@NBFBD@H@LAFCF@B@B@BEDA@@B@BBB@B@B@@ABE@@A@@CGA@@@MJA@ABBB@@HD@@@BCDABABCD@BA@@@C@AA@B@D@@@@B@B@@@@BBBAB@@AACAAAA@@@A@@@DD@B@BA@CAE@CBABA@ABCFAB@D@J@DA@@@C@@AAAAAAAAGAA@@E@AB@@BH@DAB@@A@@@AC@@A@@BEB@@AA@@CD@@@@@BBBB@D@DBBABB@B@D@B@@HDFBHBDBB@@@DEBAB@BBD@B@B@@BADAD@B@DBB@@D@D@BBDDB@B@BADCDA@A@A@I@ABC@@FAHBJDD@DAHEJGDEDANABAB@AACC@C@ABABAFAB@@BBFBDBB@BB@@AB@@@AC@@BCBC@AB@BB@@B@B@BB@@@B@@BD@B@@@BCBCDABABBBBB@B@@B@B@@@B@@@@B@B@BBBB@PCBBBDBF@BB@H@H@H@@@BBAB@DGFADAFBB@@P@JADAFBJ@P@BAFEDCFCHCJAJEF@HAJBLBHDHD@DAFABAHCDAFAF@F@FDF@FDFDHDHDFFHHFFDFFHFHFJHJFNDFB@@BBB@D@B@B@@@BBF@D@@@@B@DBF@@@@@@@B@@@@@@@@@@@B@@@@B@@@@@@@@@@@@@BB@@@@@@@@@@@B@@@@@@A@@B@@@@@@@@A@@B@@@@@@@@@@@@@@@@@@@@B@@@@@@@@B@@@@@@@@@@B@@B@@@@@@@@@@@@@@B@@B@@@@@@@@@@B@@@@B@@@@@@@@@@@B@@@@@@@@@@@@A@@@@B@@@@@@@@@@@@@@@@@@B@@@@@@@@@@@@@@@@@B@@@@@@@@B@@@@B@@@@@@@@@@@@@@BB@@@@@@@@@@@B@@@@@@@@@@@@@@@@@B@@@@@@@@@B@@@@@@@@@@@B@@B@@@@@@B@@B@@@@@@@@@@B@@@@@@B@@@@@@B@@@@@@@@@BB@@@@@@@@@@@@B@@@@@@@@B@@@@@@B@@@@@@@@@@@@@BA@@@@@@@@@@@@B@@@@A@@@@@@@@@@@@@@@A@@@@@@@@@@@@@@@A@@@@@@@@@@@@@@B@@A@@@@@@@@@@@@BA@@@@@@@@@@@A@@B@@@@A@@@@@@@@@@@@@@@A@@@@@@@@A@@@@A@@@@@@A@@@@@@@@@@@@A@@@@@@A@@A@@@@@@@@@A@@@@@@@@@@@@@A@@@@@@@A@@@@@@@@@A@@B@@@@@@@@@@@@@@@@A@@@@@@@@@@A@@@@@@@@A@@A@@@@@@A@@A@@@@@@@@@@@A@AA@A@ADCFGBCDE@@B@B@B@@A@@DADAFA@@D@@@B@@A@C@@@@B@B@@B@DAD@B@@@@@B@@@@@B@@B@@BB@D@D@BBB@@@@@@@@AB@@@B@@@@@AA@A@@B@@@B@@@BBBB@@@@B@BA@@B@@@BBBB@@B@@A@@B@B@@@@@@@BAB@@@BA@@@@@@B@@@BA@@@@BC@@BAB@@@B@B@BBB@B@@@DEB@@AB@B@D@@ADEBCBAFCBCBABEBABC@C@C@AB@@@B@FCB@@@BBDBB@B@B@@A@@@A@ABA@A@@BAFA@@B@FBB@D@DAB@@AB@@A@@@A@@B@@@BA@@@A@@@@CCAAAA@A@ACCCAAAECAAGGCECEAAGAA@GCAACCAC@E@CBEB@HAB@BBHBF@BBFBJD@@DDDBB@F@BBDBBBDBD@BBHDFBDBB@F@DAD@BBB@BDBB@@B@B@B@@@DCDC@@BBB@@@@@BAF@B@DABA@@@C@CDCBGBC@C@EBC@C@AFADEBABG@C@G@ABCDCBCBGBEAE@AB@D@DABCBCBEBCBA@A@C@A@ABADCB@B@@A@@B@@AA@@@@@@ADA@@@A@@@@CACAAA@@AACAA@@@@A@@@A@@DABABABA@A@@@@@A@C@@@@B@BBBBB@@ABABC@@FADAF@H@B@B@BABA@@HAB@DCFCDAF@DBB@B@B@FAF@F@@@H@@B@@B@@@@@B@@@@@B@B@@@BCB@@@B@F@@@@@B@@A@A@@B@@B@@B@@@B@BABABA@@@A@A@@@AB@@@BA@AB@@@B@@A@@@@A@A@@@@A@@A@@@@A@@B@@A@@@@@@BC@@@C@@BA@@@@B@@@B@BA@AB@@A@@BABCB@B@BA@A@@@@@@@@@@A@@A@@AAA@@@@@A@@@@@@@AA@@@@DC@@@A@A@A@AB@@A@@A@AA@A@CB@@AB@BBB@B@"],"encodeOffsets":[[121226,29465]]}},{"type":"Feature","id":"361121","properties":{"name":"上饶县","cp":[117.90612,28.453897],"childNum":1},"geometry":{"type":"Polygon","coordinates":["@@@MCI@ICIAI@IBIDIHIFINCJAHAHEFGFGFEFCHEHEFCFAHCDCBG@GCGCICEAC@GBG@@B@D@BA@EBABEDE@C@CBE@CCG@A@@@AB@B@D@@AB@@G@@B@BA@@@ACAAACCCE@A@A@ABADC@A@C@@IAECAAAC@C@CCC@E@EB@@@BBBABA@@@AA@@AA@@@A@@@@@AA@A@@@@B@@@B@BC@@@C@@DCDCB@HABBB@HDDDJFDBB@DAB@BB@@DA@CBA@@@@DDB@BADABAD@B@@B@@CB@B@@FB@BBBDBDDFD@@BBDJBB@@D@B@DAFBDBDDJBFBD@FDD@D@B@@A@@AC@A@@HABC@A@AAA@A@@@@BAB@DBB@B@@@BA@CBCBA@A@AAAACACBA@A@AACAAAAE@A@CAA@AAAC@@@A@@BBB@@@@@BAA@@@A@@@BADAB@AAAAAE@EBE@CFKBAAA@@@A@GBABABA@A@A@@BADCD@B@BA@AAG@A@@GA@@@@@AB@DA@@BAAAB@B@@@BDA@AB@@@@B@@BB@@AB@@CAA@A@EBA@@D@DAB@@A@A@A@A@E@A@CB@@ADB@@BACCAAAC@@@ABABAB@@@BB@B@BB@B@@@DDBDBB@@BA@ADA@@@AAAA@@A@@@AB@BBBBB@DB@@BA@@A@@A@@@CBABABA@@AACA@AAA@CCE@C@AAACAC@@@A@@@@A@A@AA@A@@BA@@@A@BCAAAAA@AB@@BD@BAB@@C@CAAAEEA@@CEACAECEACEAC@EA@@EBA@@@A@@A@AB@FA@@@AA@@@@A@A@@@AAA@A@@@A@C@A@@@A@@@@C@@@@AA@@ABA@A@AC@A@@@@A@@@A@@@ACBA@@AA@@@@@E@C@@AC@@@@CAA@ABA@ACA@@A@C@CAAEG@A@ABEAEAC@CBC@@A@AACCCBA@@A@A@@@@A@AB@@AA@@A@A@A@AB@BB@BBBBBB@B@DEJA@@B@@BBB@@BA@A@A@ADB@@@BAB@B@@@AB@BA@A@@@@BAB@@@B@@@@D@@B@B@B@@DB@@@@@B@BA@EBE@C@@ACC@A@@A@@@E@AAA@AE@A@A@@@A@CA@@AAA@@CB@@A@A@@@@AB@B@B@@A@@@A@@A@@BA@@@@A@@@@BA@@@A@@@AA@A@A@@A@AB@BA@@@A@@AAC@@@@@CAC@CCCC@@AAB@@ACCA@C@@A@@AA@@ABA@@@@@A@@A@ABA@AAABC@AB@@@@@B@BB@@D@B@D@@AA@@@AA@BA@AA@@BA@@@@@A@@C@AACC@AAA@A@AHKDCDA@A@@AAAA@@@AJKDC@A@@B@BCBG@CAC@CAAIECEAC@ABC@AAA@ABAA@@@@@A@@AB@@A@C@@@AA@A@@@BA@EA@@A@@AAAA@A@AAA@@@A@A@@@@D@@@B@@@B@BBFAB@@@B@@B@@@D@@B@@BB@B@@AB@@@D@@B@@@B@B@BB@F@@@@@B@B@BA@ABB@@@B@@@@B@@@@@@A@AB@@B@B@B@@BBB@B@B@D@@A@AACB@@@B@@A@@@ABABA@@@@@B@@BB@@@@BAB@B@@@B@@BAB@B@@B@B@@ABA@A@@B@@A@@@@B@@@B@@B@BDD@@@AB@@A@@B@@@@B@@@BB@B@BD@BABAD@@BB@@AD@@@BB@@B@@BD@B@BDDD@@B@@@B@@A@@@A@ADABBB@BB@B@DBBABBB@@B@BB@@@B@BAB@BDBDB@@BBADA@@@@DFABA@C@CB@@@@@@DBB@B@DAD@BBB@@@DBBAB@B@FOBG@CBADAD@FDD@DADADCBE@I@G@G@CBEBADADAD@D@BBNDB@@ABCDCDCFCBCB@ACBAFCB@B@BFBBB@DAJABA@ACK@EDCPCBA@ABA@EBAJCHCJA@@@A@CAC@A@ABABAD@BCFA@AB@A@AAA@@C@AB@HCBABA@ABAB@B@B@B@FKBE@E@@BCBAD@BAD@DABBDB@@@BDHBB@@F@B@B@HEB@B@FB@@@B@B@F@BB@BBB@@ABABC@@BABB@@BH@B@@H@L@DAB@BBBBBB@FAB@@CBA@@B@BBB@@BBBBDBB@FANBFAB@FBF@D@BBDBD@@ABA@A@AACAABA@C@@@AA@C@CACBC@@@A@@A@AB@@ADADA@@@A@@@@A@A@A@@@@C@CACA@ABC@@@@ABAAACE@A@ABCDG@C@A@ACCAC@ABC@C@AAECIACBEDKJIBGDG@CAC@G@AJELGDE@ABABGCEEMAC@IBG@AAAAA@ECECECGECGEAC@GBELOFmDERKDEBUCSEM@G@ODADIBCDAHAJBD@D@DA@A@GCKAEEGCACGCBA@CACAEE@@EC@@A@AAA@@@A@C@@@ABABABA@@@EAAAA@A@C@A@A@GDCD@@@@@@IDA@E@C@G@A@@BA@EDABABA@@@A@AAA@CC@@EACAA@@@A@C@C@@BA@AAA@@AAA@A@AA@CAACA@GE@@A@@@@A@A@ACAA@@@AAA@@A@C@ABG@CBAFEBAB@@CBC@@@ABI@AAAAACC@@A@AA@@C@C@IBC@A@CDCBABA@A@@AA@@C@A@CAAAAAAA@CAAAAACC@CAC@C@A@A@A@CBA@C@ECC@C@A@CDCBGBCBC@A@CCAEAC@E@E@G@ABCBC@C@ABAB@B@D@BADBBABCDABGDEBAAAAC@A@C@A@E@A@AAAAA@A@A@CBADCHEDC@C@C@E@CAECCCCCE@CBC@C@CACACFEJADABA@@D@@@D@D@@A@ABABCBABCJGJCLGPINGRGRENO\\AHALARBN@FBHDJFFFHDHDNDHDL@L@JALCJCLEHGFIHIFIDIDMDO@M@O@GHELORINGJCLCHCHGDID@BMHMDCBCBCBAB@B@BDH@D@@ABABA@AD@B@B@@FB@B@B@BCB@BAACA@@AAAC@AAAACA@AD@B@BAHAF@@@BDBF@HBB@BABB@BAH@DED@@AB@@HFHDFFB@@BAB@BBBDDBBBDB@@@FCB@@A@A@@@ABA@A@@AAA@AAAA@A@@BAB@@@B@B@B@B@@B@D@DB@F@@@B@@A@@AA@@A@@@@A@ABADBB@BAB@@@@D@@AD@@@BBBAF@BABABAD@B@BB@D@BB@@ABA@A@A@A@@BB@BDB@@B@DABAD@B@FAD@@A@@G@AA@@@ABEHAB@@AA@@@AAA@@ADA@@D@B@BBB@@@DABA@A@AC@@C@A@@BAB@B@F@DAD@@A@A@@@@C@G@AAC@@A@ABAF@J@N@FBBBDBBAB@@A@G@@@AA@@CACAE@A@GAECAAA@EAC@AB@B@@ED@@@BAB@@A@C@AAA@A@A@ABA@A@A@@@@AAA@@GDA@A@ACAC@@@@A@A@@BC@E@@@@C@@A@AB@@ABA@CBE@@B@@@D@@BB@@B@B@B@@B@BBB@@AFAFABA@A@@@CEACAAAAIB@@A@ACAABA@A@C@@A@AA@BCA@@AE@C@G@CBCFG@C@ACICEGGAAA@A@ABEJEF@@GBE@C@A@@BCFBD@@BBBB@BADCD@@@B@BBB@@DFBD@F@DAB@BAH@@BBD@DBB@@@B@@B@B@DABCD@@AB@BDB@@@BA@CB@@@BBD@BB@@@@B@@@B@@A@@@AD@BBB@@@B@@A@ACAA@AAA@@AB@@BFBBBD@B@B@@ABA@@BCBA@C@C@@BA@@B@@BB@@B@BBABCBAB@A@@@B@B@F@@BDBBB@B@B@@@BD@@B@BB@B@F@D@@AF@DAD@@@BB@@BAD@B@N@@BBBB@@@B@B@@B@B@@@@B@BD@D@@B@@@@ABB@@BB@ABB@@F@@AB@@@D@@@@B@B@B@@BDB@@@@AB@@D@@B@@ABABAB@BDBBBB@B@@@PDLALFFD@LBVINE@IEEECGMCO@IFEFGDCHANCJAHCJADEDIDG@I@K@E@CDAFBDDFFDFFFFFFHFHBHDDFBF@H@D@FEJGFGDCDGDCHAFDFFDFFDDBD@F@HAFCJCHAF@H@H@FBJBFDFFHHHFDJDH@HDDDDL@DAFCDEBEBIBIBGFEFAL@N@RFJLNDPAPCTDDBFDJDLBJAJ@H@FAJAFCJEHCD@@@HABGJ@B@@HJ@DCDABAHAL@BBBBBF@D@JJHDBB@BADEBEFABCBK@A@@B@BBBFBN@B@BBFDB@BD@BAD@BDFBBVPDBB@DCB@F@DAB@FCD@B@B@FCJAL@N@L@PBLBJ@FAFCHCFCHAH@HBFCDCDCDAJAJCNCJ@RDNF"],"encodeOffsets":[[120712,29510]]}},{"type":"Feature","id":"361126","properties":{"name":"弋阳县","cp":[117.435002,28.402391],"childNum":1},"geometry":{"type":"Polygon","coordinates":["@@EFAHEFCHGJGLGRCFCHGFCBIBGBE@GBIBI@KBMDQFKHKDSLGBK@G@G@EAEAGAG@IDGDGFEDEDGDG@KBMDM@GBGDGDCJAH@FBFDDFDHHDJBJ@HCFEHCJCJAH@DFJFDDFHJ@BBBBBD@B@FBB@BBDB@BAFBFBBBBFB@@@FBB@BABAB@BAB@BABABEB@@A@@B@BABAD@BAF@@DB@B@BCB@BAB@B@BA@ABA@CB@BDBBB@BCBA@A@ABAB@@AAA@A@A@A@CBC@C@A@EA@@A@CB@BDD@@GBA@DHBF@BGP@@CLCF@D@BBBDBB@B@PCPBHJAPBFRTHF^NHBJDBF@HBH@JBFBFBDDFDDBFBDAFGFGBCDEFEDCF@HBHBHBFBDDFDDDDDFFJDFBH@FBD@F@FAHCFELAHAJ@HCJAN@JAFAH@DCH@JBH@H@JBJBF@FAJEFEDEDEDCHCHCFAHEHCFEHEHEHCFCFAFAJADAFAF@HCHGFEDEDEDG@G@GBA@ABEHCFCBBBBBABCB@BAF@FCJ@BBD@LBL@@BBFAFAB@F@B@BB@@@B@@ABABC@ADAB@F@@CDCDABA@CAA@ABC@KBAACB@@CJBD@BB@D@B@DD@@B@BADA@@@@B@@F@DDF@@@BEBAB@@AB@@ECA@A@@@CDAD@B@@@BB@@@FCB@B@B@BD@BED@B@B@BB@DB@DB@@BFBB@DAB@D@B@DABA@E@AB@B@B@DBF@D@B@@BBBJF@BAJ@BEFCFCDEDJ@DBDBBDBDDBBBB@@@DEFAD@B@DJ@F@@JLFDF@FBHDHDFDFNFLBBPBJBLFBBBHDFBBB@B@B@B@@ABABAD@BB@B@@@BBB@@B@B@N@F@FCHGJANADBDDBF@BBBD@FADADB@BDF@FBDBBBBB@D@D@FBJA@A@@@A@@DC@@@A@AACAA@A@@@A@@@AA@A@@CAABA@@@@D@@@BABE@@A@AA@@BAA@@CGGAACE@AFCBGBG@GQWEIBCLGFALAFAFGHIDG@C@ACC@AFUJMFGJGHCHCBA@@AC@E@EBABCBCDABCBCDEBEBA@AB@H@NBLDJDLBJFJFFDJDH@H@J@N@JBHDHDFDHFFFLJLJHBFDDDDDFDLBFAFCFEFCHEH@LELGLILGHEJKJIHIFIFMCIIKIKKCKGMEIGIEAEBEDIHEDIGMEGIEGCGAIAGAC@E@IEIEECIKCEAECECCKEG@GAGAEAGCEEEA@M@C@AFABABE@@FCBA@@CA@AA@@@CAACCEAC@C@IACBACEAA@@@AFEBA@@@CDEDAB@@@B@BBJ@B@B@@@BABABABAB@BBB@BA@@@@AAACEACCCCAAA@@A@CA@AA@@AAEBCB@@CB@BA@EAA@CAAA@AAA@AEACAMQCC@ADETMJEDGBIAI@@@AD@DBB@FJ@@B@FADADCDCDAF@D@@BFFBFBBF@HBBBTLDBD@BA@AACBE@E@GBA@@AA@@@ADC@@@E@AAC@AA@@@@@@A@A@AA@@@@@AA@@@@BC@@@@AA@@@@BA@@B@@EAA@AA@@A@C@@@AH@B@BAB@@A@A@@BA@@@AAC@@B@@@HCB@BA@@CE@@@A@@DC@ABC@CBCAA@@A@CAACA@A@AA@@AA@C@AB@@@A@@ABCA@@AA@@@@AB@@A@@B@@BBAD@B@@BA@@@B@@B@@BB@B@@B@@@B@@@AA@@BA@AAC@C@AA@CA@@CIBEA@AA@@E@A@@@@CAA@@C@A@E@A@A@A@A@C@ADA@E@EAKG@@@G@@@AACAA@A@A@CBEAGAEGE@AAAAA@@A@AB@@A@A@AACAAAC@ABA@E@C@EBAB@D@B@@ABA@A@CB@@AJADABADAD@@@BBBB@B@@BADABABC@A@@AA@A@@@ABCB@DA@@@@@@A@A@A@@@A@@A@CBABCDAB@@@@@@A@EBA@A@CCC@AA@CAAAC@CAEAA@A@EAAAA@AAB@@A@AA@@BA@@@A@AA@AACBABABA@AACEAA@AA@BA@@BCBAAA@@@@@A@@BA@AAA@BABAC@AAA@C@AB@BABA@AAE@AAC@@FEB@D@DDB@B@@ABABABABBABBB@BB@DA@EB@@@DAD@BBBBBDBBD@B@@@@A@CDEDCB@BA@@@AAAC@C@CAACCAA@ABAA@@AA@G@CIIAE@@BC@A@AAA@A@AB@B@D@B@DEFIDCB@D@HBN@F@B@B@@ABC@CDCDCBAB@HAJCBAAC@I@C@ECECCECGAGACAEC@ABGBKDGBAB@JABADABCBC@@AA@@CAEAC@C@GDCAAAAC@@DKDI@EGCG@EAGCCA@GFIBC@CCEEAICGCGCACDEFEHCHCDEDCDE@GAGAGAGEKAGCGCECEEIGAEC"],"encodeOffsets":[[120281,28741]]}},{"type":"Feature","id":"361129","properties":{"name":"万年县","cp":[117.07015,28.692589],"childNum":1},"geometry":{"type":"Polygon","coordinates":["@@TMLKNGNENELEHIFEJGHEHGFIFIDGBG@@B@@C@@DCBCBCBEB@@@D@@A@AA@AA@A@EB@B@D@BBB@@B@@@@AB@@BB@@@@DABB@@@DBB@@BBBBB@@@@@BABABAFBB@@@@BCBCD@B@@B@@@B@DCD@BBDBBBDABADABAB@FBB@F@@AB@@A@IBCBC@@DA@@B@@@FDFBB@@@BABE@@@AB@B@FBD@B@B@FC@@B@B@BDB@BB@@B@FCHG@AACACBAB@@@@AAC@@A@CCFA@A@C@@@AB@DB@BBDDF@BBB@@BBB@B@BBB@@BA@A@@D@BFDBB@BDAD@@@AD@BB@B@B@BA@EBAAC@EAAGCCA@@@A@@@AB@DDBBB@B@D@@A@@@A@@AAA@@AB@@AB@DAD@@@B@@A@C@@@AAA@@@ADAB@B@@@BB@B@BDDBDBBB@B@DADCBADADCBAFADADC@@@AACAACK@C@AB@B@D@@BBABABA@@@@C@C@@AA@@A@CB@FAFCDA@CDEDCD@DAB@B@BDBD@@AB@B@B@@D@B@DAD@BABA@C@ADAB@@@B@D@BB@B@BHDJBBBJDD@D@@C@ABADA@@B@DBB@BBBBBAB@@ABA@ABA@@BCBABEBAAA@GAE@CFIB@BABA@@B@B@B@FCDCDEFE@ABI@AIEAA@AA@C@E@CAA@A@A@@B@FABCBA@C@A@CBA@EA@AA@@CCAA@@A@A@AFC@AACA@A@A@ED@@A@@A@@@ABCDC@@B@B@FD@@BA@@BAFA@A@@CE@C@EA@@@@@CBABA@@@CCA@C@A@@AACDI@@DABBLAD@BAB@DBB@BADCDC@@@EBABCD@BABA@@@A@@AAA@E@A@EBEBAA@@AK@KAC@ADI@EBE@ADABAAAAA@@CAEACAA@@@@@@BBBBBD@@BBB@@GBC@ICC@AA@ABCDC@IAG@A@AA@A@AC@A@A@CAEAAEEAAGCC@@@A@AAICIASIKGKEGCICIEECGEECKCGHEFIDEFGDEBIBMBKFIFGFGDEFEFEFCFCFGFGBEBG@EAKCIEGCEECEAE@IBIFIFMDI@GAEAEAECGCEEGEEEGGGA@@@@G@AA@AAC@AAEACAA@IEAAACAACACAA@@ABADA@A@@@AC@@A@@@EAAACAAE@@AAA@A@A@A@@@@A@CD@@AB@@@B@@@B@BAB@DC@@@A@AA@@@@AB@BBB@@@B@BA@AB@@A@E@A@@DBB@@@BABADADAFAD@@GHCHEFE@C@GCAEACICI@C@GBQCMAI@I@EAG@EBECEEGHADEFCHAFCFCFCHEFCDGJEHCHAH@FAH@DBJ@FBHAJ@LCHEHGHGFIFIHKJIBKFKBEDEJCJBFFHFFHDHFFFFH@HALALCHEJCJAJCH@@AHAD@B@DDB@B@@@B@BDD@BB@HDB@@@@ABCBC@@BA@A@@B@B@B@B@@BB@B@DBB@AD@DBF@@@B@@@@AB@BAFADCDAB@DADBB@BB@@@BDBB@FA@@BAHAD@BA@@@ECCCCBC@IBOF@@@@IBE@KBCBGDEDGHELGFILEHENDFDFBHFFHDF@F@J@LBJ@L@JBHBLBHDJAHFAFCFEDEDEJGJEJCHAHAFAHAFAHAJ@JAJEHCLENAJBHHHLCNML@^@JDDEHMD]LSJAPAXDFFFLFF@@@@FFJDDBTGPMHI^SNCLBBJFFBHBH@LALHL"],"encodeOffsets":[[119776,29576]]}},{"type":"Feature","id":"361130","properties":{"name":"婺源县","cp":[117.86219,29.254015],"childNum":1},"geometry":{"type":"Polygon","coordinates":["@@AA@CDE@ADABAHEBAFCDADC@AAC@AAAACACAABABABCDEBE@A@CAE@EAC@AAAAACACACAC@C@CAAACAAAAA@AC@CCCA@C@C@C@ACCACCAAACACCCAEAC@@ABABAFADCDCBABEBE@A@ACAA@C@C@C@AAC@ACCAEEC@CCCACAC@A@C@ABC@AACAEA@AC@A@CBEBIBEBC@ABABAFABC@A@CAACEC@AAAAACAC@C@C@ABC@KDC@EBEBCBC@C@C@CAAA@CBABADCCACCAAAAAACAA@ACACAECAAACBA@ABCDCF@@E@CDGFEBCACEBEAG@GAIACACEEGEIAGAIAGAGAGAGCCGCKAGAEAIAGAE@CAECAECOIEEAI@CGGMGOCIEGCIAGAIECAEGCEEG@G@EAGCCK@K@I@G@MAIAE@QEOEOGKCID@@ABEDCBAB@BA@@@AAEAAAGIAACAE@AAAA@A@CBABABCFADEBCBC@GAAAAC@EAE@@B@@@B@@DD@@AB@BABED@@CBC@QBE@ECCCA@BA@C@ADA@A@C@CBADCBAIKAACEAAAAACCCAECAE@C@AAC@ECA@CAA@@@IGAACA@@AA@A@A@@AAAAA@@@A@C@AAGC@@A@@B@DAB@@ABCAG@G@E@IBIAGBI@GBCBEFADA@ABABCDADGFCBAAA@AGAE@C@@DG@@@ABADA@@@@@AA@CCCA@@@CA@@AA@@AA@A@@BA@@BADEFABGFADA@A@CAGEAAECGAGAE@AAA@AACEAAAC@CA@A@A@KDC@C@AAAC@C@C@C@EACAACCEG@AA@DADEDABABAAACC@@A@IA@@@@A@GLKFCFCFADABGFCDSR@@A@GOCK@IACB@@A@ABA@AB@AA@@AACCAA@CEIACA@AACAA@AAA@@@A@@@@BBD@DBD@@ABCDA@@@IAEFGBIDEDEDIJEFCBAFADAF@DCFGDCBI@KCINEDADG@A@ABCD@@AB@D@DBB@BADCB@B@BB@FBBBBDBD@FDBHDDFBDAFCDABA@@@AACCCCABC@EFGDCDCBCHCF@DCF@DBB@D@BABCFABAB@BB@BBF@DDLFDB@DBB@D@D@FAB@DBH@BAFCB@@IBEBKAC@EAQEGAKDEBGAG@GACCAEBE@G@CAEEGECEAGBGDC@IBEDIBCDOHILGNCHCHAHAL@D@BAB@BA@EDA@ABADC@CD@@BBBDDFDHHJDB@B@@@DBDBDDJ@B@BAHCF@D@DBBBDFHDDJHNHLDNDJFJDNHHFJHHFFDDFDFBDAFAFCFEDIJIFEJCFAFBFFHJFFFFDHDHDHDFBJFHHLDJDJDDDHD@F@HEDGFABCD@F@H@DFHDJ@HBH@H@FAHFDHDJDNDJBD@B@DDDFBB@@ABEFEJCL@@@B@B@B@HDFBBJHJFDDB@B@B@@A@ACCAA@C@CDEFE@@DA@@B@F@B@@@BBJL@BLTJHFD@@DDJBJBJ@BADBDDFD@BA@ABABCBEFDDDPBF@DDDHBB@DBB@BABE@@BAFKDEFEFBDDFDBBFNJTDPBFFJ@D@BB@@BD@D@FC@ADCFABCHDFBDD@FBB@@JD@BBBABBDAB@FB@@DBBBBDBDBBFBB@BD@B@DADCBEBA@@DAN@@@JFJBHFHDFFDDJFNLT@NBL@LBLHLHLBHALAHAH@NFJHJDFDJDJBHDFBJ@J@FAFAFEDCDEFCFALCHAHCFAH@H@HAHCFCDEHAHAJBJAJDHDPFLBPBLAHCFCL@LJJJJLLFJDH@FADAHEFGHBFFDFJJHHJBJBLALERCLCFCJEFIDK@E@GBEDCLCJCJAHAJAHCHAH@JBHADALCNQLELGJCHCHEFCFEFGBG@KIKGGIGEGBGFGHKFGBG@K@GAEECECEC@EBGDEHGLCLATCLCLCHCFEDAB@B@F@FBBBB@B@DADC@CBC@@@AAA@C"],"encodeOffsets":[[121030,30101]]}},{"type":"Feature","id":"361127","properties":{"name":"余干县","cp":[116.691072,28.69173],"childNum":1},"geometry":{"type":"Polygon","coordinates":["@@B@DAHEB@NGDAB@DAFAD@BADAJMdgRSPM@ABC@CB@B@B@BBHDBBB@DBFFDDBBB@BAFC@@@A@@@A@ADA@AACAE@C@EAI@CAAAE@C@A@C@CBABCDEBCBE@CDEBCBCDEBA@C@ACACB@CAE@E@CAA@CACAAEEGC@A@ABABCHI@@FADAB@DBDBFDFBDBJDD@FAHCBAFAFADAFAFAFARGHCFAHAF@D@JAJ@F@DBD@DDDDFDJDJAFCHADEHCDCDAFBBDBHHDJ@D@BAFGDCDEFCHAF@FAHAFAXC@@RI\\SDAfFH@BEBEHENCFCFEDEBEBGBGBEAEACCAECG@EEBEFKJGHCJBJCHEFIAI@GEONKFABAbCHCFGJKHEFKHGFCHCDALAF@JA@@@@PEJAD@DADDFD@@B@@ABCBG@AB@@EAAAC@@A@@AAABC@CBADCBCBE@ABA@@@@@A@@AE@CBCA@CAA@A@@AA@A@A@A@@@@BAB@@ADAD@B@@A@GCA@@ACC@A@A@@@ACA@C@ABCBG@@DGBIDIFIDGBKBK@GEGEEGEGCEEEGAEDIFIFCLALEJALIJGJEHEHGFGDG@KBIAG@EAI@CBG@EBGDGFGHIDCFEDGDEDEBEDGFEBCHGAMAEACAEGAGAIBIDGBEBCC@C@G@EBGBEDEDGFGHIDIDEBEBCAECEIMEGCEGGCEGGEEAEAIACAIDEDGHIFCBG@C@C@EACECGEG@ICIAE@G@O@MAIBE@GAMIMKMIKIEECGAGCGCCGDCFCDCHAHAFCFAHCDCBCBEBEBGDCDEFAH@F@FAHCFEJEFGDIBIBCEKIAECGEECCCCCCCAGCICGBIBGAE@KAEAG@MEGAG@E@E@E@GDGDGFGDEDEDGDGDEAEBG@GCGAGAG@CCEAC@@@A@AA@@A@@AAA@AA@@@ABABCD@BABCBC@ABCB@B@BA@@B@@BB@B@@@B@@AB@D@B@@AD@@@BFB@B@@BB@BB@B@D@@@@@@H@@BBDBJBFDB@@B@B@B@@A@@B@@BBB@@BB@@BB@BADAB@B@@@D@DA@@B@@BAB@@CB@BIF@B@BABEBAB@@A@C@@@@B@BBB@BA@@DB@@BFBDBABABABAB@D@BBBBBBBBDBB@DAD@D@@@HEJCLGJGHKJIHKFKJAFCDADGFEFIHELGHGHKHILIHGHOJIJEFIJGPKLIPGRIRCNAN@BADABCBADABCF@@ABCBEDCDADCDAB@B@F@D@BBBBDDFBBBFBBAB@DAB@F@D@D@BAB@BA@A@@@CAAB@@A@@B@BAB@BBBBDBFBB@BB@@BAB@B@@@@AB@DBD@@BDDD@DBFAF@FABKLCDEFKHEDGDG@KFM@IDG@IDEDADADADGHCHAFBD@B@BABC@G@G@B@@AB@@A@ABA@AAAAA@@A@A@@AC@@@A@@A@@AA@@CAABABA@AB@BA@@D@F@HA@CBC@GAGCC@GAECECGCECGCECCA@@FJBFBBBD@D@B@D@DAD@DAFAD@BADABADABABIFEDCDCHADABCBCBCBC@GAC@C@EFABCB@DADIBIDE@GAI@G@KBCFCFAFAHAJCH@HFFFHBDAH@HAFEFGH@HBFBFFFFFJDJDJBHANAHCHAJ@TBH@JBTDZD@BDDFD@@B@B@DBB@DBB@DAB@B@@AB@BBDBBB@B@B@B@B@@@@AB@@@BA@@@@B@B@@BB@@@@@@@@BBA@@@BB@@BDBB@B@@@BDDDB@B@@@@BBB@BBB@B@B@B@AJBHBD@DBBDFDJBBBFFHBDFHBBBBJH@BDBHDD@FBNFHDDBBDBJBB@F@HBJ@BAD@HBF@D@FBDAH@B@@AD@B@BBDBB@BAB@FGJAH@@@@@B@@@B@@@@@B@@@@BB@@@@@B@@B@@B@@@BB@@BB@@B@@BB@B@@@@@BB@@@@B@@@@@@BB@B@@@B@@@@@B@B@@@B@@A@@BAB@B@@@B@@@@@B@@A@@B@@@B@@@@AB@@@B@@AD@@@@@B@@@@AB@@@@@B@@A@@B@@A@AD@@@F"],"encodeOffsets":[[119195,29751]]}},{"type":"Feature","id":"361128","properties":{"name":"鄱阳县","cp":[116.673748,28.993374],"childNum":1},"geometry":{"type":"Polygon","coordinates":["@@@BB@HB@BB@FHBBBBBDFJBDDDBBBBDBBBBDBDFFDDBBBBBBBDBDDBBD@D@B@D@DADB@@BDBFDB@B@B@B@BABABBBDNNKRT\\XdØ@VPTN|~nHFFFFBgXKFUJMFC@A@CBA@A@AA@AC@@@AD@@BBBDA@BB@B@BA@A@C@AB@B@@@B@B@B@B@BAB@BAB@BB@@@@B@D@B@@@B@@@@@BAB@@@@ABAA@@A@AA@@A@@@A@@@DD@@@@AB@@@B@B@@@B@BAB@@ABA@CBABA@AB@@@B@@A@A@ABADABCBCDCB@B@@@BBD@BAA@@AB@@A@@@@D@DBD@@BD@@@D@D@@A@AB@@@@A@A@BBAD@@@AA@A@@B@@@B@@@BBB@@@@ABC@CBABABA@ABADEF@B@@ABAB@B@BA@@B@B@B@@@@CBAB@BBB@BCBCBA@@BBBBB@@AB@@BBB@B@BB@@@D@@@@@DA@BB@B@B@@@BD@@BB@BB@B@@@@DABA@@@ABA@@BAB@B@B@@@BF@D@JABAB@@A@CBA@@@AB@@@B@@BB@@B@B@@@BA@@@@BBDDD@@BB@@BDD@@AB@B@@AB@@@DADADA@A@@@@B@@@@A@@@ABA@@@A@@B@@@@A@AB@@@B@B@@A@@BB@@@ABAB@@A@@@AB@BA@A@@B@BBB@@BDA@@BA@A@ABA@@BAB@B@D@B@BAB@B@@FB@B@BAB@@CBA@ABABA@@BAB@@@@@B@B@@CBA@@@@@A@A@A@ABGFEHAF@L@FBFBFFFBFDBFFFDHFBDDD@HAFCDCFEFGFCDEFAHAD@FBFDFFHDDBDDHBF@HBHBH@JAHCHAFAFEDEDGBIBEDGDOPCF@F@HFRDFHJFHFFHFHBFBDAH@HAHAJCJCFAJ@HAJ@HCFEDEDGBCFEHEJETCLAJBHBJBNDHDVHFDFFFLHNFJFBDBLAHAHCHCHCFBHDFFJENE@AB@BAB@DAB@BA@@B@@@BA@@B@@@@@B@@@@@B@@AB@@@@@@@BAB@B@@A@@@@@@@@@@@@@@@A@@@@@@@@@@@@A@@@@@@A@@@@@A@@B@@@@AB@@@@@@@@@B@@ABA@@@A@AB@@@@A@AAA@AA@@@@A@@@@B@@@B@BA@A@@@A@@@A@@AA@A@A@@@A@@@@BA@@@@AA@A@@BA@A@@F@FBFFDFFJJRHFHBD@HFHJFDFAFEHE@@@@B@@@@@B@@@@B@@@@@@BB@@@@@@@@@@B@@@@@@@@BB@@@@@B@@@@@B@@@@@@@B@@A@@@@B@@AB@@@@@BAB@@@B@@@@@B@@@@@@@B@@@@@B@BA@@@@@A@@AA@AA@@@AC@AAAAA@A@AAC@@@@AA@A@@@@@A@A@A@@@AB@@A@@@A@@@@@A@@@@@AB@@@@AB@@@@@B@@AB@B@@@BB@@@@B@@@@@@@BB@@@@B@DCHANAJ@LAL@LBNDJBDBDDDBB@FDBBDBPXFFHHFHFFDFDHHHHFHDLDJFPHPJNFLJHFHDHDHDJDHBJ@JBJBHBHDFDDDFFDFBFBFDFFFBDHDFDLDFBJ@L@LCPAJAHAJ@FBLBHBHDHFHFHDH@HBHBFBDBHDBG@GAGCGAECICCCGCGAG@EAGAE@CCEACACECCAEAEAEACAECCCCCEEEICCACECCCIGIECA@CBE@GFGFEDEDIDEDG@EBIBKDGBGBI@G@GBCDEBEBG@ICEAGAG@EBG@GBGBGAG@G@GEECGAGAE@G@E@G@E@GBGDQFGHEL@JAFAHCBG@ICEAEAGBG@EBGFGAECEEAGCCCGACCAEAGAGAGECECCAAG@EBC@EFEFEFCFCDCHCHAFCFGLY@@@AHQAA@AAAAAM@G@E@GACCAAG@GBI@A@CCCGAECEECC@ECAC@C@CCEAAE@CDEFABA@C@C@AAAA@E@G@EDGBGDGDEDCDCBA@C@AECCC@AAA@EBEBG@ABCBAAA@ACAEAAA@A@ADEBEDG@CBC@CBEFGBGBC@A@ABCFCDCDGBEBG@CACACAC@AACBAFEFAD@DAHCBAHCDAFCB@BAB@DCFGDGBAFCBABA@C@C@@@A@ADEDC@@D@B@@@FCB@AC@ACE@A@AC@EAAAAA@@DCFEBADC@A@ACACAA@CBGDA@EAA@AABA@CB@CECACAA@EBA@CBAAAA@CCE@CACAA@C@EBC@CBC@A@@@CBKBI@GBI@GEGEGGCGGCEAGBEDEDEBE@E@ECECCICIAG@G@EEAMBK@KAGAI@ECE@EAECCACCCIEE@I@G@E@GAEECEEEEKEMAOEMAI@G@IBGBIBC@EFGGKBK@KAGAGEEAIKAMD]TGJONSHCAICEE@@@@EEEKEEWCOBIBKTC^GNCFIC]@K@MNKDGGAGBIFMDKFGBI@IBIBGBEBGBEBGDGFIHIFIFCFCDEBEGEIBGCKAGAIAK@I@KAI@E@E@GCEEAGCECEFMGDaDABEBMLFP@HBJEJGFIDIAGDIHELAFFFH@FDDBBDBFAFAHAHAFCFEFEDMDGFAFAFG@eECB[TQJ@@WDEBGBEBE@GBEDCFCDEHABC@I@GCAGACEACBCDGDCFGBEDIBICECCCCCC@CAE@I@IBC@E@GBEBGDQHEBEBEBCBEBEBABGDEBC@ICCAEAECCACAA@CBEB@@GJADAB@B@BHDFFBBBD@DBB@D@FBF@DDADB@B@DABCFADADCF@DAFADCFADAB@D@D@B@DBFBB@DBJ@F@DBFBD@BCB@B@B@@@B@@EDABA@AACCEECAA@AAGCAAA@A@A@@DAD@BONQTchINCBABC@EBCBA@CBMHA@GFCBA@"],"encodeOffsets":[[119195,29751]]}},{"type":"Feature","id":"361181","properties":{"name":"德兴市","cp":[117.578732,28.945034],"childNum":1},"geometry":{"type":"Polygon","coordinates":["@@B@BE@ABCAA@E@C@C@AB@BABA@AAAAAAC@A@A@EAE@CAE@A@ABABADAB@BAAA@AACBEBABAAAAAAAAEAAAC@AAACE@C@AAAC@A@C@EAA@C@C@CACBA@CBABA@A@A@CCEC@CA@AA@AAC@CAA@A@A@A@A@A@C@@AAC@@AAA@A@C@AAC@EA@@C@CAE@CAAACACAAACAABCBAB@BAD@DABADAB@DABADC@C@CAABA@CBAAAAA@A@A@C@C@EAC@AAAACCG@A@ADABADCFCD@FEDA@C@AAAA@CCA@E@CAA@@AAACEACAA@C@A@CDEBADABABABCD@FAD@DADAFCBABAD@BAH@DABABADADC@A@A@EAA@A@ABABC@@@AAA@@AAAAAACCCCAAA@@AAA@CBCBADCD@@ABAA@@C@C@AD@DAD@DADADCBCBAFA@CBEBA@C@C@C@G@C@CBABEBEBCDCBA@@@@@@@@@B@@@@B@@@@@@@@B@@@@@@@@@@@@@B@@B@@@@@@@@@@@@@@@@@B@@@@@@@BB@@@@@@@@@@@@@@@B@@@@@@@@@@@@@B@@@@B@@@@@@@@B@@@@@@@@@@@@@@@BB@@@@@@B@@@@@@@@@@B@@@@B@@@@@@@@B@@@@@@@@@@@@B@@@@@@@@@@@@A@@B@@@@@@@@@@@@@@@@@BB@@@@@@@@@@@B@@@@@@@@@BB@@@@@@@@@@@@@@B@@@@A@@@@@A@@@@@@@@@@@@@@@@@A@@@@@@@@B@@@@@@@@@@@@A@@@@@@@@B@@@@A@@A@@@@@@@@@@@@@@@@A@@@@@@@@@@@@@A@@@@B@@@@@@@@A@@@@@@B@@@@@@A@@@@@@@@@@@@A@@@@@@@@@A@@@@@@@@@@@@@A@@@@@@@A@@@@@@@@A@@@@@@@@@@@@@@@A@@@@@@@@@A@@@@@@@@@@@@@A@@@@@@@@@@@@@@@@@A@@@@@@@@A@@A@@@@@@@@@@A@@@@@@@@@AA@AAA@@@AAACC@@A@AA@@EAMCIEIGGEGEEEECGEEGCECGCGCE@ECE@E@EBEBEDCBGBABE@CGCGCKAIAGBE@IFIBGDEDCDEFABO@I@EACBIBO@@@AABEBCHE@CBAAA@@G@G@G@A@@AAEACAAODA@AA@A@A@A@@A@@@A@A@@@@AAAAABABADCDA@A@@@AAC@@@A@@AAA@A@@@AAA@@BADAD@@BD@@A@@BA@@AAAACAE@AA@EBABAB@B@DDDBBA@ABMBCBCFIHGFCBC@ICGAEB@@AD@B@J@B@BCBCDABA@A@CCAAC@C@@@AA@C@ABCBC@AA@A@C@AAA@ABCF@@A@CAGAEAGC@@@A@C@AAAABCAC@A@AA@A@@@@DC@@BB@@FA@AB@@@BD@@B@@@BA@CAG@@BAF@@@BBBHBBBBBB@BD@@@B@@C@I@CBADEBAB@BADAF@DBB@@A@ACC@@B@@@B@BBDBBB@@BAAA@A@@A@A@@@@@@C@ABBD@@@B@@ADCBABADC@A@@GC@@AABAB@NI@@B@DH@@@BF@BA@@@A@AAA@A@AB@FC@A@A@ADEBE@K@GACAE@M@CAAA@CAA@GCCEAAAAEB@@CAK@E@IAC@GCCCAEMEQCI@MDIDIBCBCDCDEDGAG@GBEDGDEDEBI@KAOAK@M@K@IBEDA@A@C@EDA@CBE@A@CDA@CAUOAACE@ABC@AACA@ECAAA@M@EAAA@A@AB@L@DABAFEFABC@AAAGCIIC@E@AAAA@ABKBGBADC@CGI@@@AHIBA@G@@DCFGDIBEBI@E@GBIAICKCIAECCAACCGEGGEAGEECC@MGKCGBEDIDGDCDEFGFGBG@GDGHCHEHGJIHEBKDGBKBKCIGEEGECCCIAKAIAICICEEEEGAGAIGFEDEFEDEBKAECCCCCECGAKIKIEEGEECGCGCIAM@I@G@G@ICECIEIEKAICKCMAG@A@@BABAFCFADADCBADADAB@F@FBD@@ABGDGDIHEHINEV@BDD@B@DCHGJEHEBKBEBKHADFJRX@HAHAHED@BDFBBHH@DB@AB@@BBB@@@AFAB@@C@@@@@ABBB@DB@B@@B@@@B@@@BBBBD@B@B@@CD@@@B@@@B@@@BDD@@@BABC@@@@B@FBF@D@@ABAB@@@BFDDD@B@@ABABCDABAB@@CA@@A@ABCDAD@D@BBBBBAB@DADDHB@B@J@D@DCFCB@D@NBJDFBJDJFFHJFHBF@JBNALCH@JCHGHCHCH@H@JBHAFCBCD@B@B@@@B@@@AA@@@A@@DABA@ADCBCB@AC@@@AB@DA@C@ACACC@@B@D@@@BDDBB@B@BAB@B@@BB@JBBBD@B@DADABADEB@B@B@DBDHAH@BCBA@CBA@@FBF@@@BC@@B@FBL@DBBADAB@FBHBJBNDNDLBFBFDJDLBF@FAFCDEBEAGBE@GDCHAHEHIAE@IBEBAFBFA@ABCD@BDD@BADABIFKDCB@B@@BB@@@HA@@BE@C@ADCL@BBDBD@@ADGHABGBABA@CAIEEA@@EDADEDEB@BCBEB@BABDDD@B@FBBBB@FBD@B@D@B@DAB@B@@B@@@BA@BB@@BD@BB@BBB@BBB@B@BAB@B@FJ@@FCB@@BDF@BA@A@CBCD@@@D@DBBBB@F@@A@AD@@ABCBA@A@@@AAA@@@A@@BA@@BB@@B@BBBAB@D@@CBAB@B@@DDBBB@D@@@BB@@@B@B@BB@H@B@B@@B@DBBB@@@CDABCB@@@BDFDBB@BBAD@@ABA@AB@@BBBBFFD@BBDD@@FDJDHDDDDDLDJ@DAHCDE@CBEBCBEDAFEJIFCFCJCHAFEJB@@B@DCBA@@AC@CAC@A@@B@@@B@BBB@DBBBB@BDFJ@DBBDDBB@@BBA@@BAB@B@BA@BD@JDLHPB@@@TQDCHEBABCDEDELEHKB@@@@@JBB@@@DDBBABABCBCFCBB@@BFHDDBBBD@F@D@D@DBDBBD@D@LCB@B@B@@DBDBBDFBBB@BBF@HBHBFDBBHFDBB@B@BCHEBAFEBC@AB@@AB@B@@BB@@BB@@D@@DBDDB@@B@@@@CBAB@B@@CH@@@DBFBHB@BBDAHEBCDCBABAB@BCFEDAHAJ@HAJBJAF@H@H@DBBA@@BA@C@AB@@@HDBBD@B@@@B@BBBB@@@B@BBB@@DBBBJH@@B@DBB@FDD@BBD@F@DBBFDDBDBBBBDFBBJLABCDAB@D@D@BCB@B@DABB@DDFDF@RAD@DA@@FCBA@ABA@@CC@@@A@@@AF@FBD@BBBB@HADADCFEBADABAB@D@BBBBBF@DBBBHJBBFBBB@@B@@ABADAFCBA@@JCLDPHPFRFF@JBNBH@J@L@L@DDBH@F@HFHDFFHDBJFHBJBHDJFPDNHHH@DBJFFPJFDDBBF@DBFBHBJBFBHDLDHHDHBHBHBJBHBJBHFFFBDBDBJ@HBHAFDFDBFAHEDCF@@@DEDCBAB@DABBDBBFBDBDB@DBBBBBBBDDDB"],"encodeOffsets":[[120910,29986]]}}],"UTF8Encoding":true}