{"type":"FeatureCollection","features":[{"type":"Feature","id":"360202","properties":{"name":"昌江区","cp":[117.195023,29.288465],"childNum":2},"geometry":{"type":"MultiPolygon","coordinates":[["@@@@@A@C@A@@AAA@@A@@A@ABADADABAB@@B@BBA@A@EAA@@BC@@D@DAFADABABC@BD@D@@AD@BCBA@AB@BABBABBBB@@@BB@@AB@B@B@@@BFA@@BB@@@@@B@BB@@B@BB@@DB@@@@BB@@BBB@BB@@B@@@@B@@BBB@@@FC@BD@DAB@@@@@@A@@@ABA@AAA@@@A@@@A@@A@@AA@@@@CAA@ABAACAAA@AA@@@AA@@@AA@@@A@@@CA@@A@AB@@@AE@@DABA@@DCBA@A@@@@AA@@@A"],["@@EAE@CCCCAE@EACCACAE@E@A@C@AAACACGGCACACAAA@C@ADE@AACCE@CBADE@AAACAAC@CACIQEGE@I@C@EDCDEBE@GCE@CBMFIDE@C@CC@CBI@AAEEGEEAABGBG@CAACCCAC@C@AACEECEAC@A@CB@BAB@@ABABCBEBCDADCD@BA@@@CF@BABA@@B@@A@A@ED@@A@C@@@CDCF@B@B@@@D@DABABEDABCHEHCDA@ABA@EDCBGDABGDCBC@EBEFABBD@BBDBDBD@DAHAFCHCDEDAD@B@BADAHEHAF@DAD@DCHAFCF@B@BBBFBDB@BBBABAD@BAHAF@FBB@BDDFD@B@DABCDCDCFCHAHCH@F@H@FBBBBD@D@B@BAFEDCF@BBDF@D@DBDFDD@FDDFBFDHDDB@J@HAH@BBDDHBF@H@N@BBBB@BBB@@D@B@JCDADGDGDMDEFEFCJAFBFBDHBFDHBBBBDBL@H@H@H@HDJBFDDDBDDFB@BBDDD@F@DAB@B@D@BBFH@BBD@D@BB@@BF@J@B@BA@AD@@BDBDB@@@A@A@A@@JKBAB@@@@@@C@CAGBIBGBE@IBCDE@C@CBO@@BG@A@A@A@@@AAA@@@CEAC@C@E@@@A@A@A@ABA@AB@@AB@D@C@C@@@A@@@@B@@@B@B@@A@@@@@AAAB@A@A@@@A@@AA@@@@@@AB@@@BA@@A@@@A@@BAABA@@@@@@@A@A@BA@@B@@@@ABAA@AB@BCB@B@BA@@@AB@A@@@@@@@A@AA@@@@@AA@@@@@A@BAB@@AA@@@A@AB@@@@A@ABA@@@AA@@@@@@@A@B@@@@B@@@AA@@@@@@@A@@@A@@B@BAAAAAA@@@C@A@C@@@AA@@B@@AB@B@@@B@@@BA@@A@@@A@@@@@@@AA@B@@@@ABA@@@@@A@@A@A@AAA@@@@A@BABA@@@@B@@ABBBA@B@@D@@A@@B@@@@@BAC@@B@@A@A@@A@B@@A@@@@@AAB@@@@A@@@@@BA@@@@@A@@@@@A@@@@A@@@BAA@@@B@B@@@@AB@@@@@@@@A@A@@A@@@@@@BAA@@@@A@@@@BA@@@@B@@@A@@@@AA@@@@B@BA@@@@B@@B@@@@B@@C@@@@AA@@@AA@@@@@@AA@@@@@@@@@AAAFEJ@DCB@N@D@F@DCFAHBBADABBD@B@J@ADE@FBFBDDD@BCFI@E@GFQ@@@@@@BAB@DA@@"]],"encodeOffsets":[[[120093,29963]],[[120036,29904]]]}},{"type":"Feature","id":"360281","properties":{"name":"乐平市","cp":[117.129376,28.967361],"childNum":1},"geometry":{"type":"Polygon","coordinates":["@@DCD@BCBAB@FCB@@ABA@A@CBKBGDGDGHMJKPGDCJAFCJAD@HCHAFBFDFHBF@D@HAFBFDDHBH@HBFALCHBRFFBD@LBFAJA@@DABE@AAG@CBA@E@C@CAA@CCAKECCE@AAA@@ABABADEBA@A@CAA@CDE@CDEDGDADCHCFED@BADDDDBB@@B@BADCBEACCEGCCA@EACACAAEAA@@A@ADABC@AAA@C@CBA@@DCBAB@H@BCFCJMCCCCGCICEC@@CCAAC@EEAAAA@@BAB@BA@@BCAAA@CACE@A@@DABADC@@A@AA@C@AA@A@G@A@@A@A@A@@AA@@C@A@AACC@@@ABADA@@@CBAAA@A@AA@@AB@@AB@@@B@BB@@B@B@DABA@@BCB@@@@EAAAA@C@C@@DCDAB@B@@ACE@AA@ED@@EIA@A@ABA@A@AAA@AAA@@AAC@@AAB@@A@@@AA@A@CBA@C@A@C@EAA@AAEAA@C@CCBA@AFADA@AFAFCBCFC@@FBJFDBB@BAHABAHGBC@@ACAC@ADKBCD@F@@AB@@G@@AA@@@ADALCJEBABC@ACC@ADCBAB@AEBEFAJAF@JBFGBGDGHCF@HAFBFADCBE@EAECKCIAEAECKCMAMAIAG@EBABCAA@CAK@E@AD@@A@@AE@EB@DAB@DA@ABGCGCAA@A@A@CFABCBCBA@C@AAIAA@@AA@A@ABA@A@CAAC@@C@A@@@DDDB@B@DCBA@@B@@BDA@ADCD@BABCB@@@B@@BB@@A@@@A@A@C@ADEDGBIAG@G@GDGDGHIDG@KDMBIAE@GAIEEGIEICEAICMAC@A@EDCDC@I@A@A@CGBC@CBAAAAA@A@CBCDCBAB@@@DB@@BABADCBABA@@@ACCEC@A@@BABA@@@CAE@E@A@@D@BA@A@@CC@A@@IBEAC@C@A@AAAAAC@ECE@ACACBEBC@AA@AAECCCAMBIBGHEDE@M@A@A@@@AA@A@@@AAAC@ABAB@BA@A@A@A@AACEAGAAKEIAOAAAEKEMECGCGCEAE@ECIK@@@ECIA@C@EBCF@@A@AACAACACCACAI@A@A@A@@@ABABA@EJ@DBF@HBBABAFABAD@@AB@BAB@BA@ABAAAAA@CAA@@@CBAB@B@DC@C@ICAAIAGC@A@AAAC@A@@@A@CB@B@DABABC@CBA@C@@@@A@ABA@@ACACA@A@CBC@CDCF@DCBEDEBA@@D@BB@@BD@D@@@@@ABABAB@AC@A@A@@B@DDLBBBD@B@@CDCBEBABCDCBABCDCBA@A@AAACCC@A@AAA@@A@A@CB@B@@BB@B@@@D@BA@@@C@CBA@@BA@@BB@BB@@@B@@@BC@A@A@AACCA@@B@@@B@@DBHDBB@FBDAB@FABA@A@A@@ABC@@C@CB@AAAEC@A@CB@B@@AA@AAA@A@AA@@AA@ACEAC@ACAA@@B@@@D@BEBDDB@@@BD@B@@A@ABBDBD@BGHEDA@@@AAA@ACA@A@@@EDA@A@C@EAA@A@@B@@AFAB@@A@EAEC@@A@@@CB@@ADAD@J@BA@@BE@A@EAA@ABCBABCBAACAAAC@CDA@@@A@@@@ADCDA@A@@A@EAABABAB@@@@A@AAAA@@AA@C@@AACB@@@@AA@@BA@@@@@AA@AAC@A@A@@F@BBBB@@B@BC@@@A@AFADADCD@@@DA@@@AHCHEJEJGHGFIHEFGJKFMFMFMHKLSNEH@FADAJAH@J@HBJFNBPFNFLFFDFFFHBF@H@J@F@JFDDBDDDBF@FDF@FBJBH@LALBNFFH@H@JBJDDDDF@F@FAFCFCFAFBHDFHHHDFHFH@HAJ@HAJAL@D@@@BAD@DAD@F@DBBBD@DDF@DBBBBDAB@FAB@DBDBDFA@@DABBBB@FBB@HCDAB@DBDB@B@BCDABEFCD@@BBBBFBD@@B@BDF@BBDB@@@@AB@BA@ADE@@B@@ADCBCDCFADABABA@@BA@ADAB@D@FBFDDFBBD@D@DBDDBB@DAHAHBBFFFHBF@BAJ@DDDD@F@JCNEDAF@HDF@FADCFCD@J@F@FHJRBD@DBDDBBB@BCFAB@DDFBD@BCF@B@DBBDBDBDBHHBDBDBBD@B@BIAA@ABAFCFC@A@GBGDOHMDKB@D@B@DDHJHHTRLHHDPBJDFDJJBDBD@DBBHFJHDDPBPFJFJHFHFBBBBAD@@@DBBBFHDBB@D@DAHEFGF@DABAB@@A@C@CCE@C@AB@H@DBD@DAB@BA@@@A@ACACCAA@@@ABADAJAD@F@B@B@B@D@D@B@BB"],"encodeOffsets":[[120190,29891]]}},{"type":"Feature","id":"360203","properties":{"name":"珠山区","cp":[117.214814,29.292812],"childNum":1},"geometry":{"type":"Polygon","coordinates":["@@B@B@BA@@BABED@@@@AAAA@@AA@AACCAA@AA@B@@@ACA@BAA@@@A@CBC@@AED@@A@AA@@@A@@A@@@AAA@AA@@AA@@@@CA@@AAA@@@AAA@@@@@A@@AB@AE@@A@A@A@@BA@@A@@AAAAABBA@ABAB@DA@ABC@@@CACD@BABABCBE@C@CD@@AB@FBB@B@AAA@@@BABABCBCBA@A@@BA@AA@@C@@@A@A@@BCB@@CAC@@@@A@@@@A@@@@CC@@@AA@@AA@@A@@@AA@@@@@@AA@@@A@@A@@A@@@@AA@A@@A@@@CA@@A@@AA@AA@@@@AAB@A@@@A@A@@@AA@@@@A@@@A@@@@AA@A@@@AA@@@@A@@AAAA@@A@@@@@@AA@@@A@@@A@@BABA@@BA@AD@@A@A@A@ABCDABA@@@A@@@@AA@@@ABAA@@@@@@@@A@@A@@@A@@A@A@@@@@@@AC@AAC@@A@@A@AAA@@@@A@@@AA@A@AAA@A@A@A@@@A@A@@AA@@A@AB@AA@A@@B@@CBA@AB@@@@@@ER@H@FEJADC@CCEAEAF@BCI@A@C@AACBABGAEBCDE@C@M@A@CDI@EFBB@B@@@@@@@@BB@@@@@@BB@@B@@B@@D@@@@A@@A@@@@A@@B@@A@A@@B@@B@@B@@@A@@@@@AB@@@@@B@@B@AB@@@@@@@BB@B@@@@@@@@@BA@@@@@A@A@@BB@A@@@B@@B@@@@@B@@@@@B@@A@@@@@B@@A@BB@@@@B@@@@A@BB@B@@@@AD@AB@@@@A@@@@BC@@@@AABAA@BA@@@@@ABABB@@@@@BB@B@B@BB@@@@@B@BA@@@@@ABB@@@@@@B@@@B@@@AB@@A@@@A@A@@BA@@@BB@@D@B@D@@@B@BBBBABA@@@@B@@@B@@@@@@BB@@A@@@@@@A@B@@@@@@BB@@B@BAB@@@@@BAB@@@B@@BA@ABB@@@@@B@@B@@@@BBB@@@@@@@B@A@@B@@ABA@A@ADA@@BBBBA@@@@@AB@@A@B@B@@@@@@ABBB@AB@@@B@@@AB@@A@@B@@@@B@@BB@@@B@B@A@BB@B@@@@@BA@A@@@A@@@@@@B@@@D@D@CBA@@BAB@BAB@B@B@@@F@D@D@FB@D@@BB@B@@@B@B@BAH@@AP@D@DCFAD@JAFAHAJBH@D@D@@@@A@ABIL@@@B@B@B@@BB@@ABB@@@@@@BBB@@@@B@ABAD@@@B@@@@A@@BA@@@@B@B@B@B@@@B@@@@@BBB@@B@@@@BB@B@DB@@@@AB@B@BBD@BB@@BB@B@D@B@BAD@BCHGDCDEBC@@BAD@B@DB@FBD@DBDBDDDBBBB@@BBDBBBBDBDDDDDDBF@H@HDFBDFBF@F@D@BBBDBBB@BDABBB@D@DAD@DABA@@CE@A@@AE@A@@@@@A@@A@A@CAA@AAA@@G@A@@@AB@B@@@B@BA@@@@@A@@@@DA@@@C@@A@@@@@@A@AA@@@@AAA@B@@A@@@AA@@AA@@@@@A@@@A@@A@@@@@@B@@CDB@@B@@ABCF@@A@AA@@@@BA@@@A@@@@@A@@AB@@@@@@@AB@@@@AB@@@@A@@@@BA@@B@@A@@@@AB@@A@@@@@@@@A@@@@@@AA@B@@BB@B@@@@A@@A@@@B@@@B@@AB@@@@AA@@AA@@@@@A@A@@@@@AAA@BB@@B@@@B@@@@A@AA@@AA@@@A@@AAB@@A@@@@@@@@@@AA@A@@@A@@B@B@B@B@@@@@BB@A@@A@@@@A@@BAA@@A@A@@@C@@@A@@@@B@@@B@@@@B@B@@@@@@@B@B@@@C@@B@@@B@@B@@@@@A@@A@@@@@@@AA@@@A@@A@A@@@@A@@@@B@B@@@BA@@@@@B@BBB@@@B@BB@@B@@B@@@@@BB@@@@@@B@B@@AB@@@@AB@BA@@BB@@@@BB@B@AB@@@@B@@B@@@B@B@@@BB@@BA@@B@@@@BB@@@@ADC@@BE@AB@@@@A@@@@AA@C@A@@ACBA@@@AA@@A@ABA@AB@@A@C@A@@B@B@B@BA@@B@@A@@@A@A@CA@AAAA@@BA"],"encodeOffsets":[[120099,30014]]}},{"type":"Feature","id":"360222","properties":{"name":"浮梁县","cp":[117.217611,29.352251],"childNum":1},"geometry":{"type":"Polygon","coordinates":["@@F@F@DBDBBD@FBFDDDDF@FB@AB@B@@BBAB@@@BB@@@B@B@@@B@B@BBB@B@BBB@@B@@@@@BB@B@BB@@@BD@BBD@@@@@@B@B@@@@B@@@BB@@@@@@@@@BBBA@@B@@B@@B@@@B@BADCBAB@B@B@@@BCB@@AB@BA@AB@@@B@@@B@@B@@@@B@@@BBBB@@@B@@B@@B@@@BBB@@@@@B@@@B@@B@@B@@@B@B@@@BBA@B@@B@@BBB@@@BB@@D@@@BB@B@@B@@B@@@@BB@@@B@@B@@@@B@@B@@@BB@@BB@@B@@DD@@@@@B@@B@@@@@BD@DA@AD@@@B@B@@@DB@@BAB@@@BB@@@@BB@BB@@@B@D@B@@@B@@BB@@@@@BABCD@@ABCB@@BF@@A@@B@BB@@D@@@B@@BB@@B@@B@@BBB@BBBDAB@BBB@D@@B@@BB@@@@B@@@B@@BB@BAB@B@@@B@@B@ABB@BD@@A@B@@BBBDDBBB@@BB@BB@B@@C@AFAB@@ABA@A@AB@@BBBBB@@D@B@B@@@BA@@@ABA@A@A@@@@B@D@BA@@BAB@B@BB@@B@@ABBD@@@B@DBB@@@@@B@@A@@BAF@@CD@B@@A@@A@@A@@@AB@@AA@@A@A@@@A@@@@A@@A@@B@AAA@@@@AA@@ABA@@B@@A@@BA@A@@@@@@@AA@@@@A@@@@AA@@A@A@@AA@A@A@@@@AB@@A@A@@@@@@B@@B@B@@@@B@@BB@@@@@@B@@@@B@@@@@AA@@@A@@@@D@@@A@A@@@@@@@A@A@@A@@@A@@@@@@B@@@D@@@B@BB@AB@@@B@@B@@@@BAA@@@@A@A@A@A@@@@B@@@BBB@@@@@@@@@@@BA@BB@@@B@@BB@@BBB@@@@@@A@@@AA@@ABB@B@@@@@B@B@@@@BB@@BB@@@@BA@@@A@@@A@@@BB@@@@@@AAA@@@ABB@@@@@@@B@@@@@@B@@@BA@@@@@BA@@@AB@@@@@B@@A@@B@@A@@B@@@@@@BA@@@B@@@@@B@@AB@@@@BBB@@@DEBA@@@AA@DC@@@A@@@@B@@@@B@@@B@@@@BB@@BB@@B@@@@ABB@B@@B@@B@B@@@@B@@@@D@@CB@@@@@B@@@@ABA@@@A@A@@B@@@B@HB@BBB@DBB@B@@@@B@@@@@BBF@@@BDF@@ABCBC@CBC@A@AACB@AAACAAA@A@C@EAECEEAGCG@E@CACCCCACACAACAAA@@AAAACCACAC@CAC@ECAA@C@AB@@ADCFCDGHADC@ABA@C@A@A@@AA@@AAC@A@ABA@@@@CAA@A@@A@@A@@@AA@A@@@@@A@@@A@A@A@A@@B@@AB@@@@@@A@@BCBAA@@@@@AA@A@@@@A@BA@@AACACA@AC@@BABA@I@E@@AA@@A@CAC@AEGAAC@A@A@CBE@C@CCAAA@CEACCCECIAGCG@G@G@K@CAAAAACGAECGEAEAIBEDEFCFCNCHCHCBIDA@C@@@GR@B@@KZEHEDGBGDCDEDEDEFEF@FAD@FBHDBFDFDBHBHBHBFDDHBDDHDFBDFBFEHAH@FAHBHBFDF@JAHGDEBIBK@GFEHCRAH@H@F@H@F@HBFBHDHFF@H@HBHAHAH@HAH@FBHBHDF@JAHAFCFAD@H@HAJAHCHALAJ@FCHCFCJCFEFEH@HAF@DDBJFJHDDFDBDDDFJFFDDDDFDDBFBFBFBDBFDBDBDDF@DBFBH@FBHDHDHDDDJBFDHBH@HAHPHPJLHHHFHDJBHCHGLIFGF@HBHHFJJFDJDFDHFFFBFALCJAFCHCFKHEBQFUFGBGDAFCDEFGDGBEFCFAF@DBDHDP@JBFBFHHFFHDHFDFDJDFBHBJFFDDF@FBJCLCHAD@F@F@HBFFFDDHDJDLHLBJFNBJHLDNAJ@NFJDFBF@L@J@JCLCLCHEHAJCHEFGDGDGDI@GDG@GBGAICI@GCGAECEAGCECG@IBEFGFCDAFCJ@DBF@HEFEJAHAF@F@BFBFBJDFFFFBH@H@JBJBJDFDDFFBF@DCDGDIDKDI@EDEDEDCHGFALBLDLDBHDHBJBJBLDDLFJ@PFNBJBHAFADEBG@IBECECIEMEKEICGCEBE@GBCFKDEFEJIDGDEJKFEDAH@DAFCJEDEFC@G@GDM@I@ICOAI@ECI@KAEBGBGNGFEFGFGFEDCHCFAHCDCFAHAH@HBFBHDD@F@F@FAFCHEFCDCBC@EACAAECAA@@@C@C@CAAAA@ABGA@@A@@@AB@@A@A@A@AB@BABA@AA@@AAAAAA@@@@@DAB@@AB@@@@C@AAA@@BABA@A@A@@@AA@CC@A@@F@D@@@B@@A@@BADE@C@@@@D@B@@@B@BA@A@A@A@ABABABC@A@@B@@DB@@B@BDD@@B@@@D@J@BABABCB@B@H@H@F@DBD@HCHCFCDAF@HBHBLDLFNJJHHFHFLFHFHDLBRAJCHGDE@E@CDED@HAHADCBE@E@G@G@GBG@GDGFIFEFCFCHCNAMKIECCEEGCGEIAIE@@M@CB@@ABAFCDCBA@C@@AAAAECACAAAAA@CA@@EBAACBAAA@AIC@@AA@ECCEAGCADEBCD@BEDC@C@@AA@@A@CEIAECOISEMAAECCCEAEFCFELAB@@AFABA@CAA@GACC@CAECOCCFEDABABAB@@AECCCCAABI@IAIACC@@ECIGKS@AIKAA@@A@E@A@@@CB@@EFCF@D@DBBDD@B@BA@A@A@CCIEIGAACE@G@A@A@A@@DKFIFEBA@@AACECCA@C@IAMCICGCECBG@E@GAG@GCIEG@C@G@EDCBAHEFC@G@EGCCCICICKCGGIEEAGCGCGCECEEIEEGAEBEDEFIJEJIFCDEBEBEACCECEECGEIGGEMGICIEMCKCMGIGCCEGACAA@C@CDEBG@A@ACIACAC@C@@@ACAGICGCEACAA@@AAA@C@C@A@A@A@E@C@IBCBAB@B@@BBDDDB@B@B@@ABA@CBC@CAG@A@@B@DDF@D@D@BA@ABCBE@EHGFCBC@A@CAEGAACA@@C@ABAAEAEGIGIEOEOACCIGGEAA@CACACIIECICOAGCKGSQGGGICCA@C@A@CLGNCPAH@H@BEDEDAB@BBBAJ"],"encodeOffsets":[[120014,29889]]}}],"UTF8Encoding":true}