{"type":"FeatureCollection","features":[{"type":"Feature","id":"350205","properties":{"name":"海沧区","cp":[118.036364,24.492512],"childNum":1},"geometry":{"type":"Polygon","coordinates":["@@K@EBG@OBWAUAA@EBCBA@GDA@CBABAB@DCFABABCBABC@C@GBA@EDGFGHEJEJCL@BDDABBBBDBB@D@B@@ABA@AB@@@BHFBH@@@@@@@DAFBBG`E@AFEBCDEBADADCBEAEBAD@@AHAHEHEDA@CDCBC@E@C@A@A@ABA@@@AB@@@B@B@B@F@DBFBDCDCDAFBF@FBFFF@HEHEDCDEBCBEDADEDCBCDEBADDBFDDF@D@F@D@FAF@FDBBBFAHAHBHBFAF@F@DBDFBDDFBHBFDDBDDDFDFDHBDDNGDGDGAGEECMEIAMBSJOTMHARBBALGJIFGAW@@@ABAHAHAHCpGVA^ApCBA@@B@DAF@H@NEEEACAA@AAGGUKa@@@ACO@@AEAEAE@EACAC@EAEAEEECC@@AE@@EC@AEIAGAMAMAM@K@@"],"encodeOffsets":[[120883,25005]]}},{"type":"Feature","id":"350203","properties":{"name":"思明区","cp":[118.087828,24.462059],"childNum":3},"geometry":{"type":"MultiPolygon","coordinates":[["@@C@@@CBCBC@A@CB@@ABCBABAB@D@BDDBF@BBBBBBBDABBB@B@BABADABCBADADCBC@A@A@A@A@AA@@AAAGA@@"],["@@@B@@BB@BB@B@B@@@@A@ACA@@AAA@@B@@"],["@@D@BB@@D@@BB@@@A@B@@B@@@@@@@@B@@@DHB@@@@@DBDDFHDD@@B@FFLFFB@@B@@BD@JDNDJDB@BABABC@@@@@A@@@@@@@@@@@@@@@@BK@A@@BA@A@@@@B@FDD@@@@@D@B@@@B@HA@@@@D@DA@@@@CQ@@TDPBPHLD@@@@B@DB@@@BBB@@@@@B@DBBFCBABDFD@@@@@@@@B@@@B@D@FBDDBDND@CDS@CBGAICKKOIIOIEESOOKQOEEGIMKQAOBSBUFQFOHIJGLCHGJEDAFAFAJ@D@DBDBDBB@D"]],"encodeOffsets":[[[120906,25022]],[[121027,25035]],[[120906,25062]]]}},{"type":"Feature","id":"350212","properties":{"name":"同安区","cp":[118.150455,24.729333],"childNum":1},"geometry":{"type":"Polygon","coordinates":["@@KNADA@KFG@A@AB@@AB@@@@CD@@@B@@@@@@@@@@@@ABEHAD@FBT@JGHEBOJMFEBABKFENAPGFYFKDA@QD]bOXKVBPELMJKLENW@OGEFEJGHSJI@CIACACAAACA@@@A@@@ABABADIJMH@DBF@FBDBDDBFBDBB@@FAFDDDFBDBH@FBH@HAJ@FAF@FAFADCDF@DBBF@FABAFBFBDAFBHBFBFABABEBCBSCG@EBCJMRCDAB@B@@@@@@A@ABEBCBABCBCDGDBD@FBDFDH@H@DCFCDCDEBEBAFBHBDDFBFADAFAD@DEDCBEBEDEDCDABEBADADDDDF@FBFBFDHDFBFBBBEDADCBCDAD@DDDDDBBBDL@LCF@DBBFCHOJSDGF@FDFHBPGJEHADD@HBHFBLCLCLBFADE@EAKDGFEFC@ADABGBCFEFAB@FDDHDFH@DABE@Q@A@CBABC@CB@DAFFJNZLRHFDBAF@DFDHDFFDFDHDHFDBFBFAFCF@H@F@BBD@@FJDN@JADA@ADC@@BAB@B@B@@BB@BB@@D@FCH@FBDEFEDEDCAAKAEM@EFGTKLCDCDCDAHADADA@EBCACCAACBEFG@@BCDAAG@CBC@A@CA@GAAABCF@FBFBF@F@H@DAB@BCB@BCB@DALGFC@A@E@K@EAEBA@AAAACEE@C@CBCAA@ABCDAFEBA@A@AAACAAACAA@AA@AAA@C@AAAE@EBC@MAA@@CBA@ECAAA@CAA@CBA@A@C@CA@A@A@A@A@A@CC@EBAFCF@J@F@FCBA@CDADA@EBCAACAC@C@C@C@C@AAAC@A@A@E@C@C@ABCBCAE@AAAA@@@ABCBCBA@CACACECABA@E@CA@C@ABABCDCB@B@@A@C@AAAAAAECACAEACCCCAAC@@@@@@AACEAA@@BGAAI@@IB@@ACABK@K¯IWABAB@B"],"encodeOffsets":[[120987,25174]]}},{"type":"Feature","id":"350213","properties":{"name":"翔安区","cp":[118.242811,24.637479],"childNum":3},"geometry":{"type":"MultiPolygon","coordinates":[["@@@A@ABCBCDA@AF@H@FBBFBF@@HBF@@CDCFBDADCF@FBDDDDF@FBHBH@DCFAFAHAD@FCBCBGBEBEFCDGDEFAFCDCDADAD@ACACBAFCAECCCC@ABCDCFADCDCD@BD@BBBBBBBB@B@BABADE@ABEACA@CBCBCACE@EDABCAE@CCC@A@CCCC@CDG@KAEE@EDC@EDIBEDAD@JADCDCDG@@BAAC@CGIGKMSAEDCHGJENGBAACAGBCFCVM@CAG@M@ECCECEEBGFOAEAI@AAAAAAAAAC@C@AC@ECECCEE@A@A@CBABC@@DBFBFJDDB@BC@GCK@EB@FCDCDAFABABEBG@CBAJ@DS@C@U@GIUEGOGkGuESAEAYESEaEIAlA@EDCFSPgZ@BABMV@B@@IHGHJX°@LALDB@BA@@JJ@BBAH@@BBDFBB@@@@@@BDDBDDBDBFBDFDBBBBBBD@B@@@@ADADCBABAD@B@@D@FABDBDFDBDBB@DADABA@@B@BB@BBFADAD@B@D@D@F@B@BBDBBD@D@D@D@D@DBBBAD@FCBCB@DABEDE@I@E@EDAB@FDDB@B@B@B@B@B@@D@D@BAB@DBB@DBBDB@FAB@DB@NBD@FAF@BB@B@DBB@BBBB@DBBBDBBB@B@BABEFCBAD@BBBAD@D@DFFBDBB@BABBF@F@L@F@BEDKHCBA@ADA@ADA@CBG@E@E@EAEAE@ADBBHBB@@D@BAD@DBH"],["@@FBBBB@BB@BDBB@H@DAB@@AB@B@@BB@BBDA@@BA@AA@@@A@A@@A@AAAA@A@A@CA@@A@A@A@@@A@A@CCA@A@CBA@ABAB@B"],["@@B@@BAB@BB@@@B@@BBB@@B@BAB@@@B@B@@A@@@@@A@@C@@BA@@@AAAA@@A@@@@@@A@@@A@@A@@@@A@@@@@AA@@@@@@@A@@@@@@AA@ABA@@BB@@@BB@@@@B@BB"]],"encodeOffsets":[[[121068,25428]],[[121218,25145]],[[121249,25139]]]}},{"type":"Feature","id":"350211","properties":{"name":"集美区","cp":[118.100869,24.572874],"childNum":1},"geometry":{"type":"Polygon","coordinates":["@@NGJIBCBABA@@B@@@B@BDBBBDBDDJJ@TIHGFIFEPHX@FMLKNIFKAOLUPW^aRCB@LCZEHEBOFMLEBAFANEPIFAHG@IAS@EBCFGBA@@@@@@@@@@@@@A@@DC@@@@BA@@BAB@H@LEB@BCLMCAEAOGYKCACAGEAAGE@@CECEAECCAACACAEAGIIOMFG@E@CBA@@@ABoD]BUBoHGDGBGBAB@B@@BXEHIJKHABQAGBSNIPATBNFJDNFFBHCHCHMH@@DFDBDBFBDDBF@DBDBDBD@DAD@FDBHBDF@FAFAHAHAFCFCHAHAFBD@HABGBEDCFAHAFAJAHAH@FAF@FDFBFBD@@"],"encodeOffsets":[[120776,25345]]}},{"type":"Feature","id":"350206","properties":{"name":"湖里区","cp":[118.10943,24.512764],"childNum":2},"geometry":{"type":"MultiPolygon","coordinates":[["@@MCACCCEAC@A@@@A@@@@@@@@@ECACABEDAA@C@A@@@@AA@A@@CAA@@@@@KCOGOASC@@DR@@@@CBC@@@@@GBA@@@A@C@@@@@C@ECA@@@@@@BAB@@@BAL@@@@@@@@@@@@@@@@@B@@@@ADABABA@ICMCICC@@AA@@@EAKEEEA@@@CCEGCCCA@@@@A@CG@@A@@@@@@@@@@AA@B@@@A@@AC@@@AAC@B@BPBLBNDLJ\\FPBHFNDJDFFHHHHDFDDDFBVDPDJDFBF@B@FAFEFIDGFCF@H@PClQNKFIDOB["],["@@@@C@@B@@@B@@B@H@@@@A@@A@AAA@"]],"encodeOffsets":[[[121042,25093]],[[120993,25143]]]}}],"UTF8Encoding":true}