{"type":"FeatureCollection","features":[{"type":"Feature","id":"350923","properties":{"name":"屏南县","cp":[118.987544,26.910826],"childNum":1},"geometry":{"type":"Polygon","coordinates":["@@@ABCB@DABC@AAA@CDABCBEBADEBADCFABBD@D@DABABA@C@CBAB@@ADA@EA@@@AEA@@CBABA@@BAF@B@DA@IBI@AHC@@BADABAB@D@B@@@RYTMNGNGRGCGMCGG@OJMFENMRKLEHKIe@CAEMQGOCEFCF@FA@E@CCCE@A@AC@ABA@A@C@CAAAAAA@AAADIBGFELCBEAEEEGEBEAGAB@@CBC@ABABAJC@@B@@ABABABA@AAAA@C@AA@A@KBABA@AA@ABCE@@@AAAAAABE@ACA@A@AAA@CBADAAACE@GBIHGDEBAH@FDB@LAFEAQEKMAEAYEEG@I@QCEGBE@MCIGWQMJSBO@_C[C[@QEMAG@SBGHBTBHHNFLBHDJAFCJIFQCKCKMGOOEWBILIJGDMHU@QECCMDQCMEOYKKSAQCMEMEOCEF@L@JJLPN\\PNLFVAXGJMBQ@CHIDGDGEMGSCOGQGKGUMUEQCYAWFEJGRIJSJUJQDK@GBKNGRENEJCH@LR@P@F@AFCDMDMDQDOFCBGDGBABAD@BCH@BCHDDJHBH@JBLFB@DCFCDCF@FCJAHCFEFQLMLEJHPDDBFFFJBJ@HEDA@KFGJGPCJBLFHHHFHBLENGNAJBH@HAJCL@J@LDHHBF@F@HAFFHLJFDDBD@FBJ@JDHBFFDBFDJDHD@DCH@BB@BB@@BBB@BB@@B@@B@B@@@B@B@BB@@BEFAHBLJJFDFALE@@BB@BBB@BB@@@BBB@@@B@HHJJDLDPDJJLHLFDLJ@@BB@B@B@BAB@@@BBB@B@BBB@@@B@BBB@B@@@BBB@BBB@@@BB@@BB@BBBBB@@@BBB@B@BB@@B@B@@@B@B@BB@B@@@BB@@BB@@BB@BBB@@BBB@@@BB@@B@B@B@@@B@B@@@B@@BB@BB@@BB@@@D@@@B@B@B@B@@A@@BA@A@AB@BA@AB@BA@@B@B@B@BAB@B@@@B@BAB@B@B@@@BBBBB@@BBB@BB@@BBB@BBB@B@@BB@@B@B@@BBB@@@BAB@@AB@B@@@B@B@B@B@@@B@B@@E@K@A@@B@LBJ@D@@AACAIAI@EB@LDJDHFHBH@BA@CAECC@@BBD@D@BEB@B@DHHDBBBD@B@BCFC@@HAFAJAFBF@FAHCBAB@FABAF@JBB@FCDGBGBKBKBG@EAGAEDEDAJCBC@ACIIKAAAA@ABA@CBCB@B@DABEDAD@B@BBBD@@BB@@B@BABCBAD@DAB@BBDDDDBBB@BBD@NAD@D@FBD@D@BA@@@B@B@DBBF@JEDGB@FFDDB@AG@CBAB@F@BDBBBCD@DBBBD@@AD@BB@@BAHCXADC@GCG@@@C@CBALID@DAD@BABC@C@EBCD@B@D@@@B@BC@@@EBAB@DCBA@CAC@A"],"encodeOffsets":[[121979,27703]]}},{"type":"Feature","id":"350902","properties":{"name":"蕉城区","cp":[119.527225,26.659253],"childNum":6},"geometry":{"type":"MultiPolygon","coordinates":[["@@MFEFM^@RJXDHPLHDH@PKTG@@jEZHTJ\\HRCLGBOIOgOGYGYCYA[A"],["@@NBPBN@NELMFILEPIJINSPOJUAUESEO@MLEV@NCPEBALElHB@B@@@BA@@DABCKICEGECA@GKKAGJKPBXCD@DCBABC@A@CACECMIMKKKIGGMEICK@CBABABAD@NAHADC@C@IAKAGAEBEBEFCzBFKH@H@BGBI@EBIFEJE@GGYEIOCMFEDCAECCCBGNM@EMQC@G@EUCQCGCGIEGCICGCKGGGA@A@A@CBCB@@A@GEGE@A@C@CBAhgJIHCDCFCFAF@HBHFDDLBBDBBDBRFLDJBJDDBDDBBBBBDDBB@DBF@DAD@FADABADCFCTAJBH@LBPDF@F@H@F@FCDAFELIDGBABCJCJEP@fOHMBECCACAA@A@AJMJGDK@A@AACGLABAD@DCBCBEDEDADAB@BIDIHIFIBG@EAGAC@A@C@GBCA@CDADCCAEEMI@@ICGDGDGDEBG@EBEBE@CBCACCECC@E@EACCACAEAECIAIAEAE@CEAECA@@BEDE@@ACE@A@A@AAA@A@AEAI@EBCDE@E@AAABA@A@GCCCICGAE@CB@B@DBBABG@EBA@@DEB@FCDEDEDGBE@CACCE@@@EDADG@IAEFGFEBICCBCDFD@FADCBGBEBEDEBG@E@CDEFCFEJ@@FDFF@BCHEF@BABEBEDAJCBEBGLEF@JBDCDCDADCDC@EAM@@FCBGBGDIHA@A@@AA@A@@@@A@@@AAAC@A@A@@@AB@AAB@@ABA@A@A@ABE@A@A@@@I@EAGCUCMAEBCFEFCDCBG@CA@CAAA@ABCAAABAHCHAFCD@BE@ACAEAG@CBABG@C@EDE@CBC@ADBBDBD@@BBFAB@B@D@BAB@BABABADABABA@@BKAGEI@QKKEQdGRILQZSFUFaBUDSBS@EFEJEPANANE\\EPINGEQQSIKGSBQFSFKC@OCKKCI@IHMNEDMJXRJHNDF@HADF@R@JFHZFFBNBFLBREFKBA@ECG@ABCFGHAJ@HDFBBCBAB@DBB@B@BDB@BAFBBBBBB@@F@AD@BBBB@BALAB@B@@B@DBBBBB@BABABA@@@AD@BIBABAD@DA@@BABHAFHFFFBFAFKDEFAHCJBB@BBBBBBB@D@D@BAB@BBDB@F@DD@D@FEBE@EDDFHPNRBF@DJfGLKFQLMNNDPDNHBDDDDPFHDDFCB@D@@ABABA@A@ABAB@B@@A@A@AEC@A@ADADCBADA@@@C@@@AFABAD@@ABA@AAA@AECA@@C@@DCBCBA@AFABABA@AFCJBB@DC@C@AEAEGAABABA@ADAB@D@@BHFDBH@DB@BCDAD@BB@DBD@BB@BCBEBA@@B@@BBD@F@HCHAF@F@FED@DDBBFCDEDAT@HAGMAMJCPKB@D@BBBABABAN@RBF@FDDBBD@BAD@DBBJDD@F@FBFBB@D@DCBABCBEAA@CB@BADDDFDBDBBBBDD@BABA@A@CAACA@@A@@C@C@CD@H@D@DB@D@BBDHFTFD@BB@D@@BF@BLHBDBFCF@BDDDF@FCPBHBDFDJFHBFFFBVFHDHBH@B@HLJL"],["@@A@AB@DBFBFDFFDD@FAF@BA@C@ABAACECGAAAC@CCC@"],["@@CH@FBBFBFBHDLBL@LDFBFBFBFBDA@CDAH@JCHCFEBCACECCCACCCC@CBCBG@ABE@@AACCCCAGAGAC@EACCAAC@AD@BEBC@C@CDCDAFAD"],["@@BBBB@BBD@@DBD@@@@@@A@@B@BABABABC@AA@@AA@A@@@@A@@@@AAA@CB@@A@@@@@A@@@@@AA@@A@@BAB@B@B"],["@@BBDBB@B@B@@AB@DBBBB@FBDBB@@@@A@@AAA@@AA@@A@@B@BA@@@A@@A@@AAABA@@@A@@@@@A@@@AA@@AA@AB@@A@@@A@A@A@@B@@A@A@A@A@@B@@@BA@@B@@@@A@AB@@AB@B"]],"encodeOffsets":[[[122541,27268]],[[122357,27616]],[[122653,27317]],[[122636,27252]],[[122672,27239]],[[122677,27206]]]}},{"type":"Feature","id":"350924","properties":{"name":"寿宁县","cp":[119.506733,27.457798],"childNum":1},"geometry":{"type":"Polygon","coordinates":["@@B@BCB@D@HE@A@CACAECEA@@ABA@CDADGDCDC@ACI@AC@AAAAAE@C@AAACBCBAACACCC@AACA@CAGDGBCDA@EACAA@E@ABCBC@E@E@CBG@ABAD@D@BBD@B@BAFCB@F@B@FAB@DAD@D@B@FAJ@FAD@F@BCBA@AACCAACACAC@CBA@C@AA@A@@@C@ACACCGCCAC@ACE@A@@B@@@BAB@@@BAB@@AB@@A@@@A@@@@AA@@@@B@@@B@@@B@@@@BBBB@BBB@D@B@@@BBB@@@B@B@@@B@B@B@@@BA@@@@BBB@@@@@@B@@@B@B@@@@@BB@@A@@BABA@@@AB@B@B@@@B@@A@@@@A@@@A@@A@@@A@@BA@@@@BAB@@AB@BCDABCB@DA@AB@@@@AA@@@@A@@BA@A@A@ABA@AB@@@B@B@BA@@@@BA@@@@B@@@@@BA@@@A@@@A@@@AAA@@CA@@AA@@AA@@@A@A@A@C@@@AA@@A@A@@BA@@BAB@B@B@DA@@@@BAA@@A@A@ABC@A@A@@@@AAA@AAA@@@@A@A@@@A@A@@B@@A@@B@BB@@B@@@@A@@@A@A@@A@AA@@A@@@@A@@@@BA@ABA@@@AAAA@@AAA@A@@BC@@BA@A@@BA@ABA@@@@AA@AA@AAA@AAA@@AA@@@@AB@@ABA@A@@@@@AA@@@A@@A@@@C@C@A@AAA@@A@A@@AA@@@AA@@CAA@@@A@@AB@@A@@AA@AA@@@A@EB@BA@@@@@A@@AA@AAAA@@B@@AB@@A@ABA@ABCB@@AB@B@B@D@BAB@@A@AB@@AB@@@@AB@BB@@B@B@@@BAB@@A@@@A@C@ABA@@@A@@AA@@@@@A@@@@@@B@@A@@@@@@@AB@@AB@@AB@BABA@@@A@AAA@A@A@@@A@@@@BA@@BAB@B@B@B@B@B@BBBAD@B@BAB@BA@@BA@A@ABA@@BAB@DA@@B@@A@@AA@@@A@@BA@AB@@AB@BA@@B@B@BA@@B@@@CAA@C@EDCBADEBEFCDABMCGACCAC@ACAC@E@AAAGCOQMSIQEQ@QAUCMEGA@@CC@ACECGECIBECGI@EAEBG@OACDO@A@AA@C@GBEBCBAACABABCDC@ELAL@JDFFHBHEFIBCAAMECABM@QISDkCOFMAWEGEKQKMAEHEPEH[JSDS@YBUFSFQ@SBOCIKQQMIOCaQIEMI@EAQMCQBOA_CEbJJNHJDRFP@NJJN@JCZAPARDHARQAICQKOCOFGJWTWXMLSHeDODKDO@IEAIGCGAMHQLCB@@C@E@C@C@CDCBAAC@A@A@C@CBADI@MBMHCHBFDDDD@@AD@DBB@FADADAD@BBDFDBD@B@D@DFBJD@FAFAD@D@B@D@HBBBBD@J@LFBBDFFFBD@B@B@FAHCDCDCDEFCDAJAFAJ@F@B@BBDBFFBF@BB@DDFDHBBBBDDBF@D@@@BHTFNNHPFnTLHNDLHFH@@@@B@@@B@@@@B@@@@AB@@@B@@@@@B@@B@@@B@BB@@B@@BA@@@@B@@@B@B@@A@ABA@@@BBAB@@@BABBB@B@@@B@BA@@BA@@@FHJHLLHHVPLFPDVFV@V@LEJK@IDMHKJIPFLDJHTTHLJNDL@RLTDNALCRHPFLDDPLDBBD@BAFAB@BADBHADADDDBBAFBTBH@F@DF@H@FHDAB@DCB@FADBBBBDBD@F@BBBB@FANABBD@BDBD@FAFCFBB@DB@F@BA@CBABAF@BA@G@A@ABADBD@DA@@D@FFB@BAFABBFBFDBDBBB@DAFE@@DADAH@FBFBBD@DBBB@FBJDD@D@B@BAF@B@DBDABABCD@FAF@H@DA@@"],"encodeOffsets":[[122507,28333]]}},{"type":"Feature","id":"350925","properties":{"name":"周宁县","cp":[119.338239,27.103106],"childNum":1},"geometry":{"type":"Polygon","coordinates":["@@EOAOEaFOHK@SFODEF@TPFAAMDKJKF@RBP@XBF@@CKUAG@EKEUESGOIEECEWYMO@GHELCF@TFVNLDHAFAJAPIKOBK@IFCDATGLCJGDKDM@KFOFIFEFAIKGKA@G@GAGCUEEAEEGAIEECACAGDO@ECECC@ADEAEACKG@AAE@@@CAAC@SEGEAC@A@CCAC@G@C@@D@D@DB@@@DBBB@D@BABABC@ACAACACACECCABA@@DBBAFADABCDC@A@EAEAE@C@ICAA@CBC@AACCAECE@QAM@ABABABAAC@A@OLIDBNHNGBS@CBCFEDAACCC@EFE@E@GBGDE@C@AA@@@AB@FADA@AAAC@CAA@@ABCDC@ACAG@CAGE@AC@A@CB@BABABBBFHFB@B@DCDA@IAED@BABABEB@BABADCD@@@DB@FD@BBB@BAB@BC@ABEB@B@@@D@@CBABCDCB@B@BFD@B@B@BA@A@AB@B@BABAB@BC@A@EDCCEGCOCCACMGOCMCEFIN@PHHNDDHQHMHMHSNQZ@@A@C@A@ABCBAB@@GD@BAJ@JCBA@E@AB@@ABAB@DB@BF@@B@@FCB@BA@AB@D@DABABCBC@C@AAEBCDABCFABAFADCB@DBB@BADCBA@AD@BJBLBD@FBB@BDANCLCFEDAB@BAH@F@FBBDBH@JAJAFBDBBBD@FBBBBBB@@@BAB@B@BBBBBDCDAB@B@DBH@DBBDBDBF@FBDBBBB@B@D@FB@BD@@BB@JCBABABCBABAB@BBBDFDFBB@BD@B@BBBDDAFABCBA@EBIFI@IFADBHDLFVBLCJCFGBE@EAE@@B@DBDDF@H@N@L@LDFABAB@@BBBDB@DCFAJBJDLDBHFX@@@D@DBDBBD@F@DA@ABABAD@F@B@JED@DB@AD@DA@@@GBC@CAIDCDCBABBDDB@DADE@E@ABC@@B@BB@DB@B@B@B@@BBBB@B@FAB@@ABC@CBAB@B@@@B@@B@HDBBFBDDF@BAB@BCDEBABAB@DADC@GF@DBBBD@BCBA@A@@@@@@AAA@BA@ABABCDA@@@A@@A@@A@@@@@AD@B@@@@@BA@C@A@@@A@CAACEAA@@@GFCDGFCDADCD@DADC@ABCACBA@@BAFA@ABCBADD@H@BDAFAFAL@P@H@@DBB@@DBD@FAFA@FLDHBDBFDDDBDBDADADAB@BB@DBB@DBBDBB@D@D@DAD@D@@@CCCCAEDGNGNAJ@BCDAD@B@B@D@BBDADCD@D@F@D@@@DARKNGHBHDBJJFP@LCPCfCTGNKXWXSHIPEPDRLJDRBBQCGBQBODY@IIMMIO@QEICMGIIFa"],"encodeOffsets":[[122264,27829]]}},{"type":"Feature","id":"350922","properties":{"name":"古田县","cp":[118.743156,26.577491],"childNum":2},"geometry":{"type":"MultiPolygon","coordinates":[["@@NIFCNMJGJ@LDDL@PLDTERETALHTJRRHFJMFOF[BMBMFOFIFET@TAVCbAVETERYJKHQRcLFRLJ@HFLB@AB@BABABCBABA@ABA@A@C@ABAAE@AC@CAAABCC@AAC@C@A@AC@A@G@ECGEGEEG@ICC@A@@@@BA@@@@@A@BB@@A@@@@BA@@@E@A@@@CB@C@C@A@A@@A@ADA@A@A@A@@@@@A@@A@@@AB@AA@@AAB@B@BABA@ABA@@@A@@AAA@AA@AA@C@A@@@ABAA@@A@@AAAA@A@@A@@@A@AAAAAACAACAA@A@@@@@@BA@@BA@@AA@AAA@@A@A@@AA@@@BA@A@AB@@@@@B@B@@CA@AA@A@@@A@@B@@@BBB@@B@@B@BB@B@@@B@@@@B@@BB@@@B@B@BABABC@@B@BB@@BABA@EBE@G@E@EACCEEEEEGCICG@GAOC]AOCCC@EDADIHUJGBCEAIGOIIQEABECC@EBCFEHCFCD@H@F@FCDCDCFAHEHADCFGDEBCAACCECACACEEGCCGAECG@C@IIAEC@A@@BA@@@A@A@AAA@@@A@ABAB@@A@C@C@CA@@AA@A@A@A@AA@A@@BABA@ADA@AB@@A@G@C@C@A@C@@A@@@A@@@A@@@@AAA@A@@BA@A@A@AAA@@@A@@BA@@B@@@@BB@@@BA@@B@@A@ABAB@@@B@@@B@B@BBB@@@BABA@@BA@@@@BAB@@ABADA@A@@@ABA@A@@@@@@@@@@@@BB@@@BB@B@@ABAB@B@@AB@B@@@B@@BB@@@BA@@@AB@@@@@B@B@B@@B@@BA@A@A@CA@E@EAAEAC@CBCB@BA@E@ICK@GDIDCDBFFHLHJBBD@FEFEFEDGFCFCBC@CCEECCCAI@A@QDK@GCBM@CA@A@CBEDC@AAAA@G@CACCAC@@E@ABCD@B@@C@AGCACACBCBE@ACCCAC@GFC@ECCC@CB@FEFEBC@A@ACAACACB@@A@@@@BCBA@A@@@@@A@@EAAA@ACAE@CDEDEBS@KAQGKEEIAKAIGEGGCKBGFEH@HBFEBKCOCKGECAABC@GACDCBCFEHEFE@G@E@GAIBA@EAEAGACAC@CAA@CACAAAAAC@EAICGA@C@E@CCCECEACA@EAECCACCECCA@OIKEKCICCN@@@@@@@@@@@@@@@@@@@@@@@@@@@@@@@@@@@@@@@@@@@@BB@@@@@@@@@@@@@@@@@@@@@@@@@@@@@@@@@@@@@@@@A@@@@@@@@@@@@@@@@@@@@@@@@B@@@@@@@@@@@@A@@@@@@@@@@@@@@@@@@@@@@@@@@@@@@@@@@@@@@@A@@@@@@@@@@@@@@@@@@@@@@@@@@@@@@@@B@@@@@@@@@@@@@@@@A@@@@@@@@@@@@@@@@@@@@@@@@@@@@@@@@@@@@B@@@@@@@@@@@@@@@@@@@@@@@@@@@@@@@@@@@@@@@B@@A@@@@@@@@@@@@@@@@@@@@@@@@@@@@@@@@B@@@@@@@@@@@@@@@@@@@@@@@@@@@@@@@@@@@B@@@@@@@@@@@@@@@@@@@@@@@@@@@@@@@@@@@B@@@@@@@@@@@@@@A@@@@@@@@@@@@@@@@@@@@A@@@@@@@@@@@@A@@@@@@@@@@@@@@@@@@@@@@@@@@@@@@@A@@@@@@@@@@@@@@@@@@@@@@@@@@@@@@@A@@@@@@@@@@@@@@@@@@@@@@@@@@@A@@@@@@@@@@@@@@@@@@@A@@@@@@@@@@@@@@@@@@@A@@A@@@@@@@@@@@@@@@@@@@@A@@@@@@@@@@@B@@A@@@@@@@@@@@@@@@@@@@@@@@@B@@@@A@@@@@@@@@@@@@@@@@@@@@@@@@@B@@A@@@@@@@@@@@@@@MGCJ@L@FD@BDCFKJKJ@DPL@@@B@H@F@H@FCHMFOFIBABDFBFA@@FCDEFC@O@GBCDC@EAG@G@E@@BAA@AAA@A@A@@@C@A@A@@B@BAB@BA@AB@@AAA@A@A@A@A@@DAD@B@@@@AB@@C@AAC@CEAECEAEGAAC@EAACAE@G@IACAEBIBGAC@ACECGHEPGBADAB@BADA@@B@RGFCAEEGAABCDGCAE@@C@ECE@@@@BEFCHAJ@HEFECC@CB@BABABABABABC@ABABA@@DCFAF@HEJEFGAICIAG@GAEGCMGMIEAMBMDMF@FABEBA@A@C@A@A@@@C@A@A@A@C@@BGAOBA@G@ACCCAECEEGGGGCEEIECCCC@E@E@EAE@ABAF@DABA@CACCAE@A@AB@BABC@@A@AC@C@C@@@@ADC@A@A@@AAAAGCMEGIABADBB@FBH@HAD@DAFGHADCHBHADCFADABCD@BDDPJDDAFCF@DBBBD@DEDEDA@IDEDGFEDKBEBEDCFCFCBIBEACCAAAAA@@@A@CACCEGCCECK@BBBF@F@FCBEBCD@HBFDH@DCDC@AA@@@@@CBAAAAA@A@AEAE@C@EBCCAECCC@EBABBH@N@H@B@@@FCDGBIFC@@@@HCB@HAJBB@B@@@F@FDBDFDBD@BBBB@DBB@BBBDBB@BB@@BB@D@B@B@B@BBBCHEFIDABBBDBDDBF@DAFBFDFFHFDFBFDLDLFDDDDD@BC@ED@F@FHDDDJFJ@JAJCHAFBDFHFLFLFJ@JAFCHDDFFDF@FEFC@EBE@ECECEACB@@GBIBKFEJCHBBBBA@@DBB@@@@DJ@HAHBDBF@F@FBFDF@D@HCLCFBFDH@FAHDHF@BHDFBF@FBFAF@FFHFF@FAFAF@BCBCBEDEBGBC@EACBEDCDABABBD@@@BBDBBBBBBB@BBBBBBBBADABDLBBFHDD@BD@BABAB@BBDBD@DADAB@B@@D@D@FBFDN@DABBDBBDBBBDBDH@F@F@PBJLVBDBBDDBPBDBBBDAB@BCB@BBBBDDBD@F@BBDDBNBD@FDR@HAJEHEF@BMJCFBDHR@BBBJBL@B@BADBD@BB@B@@@BAD@@@@BBDDPBHBB@BAFAFAD@DBBBDBB@DAD@DBFBDBB@DB@D@@@@DFDDBCBAHAHCDAPERCNCNCDCBEE@O@Q@@KDGFIFMHQLMHAL@RCVITIJIHQFIXEZBRDVFVNLHRHPHTDNHHFHCJCDGR@NAHIBWEUMK[OOMIK@I@KFEPDNFNFRDTBLLPZNFRDNCDDRFV@NGHCJIJKXAPFHPLNLDRDJEDIBECIAGEKGMAGASHGTAH@NBRF\\@\\D`DP@TANI"],["@@DMA@K@IBIHABNH@@@@@@@@B@@@@@@@@@@@@@@@@@@@@@@A@@@@@@@@B@@@@@@@@@@@@@@@@@@@@@@@@@@@@@@@@@@@@@@@@@@@@A@@@@@@@@@@@@B@@@@@@@@@@@@@@@@@@@@@@@@@@@@@@@@A@@@@@@@@@@@B@@@@@@B@@@@@@@@@@@@@@@@@@@@@@@@@@@@@@@@@@@B@@@@@@@@@@@@@@@@@@@@@@@@@@@@@@@@@@@B@@@@@@A@B@@@@@@@@@@@@@@@@@@@@@@@A@@@@@@B@@@@@@@@@@@@@@@@@@@@@@@@@@@@@@@@@@@@@@@@@B@@@@@@@@@@@@@@@@@@@@@@@@@@@@@@@@@@@B@@@@@"]],"encodeOffsets":[[[122004,27372]],[[121678,27068]]]}},{"type":"Feature","id":"350921","properties":{"name":"霞浦县","cp":[120.005214,26.882068],"childNum":22},"geometry":{"type":"MultiPolygon","coordinates":[["@@I@IHIHEJAF@DDBLJLFFHBFDHDDJHFHHJFDHBJ@LGFE@I@MG[ACCAC@CBC@ECE@CAAC@EBC@CCCECIEIC"],["@@E@EDCD@D@FBBBBFBB@BDBFBDBD@BADCB@BBBBBLBB@DDDBF@FAFABABAB@B@@HBDDDFBF@DCDC@C@G@EAEAECCAE@EAAGECAABABA@C@E@A@ABAAAAAEAACCG@E@E@"],["@@@D@B@BB@@@B@@A@@@A@A@@@ABABA@@@A@@@@AA@@A@@@ABAB@D"],["@@BB@@B@BA@@B@@@@@@@@A@@@@B@B@B@BBB@@@BAA@@AAAAAA@A@C@ADA@ABA@@B@@B@@@"],["@@B@B@DC@AD@B@B@@AB@@@@BB@@B@BBB@@B@B@@A@@B@BBD@D@BBB@B@@@@A@AE@@@@@AAA@ACA@@AECAAAAA@@A@@B@B@B@@@B@B@D@DBB@B@@A@A@A@AC@A@@@@AAA@ABAAAA@@@AB@BA@AA@@ABA@A@@@A@AA@@@A@@A@A@@@ABAA@@@CAAA@A@C@@B@B@HBBBBDBB@@B@@ABA@A@AB@DB@@B@BAB@D@BBB"],["@@A@AFADA@AB@BB@@BBDDDDBD@BBDBB@F@B@B@@AAAA@AA@ABA@@@AA@@@BA@@B@BA@@AAACCAAAECC@C@"],["@@FBF@B@B@D@FBD@B@B@AA@@@@A@@@@A@@AACAC@AB@AA@@AA@A@A@C@C@A@AAA@@B@B@BDB"],["@@D@B@BBBADAB@D@BBB@@BA@@BBBBBD@D@DBB@BA@A@@A@@A@@BAB@BA@A@@AAAAEAEAE@ABA@AAA@A@C@CAA@AB@@AB@@A@A@@B@BBBBB"],["@@A@A@A@AB@B@@@BA@A@A@A@EBCBABAB@B@@AB@@AB@@BB@@D@@@B@@B@@BBB@@AB@@A@@@@B@@@B@@@@@@@@@@@BA@@BBDBB@BA@@BC@AB@B@D@@ABA@AACACCA"],["@@D@FBBDBDFBBBB@BA@AB@@@B@BA@A@@BADBB@@A@A@AD@B@BA@A@CAAA@E@C@A@AAAAC@A@A@CAAACAAAAAA@@B@D@B@B@B@@A@CACBA@@DBB@@AB@@BDBDB@B@@A@A@@"],["@@@B@@@BBBB@BB@BBB@@BBBA@@B@B@D@BA@@@@@AB@BA@@@A@ABABAB@BBBBB@B@BA@@BA@@AA@@A@@A@@A@@@AAB@@A@@@AA@AACB@@A@C@@BAB@B@B@@A@AA@@@@A@@B@@AA@@AAA@@B@@AB@@AA@@@@AAAB@@@BAB@B"],["@@BDDB@BB@B@B@@ABBB@B@@A@@@A@@B@BB@@BA@@@AAA@@AAAAA@CAA@A@A@@AA@A@@@A@@B@@@@@B@@@@@D"],["@@@@@BB@@@@BB@@@BBB@@A@@B@B@@@B@@@B@@@@@@@@@@ABBB@@@B@B@@@@@@@@A@@AAAAA@C@CAA@A@A@@B@@A@@@A@@@@B"],["@@@BBBB@B@@AB@DBBDBB@DABAD@@@B@BB@B@B@BBBADB@BBB@@BA@@@A@A@A@ABABAB@@ADA@@@ABA@ABAA@A@A@AAA@@AAA@A@@AAC@A@A@ABA@C@C@C@A@ABAB"],["@@BBB@B@B@BB@BD@@B@B@B@B@@D@@@B@BC@CB@@AB@@ABAB@@@@A@@AAA@@A@@@@BA@@@@@AA@A@A@@BA@A@A@A@AA@@A@@@A@A@A@@@C@ABA@@B@BB@@@BBA@BB@@"],["@@AB@B@BB@D@DBF@BBBBBBBBB@B@@ABC@A@AA@@A@A@@@AAAA@AA@AACCACACBAA@@AB@D@B@B@@AD"],["@@AD@B@B@B@@AB@DBBB@D@BAB@BA@@AA@A@AAAA@@A@@B@DBDAB@@A@A@CAAA@AAA@@A@A@A@AA@AAAAACC@C@A@AB@BBBBBBDBDBBBD@B"],["@@DB@@BBB@B@@@@@@A@@B@@ABA@A@AA@A@@@AB@@@@A@@A@@A@A@@@A@A@@@AB@@@BB@@BB@"],["@@B@B@@@B@@B@@BA@@@@@A@@@@@@@@@A@@@A@@@@@@@@@AA@@@@@@@@@A@@@@@@@A@@@@B@@@@BBA@@@@@@@A@@@@@@@@B@@@@@@@@@@@@@B"],["@@BBD@B@D@HBF@FAJ@J@JBFDBBFANADC@AAACCECC@A@@A@ABAACCCAA@ABCAACA@A@ALGFI@AAAC@GBEBAFABABA@A@ACA@E@A@AB@DBB@DAD@DABA@A@C@C@AAC@ABADEBEBAB@B@BCBAAAB@BDBBBADBD"],["@@A@CDCBABA@ABABAB@@@B@@@BB@AB@BB@B@B@B@B@@@D@B@@@B@BADABABAB@D@BABAB@B@@@B@@A@@AAB@@AB@BB@@B@BB@@B@B@@A@A@@A@BA@@D@B@@@@AA@@@@A@@AA@@A@A@A@@AAA@AAAA@AAA@AAA@A@C@AB@B@@BBBB@B@BABEBA@C@"],["@@JKJENGLAJMHAFHFHLDNELBPCLENCLGPMNEJCHANANANBJ@J@JBHBL@H@JCFCDC@@DB@B@FCHAF@BBFDDB@DCLBDDBD@@D@DADA@BBBDJFFFHFBDBD@F@HCFAJCFAHAH@H@HCFC@GCCC@ECIBGBEBCAECEIBMBKDGDEFAHCHAJGJGDGDIDKFIHIHCLCHAJAF@NDHBD@DADABAHI@IDEHEJIGECA@A@CDGBC@AAAA@AAAAAAAC@CAA@A@C@AAICK@@@AB@B@BBB@@@B@@A@@@A@AAA@C@A@G@C@CACCAGCCAACCEAGACAA@@A@A@A@C@E@AB@DDB@DA@A@ABC@EAC@C@ABABA@ABCAQAE@EAC@CBGDEFABC@I@G@E@C@C@GCIACBE@ABABAB@BA@A@A@MMCAAAA@ABA@ADABCDCBC@G@CCACACBM@CFKBG@I@ECECCEEGCAAECEEGAE@I@G@I@GAGCEECCEAIAIBGBE@E@E@EAEACCACAG@EBIFSDIBEFEDAF@HAh@RANBJDPBFECCKEEGDMBIDEDEBCDAD@D@LFJBD@B@BABCB@BAF@LFD@B@B@BC@ECGGEKEECCACEAEAGEEAGEGGEAC@CPQF@F@DAHAnPDBF@D@BAB@@CBAACACEECAACACB@BARDDADABA@A@G@GCGCECASMMCSAIAKCMKIIACAA@CB@DCBGBIDIB@@ABAAC@EAC@CBABAFAFBHBHBB@@CIGAE@CBC@@JBJDD@FABADA@A@ECEIGgS]OKKGAUBGDIDCDAFCDCDC@C@GC{coYSCIAG@IBKDGBMDIAKCICIGAEEEAEEEAA@ADABAAABCBGFCHA@CAAEAAA@ACAEAAOAAAAAAA@KAE@E@CAGCICEGIECCBEEIEIACAAAACAGCGAE@IAABGAC@E@C@GBGBEBGBC@EBE@E@CBCBAD@DABAB@BA@A@ABA@AB@DBBBHBD@B@B@BAB@B@BBDBBDFDDBD@D@D@FAB@D@D@BBBDFHDDBBDBB@F@DABADAD@B@FBDDDDDHHFDHFHBD@LFHFHDJLFBF@B@DBNLFDD@D@HAJCD@D@DBFBB@F@D@DAFBF@F@FGBIBCDABBB@BB@B@B@B@D@BAJDDHBDBDDBHDF@HEFAJFHN@F@DD@BAFAF@B@D@B@BBBDDDDDDBB@B@BABABCBEFAB@DAD@BBD@DDBDDFDDDDFFDDBBFDFDHFLNHRDL@JD@FBFA@@BADBB@BB@DDHBFDBDDDBBFBD@FAddFFBF@D@FADCFCFCBCBC@KCQCI@GAgBQAI@KCEAMGEAE@C@EBA@AB@D@BBDBD@FEDGAGGG@IDM@UIECCECCAA@CBABADCBADC@AFGFMBCBC@EAEAAACAA@CEMACACECMIMIEECGCGCICCCCCA@ABCBIFGBIEEACBABEHADC@EECAAE@EAAAGEEAEAAAAAACAAGAGCEAG@IBEBEHAH@J@DJPBF@BAFUPSJKFEBE@GAEAGAGAEAECGDQDGLEJAHCP@XCd@ZCpC\\AVDRLTPJRHjLPH\\LHD@B@B@BCHGLCDEJGTGNGVAN@@HBF@BB@DCHA@DP@FAHCHBHFBH@HDDBAFEFCJAJCDCDBDDBJ@HBFBBD@BCFAHFHFHHFDDDADDBDDBDBCHCBEB@@C@CHIJKJMJKFI@EAEIE@GHDLFPDHFPFLEFOBEFCNAHGHYPENSR@FBLDAH@D@FHVLPBRA^ALBAIGULBFFJJVLLBHD\\DJCREFA@BF@@@FFBBHBH@DBDBH@FC@G@GDABABCB@BANEZADA"]],"encodeOffsets":[[[123020,27189]],[[122916,27125]],[[123438,27501]],[[123137,27586]],[[123136,27581]],[[123105,27518]],[[123002,27474]],[[123025,27443]],[[123021,27325]],[[123237,27343]],[[123240,27281]],[[123209,27290]],[[122984,27247]],[[123016,27168]],[[123034,27193]],[[123017,27126]],[[122884,27182]],[[122850,27191]],[[122865,27137]],[[122785,27331]],[[122683,27314]],[[122834,27741]]]}},{"type":"Feature","id":"350926","properties":{"name":"柘荣县","cp":[119.898226,27.236163],"childNum":1},"geometry":{"type":"Polygon","coordinates":["@@D@ACCAACCE@@BAD@DAF@@A@ABA@AF@@A@@AE@AAIBAXCNCFILGBIAMFOJKRIFGDCLCD@@ABCBCBABAD@B@FBFCBKFMDAD@PCNCNCPGHGHGFGDKFKBI@M@IBEACAECEEEGAI@ABCLEDyBABGBEDA@A@EBABOHcPI@ACFG@OAKGIKEAGBMJIJCFFJADO@GIIKOIOGKKUCBYBMFABA@ADABCB@H@HEDG@CACAG@GAAAEE@@E@@AEBQFID[CGCKAUKIIEEKAHVBJKA]BQBOAUKEGC@G@CBI@GBA@AFCN@FFLADWDU@EBEB@B@B@BBD@BADCF@BAB@@GDCBABAB@B@DABABA@CHFXJDJDDN@LEDQFCFBJFJHHHDFEF@FNDJPTJFFLFFFLDL@@CFCBCDEDCDOJMHBFHFHARGJ@DLAHEBBJDBBDBBBDBBBDBBBDBDBBBBBD@B@BC@ABABA@A@CBABA@@@C@A@@B@BAB@B@B@B@BB@B@@@D@@@DAB@BAB@DAB@D@D@B@@@DA@@B@BB@B@DBB@B@B@BB@@BB@BAD@BAD@DAFCB@BAB@B@BA@@BA@A@@BCBABAB@BADAB@B@B@@@BB@@@B@D@BB@@B@@@@B@@@B@@@@A@@B@@@B@@@@@@@@@@@@@@A@@@@BAB@DBB@BBB@B@B@B@DABAB@B@B@@BB@BD@BBD@B@BA@A@C@ABA@CBADABA@@BB@BBBDDDBDDDBBBBB@B@B@BABABA@@@AB@BABABA@@BA@@BA@@@@B@@@BBBB@@B@B@BAB@B@BA@@BB@@BAB@B@B@BBBA@@@@B@@AA@@A@@AA@AA@A@AAA@A@AA@@@A@A@@@AB@B@D@B@BBD@@@B@@@@AB@AC@A@A@@BA@@BAB@BB@@BB@B@F@DBD@@@@B@B@BA@@B@@@@@@AB@@AB@@@@BB@@B@B@@@B@B@BB@@@@@B@BAB@BABA@@B@@@BBB@@@B@B@B@B@@@@@@B@B@DB@@@@BBBB@BBD@B@@@B@@@B@@@B@B@@@B@B@D@BABABABAB@@AB@@@@@DB@B@@AB@@B@@@BBBAB@F@@@B@B@B@B@B@@@"],"encodeOffsets":[[122811,27972]]}},{"type":"Feature","id":"350981","properties":{"name":"福安市","cp":[119.650798,27.084246],"childNum":1},"geometry":{"type":"Polygon","coordinates":["@@@A@A@A@ABA@A@AB@D@@@B@BADAB@B@BABAD@@A@AACAAAAACACAAACAAACAAACCAAIFABGCKI@QHGBGEAENGPIDCFCDCDADE@@CKEKEEEKIEOSCIEME@EFGCGGEIAIDEREFC@KCMICICEWDGB@BABA@C@ABABADAHC@@BA@ADEBC@AAC@A@A@AFAFAV@XCBCEK@EDMBEB@HAJ@AK@ETQFMZOHGBGDMFEPAFEEKEOCGEOCKHGF@FJFBJ@LENILIJIDGD@@@FADADGCACAACCCCBCCGEEGEGBGDE@AACEAGAI@CAACDCDCBIDIFEBECAGCG@EAAGDGBG@ECOB@DG@CAAE@GA@@BMHUHMHSFIDCHKDG@A@A@AGC[KOGiKQGOIKSCQBUD[Do@YDc@WDOBGFIHKSFG@SA[EeEW@Q@SFIDWP[\\ONQRCHCLCHAJG@G@G@ELyAEDAFAFBFBHBL@J@DCDGBMBC@ABABAB@DDLFJHNJHLLNLNJFDBD@D@BADABCDC@WDOAILBHLL@HDBHFDFLJADCB@@AB@@A@A@kGKFABOFMDU@KF@NFPFTBVIVOPMTIJOJKFEJKNMFM@OAMAEBEFEJEP@LCNCLIHKDSHCBED@JALLPOJIBEBGBKCUMSEE@KDGF@HNPXZDFFFPJTHVFLF@FBHLV@DE@WAO@QAE@ILCLBNEBSOE@CFEP@TGLEPFbBPFP`DPBRANDBR@FNJJFbRPDNJRRJLPDTAR@TEVEZAT@TC\\IFGFOFGNBRLFLFHBXENDPClJT@RANDBNFBBADEJGFGAEEICK@KB@FCDADABDBBBDAFAHAD@B@@B@BCPBD@PAHBF@FHJFDJAFDDHDF@BDD@@HBNFVDRBR@RFTJRNDPBHBBF@D@DB@BBDDDHBNDBADCFEFABCDAFCD@B@DBB@@@@A@CBA@C@A@A@A@AAA@@BA@@@@B@BBBBB@DBB@B@B@@ABA@A@@@C@@AA@ACAA@AAAACCAAACA@@A@@@@BAB@B@BAF@@AB@@@@ABC@CBC@@@ABA@AB@@@B@B@B@B@BAB@@AB@@AB@@@D@D@B@B@B@B@B@@ABA@ABAAA@AAA@A@A@A@A@ABADABABAB@B@B@B@D@BAB@B@@@BABABABA@A@AAAAACAAAAAA@A@AD@BCDABABA@A@@@AA@A@A@E@ABC@C@C@A@A@@AAAA@AA@@AB@@AB@BA"],"encodeOffsets":[[122646,27962]]}},{"type":"Feature","id":"350982","properties":{"name":"福鼎市","cp":[120.219761,27.318884],"childNum":12},"geometry":{"type":"MultiPolygon","coordinates":[["@@KBWJOLSREFEJAFDRFHHHXLLDRARGPKJKFUDIFANEHCDEBEACEAMDG@C@KEQMIA"],["@@BB@@D@B@B@DDB@B@AE@ACAA@CAA@A@@@@BAD"],["@@IJGFCF@JGJABCBCBC@GAMCE@IBGBKDGDGJEJCLCJCHIHIHGBGDEBCFCHALANFJFDDBFAHAJAFDD@DD@HEDGDG@G@GBEBIDEBGDE@C@CAEAEGEECIAA@ACBCBC@@@ACCCKACDA@CCAE@ABEDG@E@ACA@@CDEDIDG@K@GAIAI@I@MAMBMBGBIDMFONKHMDKFODKAMFKCEGEGGBINKBMHIFILLVHLJPLPJJ@HCPIBEEIDIJANBHLFHJBL@PEHBDJ@dOPGBAFAB@B@FCHABAzAFCDKBAJ@HBFFDFBFBDAF@J@NAJELCLEHGHGHOHMDMDODC@CBENALEDEAA@C@ABABADAD@BC@KDCDEHQJILEPBNAJKHEJMDWDABBJ@BBF@@@BE@@BAB@B@BE@CBC@AB@@DFBDDBBDC@BBD@DAB@B@B@B@BAB@@AB@B@@BB@@B@B@BCH@@@BA@@@AAA@A@AB@B@BB@BB@@ADA@@B@B@@BBHFABC@E@AB@@BBBBD@B@F@DBBBBD@DDFBBB@FDJFDDFH@DABGAGCADBHHDNDD@@@D@FBHBDBD@D@D@D@@@BB@B@B@D@BB@BBD@DDB@@@BAB@B@NCD@BABC@C@G@C@A@AB@B@DBD@B@BCDGJIFE@GAEDCF@J@HCLCJ@D@BF@FDFF@F@DHBHDFDD@@DBD@BBDDBHBDFBF@BDFDFFD@F@BBDBAF@L@DDDD@@BNFVDHAFABEFAJBFHBJCJEFCHBFFFPFTBPBF@BBD@BAB@@A@A@@D@B@B@B@B@BADAB@@AB@@BB@@@F@FDJFDBBBD@D@LBD@@ADABCFCFCHABBBBDAB@@@BDB@D@BBB@@BBDB@@BB@B@D@DBDBHFJFDD@FD@NGJEDE@G@I@EAAECCE@EDEJIBADEBCDEDGDAH@DBDBDBBDDDDBD@BBDAB@DADAFCD@D@B@BBBDB@AABA@@@@@@B@@@BA@@B@@@@@B@@@BB@@@@@B@BAB@B@@BB@@@@@B@@@@@@@BB@@@@B@@@B@@@@@F@B@BDBBBDAB@BABA@A@CAACAAA@AB@NEH@HDFBDBBAJGHKBCBA@A@CCCAECECC@ABA@A@A@AA@AAAA@A@ABABCDAHCFABE@AACAAAA@CAABCBCDADABA@C@AB@@AB@DAFCFCF@DADAHKDGBEDGDCFEFCJELI@ABE@GBKJOFEFCDABAFCLIHGAGCEICGDEHI@QKGIBEJGLEHG@@@A@ACEACACECCC@CBA@ABA@@@@@@A@@@@AA@CAAAA@@@B@@A@@B@@@B@D@D@B@@A@CCACA@A@ABA@@HEBGAACA@A@AH@JABCBCJCDCBCAAAC@CDEHCHC@@BADE@CAABABA@@BBB@D@D@BADAFEHIHKHGuoQMUIQGGCAC@E@G@EACIGCCA@A@W@kHOBOBWAE@CB@BA@@FADABA@E@EAKEICCAC@EBEDIFCBC@CACAAEBKDCHGBEAIAECIDEDIDELOBG@CGCY@e@C@E@CAAEDADAH@L@DAFA@ABABCBEDUAK@AAAAC@ABABABC@ABC@CAEACAAAAC@[AAAA@AA@CCC"],["@@DDB@DDBBBBFBFBD@F@B@BB@@B@BA@@@AAAAAACAA@@@AA@A@A@A@CA@@@AA@A@C@ABA@AACACA@@ABABBB"],["@@@B@@@BBB@@B@@@B@@@B@@@@@B@@BB@@@B@@@@A@AB@B@B@BBB@@@BA@@AA@@@@@A@@@A@@B@BA@@@AA@A@CAA@A@A@A@@BA@@A@@@@BA@A@@@@D@D@@A@@@AA@@@A@@AA@AB@A@@@@@A@@BAB@@A@AA@@@A@A@@AA@@AA@@@A@@BA@CBA@@B@B@@@BD@B@@B@@@B@@A@@@BB@@@BA@@B@@A@@@A@@B@B@@BBB@@@BB@@@@AB@@@@"],["@@CD@B@@B@B@BBB@@BAB@@BB@@@AB@@@@@B@@B@@BA@@@@BA@@B@B@@@@@@@B@@@B@@@BA@@B@@B@@B@B@@A@@@AB@@@BA@@A@A@@@AB@AA@@AAA@@@@@@@@AA@@@@B@@@@@BB@A@@@@B@B@@@A@@AAA@@@@B@@AA@@AABA@A@@@AA@@@@A@@@@@@AA@@AAA@@@@@A@@@AC@A@A@AB@BB@@BA@BB@BB@@B@B@@A@AD@@@B"],["@@AB@@@@@@@B@@B@@@@AB@@@AA@@"],["@@A@@B@@@BB@@@B@@AB@@@@@@@@AB@@@@A@@@@@@@@A@@@@@A@@@A@@@@@@B@@@@@@"],["@@@BB@@@B@@@@A@@@@@@B@@@@A@@@@B@@BB@@@@A@@@@@BB@@BB@B@@@BA@@@A@AA@@@@A@@@@AA@@A@@@A@A@@@@@A@@@@@A@@@@@AA@@@@A@@@@B@B@@@@AB@@@BB@@@@B"],["@@DBB@@@B@@@B@@B@@BBB@@@B@B@@@BAAAB@@@@A@A@@A@@@A@A@@@A@@@A@ABA@@A@@A@A@A@@@@B@@"],["@@BBB@B@B@@A@A@@BA@@B@B@@BBBBBB@HAJAB@@A@AAAA@ABC@A@A@AA@AA@A@A@@@AAA@A@@@A@@@@A@@A@AB@B@@BBABA@@@AB@@@@AB@@@B"],["@@F@DB@@@@ABBBF@B@F@B@DAHAD@@A@A@AA@A@BA@@D@@@B@@BBBBBB@BA@A@@AA@A@@B@B@BA@A@@A@@@@@AAA@ABABA@CA@@@AC@@A@@@A@AA@A@@@@ABA@A@AA@A@A@A@EBAAC@AB@BA@AAA@@@@BABAAABC@AAA@A@IDEDCDABBDDBD@@AD@B@FBDBDB"]],"encodeOffsets":[[[123250,27563]],[[123398,27612]],[[123143,27625]],[[123294,27747]],[[123611,27636]],[[123592,27651]],[[123587,27576]],[[123587,27574]],[[123380,27622]],[[123358,27630]],[[123263,27607]],[[123185,27583]]]}}],"UTF8Encoding":true}