{"type":"FeatureCollection","features":[{"type":"Feature","id":"350502","properties":{"name":"鲤城区","cp":[118.588929,24.907645],"childNum":1},"geometry":{"type":"Polygon","coordinates":["@@J@PDJ@FAHIJM@I@GHC@@@@@@B@@A@@BABB@@@@B@JD@@B@@@NF@@@@@@FB@@@@@@J@FADG@G@A@@@CAMAC@@@@@@@@@@AA@@@@CE@@@@@@CC@@@@@@@@@@CC@@@@CCIKAD@@@@@@A@@@@@CA@@@BCAA@A@@@A@A@@@@@A@A@A@@@A@C@CBCC@@@@AAGECA@@AAAA@ACCEEAAAE@ACEC@EBI@C@@FBBFJ@FADGDEDEAEEECCBCBEN@@CBADA@A@CBCBCDCD@@AB@@@@@@@@@C@AA@A@GD@DCD@BBB@B@BADBBFFDD@@DDB@BB@B@B@D@D@BA@@BCFDDB@F@@BD@B@B@DBB@B@B@BBD@@BAFBFBFDDD@HCHAL@"],"encodeOffsets":[[121385,25539]]}},{"type":"Feature","id":"350503","properties":{"name":"丰泽区","cp":[118.605147,24.896041],"childNum":1},"geometry":{"type":"Polygon","coordinates":["@@DGBE@I@EBCFCFEHEH@FCFCF@BADEFCP@TEJCHKHCVKB]H@RBB@`D@IAGAIOSAE@GN[DIDQBKAACECEEGIEGCMEYCQCADABEJADAH@DA@EFGDOFGBGBQ@MBA@@@@@IBKFEHGPJLDD@@@@DD@@@@@@@@@@DD@@@@@@DF@@@@BB@@@@@@@@@@BDBN@D@@@B@HCHEBI@@@@@@@EA@@@@@@ME@@A@@@ICA@@@@@AAAB@@@BA@@@@@@@GD@H@JINGJEBI@OCI@@FFDDDDFBFDDFDDB@BAB@B@B@@@B@B@@@@B@B@B@BBBDBBBBBBBB@@@@@@D@@@HF@BBB@@@B@B@B@BADADAD@D@B@@BB@@B@B@@@BBB@BB@@BBBAB@B@B@B@B@BBB@DB@@DB@@B@@@D@B@B@BBBB@@"],"encodeOffsets":[[121438,25596]]}},{"type":"Feature","id":"350504","properties":{"name":"洛江区","cp":[118.670312,24.941153],"childNum":1},"geometry":{"type":"Polygon","coordinates":["@@BCBA@AAA@C@CBA@ABABBDBB@BC@CAC@E@CBADA@CBADAD@FAAA@CCEACEAC@ECGEICEACBAFCDKBG@@C@EAGCOCE@EBGCECIAG@ADADCBE@@@@BA@@BC@A@CAACCCEAAIEGGEAGECG@CBCDCBA@AACCCAACCCACA@AICGECABCBC@@@ABA@A@@@A@A@CCCEAACCE@A@C@ABABAB@BA@AB@@AB@BABABA@@@A@@BCDA@AB@@ABAD@BA@AB@@AB@@ABAB@BABABABA@A@ADCBADCDGJOTSFGFEBEHS_CA@QAG@A^ULGDGLIDSFO@EDCFABE@EDEDG@GFEFEDAD@F@JAFCHBB@@BF@BBD@D@F@D@DBF@DAD@DAD@DADABADADCBABADAB@@@@AB@B@B@D@B@BBBDF@DA@GHGDE@E@EDCHAFADAD@BDBHBFDBDBDADCFA@GJCHCDAD@B@D@F@FAFCDAFADBBBBB@FDDBBBBFBDDDBBDDB@DBDDDB@FAD@DABAF@BBBBBBDBH@D@DBD@FBD@DBBBBFF@H@B@@ABADEHAD@FADBB@DBBABCHAF@F@DABADCD@B@@B@DAF@DB@@@BBFBDBFBFBF@HBF@F@@@DEFCFEFCDEBA@CACCA@CBCFCF@HDLBH@HAJ@JDFFD@B@BABB@B@@@@BBB@BAB@BAB@B@BBB@@@CB@@B@B@DB@D@BA@B@B@BBDB@DAFAJ@HBHDB@DABCDEBAB@BB@DBBB@B@BADEDAFAD@F@BAB@B@DBJLDDFBB@FAFCH@JDJBFABAB@D@@@@CAAAABADCDCBC@A@AA@@@AA@AAAA@@E@CEEEAC@CAE@@AAAAAA@@C@AAAB@B@@@DA@@@@@ABEDAFCBCBABA@BB@BF@B@@@@@B@DBB@BB@@@@@@@@@BA@@BAHADBDBDDDDDDD@BADCHEFCFCFC@AA@AAEAAAACCCAEAC@CBC@CBCB@BA@AACCCCAAADCBA@C@AC@A@AABA@EAG@E@ABA@@BB@B@DB@B@B@B@B@@A@A@A@@B@@BDB@@@A@ACCAAAECACAAEA@C@C@C@EAAA@C@ABADCDABAACAC@EBCACBCBAFADC@ABADAHADA@A@CACBABA@AACAA@CB@@BBA@@@AAA@A@AB@B@@B@BBBB@F@DBD@@@D@B@"],"encodeOffsets":[[121555,25762]]}},{"type":"Feature","id":"350505","properties":{"name":"泉港区","cp":[118.912285,25.126859],"childNum":6},"geometry":{"type":"MultiPolygon","coordinates":[["@@B@@@@@B@@@@A@@@@@@@A@@A@@@@@@@A@@@@@A@@@@B@@@@@BB@@@"],["@@@B@@@BB@@@@@B@@A@@@A@@@@@A@@@A@@@@@@@@@A@@A@@@@BA@@B@B"],["@@AA@AAB@@AAAC@ACA@@A@@AAA@C@AA@A@@B@B@BAB@B@BBBBBB@@@@AB@@@BB@B@B@BBB@DBBDBB@D@@@@@@AA@@A@@@@@A@@B@@@@A@@AA"],["@@@@@@@A@@@@@@A@@@@@@B@@@@@@B@@@@@@@@@@@@@"],["@@@@@A@@@AA@AB@@@B@@@@@@B@@@B@@@"],["@@BCHCHAB@D@@A@A@C@C@W@K@GBA@A@@CAA@CCGEGCMIAAE@GAI@A@AA@C@MBS@EBA@ABAD@D@BBD@D@BABCBADAD@D@DAB@@ABA@CAAAAKEICKCCAACCAICSIC@C@C@ABABC@UAA@@AACA@EAYEI@C@qSEFADAH@JEC@B@@A@@BC@AB@BABAB@BAB@BADABC@A@A@ABA@A@I@EDCJAHABA@A@AE@CECCC@@BABA@A@AAC@@@ACAGAEAA@GFMBG@IAEGEEC@G@CD@F@FDH@DC@EAE@C@AF@DFFADGDSDOFEDA@ADEBGBEBE@EAI@C@@@CAC@EBC@CBAB@DCBAB@D@FBD@DADA@CAAAAB@BAB@D@DBB@BABAD@@@BDBDBBDDDFHDBH@F@DA@@@@BDDBBDFD@BDHFBBDBDBD@@DAB@B@DBFBFBHBDB@@DBDDFBD@DAD@FBD@D@BB@BADAJ@DBD@B@@DFBBBBDBHBFBDDD@BBD@DBBBB@@@@CAA@AB@BAB@DBDBD@B@BAB@B@DBB@DBFAB@D@D@D@D@BBD@FBDBDB@BAD@BF@F@JA@A@CACAC@ABAD@DDDFFDF@H@DBHHBHAF@@@D@@@BD@DBBBB@@B@BBAD@D@F@@@BAB@D@DBH@J@JADAFDDBB@DA@ADAD@B@BCBC@A@ADAH@FABADCDCFAF@B@DABA@C@AACCAACBADEDADCDCF@FBF@F@NDB@D@DA@ABEBG"]],"encodeOffsets":[[[121802,25820]],[[121837,25804]],[[121861,25787]],[[121838,25757]],[[121820,25703]],[[121829,25806]]]}},{"type":"Feature","id":"350524","properties":{"name":"安溪县","cp":[118.186014,25.056824],"childNum":1},"geometry":{"type":"Polygon","coordinates":["@@@CAA@C@A@AAEAAAA@C@CAC@CCCAAAAAA@C@CBC@CBA@AAAAA@ADADAD@BABEDABADAHCLEDAAECGGIIEAA@AACBCBACC@CBCH@DBBABABC@CBCD@FCDADC@@BEDCBAFAFBD@D@DADCD@BBDBDBF@FAF@FAD@D@BCDCBEBCD@F@D@D@BA@AAAA@@CBAD@BABCDCBCDABC@C@CACACACCAA@C@AAAACE@A@E@IAIAK@ABC@CBADCTKFCFGDEDCDABABABABBDBBDDBFBB@D@BCBCFCDAHALDN@FBFAAEEIEEGCCEAA@@AACC@C@A@E@A@CCAACAC@CAA@ACAE@AA@@ACAACC@C@ADCDEBAFCFCDEB@@A@@@AA@CAA@CBAACAAA@CBA@CACAA@AAA@@@AACACA@@@@B@B@BA@C@C@CD@@ABABE@C@C@A@AAC@CBA@C@GBC@CB@@KDEBEACAA@CBC@ED@@C@A@AAAACCCAC@CBABABADABG@EDABCDABC@A@AAACAACCCBC@CACCGAA@EBIDCBC@CBCAAA@ABA@ABCBC@A@A@@BC@ECECCACDABCBEACEACC@E@E@EAC@G@EAEAABCBC@ECCAACEACACCC@EBCBC@E@EBCBAFCFCDCBCBC@EBCBABCDCFA@E@EAAE@G@E@EDEBEACAGEGCECECCECGCEE@ABECQGYKIMEECBA@@DADAB@D@B@RAFCBG@CECGECA@EBEFADAHCB@BEDEFCHBL@FCFEBKAKDKDEAAG@GCCGBIFOHGACE@EHETCPIDGAECAE@KDK@ACAACCCC@CBCDCDABCFCAAEAEAGCECEAEAE@CCCCCBABAFCBCDCFAFAFCDCFC@EBCBEBEACCGAEAABAFCFCDEDCDG@G@ECAC@EAC@AC@E@CDCDCBA@A@A@CDCD@@AB@@AD@B@D@B@@BB@BABAB@@ABCFCBEBCBAA@CBEAAACCEACEAAE@E@CCCCBADCBCBADA@KAGEEAKDKHIDG@IEGGDIDEEECC@@DC@CCAECACACCACBEBC@GB@DCD@F@FEFE@AAAEACCECACCEAGCE@CBCDAD@DBB@B@DAD@DAFADC@CAEAABCBCBEBAB@FEBIBE@EBEDE@GAGAGCCACCCCCCACACAECCEC@@A@WGMEACECAAC@A@E@EBCDEFEBGAGAADADCDABA@C@CAA@A@A@ABABABCDABABCBEBA@EAI@AB@FCFABCBCDAFBD@FCJ@F@D@FBBFDFBFDBDDFDDDDBH@H@D@BCDG@O@ODGF@JEN@LJJJPJHRFTHHDB@@BBBBBB@BBB@BBB@BBBBB@BBB@B@BB@B@B@BAD@BABBB@B@B@D@B@B@B@BD@B@D@D@F@D@BBB@BBB@B@D@BAB@BCFADCBCDCBAF@FBDBDDBDADBFFFBBDBF@H@HAF@BDBJBJDFHBPJHD@@@@BBDBBD@JAFMFIDABDFHJADAFEH@L@JEJCDE@KGEGACC@GJILGFO@IFIHGHCN@PALBL@LABCDCDEB@@CBC@CBIDG@C@K@E@C@AD@DCFCBIGKTAFDH@J@B@@EDGBK@IBIFCHMDI@EDED@@EFCD@B@@DDADEDI@E@ECEBEF@FBHBJ@H@DEFBBB@BBBBDBBBBBB@BDBBB@B@D@B@@B@B@BBBBBDB@B@BBB@BB@B@BB@@B@B@BABAD@BABABAD@B@B@B@B@@@B@BA@C@AB@B@BA@@B@DAB@B@BBBBB@D@BAB@D@B@BBBBBB@D@@JRDLCNGJEFA@CDCBIDA@@B@B@@BDB`@HELCD@DDDDDDBD@DBFAF@BBF@BBDDBBDBHFFBDBHBFDDBLFLJFRHNJJPFLFFD@FIFBFFBHBDFHL@JCH@HBHBH@BABCDCBCBADABBFBBDDBDDDDDBDDF@DBDBBBBD@@ABC@ABA@C@@LCJCBE@E@E@@DAD@FCJCDCDAB@@B@BBD@D@DB@D@FADAFAD@@@LBRFJFJBHEJAJ@FFJHRJJBHAFCBIDGHEBCBADADCBE@CC@@CBABCB@BBDBF@D@DABADADABABAD@BD@D@DBDBD@DDBBBDBB@D@DABCDCBC@AF@FDF@PEHEBCDAFBHHLBN@FDBDDDBDDDDBB@BABCBABCB@B@D@DEHADC@A@C@ABAD@DHDJ@FBBBBD@BBB@FBDB@DBDB@B@BBB@BBBBD@DABA@CCEAC@CFCJAH@B@^A\\BH@@@BABA@ECG@EBC@C@AAI@A@CBABABC@A@C@E@AACBABCBADADBFB@BD@L@FEBEDCB@FDF@D@DC@CCE@E@IBI@@@C@CBABEDEFEDCDEBCBABCDADABADAD@BABA@CAAAEAAAABAB@F@DADADABADABBB@BD@DBDBD@BDBBBBAFCBCFAB@B@B@D@@ADEBE@C@C@C@CB@@C@EBEB@BBFDDBH@BB@DADCD@D@@B@D@B@B@@DDBBDF@F@F@HDJBL@LAHAF@FCFCFCBC@ECICC@CBADCAC@@@C"],"encodeOffsets":[[120993,25865]]}},{"type":"Feature","id":"350521","properties":{"name":"惠安县","cp":[118.798954,25.028718],"childNum":27},"geometry":{"type":"MultiPolygon","coordinates":[["@@@@DA@@D@BBB@B@@A@@AC@A@@E@E@A@AB@B@B@@BBB@"],["@@A@AB@B@B@B@B@BB@BB@BBBD@BB@@BAB@@A@C@A@@AAEE@AA@A@"],["@@@@@@B@BE@AAC@AAAAA@@AB@B@B@FB@BF"],["@@BA@@AAAACBABBBD@B@"],["@@DAB@BA@AA@@@A@CD@@@B"],["@@BA@@B@AACAC@@BBB@BD@"],["@@@@@@@@@@@A@@@@@@A@@@@B@@@@@@B@"],["@@@@@@@@@A@@@@@@@@@@AB@@@@@@@B@@@@BA"],["@@@@@@BA@@AA@@A@@@A@@@AB@@B@@B@@B@@@B@"],["@@@B@@@BFBBB@@BBBBD@B@B@@A@A@A@@DA@@@A@@@@AAEBC@AAEAA@@@AB@@"],["@@BBD@B@B@@AB@AA@AC@C@A@@@@B@@@B"],["@@@@AB@BB@@@B@D@@@@@@A@@@@@@BB@B@@B@@@B@@AAC@@@@@A@@AA@BA@@@AB@A@@CB"],["@@@BB@@@B@@ABAA@@@@AA@AB@B@@"],["@@@A@@@@A@@@A@B@@B@@@@@@@B@@@@@@B@@A@@"],["@@@B@@@BD@DA@@@A@A@@A@A@A@@@AB"],["@@@B@D@@AB@B@@@B@BA@AB@BBB@BB@@@@A@@B@@@D@B@BAB@@AAA@A@@@A@AB@BAB@B@@@B@@@@A@@AAAAAA@@AAA@EB@@AB"],["@@@@B@@@B@@@@A@@A@@@A@@@@B"],["@@ABA@AB@BB@B@@@BAB@@A@@@AA@@@"],["@@@BA@@@B@@@@@B@@@@@@@AA@@"],["@@AA@@@@@A@@A@@@@@@@@@A@@A@@@@A@@@A@@B@@@@A@@@@@@@@BB@@@@@B@@B@@B@B@@@@B@@@@BB@@@@@@@@B@@@B@@@@@@A@@AA"],["@@@@@@@@A@@@@@@@@@@@@@@@@@@@@B@@@AB@"],["@@@@A@@B@@@BB@@@B@@@@@@@@@@@BA@@B@@@@@@A@A@@@@@@A@@AAB@@@@@BA@"],["@@B@@@@A@@@@AA@@@@A@AB@@@@@@@@@B@@D@"],["@@B@@A@@@@@AA@@@A@@@A@@@@B@@@@BB@@B@@@"],["@@@@@@AB@@@B@@B@@@@@@A@@@@B@@B@@@@@@BA@@A@@A@@@@@@@@A@"],["@@@BA@@@@@@B@@@@@@B@BA@@@@A@@@@A"],["@@NSFIFGJGJ@TBJALEHMAYHKLGJCJAF@DBFDHBHAFCJEHAL@HBHDDDDFBHDNBFDBD@HADBDBFDFFBBPHB@B@B@B@BAB@BABCBAD@D@B@BA@A@A@AAAAAEIEGCCAAAAA@A@AA@@AC@CBA@A@C@@@AAAAAAAAG@A@C@AB@BABABABA@AA@@AA@A@A@C@A@A@@A@A@@@AB@BABA@A@@CAC@CAC@C@@@AB@BA@AB@@ABA@AAA@@@AAAAAGAA@E@E@CBCJSBADABADABABAB@B@BBD@BBB@BABABC@E@G@AB@B@DBFDFDDBB@B@@ABAB@B@D@D@F@DA@@@@@@AA@AB@@A@AKGOMIIEAE@SASGKCABAB@BFBABC@CBABCBKDqTG@GAIEQUKMAE@EBCBEBAB@D@FADABC@EBGBCDAB@F@DBDBBAD@BCDABC@ADCDCDAD@D@FBDBDBJDF@H@H@HCFCBABC@C@EBADCBCBA@AACAAEAQEYCGAAAA@AAE@@@@@A@@BB@BB@@@B@@A@A@AAAAC@ABADCBGAC@A@ECCCA@CAA@C@CBEBIB]FIDCBCDABADIBQBKDG@E@EAC@CACAEEAAA@A@CEIEA@A@KBA@AA@AAC@ABAAA@@AAAA@@BA@@B@B@D@DAD@BA@@BAAA@@AAA@@A@AACAACCC@CA@@A@@BA@@BABABADKJIHGDE@C@E@CAECCCCCCCOICA@@CAgI]IEEAC@I@MCGCCCAGBABCD@HALAHCBABC@SBMBKBGDCDAB@D@DDJBDBH@DCBCBC@A@ALCRCJM\\@HBFPTBJBH@JGTAFEFEHSTIPCHCDABCD@B@BABABABABA@AB@BA@@BA@@BABC@AB@BA@@BCBAD@@@B@@ABABABA@@BA@@BABA@ABAB@B@D@BDFBDFBDD@D@B@B@@@BAB@B@@ADADDBHFJD@BDBDBDDBBDDBD@BABCDAD@DDHHFFBHHJFBBDFDDBB@D@BAD@@AB@@@@AFCDCB@BBHDJDFAH@FDFDPBH@F@DH@LADCBEDAFBJDHFFDD@FBBDDF@DBBD@DB@@D@J@FBF@FAHAFABCB@FCPETCHCBCEE@CBED@F@FBD@@CCG@E@EDCH@D@FFFHJBH@NAHEB@FBHBDB@B@@BD@B@BABAB@@DDFD@DBFB@B@BABGDIFCJ@B@B@BAB@B@D@BABC@ABA@ABABA@ABAD@@AB@@@@AFD@IBGBCFE"]],"encodeOffsets":[[[121740,25685]],[[121899,25675]],[[121798,25647]],[[121836,25535]],[[121739,25478]],[[121843,25475]],[[121820,25470]],[[121818,25469]],[[121684,25454]],[[121617,25426]],[[121623,25425]],[[121800,25650]],[[121871,25658]],[[121897,25672]],[[121880,25681]],[[121885,25631]],[[121870,25623]],[[121876,25629]],[[121885,25580]],[[121897,25564]],[[121891,25561]],[[121815,25501]],[[121685,25431]],[[121692,25439]],[[121642,25448]],[[121650,25451]],[[121721,25685]]]}},{"type":"Feature","id":"350525","properties":{"name":"永春县","cp":[118.29503,25.320721],"childNum":1},"geometry":{"type":"Polygon","coordinates":["@@@ABEBE@A@ABABAD@DADABAB@DAFCHCBC@CCGAEFCJEJANFJFHDFFDBB@BBBBD@B@DABADAD@D@DA@@DABAB@DBBDBBDBBBD@FADCFABC@ABAD@BADCBABADC@@@CAA@A@ABABABABC@A@C@CAC@A@ABAB@ACAEDAFADAACICCGAGBEHCPCNGFEJGJCNEPATBL@HC@@DADCDCB@DAD@FBF@BADAB@DBFBFBBBF@D@F@DADAFCBADADAFABADADADCDABADCDEBCBA@AAA@A@AB@BCBA@CBCBCBADCDAFAFADADAFCBABC@A@C@C@C@A@CD@D@DB@BDBDBD@DBBDBBBDD@DBF@D@D@BB@D@D@@A@C@@B@BABAB@BABADCDAB@D@B@DDBDBD@FBD@DD@BABABAB@BBBB@FADADBBBDD@DBBBDDBD@H@D@FBD@DBDADBD@BBXNB@BDHBJDF@@@NBDADEGGKGAIAIBED@FFHHHBHBF@B@F@DCFAHAD@FALAB@BDBD@D@DAF@D@BBDD@D@FADCHAB@DA@C@CAA@CACAABABCD@D@F@FBBFDDDB@@BBLDL@L@HABABCBEDG@CDEFE@CBEB@D@F@DABBFBB@DABC@C@A@E@C@C@ADKBCDAJAFABCCGEI@EBCD@H@FA@ABABC@@@ADABCDAB@BADAHCDABE@CAABCBAHCFABA@A@ECCGEAC@E@G@EAC@ADCFA@@BAC@C@E@CCAEAC@AECAC@ABGBA@AB@F@B@DDDHDJDFFDB@@@BA@@@ABABA@@@A@@BC@EAGCCCEA@@A@A@AAA@@CBADCBABA@@@AACAMGIECC@B@@CA@@E@I@CAACEKAAAAAAA@ABAB@DABC@@@C@A@@BEDCFCBE@G@CBCBCFADE@CACCACAAABEDABA@CEAICEICIAK@IBCAA@A@C@AAA@CCAAC@AABA@A@A@CAAACACA@A@AAAAAAA@C@A@A@A@@@AAA@AA@A@AA@EC@A@@AA@C@AAACA@A@ABA@@@@AA@@A@C@E@E@CACCCCEAA@EB@@C@A@ABC@C@C@CACBEBABABAB@DADC@CAC@C@CAC@AACAE@CBC@CDA@CHADAFABC@A@@@@A@CAAAC@ACCCAEBCDCB@DAAACACBCBA@CAAAAAAECACACBABABCACAGCCGAC@C@@FCH@@ABAB@@A@A@@@@BA@@@A@@@@@A@@A@A@@A@@A@@A@A@CBADABCBAA@CFEDA@A@@GCAA@@@A@@B@B@D@B@B@BCDCBCBAAAECAGAC@@CAACC@A@@BCBCBEBE@CBE@GB@@@B@BDBBBABCBI@EBEDEACA@C@@@AC@ACAACAE@CAEA@@@@EEEAI@GBEBEFA@ABGDEDA@@B@B@BABABEB@BAB@DBDBDBD@BADEBA@AB@DDB@BB@AD@DBB@BAD@@@D@B@BA@CAGAGAC@C@@D@@BDCDAB@DDDDJ@FADEDEDEDE@GBKBK@IAGCE@E@E@ACCA@CA@A@C@A@@@@CDCBC@CAAG@CAECAAA@AF@F@DA@@D@D@D@DAFCF@BC@A@A@A@EBADEDABAACA@AACAC@CACA@AACBABCBCBCBE@A@ABBBBBBFBB@DABABC@CBABCBCBADABADCFCDEFCFAFAB@D@D@@AJ@J@FDF@DCDC@E@ECA@CDAFEFK@C@@AEACACBABADABBD@B@F@D@BADABAB@D@BBJ@B@DAD@FDH@FABAB@@G@[A]BA@G@IBED@DBDDF@DABCBC@AAAAA@AAA@A@AC@CCAEAA@AAC@AAAA@ECICGC@AB@B@D@BCDGBCFC@A@A@ADABADABA@CACCACCCACECM@KAGGEACBADGFOFE@ECE@@BADCDADCBC@A@CAAACA@CACAC@C@CACC@ABABCBCBABCBC@E@CAAAA@ADAB@DD@@DAFCDCBABADGFCHAJEDGBIAQIIGEEI@IBGFIAIEQEKA@@C@EBCBEBC@A@@C@CAC@A@AA@CBCDIDEDC@CB@@@F@FAFIDKD@@@DAB@BAD@BC@@@BB@BBBAFADILAD@D@F@DBDBD@D@DBBBDDD@@FBFBDFBNFNHHLBFD@@@@ADCBADADABAFAF@FBDBDBD@D@D@D@BBB@BBBBBD@FAD@DBF@D@BA@@@CA@CA@ABABADAD@B@HCLDHBJ@FEBEBGFABBDDD@@@DEDCBCDCFCDCBCDADCDADADABAD@B@D@@BBBAD@DADAB@@MNAJ@H@DAD@D@BDBH@H@FADADBDBHFHHD@H@FEJGDALSJOJEFAJBLHJFB@DAH@D@FBDBDBDBB@F@D@DAD@D@D@DB@B@DB@F@D@F@DBF@BBBBBBBBDBDAB@D@DBFBDBD@DDBB@DBD@BDBF@BDBD@BBBD@F@DBDBB@BBDBDBF@F@JELEFGFCDADBBD@@CBC@AB@DBD@F@FDFLBFBHDFHFJBB@BBBBB@@B@FBDBDBBB@BBB"],"encodeOffsets":[[120846,26170]]}},{"type":"Feature","id":"350526","properties":{"name":"德化县","cp":[118.242986,25.489004],"childNum":1},"geometry":{"type":"Polygon","coordinates":["@@B@@B@BDDBDBBAD@D@BA@ABA@CBCDAB@BABCDC@ABA@A@BDABAFABABA@@@@FBBHBB@D@FBD@@DBDDBD@BABADEBADCF@B@FBHBD@HGFGFCF@JHLNLHJDBFAFADGDA@ABCB@HBD@DHBRALDJFFFDADAB@F@BDDDFBFBFBDBBBDBB@F@D@DAD@F@B@D@D@DBDBBDBBDDDDB@JAPIPCDA@GEE@IHEPARDLHFLFFN@JGHGBA@AFADCBADADBDDFDBBHBDBBFBDFFNBJCJBFDDFAFELEHBHHJJJJBJ@DGDEHEFBHJHFDBFCBIHMHGP@L@JFFLFRFJJBFAJEDGBQ@EFCFABCBI@MBIFCD@FBDDHFRBHABAHCDCDCDADA@CB@BA@CBC@AE@CAACBCFAFCBA@A@ABCBCBC@CBABCBABA@CBA@A@A@@AACAAAC@A@CEGGGCCBGDC@@AAC@CAA@A@C@C@A@AAC@CAC@C@@MOGG@EBADCJDD@BCJMHELCHCFIDK@GDK@AAA@ABC@ABCBADAFEDGBK@E@@AA@C@C@C@CBC@CBCBCBADCFEDCDCFADCDAD@B@DBFDDAB@DCBCBADADCFCF@DAFADAD@BC@A@A@ADABCDAFCBADA@C@A@CBABADCD@BCDA@CBADABABBBAFCBADEBCDCBABADABA@CBA@CB@DADBB@N@F@HD@@BABA@@BABA@A@CIEGEGGACBADAJELAFCDCBAACEKACCA@ABABCEAEC@CACAAC@EC@CAGIKKKKMGIAE@C@@B@@A@A@A@E@@@A@AAA@A@A@AAAA@AAA@A@GEGCICEE@CDCAACC@@GGKMAECECCIEEECE@AB@D@BA@CCCEC@E@@@@@A@ABABABA@@@A@AAC@CDAHADABCAECCEACA@ADAD@FBFBD@BC@G@ICEACA@E@AACGAEAAACA@ACCEACCGABGBK@K@KCAA@@CACCAEEAE@C@C@ADABBBBD@DBB@D@DCBA@GBCDEBC@C@AC@A@CBE@C@CACACA@KBEBC@GBEBCDE@A@E@GAGAGGEEC@AFBJBJLHHHCFCBMA@@E@ICGAACA@WMAAC@CACBCAC@EAC@G@C@CAACAA@CCCAACACBEBA@AA@ABABABA@ACCC@EAC@CACA@C@A@CBADCBCBA@ABABA@A@AD@B@@@@C@CAAC@C@E@CAC@ACAAACCAC@CACA@ACAC@C@@D@B@D@D@D@BADABEDCBCBEBEBCBCDABADAD@DABADA@@B@BBB@BABADCFCDABCBCDCBCBABEBCBCBABEDCBCBE@C@E@AAEAEACAA@CBABE@EAC@CBA@CDCDCB@@GDK@SAOBMFIDIHEFMHODGDAFBHDHJDBDCBEBCBBFBDA@AB@B@BBD@D@D@BADABABAB@B@BBB@D@@CDABABCDABC@AB@BADEBCDEBC@AACAAAACCAA@ABCB@@CBC@C@CBABCBA@C@AAAAA@CAEEGCIEMEIBIFEDBFDH@DADGDEDCBA@ABCBCBC@ABAB@B@BAFAF@BFDFFDB@BB@JDDDBDAJBDBBFBBD@BADAFBFHDDDDJDPAD@BBH@HAHAFAHABCBC@GAGDC@@ACGA@@ACACACAE@E@CAAAEAAAA@@@C@CBA@C@A@ABAB@BAA@AA@@C@AAA@AAA@B@BABA@AB@BB@B@@@BBAB@@C@ABAB@B@BBD@@A@@@A@A@@BABABC@CBA@@B@@BBB@@B@BA@@BAB@@CD@@A@A@A@A@@@BB@B@B@B@@A@@BA@AB@@@B@@A@A@CAA@AAA@ABA@@@CCAA@B@@ABB@AB@B@@ADAB@BAD@@@BBBBB@BADA@A@A@A@@@A@IE@@@@CAC@C@AB@DBFBHDDFFF@FD@BABCBABBD@@D@D@FCFAFBBD@BAB@BFDNDJ@H@F@D@LHNBJ@FDFHBJ@D@DL\\@@BH@F@D@BE@C@CCCEAEAAABADAFCBCDADFDBD@BEBGAE@AD@HCFEFCH@JEBCBAD@H@BF@FCBB@FBJBFBBD@HEHAF@B@FBDBDB@BBD@D@DDFBB@DAF@D@BBDBF@DCBCB@DBDBFBFBDBDAD@BJFDNDDB@DBFHBB@@@@BA@A@A@EBCB@@@"],"encodeOffsets":[[120863,26444]]}},{"type":"Feature","id":"350527","properties":{"name":"金门县","cp":[118.323221,24.436417],"childNum":40},"geometry":{"type":"MultiPolygon","coordinates":[["@@B@@@DB@A@@@@@A@@@@C@@@AB"],["@@@@B@BBBAB@AAA@A@A@@@@B"],["@@@@@BB@BA@@@@AAA@@@@@@B@@"],["@@@@@B@@BA@@@A@@@@A@@@@B"],["@@@B@@B@B@@A@AA@A@@B"],["@@@@@BB@@@@A@@@AA@@B@@"],["@@@BB@@@@@BA@@AA@@A@@@@@@B"],["@@@BB@@B@@@@BA@@@@@AAA@@@@@@A@@@@B"],["@@@@@@BB@@@@B@@A@@@AA@@@@@A@@B"],["@@BBBBD@@@@AAAAAAAA@@B@@@B"],["@@D@B@B@@@AAA@C@@B@@@@@@"],["@@@BDBDBB@@@@A@AAAC@AAAB@@"],["@@B@@@@@@@B@@@@@@@@@@A@@@@@@A@@@@@A@@B"],["@@@@B@@B@@B@@A@@@@@A@@A@@@@@A@@B"],["@@ABCBCBCBE@CBCBAD@B@BDBD@BBBD@DBBADAF@D@BDDBBD@B@D@B@B@@DDVDJDBDBH@F@D@BBBDFBDBDAB@DCJGJEFAB@DA@CAA@EAEAAACBIAECEAAC@E@ABAD@@E@A@AAEC@A@ABA@AACACECC@A@CBABC@EAEICCA@CA"],["@@@@@B@@B@@@@@@A@@@A@@A@@B@@@@"],["@@@@B@@A@AA@A@A@A@@BBBD@"],["@@B@@@@@B@@@@A@@@@@@@AA@@BA@@B"],["@@@B@@B@@@B@@A@@@A@@@@A@A@@@@B"],["@@@@@@B@@@@@B@@@@@@@@@@A@@@@@@A@A@@@@B@@"],["@@@@@@@@BA@@@@@AA@@@@B@B"],["@@@B@@BB@AB@@@@AA@A@@@@@"],["@@@@@BB@@@B@@@B@@A@@@@@A@@@AA@A@AB@@@@@B"],["@@@B@AB@B@B@@@B@@@@A@@@AA@@A@A@ABA@AB@@@B@B@BA@BD@B@@@B@B@@@@AAA@AAAA@CAA@ABA@@BA@@BA@A@A@A@@@@BB@@B@@@B@@@BCBA@@B@B@B@@BB@@B@"],["@@B@@@@A@@@A@@A@A@@@@@@B@@@@BB@@"],["@@@@@A@@AA@@@@A@@@@@@@@@@B@@BB@@B@"],["@@B@@@@@B@@AB@@A@@B@@@B@@@B@@@B@@@B@@@@@@@@A@@@@A@@@@@AA@@@@A@@@@@A@@@AA@@A@@@AB@@@BA@@@@@A@@@@@A@@@@@@@@B@@@@@@@B@@@@BB@@B@@@"],["@@@@@@BB@AB@@@AA@@@@@@A@@@@@@B"],["@@@@B@@@@@@A@@@@@@@@A@@@@@@B@@"],["@@B@BB@@BB@@@@B@B@@@@@@@@A@@@@AAA@A@@AA@@BA@"],["@@@@BB@@@@B@@@@@@@B@@@BA@@@@@@@AA@@@@@@@@@A@@B@@@@@@@@A@@@@@@@@@A@"],["@@@DBJAFABBB@BB@B@BC@ADABAB@@@@B@BHBBB@ABAB@BB@ABAB@B@BB@@BA@@AAAA@@BABABC@ABIFEDAD@J@LAFA@A@AAC@C@EBCDAB@BC@A@EBGDEDCBAB@DBDBDAD@@CAACCCC@CAG@MFMDC@ADADBDABA@E@GCEEAC@@BABAACA@CA@A@AA@ABCB@@ABCDC@ACCCCC@ABA@A@AAAA@CBA@A@AEEECKCC@IECAGAI@C@CB@D@BBBHDF@D@BDADCFEBEBM@KDGDCDCDGBG@Q@K@[CMEIEGEGCCECGSeCECCCCGAG@G@EBMJEDCBC@CBC@C@@@@B@@@BADEDAB@@@B@B@BSLCBAD@@@B@BBBBBD@F@D@DB@DABADAB@@BD@@B@FBb@B@@B@BAD@H@FALI\\CHCDKF@@AB@DAFBF@DBBFFHDFBJDD@BB@B@D@@BB@@D@FAFCDCNGRMLGNEPCHCLAFADAF@HB@@DBDBBBFFBD@BBD@DAFABABEFCB@B@@BB@@DAF@B@D@BFDBHD@BBDAFABA@A@@B@BB@@FAHAB@DABBDD@F@HBHBFDDB"],["@@@BB@B@@A@@@@A@@@A@@@@@@@"],["@@@@@B@@@B@@B@@@@@B@@@BA@@@AA@@@A@A@"],["@@@@AB@@@B@@B@BB@@B@BA@@@A@@@@@@@A@@@@@@@AA@@@@@AB@@@@A@"],["@@@BB@@@@@@@BA@@A@@@@@A@@@@@"],["@@@B@@@@@B@@@@@@B@@@@A@@@A@@A@"],["@@@B@@@@@@B@@@@@@A@@@@@@A@@@@@@@@@@@@@@@"],["@@@@@@@BB@@@@@@@@A@@B@@@@@@@@@@A@@A@@@@@A@@B"],["@@@A@@@@A@@@A@@@@B@@@@@@@B@@@A@@B@@@@B@@B@@A@@@@"]],"encodeOffsets":[[[121281,25132]],[[121310,25121]],[[121247,25105]],[[121294,25099]],[[121225,25095]],[[121313,25080]],[[121308,25078]],[[121048,25070]],[[121078,25061]],[[121224,25052]],[[121098,25050]],[[121217,25047]],[[121087,25044]],[[121071,25039]],[[121068,24987]],[[121068,25037]],[[121114,25038]],[[121054,25036]],[[121052,25033]],[[121055,25030]],[[121314,25021]],[[121312,25017]],[[121034,25014]],[[121002,24979]],[[121184,24974]],[[121182,24971]],[[120996,24966]],[[121259,25116]],[[121278,25108]],[[121282,25109]],[[121304,24997]],[[121255,25103]],[[121040,25021]],[[121071,24986]],[[121034,24979]],[[121012,24979]],[[121005,24963]],[[120979,24957]],[[120982,24961]],[[120987,24961]]]}},{"type":"Feature","id":"350581","properties":{"name":"石狮市","cp":[118.628402,24.731978],"childNum":8},"geometry":{"type":"MultiPolygon","coordinates":[["@@@@@@@@@@@@@A@@A@@@@@@B@@@@@@@@B@"],["@@B@@BB@@BB@@@@@@AB@@@@@@AAAA@@@A@@@@@A@@@@@@@@@@B@@"],["@@LVFIHCHCJ@FBPHBBB@BAFAJCDAF@FBF@FDBB@DCJ@BBDFJJDV@DEBCEMAE@GBGDKDGFCDAHAHAF@HBF@@@BA@@B@B@@BB@@@BADABAB@B@B@B@B@BBB@B@DAD@@A@@B@@@B@B@BBB@D@B@B@@A@@@AAA@@AAA@@A@A@AD@@CEG@A@@BABC@@@A@A@@CCEOAE@CCEA@AAA@A@A@A@@@AAECAC@@@A@@@A@@@A@@@A@@@A@@@@@A@AA@C@CA@@A@@ABA@A@@GGCACAABGHABA@A@A@AAAAAA@CAADAF@HBBA@AQO@@A@@@@@A@@@@A@@@A@@@@@@A@A@AABE@@@A@@@A@@@AB@@@FBBA@ACAAC@AACA@CAE@AAAABAACCACB@BABA@@AAA@@@@@@@AB@@@B@@@@@@@@@@A@@@@@@@AB@@@AA@@@AAA@@AA@A@CCA@@A@A@E@A@@@CCAA@AA@A@A@AA@@A@@A@AAACACCCAA@MCA@M@@@CBEBGFIPCJOJ@BAB@@CJ@HDHBHCBGFCHAFBF@BABCBE@AAAACBE@GBAACAGGCCCAGAE@C@CCEEE@E@EBGDEFAD@DAHCDCBGBEDAD@FBFDBFJ@FAD@BBBH@HBDAD@BBFFHDDDD@HBF@DBDBBBBABBD@@BBD@F@HGT@D@DB@@@@BF@DBBCDGDBDDJFRHD@@BDJ"],["@@A@@B@@B@@B@@B@@A@@@@@@@A@@@@@@AA@B"],["@@@@@@BBB@@@@@B@@@@@A@@@@A@@A@@@A@@@"],["@@@@BB@@B@@@@A@@@@@@@@@@@@AA@@@@@@A@@@@@@B@@@@"],["@@@@@@D@@@@@@A@@@@A@A@@@@B@@"],["@@@@@@B@@@@@@@@@@@B@@@@A@@A@@@@@@@@@@@A@@@@@@@@B"]],"encodeOffsets":[[[121623,25333]],[[121555,25259]],[[121505,25388]],[[121624,25406]],[[121606,25376]],[[121609,25377]],[[121535,25397]],[[121552,25256]]]}},{"type":"Feature","id":"350582","properties":{"name":"晋江市","cp":[118.577338,24.807322],"childNum":9},"geometry":{"type":"MultiPolygon","coordinates":[["@@@@@@@@@@@@@A@@@@@@@@A@@@@@@@@BB@@@"],["@@B@@@BA@@@A@@@@AA@@@@C@@@AB@@@@@BBB@@B@@@"],["@@@BB@@@B@@@@A@@AAA@@B@@"],["@@@@B@@@BB@@@@B@@@@A@@AAA@A@@B"],["@@@BB@@@@@B@@A@@A@@A@@@@A@@@@B@@@@"],["@@HOFGLEJA@@@@B@NAR@HAHAPEHCFEB@@CBGBCFIBABCC@ACAA@A@CAG@E@GBGH_FEJAHCKUCI@AC@QGIECCCACHADCAE@@A@@A@@C@CHS@G@EAC@AC@AAABAACACAE@GAC@CCGCEEAAC@CBGAG@AA@ABC@EEICAAE@EBCFCHADADCBG@CBCFEHCFAF@F@FFDDD@F@HBDBDDHHDBBBHAF@DABBBBF@DABA@AAEBEDGHEDAAGCG@GDI@@BA@APIMEECECCGCQAM@OBOBIBCBEDCBC@ADADAD@D@B@BB@DDFBHDBJBB@@@BA@A@AB@B@B@@FBBDABCBEAMBO@C@E@AACCEACAA@C@C@EAEEOCGECCCE@E@EAEACACCACAC@CBC@A@CBIAAG@EBIACCGE@CGEGAEECEACA@CBC@@AGQCGIEMEKAMAGGICCACACBEBCDE@KAEBADFFFFFFAJ@NAHAFOHMFEFAH@DBDBDDDDBJBDBBF@FCFytSPMDaHaF_BeAIX@BAT@L@DDFNTBD@D@FAHAL@H@H@D@D@F@F@DBD@DBB@DBF@DADABA@A@AF@B@B@@BD@FC@@B@D@@EFAD@BAD@BA@A@A@AB@BBBBH@JAJAH@FCDIBC@ABADBDFHHDDD@FEH@@A@@@AB@@AB@@@@A@C@IAK@CDCDDB@BBBBBFDHBHFFJDHB@@@@A@@DAFAB@DDBDBDBF@F@F@D@B@B@B@BAB@B@DBB@B@B@B@B@@@BAB@BAB@@AB@BAB@@@B@@AB@BB@@BDB@@DB@@@B@@@@@@A@@@A@@B@@@@AB@@@BA@@BA@@B@@@B@@BB@@AB@B@@@BB@@@BB@@B@B@@A@@@@B@@@@@B@@BB@BA@@BA@@@ABA@@@@@AB@B@@BB@BBB@@@B@D@BAB@BABA@@BBB@@B@@@D@@@BB@@BB@B@B@B@B@B@B@@@BB@@BBB@B@D@BBB@B@B@@@B@BB@B@BB@@BBBB@BBB@B@D@@@BB@B@BAB@@AB@BABABABABABABAB@BAD@B@F@BBDB@@@DFAFBFBDBDAH@DBF@@F@B@HBD@@ADCDC@CHCB@B@@B@D@@@@@@@@BA@@DCDCDADAB@B@BCDA@@FMDADAFDFFFBFCHCBC@EEIAA@ED@J@FAD@DF@BBFBBFFDD@BBBBB@@DBHFBB@@@@DDDAD@B@@@B@B@B@@@@@B@B@@@B@B@DB@A@@DB@@@@B@@@@@@@BC"],["@@@@@@@@@B@@A@@@@@@A@@AB@@B@@B@@B@@@@@@A@@@@@BB@@A@@@@@@@AA@@@@@"],["@@@BB@@@@@BA@@@@@@A@@@A@@@@@"],["@@@@BB@@@AB@@@A@@A@@@@@B@@@@@@A@@@"]],"encodeOffsets":[[[121539,25232]],[[121508,25224]],[[121505,25152]],[[121549,25420]],[[121505,25148]],[[121433,25485]],[[121483,25130]],[[121401,25127]],[[121359,25192]]]}},{"type":"Feature","id":"350583","properties":{"name":"南安市","cp":[118.387031,24.959494],"childNum":4},"geometry":{"type":"MultiPolygon","coordinates":[["@@BA@A@AECCE@IBI@GAGCK@GDEDEDAB@DDDBB@FADCFEDEFE@C@@@EAE@GAEAEAEACAE@A@@CAE@CBA@@@@ADCBCBA@C@EBEDGBAAA@CAABC@EBCFGBCBA@@@A@GEEAAAA@CAC@EAC@C@CAGACAAAA@ABEBA@CBC@ECACCCAA@CCAACCACAEAACAECA@AAAABCBEDCBE@E@E@C@ABCDCDGHIB@DEBCACACECGACA@ABCBCBEDGFCF@F@HCHGB@@CCEAA@A@A@C@A@ABA@@@@BABCBADABCBCBABC@CBC@CBC@CAE@C@C@E@CAC@AAE@@AA@@AAAAA@A@C@@@A@@@CA@@CAA@AAA@A@A@A@A@ABAA@@AAA@AA@@A@A@@@AA@@@A@CBCBCBC@A@A@A@A@@AA@AGE@@C@@@@@@@AAAAAAAAACAAA@A@A@@@@@@A@A@@@A@ABA@ACAECCCAECECCEC@EK@GBGDC@CCAEAEBE@AC@AAA@A@A@CAA@A@C@@AE@A@CCDE@AB@@A@C@C@A@AAAA@CC@@CCEEAABC@A@AAA@ACD@BC@GAA@E@@@AE@CBGACACAEBECE@@A@AC@A@E@ABC@ABABABABABABABA@ABA@@BA@A@AAA@@C@A@A@AAA@AA@AA@@A@AAAA@@@A@A@A@AAC@A@A@AA@@AA@@A@A@A@A@A@A@A@@AA@@A@@@C@@@AA@AA@@ABABA@ABC@A@@@A@AAA@@AA@A@@B@@@@AB@B@@AB@@ABA@@AA@@@@@A@@@@@@BA@A@@@AA@@A@@A@@@ABA@@AA@@@A@@@AB@@AB@@A@@BA@@@@@AB@@@B@@@@@@@@A@@CA@@CA@AA@@ABA@@@A@@BA@ABA@@BA@ABA@A@@@A@A@A@AAA@C@ABA@A@A@A@A@C@E@EAEACACCCA@EBCB@@@B@@A@CGEIGEGAECAAAA@ACADCDCL@JBD@B@@@@@BA@@BA@@B@@@FG@ECCGCEGACBCBAD@JADC@EBGBI@IAGAA@ABAB@B@B@@ABC@ABCFE@@@C@AD@@EAC@@@A@ABEB@B@BABC@CAE@CAA@CAC@C@E@E@C@C@G@GBKBG@E@CACMSCE@C@KBS@AJWMGMIEEEEECGAIAGAECICOIQGWMMIEEACCTI@AB@DAHAFABEBCBCDEDA@@FDL@HADA@CCEIEACA@@ADAB@D@B@BFFDDDF@FBDD@D@BBBBBBBB@BBJBFEPAHFFFDDD@F@NBH@DUNEDADBHBDABMHIFGHCDBFNTHLHJ@DBDAB@@CHCDCDIBC@CBAFCJ@FCD@FFFLBH@DCD@DD@D@BDD@DBFADCB@FDFDBDADAB@BDAF@BCFABABA@A@AAAAAA@AACC@CDCDEBCDAD@BDDDDBFEDABBDBDC@CBCBCDEDEBCFCHEDAFAFAHADEDC@GBEBEBCDG@GAEAE@CCCCEAE@CDCBEACD@DE@GA@@AEAEEAG@E@@BCBADAD@B@BCBAD@@EHAFBDDBBDAD@FCBCBGBCBCDCDKDSLEH@FFNLBBBCDCFEFCFEAG@EDC@@@AAA@@AA@A@A@AB@@CD@BCBIBM@IC@EC@@F@FEBCDADABAD@FADADCDEDEDABAD@F@FADAD@FDDBDBDDFBBDD@FADADBBBF@F@HBD@F@F@FDDFBBDAFADCBBDDDDF@FAD@@@B@BADAD@BAB@BBBDBDAD@DAJCFAB@HBDDDBD@DADDBBBDBBB@D@BADCBAFCH@BABCBABADAD@DBDDBBBBB@D@@@FCD@DAB@DBFBFALC@@DAD@HAD@B@DAD@BBB@D@D@F@BABA@@DCD@D@B@@A@A@A@@B@BDBD@B@@BB@BBBBD@DAB@DBBDBBBDAB@DBB@@B@@@BA@CFEDEDABCFCD@B@DDDBBBD@@BBF@DB@BBB@DBDBDDB@D@B@F@B@DDDBB@@BBDFHDFFFJBFEBEAM@KCGBCBEDADADC@A@EACAACCAAAABABABCBCDCFEHEDSLCDAB@DAD@BBLBJ@J@F@BDFBBBBD@B@DBBDBDBD@D@DADCBADCDADABC@AB@DB@BB@BABC@C@E@C@ADAFCDADC@C@EBE@EBE@CACAAAC@CDCBC@C@EAEBABCDAF@@CDCBEDC@AD@DADABABCAG@AD@DDDABADBD@BBBJFHJDHBFCBKFGDCBABCBAFABC@CBCB@BBBBB@BAB@DAD@D@DBBBBBBDD@DBD@D@DBBBBBF@B@B@DBB@DD@D@HBHBDBB@@A@A@C@@BC@AAA@CBCA@@ACA@CBAB@FABC@AACACAC@CBA@AFABABA@A@A@AB@FCHCBAB@FEFAHAJ@FBFF@@@@FBDBF@DBBBBDD@@B@@@DDBFBFCFAJ@DABAAACA@A@A@@HAF@DAF@FADADA@AB@D@BDDB@@BDBHFDBBABADCDADA@A@C@A@A@@@@B@@BBHD@@@BCBEF@DBBDABABCDAB@B@@@@BB@@@@B@BB@@@@@B@@@B@@A@@B@B@@@BABA@@DG@ED@D@HBDDBHBDADABABBDBDFDBBBBBB@DABADBDBDBB@CDADCFADBDD@BBDBB@D@B@@B@D@BABEBCDGB@DCD@DAF@DBBBD@DBD@D@DBD@BC@CBABABAFADADBD@D@D@BAB@D@@@FAB@FBDDDDDBF@F@D@B@@@BB@@@@AB@B@BDBBB@B@DBB@@@BFDB@@B@BBBB@BB@@B@B@B@D@B@BBBBBBB@B@BDBDBB@D@B@BABBBD@BBDDB@BBD@B@B@DBJAL@JBJDDFBJDFB@BAFCBABBBDDDDBF@BCDEDADAH@F@DADEFC@AB@D@@@D@BA@CBABAB@BBBBBBFLBDDBJ@F@@@DB@@@ADDJFNHDBBB@@B@BADABCDA@@BB@BBC@ABCDEBC@EAAAABA@@B@D@FBD@DA@@@ABCDAB@BBBD@@D@F@D@H@D@D@FAD@BA@A@@@A"],["@@@@@@@@B@@@@@@@@A@@@@@@@@@@@@@@@@@@A@@@@@@@@@@B@@@@"],["@@@@@B@@@@@B@@@@@@@@B@@@B@@BB@@A@@@@@A@@@A@@A@@@@@A@@A@@A@@B@@"],["@@@B@@@B@@@@B@@@@@@@@@BA@@@@@@A@@@@@A@@A@@"]],"encodeOffsets":[[[121416,25894]],[[121270,25180]],[[121301,25152]],[[121289,25160]]]}}],"UTF8Encoding":true}