{"type":"FeatureCollection","features":[{"type":"Feature","id":"350825","properties":{"name":"连城县","cp":[116.756687,25.708506],"childNum":1},"geometry":{"type":"Polygon","coordinates":["@@TEHIRDTDLHRHVDXDPAPGHOD]FSFSLOLOJIHGFM@G@AAC@EAEBABCDADCBC@CACEACC@A@C@CJODE@C@@@A@AGBCAAAAAACCAKCAA@ABA@ADCJIDCB@BB@DAFAFB@B@DADGHMDC@A@CAYEEICCC@CFADALDD@B@@AACBA@@B@B@D@@@BA@@@C@ABA@AB@B@B@B@@@@AAIA@C@CDC@C@@A@AJIBEBKBCD@H@LBHBBBBBP@fIRCPODM@IHKNKLKLQHO@SCMAK@EDAD@B@@BB@B@@@@@@EAG@CACBEO[OOGKGMBWCIMAU@CBGDEB@FAFAFCDCBA@CAEIABEFGD@@AAKYB@B@B@B@@@BA@@@@B@@B@@B@B@BA@@@@B@@B@@B@@AB@@@B@B@@@@@B@@A@A@A@@@@@@@A@@@@AAA@@@@@BA@ABAB@B@B@@A@@@@@AA@@A@A@BCBA@ODE@GBC@EBEBCBCBKDC@C@GBCBA@ADABABABCBCBCBADAFADADEDCBC@EBCD@BABC@AAAA@@UBSFQASCKEOQA@K@CBAB@B@NABABA@ECAABIACEAEAAC@EAEGAICGCAC@CFAH@B@@AACIE@ADCB@BIAKEMIKCECKAOBKFOBOCKCMBIGCG@C@GECA@I@CBGBKAG@ADC@CBCFCDCBACCOMCCB@A@C@C@KJABCBCBE@AAA@AAA@ABCDA@KBYNEDABGBCDGFKJGFC@@C@KAOAG@CBE@A@A@AACCACCAACC@C@AA@AAAA@@CACBARAHEDSHKDAAEIGSAICKEE@@E@[JMDYOKSGEKKM@O@ODKEOEOCMAAIBKDMBMAMAOBKEBI@ODIDGJE@KAKKGMIEDEFGHGPIDCJMBOAIEIKCE@MJOLINCHKNIFQHOLOdELEZDNFNNJHRBFSXMPELMRGBIEAGCKIEKCIFONUHAFAJDLDRHjFLCVAdFVDLLZFNHNBBFLDRAXCLEJCNBLFFPHF@BHFJ@@HBB@BBB@@B@B@@CFCF@DABBB@F@@@@@@@F@D@BCD@BGDAB@B@@BD@D@D@D@B@DAF@BBH@BDBDB@BAFAF@FDDFH@DBBBD@B@B@BAB@@@BABBB@F@BABABAD@D@DADAB@B@F@B@B@DBJ@F@DBD@B@DBDBB@B@B@BHBDBBD@DE@EA@DAB@F@BBB@B@@DBB@D@@@H@HBBBBB@B@@@@ADADAB@@BBF@@@@BCFBHAB@BBB@BFJDBBB@BBBDBBHDBDB@@BB@BBD@B@BABAB@@BBBBBBBFAJ@F@BBDDNBD@FAD@NBBBHBJB@FDNHFDLJNFHH@H@FB@BDDFBDB@BDBDDD@B@BABABEA@@@@@@E@CDCDADE@IACAC@A@ABA@ABEF@BAB@@BBDBB@@B@DAD@F@DAF@BA@A@CBEAABCBA@CH@D@BA@A@E@AAABAB@B@B@@BD@@BDBDDFDDBBBDD@BADCBCDC@@F@BBDBB@BBDFB@BBBDHBBAD@B@B@D@B@HADBB@AB@BAD@BABBB@FAB@B@B@DABA@@D@BBBHFBB@B@D@B@B@B@B@BBB@F@D@@ABCBEBA@CB@@HFLHLPLBFCDEDGFGJ@LANCHERMREPGJIDIBM@QDUDSPKRHNHNHTBJCBEKMIQEOCSAGJMh[NOVMRDRDPHNFHAHAJHHRFNHLPHDDHNHNHJPPXJPBRALI"],"encodeOffsets":[[119746,26471]]}},{"type":"Feature","id":"350802","properties":{"name":"新罗区","cp":[117.030721,25.0918],"childNum":1},"geometry":{"type":"Polygon","coordinates":["@@BBB@JG@EDE@@B@B@BB@BB@@@B@FCF@DAHOLKFGJKNQHGHCEGE@EAHGHGFCHBFF@@@DBBDBBA@@BABA@@B@@@@@@A@@@@D@BDD@@@@A@@B@@CCC@ABAJAJCFCDCBA@A@@@A@@B@B@@@@A@@B@@@@@BAB@B@@A@A@@B@@@B@BB@@B@BACEEGCKA@E@A@AAKMAOLOJIFIDIAWASMQDGHCRBTINIDB@ABCBCBCDABC@AAC@CC@EAAAA@AAA@MACAAA@G@EBCFBL@@@BABC@CBAFEBABA@A@CGOSEIE@IJY@SECECAA@A@@AADILCPGHM@KCGGGCKBMBMIKIAMDODQEKGaMOKMIMSEIDADBF@DAJAD@BABA@CAACCCCAAGEEAEAGCAA@@@S@IFIHAPBL@LMAOOMIKCQGKII@GAO@KIK[YUOOMSQKWCMKQCOEKCODY@AGAEACCACBMBCH@FABA@CAA@ADEBCDEDCB@VILE@@AIAECCCCGAEACCACAG@A@ACAA@C@@@AAA@@A@E@C@GBE@A@A@@BEAGBCBA@C@GDIBC@ABCBABAH@DA@I@@@CB@FA@CCIAACCGC@@E@AC@CAACCQG@@GIAQ@MASA]EGOKGEGKMaMKM@gFQDKAIAACSIMDEFAJ@J@DDVCTAHIHBTJJJFFHLLDPANMLURQP[LCDAFBHLDVBHFDJ@HMPOFMHWFUCMBOZGRMP[FSGIGIGEBMHOEIGMCOAKFAJJNLLJJ@P@@@@@HAB@@@@GHGJOJKD]DIFGPDfCRKNINKNIDGLA@A@A@E@C@A@AB@@EDI@EAECE@CD@F@HEDGDM@GA@CBADCBACAE@EDEDABAA@CFCBC@AACGAI@EDEDABGCC@@@ABA@@@A@ACCCA@AA@@AAQKIAkJ@FDNDPARCLEDGFUFW@MBE@GNKJUDMDDHJJFDPJPHNFVEFALCNARCPBNBTTVPLLDBJBLAPAP@NDLNLNHLLHNJPHdNPBTBRC^JBL@BPFLFFDDH@DABCBODCBADCDCD@@@@AFCDCDCDBDBD@DCDA@EAKGABCFABEDCBABAB@B@B@@@@A@@F@BHDZVLNLHVXFJEJ@LFNDNNFFJAHGPGFCDC@C@CAE@CDABAFADA@DDPNDDABCDEDAD@DCD@BBHALAH@D@JDBHFD@H@HDAJDNDLAPEPALBPDLDFJLFNBLAJA@CD@BJFBD@BA@G@EB@DBDHDJDHBBF@FBDFBFBBDAJBBFDB@BABA@M@ABADAL@B@PRLFTDRBTEVA@@BBBBD@BA@ADCFAD@DAFCBCBCBEBCDADADABABABABCB@DAHAD@D@LCDADAFAFAD@HAF@PCB@DA@A@B@BB@@B@@@@@BA@A@A@AB@BAB@@@@B@BB@@@@@B@@@@@@@B@B@BA@@@@@A@A@@@A@@BA@@@@AA@@@@@ABA@A@@@@AA@@@@@AB@@A@A@A@A@LZBB@@HCFEBAFJDBB@DADCBEBE@EFAHCDAV@NBDJAXHNHLPPP\\AFBD@DBH@F@@DDBBBDDBD@FAFGFKFGFCDAJFDFDBDBB@B@DB@@BD"],"encodeOffsets":[[120026,26184]]}},{"type":"Feature","id":"350821","properties":{"name":"长汀县","cp":[116.361007,25.842278],"childNum":1},"geometry":{"type":"Polygon","coordinates":["@@B@@ABABA@@BA@@B@NEPIPCXERAfCPGJIDKAK@SDOHKHEL@LJPNLHPJNNJFH@LERGRCVERGJFHHFHHALCHEHCLBHDJLBTDNBJLCPIDC@AACAABADAHBF@@A@AA@@AA@AA@AAA@ABC@@CEEQ@O@EHEDICKBM@KDEHAV@LKDCKOKGGE@@DAB@FADABA@@@C@EAA@A@A@A@A@A@C@AAAGEAA@A@CB@BA@C@A@ABA@EAABA@ABC@ABAA@CAGBA@C@A@A@C@ABGAACAAA@CEAAA@CAAAE@@@CDADCDABC@ACAACCCEACAC@@AC@@@A@ABABABBF@B@B@@A@CDGB@DABAFBDAB@B@@ABE@C@EBC@C@AA@CAAA@@BA@AFEBAB@BAB@D@DBJBF@BCDCDCF@@@@@@@FBBABA@A@ACCACACA@ACCEACA@@E@GGGMEKIECMGECA@AIAGAA@MBC@EACCMAC@A@EBIAEAAAAAA@@BABA@A@AAC@AAA@@CACAAGCAAA@AAACAEI@AAA@ABAAGDE@A@@E@AA@@BABCBC@@@@@AAAAAGAG@@@C@A@CA@@@AAA@A@EBA@CFBF@@CACCAGA@A@A@AAAAC@C@AAC@C@EAI@C@A@A@E@ABABC@C@CBCBABA@A@EAABA@A@@BA@A@A@AACAA@CEGCC@EBEBE@ACACA@AAG@ABE@C@A@C@C@CAC@@@ABAHC@ADC@A@C@E@@@@@@@EAABA@CDEDE@@@A@AA@AAA@GA@@EIAGE@OGEEAKDMFIDKBWCQEKAAGMEMKYCKEUSBIDGBMDKAKOIGMGOKO]Q@GJIHI@KAOGOKGMCI@IAMCUGMCGKCS@KDOAQCQCMTAHBBBBBD@B@B@DADCBABABCBEBABCDAB@BA@AAA@CCGGCAEAAACCAAAACAACAA@CAC@AA@AAABADAFCBABCACC@EDEDEBE@AE@EAAAC@IAA@AAA@@AAA@A@C@A@CBE@ECCKEC@EMGO@GBGLMCKIEKFSFG@GDAJGVANGPANFV@LNbFRLLP\\DJLLHLFJD\\@B@F@BADABA@EAECCAA@CBADAB@B@BCBGACBABAFADCDA@CB@B@F@BADCBKBG@ABA@A@E@A@A@A@ABA@A@E@ABA@CBA@ABCBABAB@BAFBDDFABE@A@AACAAACCEEEAC@A@ABCBCBADCBA@AACAAAAAA@CAA@A@EFA@C@A@@AA@OHOHOHIBCACG@KAC@AA@C@C@A@G@CAAAAAAA@AC@C@G@@@AAA@AA@C@CBALCTGJGBCgSGBIFEBA@AA@AAA@C@CBCHEXENEFI@CAE@AAAA@@@A@EDABAACAECAACCGCAAC@C@ABQD@@GJIPUZKLKJKDUCKAQEO@QDIFCPMRA@I@AB@@EACCAAA@CBCDAFBL@DBD@@ABA@AB@B@BBB@@DBDDFHBHDLHBFBPBLH@@ADAD@@BD@D@DAD@D@D@D@B@D@DBB@DBDBF@BBBDBDADAD@D@D@D@DBDBBD@DBDFDBFBD@DCDADCBABBD@D@BCDCF@N@PCJIFGBED@FHLFH@BC@CDADAF@DDBD@D@D@D@BDBD@BBFBBDDFBB@BABCDCB@@@B@BD@B@DBF@D@DCDEBAB@DADABABCDAB@DDBBBDD@D@BCB@D@@BF@B@@B@B@B@B@@@@B@@@B@@GDEDABAB@BDD@BDFAHBDBBD@BABE@C@@FB@FAH@FBFDBDCBCD@DBDCDADED@D@DDBBBBD@FAD@F@DBD@FBBDDB@D@D@FAB@FAH@HBBBFBBDDBBDBB@DDADAB@FBFBDBDDDFFDD@BBDBFBBF@F@D@FBBBFADABBBDD@D@JFJBB@@@D@B@B@BA@AAACE@A@ABG@@@E@C@AFABA@@FBFD@D@B@D@BBD@B@D@F@FBDBFBDDD@D@DEDADAFCDC@CBAD@BADABCDCBC@CBBF@BBD@DABAFCBABCBABCBEDC@CBE@CD@D@BADABA@@@CCCACD@F@H@DADAD@B@D@F@D@LBDBB@DAFDBDDDBDBDBDBBDBFBBFBFFFBBBF@D@FB@@JAD@DBDL@FBBBDBB@DBBHDJFBBFBD@D@D@DADBF@JBBBBBFDD@FBFBFBD@DABEB@BCDCFAFBFBB@DBF@D@DAFAFBDBBDBDBHDDDBFBF@D@F@F@D@D@DDDDF@D@D@DBFBDBDBBD@DBD@BBFDBBBDDDBDBD@BBDBBBDD@DBFBF@@BHDDH@L@FDDBBBLBL@JAL@FBDDBBAD@DAD@B@BAFAFADAFADCDADAF@FBD@@@B@B@B@B@@BB@BBBB@@BBB@@D@D@B@B@DB@D@BAD@@DD@@FDBDBB@@@B@@BB@B@BB@@BBB@BBB@@@B@BBB@BB@@BB@B@BBB@B@@@B@B@B@B@BBB@B@B@B@B@B@"],"encodeOffsets":[[119194,26658]]}},{"type":"Feature","id":"350823","properties":{"name":"上杭县","cp":[116.424774,25.050019],"childNum":1},"geometry":{"type":"Polygon","coordinates":["@@BcDUEKGiCQCKBIBEVGPMJELDJFDLBHJFHANQFKNOTWAEGQMIEMCMFYFKPcPKRGJELMDGJMPKNIF@LDFJBJAPINCDOJGHEHCFJFHNLLLBF@HIJCPCJ@FAALBPBNANCNALBJNBPDPFLFPCP@N@LLHFLTZPNC\\IF@@@FFDLBJHTFJBBLCTGFCBGBQDADB@@BBBBB@@B@DDDBBDDDBBD@B@B@BAF@DBHBP@L@DD@HELIHEDCHABAFCZMLAB@DCBAB@BBB@BBF@DADABALID@D@B@BCBEBADCF@DBD@D@DCHEHOBGEIMECMEM@KFIEIUWKGKMYUGC@A@EB@@@@@@A@ABABADAFCBADEBALHFBB@DC@CACACDCDCDCBE@@@@DCDCBCDAPCDABA@CCGECKEOE@AAK]IQDSAOAcMOGMIKGGKKMKMMCO@OBKBIACAKKUOSSMAOAQDMBKDEBUFMEOGOIECIICGNCVCLIHMF@NAX@VEHEFCDKBQCOCM@E@KJGHANQJQHKJQ@OEMMEIAEA[JOAQMEMBGNK\\]HENOLQ@GGEOCCGCSAWAQEQMEKJMHWFOCI@Q@IAEGEEMM]OUGIGAQBIBG@@FE@A@ACE@A@A@EBGBEDEFCDCFAD@F@B@FAB@H@BCBAB@D@FAFANIFEFCDCFC@A@AAAA@ABC@A@CACAEAECAIDEACCAI@KFE@EEACGAOCIEGHIHMRQNM@QAICMGKMWOKKKI@@CAO@KFEJALBL@LEFEBI@IIMIKEgBI@KEEGAE@EGIIMOGEDIPMNKBMIOI@AACAACCC@AACAC@A@@@CDEFEFA@CDCBABADAB@BAD@BAD@B@B@BADADC@ECECE@I@CDABBD@B@DCDCB@@@@AB@@ABA@@B@BAB@BBB@DBB@B@BBD@B@BAB@B@BBB@BBBBBB@BBB@BBB@BBD@B@@BB@BBB@B@B@@@B@B@B@@BB@@@BB@@B@BBDBB@DBB@DBBBB@BBD@BBB@BBBBB@@B@B@@@B@@ABA@@BAB@@AB@BABA@@@A@A@A@@@A@@@@@AB@B@BBD@@@@AB@@A@@@A@CAA@A@A@@@EBABCDAD@B@B@B@BBB@BBB@DABA@ABABABBB@@BBB@B@B@BB@@@B@@@B@@@BA@@@@D@D@B@@BB@H@BCFABBFAH@@BD@BAFAFCDAFA@@B@FDBDDDDBFADADEDE@ECA@AB@DDFHRFHBHAFIHIFE@EAC@E@@@KHMNMFMHIBICeGSEMCIHGJCL@P@NKNMJGNLH\\VNLHLENKPEJ@@@@GPC^DTFPNHRDXHNLLJBH@FHNLDB@FBJBJ@FBBB@BC@EBCB@B@FCFCFADBFBBJ@H@FA@EBEDGFAFDJFLHJD@@HHDNDHCFMHUF[JIHCN@LADGDIFS@@@@@@@OCU@OBSFIHKLEPDNNLJHRLLPJNFRDLKNIHOPC@JFDLKNAH@HHPFND@LFDD@FAF@D@B@D@BBB@BB@BBB@JBD@BBFBF@@BAFCFCF@FDDDBBADABEBCBABBB@@BBD@DBBBDDBBBBBDDBBFBDBHHDDB@BBB@@ABADCBAFADABABADABC@C@A@AACAAAABGNSRDRDPBLCT@LDDHHNDVBN@JDJHNPLPHLBJ@JGHIR@P^PLNHJHLPLBNCHAJCTA"],"encodeOffsets":[[119350,26054]]}},{"type":"Feature","id":"350824","properties":{"name":"武平县","cp":[116.100928,25.08865],"childNum":1},"geometry":{"type":"Polygon","coordinates":["@@C@A@ABA@E@@@E@EAC@A@AAAA@@A@@@A@@A@CBC@AAA@@A@A@C@A@ABEDCACAGIAAAA@@@A@@CCGE@A@AB@@A@@@A@C@A@CAA@AAC@A@C@C@A@CAC@CACACA@AAAAA@A@A@@@A@A@A@@AA@AA@AAC@@AA@@AB@@@B@D@D@@IGSI@@ACCAACCACACACA@AA@@AA@AAACAAA@EAEAEAE@CAC@C@A@E@C@E@C@C@C@C@ABCAA@CAAAAAA@AAEAAAA@A@C@A@C@C@EDOJ@D@B@DBBBBBDBBBDBBBB@@BBB@BDBBBBBBB@BBB@B@BB@@@@@B@B@D@B@BABA@ABA@ABC@A@C@C@AAC@CAAAA@AAAAA@AB@@ABC@ABA@ABAB@@@B@B@D@F@FAD@BAB@BABABC@ABA@@@AD@BADAB@BABA@ABC@C@C@@BA@IPCLAFAFGBICCAEGACECEECCCA@ACCA@AAAAAAA@IKEGGAI@@@AAC@C@ABABABC@CBC@C@C@A@CBC@@@A@A@@@ABCB@@A@C@ACA@E@CBC@ACA@A@CDA@E@AAA@BCBCAAACACAAAA@@@@A@@@ABCB@@AB@@BB@D@FAFCF@@A@@@@@A@C@C@@@C@CB@@A@@@C@@@AA@A@AAAA@A@@@@BAB@DAB@@@BAB@B@@A@@@@BA@@B@@@@A@@@C@A@A@A@ABA@ABA@@@A@@@A@@B@BAB@@@BA@A@@BAB@B@@@BB@@B@BBB@BA@@BA@@@AA@@A@@AA@@@AA@@AAABA@@@@B@@BBB@@@@@BB@B@@ABA@@D@DAHCFGFIHGJEFABABCBA@ABA@A@A@AA@AA@CCCCCACCA@CAC@C@C@ADCBCBC@A@A@A@@@@@A@@BAB@DAD@BAB@BA@@B@@AF@@@@@B@B@B@@@@@@A@A@@@A@A@A@AAA@@@AA@@@@@BA@@@@AAB@@@@@@A@@B@@@B@@@AA@@A@@@A@@@AA@@@AB@@@@AA@@@@@@@@AB@@A@A@@@A@@B@@@@@B@@@@A@@@AB@@AB@@@@A@@@A@@@@@@@AB@@A@@@@@AA@@@@@A@@A@@@@@A@A@AB@@@@@A@@A@@@@AA@@@@B@@AD@@@@A@@@@BA@A@A@A@@@A@A@A@G@GBC@A@A@A@A@CBCBCBCBC@A@A@C@@@A@AAA@@@A@@@@BAB@B@BADEFA@ABADEDABCAC@CFGLAB@B@B@@AB@B@@ABA@ABA@A@C@A@@@ABC@ADCD@D@D@D@D@FBDBDBBB@DBDBB@BBB@DB@AB@B@@@@ABA@@@ABA@@B@B@BABAB@BA@GDEDAF@FDDBFALGHAH@FBBBAHMTQPSTKDUBCD@BBB@@@DC@ADCB@BADAD@B@D@F@D@DADBDDBDBBBB@HAHADFBJ@@D@FBBFBDDBDABBBDBBDBD@DBD@B@DCBADADDBDDFD@D@BD@@BBAD@@ABA@ABCBADAD@D@DA@@@@@A@@@@@A@@@@@@@A@A@A@@@A@@@A@@@@B@B@B@@@@BBB@BB@BAB@B@BBDD@BB@@@B@@CBABAB@BCFIHMFKBM@C@E@C@ABAF@JBFFF@BCBABCBADCBCFAD@D@B@@@D@B@BBBB@@BDAF@B@FD@@DBBDBD@DAFAFAH@@EBCDAF@FCDC@GCGAGBCDADA@EAC@ADAHAHBBJBFB@DABABCDCBAFABB@BBFB@DAD@BBD@DAD@FBD@BAJ@FAH@FDDFDFDDFBFBBFAHCDGDAJBFDBADBDBBBBBBDDBBDDDBDDDDBDBF@D@F@DAFCBBDBDBDBD@DBDB@DBDBDBBBBBBBDBB@DBD@BBDBBDDDB@FBDDBDD@DBD@D@BAF@DCD@BAH@D@DBBDFDBD@B@HCB@DAFEBAB@H@@@@@DBDBBB@F@D@B@B@@BBBBB@@@B@D@@@BA@@BAB@@AB@@@BGBA@@B@BBFF@@HD@BBBDDDB@DDDBF@BBFBD@BDDBF@DEDGBA@@DFBBBBD@LEHCFIBGB@@@B@BBB@BB@DBFBBFBHEJEHCH@HFJNNBDDBBBDF@BADAFABAHADAD@HBBDDF@DAD@FBDBDDBBDD@HAD@D@DBD@DBDADABABED@B@@@HEJCH@HBHBFDFDHBBJ@B@NQDOJERCP@RFLBVDLCLILKVYJOHI@@RCBAD@D@BBHDDDBBFDDBBBBAFCB@@@B@BB@BBF@DEJMFWFGFAD@D@DBB@BBBB@FAJEHAhTADIHSHKDAB@D@DBBB@BB@@H@D@D@@BBBBBBBDBH@B@D@D@B@@BBD@LDHDBJAPGPGPGB@@BB@D@B@FEB@B@DBB@BBBBDBBBB@DABCDADABAB@D@FBFFDDBBDBBBB@F@BACEACBE@ABABADABAB@DAB@BAF@B@B@BAB@B@B@F@B@B@BAH@LADABC@A@E@ADAB@DCBCBEBADAHBDA@A@ABABCDAB@DBFDFBB@BABC@A@E@AC[EIGKKKCIO[KKEQMa@KEUBMHOBMHUBIHCH@TELED@POJGLMCKEQIMKOQKIGMKCMFOLKJGTEPAV@PD@@@@@@T@JEHCBC@KDMJG\\IVENGDECGCMGG@@ICKGIEECEBCHAF@FEBG@I@AAAEBCDEDE@E@ADAFAD@@AAAEAI@IAEAA@KCGM@EAGKIMKWGQCMGEOCSD]HO@@@@FILOFMGKMK[UKGHMNILM@M@ODKHIJGNDTFfHJDJANGNENMLG@@F@D@FBF@JEJGBEAGEGGQCE@CBAB@FDF@FCBCBCAECCCCCA@E@AB@BEDCBEBE@AAC@@BGAEBADE@A@GAA@@@A@C@C"],"encodeOffsets":[[119189,25475]]}},{"type":"Feature","id":"350803","properties":{"name":"永定区","cp":[116.732691,24.720442],"childNum":1},"geometry":{"type":"Polygon","coordinates":["@@MCEIAMBM@MEIGGI@OIMIGKAK@GBQ@_AQESCWB@DEHEDG@E@EB@HAJ@B@DC@C@A@C@ECCAC@EEI@CBAFCFEDEDEBCBCBA@AAC@I@E@AA@COKMUBMDGC@IAMT[@OCO@SAWIQKMIISGODODMBMAgBOKIEEEDEDG@ICGCGAAC@CJIRGEIECIDQ@KDIDKN]FORWFOFQDOAQESG_AOMOEASCA@GBC@E@A@C@BCDG@CAAAC@BABADAB@DADABADEDABEFCBCDADAD@DE@EAKGADADABAD@H@D@D@DIBABCJGLCFA@EDGDABABABAD@BADAB@DABABAB@B@B@@@B@@@B@@@@BBB@@@BBB@@B@@@@@B@@AB@B@BAB@BBB@@@@B@B@BAD@B@D@BAB@B@@BB@@@BBBBB@BBBBBB@BBB@B@BABAB@BABCBADABCF@DCFABADCBIJADEFCFABAB@@A@CCCACAAAAACCECGCCA@@A@@@ABBB@BBDFB@B@@@B@@CBA@ABA@ABA@CBA@CBCBA@ABCBABCDABADCBADCDABCDCFADCFAFAB@B@D@B@DBB@B@B@@@BA@A@M@CDCBCDADC@ABABABABABAB@DAB@D@B@D@BBBBDDBB@BBBBB@BBD@@BB@CLELEHBFPRVTDD@BBDBB@BBBBBBB@B@BBB@BBBDBB@DB@BB@BBB@BB@BBBBBAD@DAD@D@B@B@DBB@BBBBBB@B@@@B@BBB@@BBBBBB@BBD@BB@@BB@@@B@B@BBD@B@@BB@B@B@@@BABA@@BAB@BAB@B@B@DABABABADABADADCDADA@ABA@C@AAA@C@A@CBC@CBE@A@A@A@A@AAA@AAACKKGEEEQS@@A@A@@@EDCDCDCF@B@@AB@BA@ABA@A@C@E@C@E@AACAA@CA@@A@@@A@ABA@ABA@A@CAA@C@E@CCAA@C@CAAAACAE@EDEBCBICGBI@I@G@GACAA@GAC@AAAA@CA@A@AAABA@A@AA@@A@A@A@A@AAAAAA@@A@C@A@AA@AACAE@A@@A@A@@@@BA@A@A@A@C@@@AB@@A@AB@BAB@BA@ABABA@A@AAA@A@C@ABABABCBCBAB@BC@ABC@A@AAAAAAAC@AAA@@BA@AACCCAECC@@A@AAA@AAC@CAA@AAA@AAA@AAAAAA@C@A@A@A@@@A@AA@@AEAC@CAC@@AAA@@@AC@A@AAA@A@AAAA@AE@C@CAE@CACACACACACACAA@A@A@A@@@ABABCDABABCBA@CBA@ABCBABABEJB@@B@@BBB@@B@@BB@BAB@B@B@BBB@BBB@@BB@B@@@B@B@B@B@B@DBB@DBBB@BBBB@@@DB@@DA@@B@BABA@A@@@ABA@@B@B@@@BAB@@@BABABABABABADABADAD@F@F@DAD@B@B@B@BBD@BBB@D@B@B@DA@@BAB@BABABCDABCDADCDAD@BAB@B@BAB@BA@ABAB@@AB@@A@A@@@A@AA@AA@AAA@@@A@A@A@ABA@ABA@A@A@IEQEI@IBGFCLANCH@@@@ABA@AB@@C@A@AAABAB@B@B@B@BA@@@ABC@C@A@C@ABA@ABAB@BAB@BBB@B@BB@@@DBD@@BIH@B@BDDBBB@D@@@@BAD@@AB@B@@@B@@B@D@DBBBD@DDBBBD@BPJNJLANMJOFCPHJNHJ@FBFFHLFJ@hALFNJJJJ@FAFE@KAKBKFILEP@DB@@LJLLXPLNNHJDRBN@RMNQJGHGJFPDHBBDFFF@LEJ@DBBDCFBJFDFBDBDBB@D@BAB@BB@B@BEDCDEDEFMJEBEBC@A@ABADG@A@EBA@E@C@EBCDEDCFAFAH@F@B@BDF@B@BEF@@AHAJBRJHVH^PNNFFFHJBR@J@PDXENGLINFFRBRBXDTDHPDHF@HKRMPGF[^MLAHFNRNPB\\IFBJBNFFN@PIRGLIRMRGBIH@LlIJBRLBB@@BBB@DDBDB@@@B@BA@@D@HDBAFCFCJ@HBBD@BADED@DBBBAFCFCF@DBABCDAB@DHBN@HCFC@G@EDCF@FDFBJ@FC@@BAB@D@F@B@B@B@HKJCLMJMLMDQCeHOJE^CLCPIHIHG@@@@BA@G@@@@@OIIKKIMBILEPBNDJHPFNGFAJHJHTH\\ENOHQPYNAVDXENGPENO@GCIGEUAKCAGBEDC\\KROVQNKBMCOKKEGIEIIAS"],"encodeOffsets":[[119874,25422]]}},{"type":"Feature","id":"350881","properties":{"name":"漳平市","cp":[117.42073,25.291597],"childNum":1},"geometry":{"type":"Polygon","coordinates":["@@BA@C@AAACCKGAEDEDG@G@EDCD@BC@C@CB@HDFJFJLJFDFBFBH@DDDDF@FELSDOFEPGPCJ@LADAFGDGPOBGCCGEAEDEHOHIHAJ@LBPJPLPJHDH@DBBBPARILSHSHMNGZUJMLML[LKdHL@@@@@BABBBDB@F@@ABGAIEYAGEGCEMKCCGKACC@GBGJCBABKFABAB@@EC@AAAC@C@AAACAGACAE@CAECEACAG@WHQBBBDDBFDDBD@BABCHCDAD@DBBBD@BA@@@AAA@A@C@C@CACACAC@EBEBEBABCBCDABC@@@@ECKAGGEMAMCEEAEA@@CCACAA@C@CACAC@C@E@CBCJKBCBEAA@AAA@@AAAAAC@CCEACCCCCACCCAAAEBABCDADADCBA@AAGAG@GDG@IGKCEGAEAAEJE@EECKEOEIIGMEQKIKECAECGACAEAGECAAACCAAE@AAE@EBCAC@CACCCC@CDCFK@GA_AC@@@A@AB@JCDADCB@FEHIDMCKIQ@@@CAAAAAAA@C@A@ABC@A@AAAAA@A@CBA@@@ABA@A@@B@DABA@@@A@A@A@A@C@ABABABC@ABABA@A@@@AAA@A@@AAA@A@ACAAAAA@A@A@AA@C@A@A@AAACA@AAAACAAAAAA@AAA@C@E@A@C@A@AC@EDE@EFKAEC@KFGJCDAAEE@GAQGGKGGCIBK@OCAAAC@G@CCAIBCBCC@I@O@QAQIM@GFERIZMFOJUAACeAKAO@QEMGIEOIIAMBSD[@OD]EQIEGAS@IBQAQBK@GDMNKNGFEDCAOBUBO@KDGDKEAAECAAACAAACC@EAC@C@MDKFODKGKAOEAC@@EAC@ABAAEAGBKPK@MGCB@FNP@@AF@@KHMEIOMKSI_IKCCE@IL@JADEAOE@CC@AACEIACBOEECCACCEEIEAIBCDGLEJIBQ@KDGBEBAF@@@B@BAF@H@D@F@BB@BB@@D@B@DB@B@BBHBDDDFBHBDDDDBFBJ@@KFUJA@CDCFADCF@BBB@DABEBG@ADANBDDDFBHB@BCZDPFLDPLRDNLXTRPNVP\\ZJL@LBP@HJJHLDRJLPNBPKNK@OAGBEJ@J@T@@BBHDFBFBHFBBDDDDBB@DABABC@IBCBE@CACBFJNTNJPLbNLHRFPCNCJBJLANANDLHHDH@LGNOHKDCJBB@@@BBBFDFD@TIZ@JJFTFHP@D@BABABEFAB@DADAB@@K@EAAD@F@HBBDBNBB@BBB@BBFBD@@DBD@BADCBADADAD@BCAMJSJQAGDCHNRBTBXCJEJIJKPBPLNBBB@F@B@DLFHDFABA@@@AAA@@@A@@@@B@BA@A@AB@@@@A@@@@B@@A@A@@@@B@@@BABCDEDIDIBAB@BDD@DA@@@@B@@C@ACC@@@@@@B@@@@A@@@ABAB@@ABCAAA@C@@EEGAEDGHGHFBF@FHGDGHMRILEHKLGPCBE@EDA@@@A@@AAAA@A@@@CF@FIHA@AA[@@BBDDDDDBFFD@B@B@FDDDBHDB@BFHRNJFJDFDF@HBJDNRJPHTRNJLFNLFNAJKRIBOAMCKAKHNZNPBLFDBL@HLNXLNBN@RD^PNFJDJBPDBRANBJBHLJN@RCLADUDOBADA@G@EBEAAAAAACACAAABCDEBEBI@CBC@CBAPIBABBBHAL@HBDFGBUDS@SDMBMCIISIOAIFGN@P@hJTDJHJ^BJLXHXNJB@LFDDBF@DEDEDA@ECABED@DDDP@PDHFH@FABGBEHAHBJF"],"encodeOffsets":[[120323,26354]]}}],"UTF8Encoding":true}