{"type":"FeatureCollection","features":[{"type":"Feature","id":"130202","properties":{"name":"路南区","cp":[118.210821,39.615162],"childNum":1},"geometry":{"type":"Polygon","coordinates":["@@@A@A@A@E@@@A@A@@@@@@@E@A@@@A@@@@@@@@AA@AAA@A@AA@@A@@@@@AB@BBB@B@@@BABAB@@ABCB@@C@C@@BABAB@FEBABA@CACAA@@@AAABABCBCDEDMLWQAK@G@E@IBA@A@@AAA@A@AD@B@BA@A@@@AC@C@E@C@ODE@CBADCDCDCBCBC@A@OAWIK@C@C@EDEDC@C@EAA@ABEBOFEDEDEDEFEBABA@A@@@@@DDBB@@@@DBFDB@@@@D@B@H@@@@@D@H@D@B@D@BD@@@B@@@@B@B@J@B@@AD@@@@@B@@@BB@B@@@@@@F@@@@@D@@@@@D@@@@@B@@@@F@P@D@L@F@D@@@P@B@@@L@@@@@@@@@J@B@B@D@D@B@B@B@B@D@@A@@B@D@@@B@B@D@D@B@FA@@B@@@@@@@@@B@@@B@@@FDB@@B@@B@@@DBFBBBD@@@DBDB@@BB@BB@BB@@@@B@@@BAB@BA@@B@"],"encodeOffsets":[[121067,40584]]}},{"type":"Feature","id":"130203","properties":{"name":"路北区","cp":[118.174736,39.628538],"childNum":1},"geometry":{"type":"Polygon","coordinates":["@@A@@@ABA@AB@@A@@@@@AAA@@AAA@@CACA@@C@AAEACA@@A@@@@AA@EC@@A@@@A@@@@@@@@@A@@@EBA@C@C@A@A@@@C@A@@@@BC@A@A@A@A@C@C@A@A@I@@@@@@@@@K@@@A@O@@@C@E@K@C@O@E@@@@@@A@@@@@C@@@@@C@@@@@E@@@@A@A@@A@@@A@@@@BC@@@A@I@A@A@@A@@@C@@A@C@A@C@G@C@@@@@G@A@C@@A@ECCA@@@@AACC@@KAM@A@@@A@A@E@@@QFGHADCJABGFADAFGNCD@D@B@BFJ@D@@@B@B@B@BABAD@@@BAF@L@HB@BBBBLFPFDBDDFFNP@@@@BBLLJDFDDBFDBB@D@D@@EFCHAB@B@@BDDDDBBBBBF@B@D@B@FB@@@@@@F@BBB@FA@@@@D@LBHBB@DBBB@@@@B@@BD@D@FAB@F@@@@FAN~BF@D@BA@@@IB@HBB@@A@@@A@@C@C@C@@A@@@A@@@E@@@@@@NB@GE@@@@@@@@CB@@ED@B@@@@AB@@AB@B@@@D@BABEJDFDDEOOEEAA@A@@@A@@B@@@BA@@@ABA@@B@@@B@@B@B@B@@@BH@B@B@BB@@B@AA@A@A@A@@@@AK@AAAA@A@@A@@@@@A@@G@AA@A@@@A@@BAB@@ABA@C@A@@DA@@B@D@B@B@@A@A@@BA@@@@B@@B@@@D@@@@B@@@@@BAAABA@@@@B@@B@BBB@@B@B@@A@@@@BAB@@@@@@C@AB@@@B@@@@A@@@@A@A@AAA@@@@@B@@@B@@@DB@@@@@@@@IKIG@@@ACA@@@@@@AA@@AA@@@@@AAA@A"],"encodeOffsets":[[121067,40584]]}},{"type":"Feature","id":"130205","properties":{"name":"开平区","cp":[118.264425,39.676171],"childNum":1},"geometry":{"type":"Polygon","coordinates":["@@KXCNCFADADABBB@B@@BBBD@DABABEFA@ABAB@@@D@DA@AD@BA@ABAB@@A@A@AAA@@B@@@@@BB@@B@BBB@BBB@@@@@@@@@B@@@B@F@@@@@@@B@B@@@F@B@B@B@BBB@B@@@@BB@@BB@@@@@@DB@B@@JHJL@@@@@@@@CA@@A@@@A@@@@@B@BBB@B@@@@@@B@@A@@@A@@B@D@@@@A@AB@@@@@BA@A@@@AA@A@AA@@@@@ABBBAB@@@@A@@@@@@C@@@AA@@@@@AB@@@B@BA@A@C@A@@@CB@@@B@DAB@BA@AB@@@B@@@BBBH@@@@B@@@@@BB@B@BB@BBL@@@@@B@B@BBBA@@@AAA@A@G@@A@@@A@A@AA@@@A@@@AB@B@@AB@@A@@@@B@@@BBBFFPPCFECICAFABC@@@A@A@@BA@@B@@A@C@@FA@@D@@@@@@F@@HMA@@@@@@@F@@@B@@@BD@D@D@@@@B@@@BA@GAA@@J@@ABC@E@}AEVA`ALLFXP^NTJJHFDLJBBDDNDLBHAHCFAF@FBBDCPEJCH@F@DDCD@B@BBD@F@@@B@BABABC@EBCB@B@@@FBDDB@D@DCDBD@B@B@FAHCDAJAFAD@JBPDD@F@F@PBLBBBDBBBBBD@F@DAJEDAB@DABBB@FDDBBBB@D@F@H@C[CGGMMQMOMKIIEIIK@G@EDEFARCN@BGDMFEJIHEBEJKFGDGACCCGAOCMCIEEGCU{@G@CACE@@@@AAEICOMCI@E@IAM@GAC@@@@@EACAEQKICOCQAOC"],"encodeOffsets":[[121091,40515]]}},{"type":"Feature","id":"130204","properties":{"name":"古冶区","cp":[118.45429,39.715736],"childNum":1},"geometry":{"type":"Polygon","coordinates":["@@BA@A@ABCFEBAAC@CCAACDANEB@@ADABAB@D@J@L@D@@@DC@A@@@C@A@E@A@ABA@@B@J@XBB@@@BA@CBCBA@@BAD@N@NAD@FAFC@ABA@C@ABABAB@D@B@B@DBDBFDFBJBB@@@BABABABAB@F@D@DAB@B@FCFAB@BC@C@G@AACCCACCAAAKCIAA@AAA@@@@CBEB@@A@A@C@@BB@@@A@@@B@@@C@@BD@@@BFA@BB@@CB@@@@@BEB@BD@@@BH@@@D@B@D@@AB@@@FB@EB@AFDB@GB@A@D@AHD@@CB@@AD@AFB@@ED@@FB@@E@@BG@@BI@C@@@BA@@A@@@EA@@@C@@CK@ACB@@C@IE@@@AGA@@FGBAA@@@BA@@C@@@DA@@AC@@AG@@A@@@GC@@D@@@C@@@@CB@@A@AB@C@A@A@@@@E@@GI@BFC@@@CA@BAD@F@@@DC@@EA@@KA@@F@@ACA@BFC@ACAA@BAABF@@@DB@@BC@@B@@@D@@@@E@EA@F@@@D@@@@C@A@CBCB@BAB@D@D@B@@@BA@@@C@A@@@A@A@A@@AA@@@AA@@AA@@@@AAAAAAA@AA@@AAC@E@AA@@@@A@@@E@AA@@A@@BA@@@AB@@ABBB@B@@B@BB@@@B@@@B@@A@@@A@@@A@@BA@A@A@AA@@@@A@@AC@@A@@@A@@@A@A@@@A@@A@@@@@EAC@A@A@@@@@A@A@AA@@B@AA@@@@AC@ACAA@A@AAAA@@@A@@@AA@AA@@AAA@@@AB@@A@A@A@@@@AAA@AAA@A@@@A@A@ABA@A@A@AA@@A@@@@@A@@@AB@@@@C@AAA@AB@AC@A@@AAA@AAC@C@CCA@@A@@@@BA@AB@BA@@@@@@BA@@B@@ABB@A@@A@@@@ABA@@@A@@H@HAj@FC@E@[BIDIFKBEAMCAGECEOSKKKEQDOFMHKFOFEPEJ_ZKLCB@@@@UPMHUDWJDVFHJFNDPDHBDDBDCHEHILAFGFIJEFCNAHM@QDEBCF@F@HJLFJJJNLNPNRHNDHD\\LENGD@D@B@@@BBBB@H@DBB@@BBB@B@D@DAFAD@B@D@B@BBBBBB@B@B@B@@BB@BBDBBBB@@BD@D@B@BDBDBB@B@D@B@B@DABAB@D@B@B@DAFA"],"encodeOffsets":[[121282,40772]]}},{"type":"Feature","id":"130208","properties":{"name":"丰润区","cp":[118.155779,39.831363],"childNum":1},"geometry":{"type":"Polygon","coordinates":["@@RKZCZBX@ZBLAV@JAJ@JBHFPJPFHFFDDF@PFLBL@JDDFDNALKBCJCHAJ@HDHDPRHFLFH@PAJBLLHFNDHBHHDHBF@DFJHHLJJJD@BBD@F@N@D@D@BB@BB@@D@DBD@BBBDBHDDBFFDDBDBDFJDJBDFDB@BBB@JAD@D@FBHDF@FBX@HBHBB@H@J@D@F@FBD@DAD@BAFGDEDCHEHALAD@BA@A@C@CBCBC@A@AAAAAEEAC@A@E@CFE@A@AAAAAEG@A@ABAJIFCBAD@@@BB@LBHBBBBB@TBD@D@DADCBE@EBEBCDALKLCBA@AAKACGEAA@CFIHGEMAC@CBCBAHCD@DCDEBA@CCICCCCA@CACACCAC@A@E@E@A@CA@AAK@EAC@IEGGAA@ABCBG@C@C@AA@A@IACA@@@A@EBCBE@A@AA@AAA@C@A@CBGDMBC@C@A@@AAABE@CAC@ACACCA@A@C@A@A@C@A@CAAACC@@@CBCBC@ALIDC@@@E@@ACCEAE@A@AACACCECAIGCCIE@@@@CAAAAM@AAAEAKEEC@@@@KGACA@@C@ADAB@DABA@C@EDGFIDOACEAE@EBGDGBKAMCCCAAKIECIGSI]MWOKEBKB_FUBM@E@@E@A@EBC@C@@AA@@@@@AACAA@GAKAC@@@@@EBA@AAE@@@@@@@EAA@C@A@E@AAAACACCAC@@@ABADGFE@@@C@CAAECCAECICKKAA@@@@MOEECCCAOEKEAAAAA@@G@KBE@A@@BCBA@A@A@A@A@@@CEI@A@A@CDCHMBEBCHEBADIBCHGACAACCAAIACA@@@@@@AA@@AC@ADGUUECC@EAMCKCMEEAGAE@MBKBKFCBCBELABED@@A@KAY@YBAF@DKCSHQHBBKDEBCEGBGJA@A@A@CBE@ABABE@CB@@@@A@CDA@@@A@AB@@A@A@AB@@A@ABA@@@ABA@AB@@@@A@A@AB@@A@A@AB@@A@A@@@A@A@AA@@A@@@CA@@ABC@A@A@AB@@A@EBABC@CBCDA@ABA@@@AAA@A@@@AAA@AA@@AAA@@@AAA@A@@@A@C@A@@@AE@BAAGDCAA@C@CAA@A@A@E@CBE@A@C@CBABA@EDCBA@ABGDEBC@ABEBABE@CAC@A@A@A@AA@@AA@AA@@AA@A@A@C@C@@@CBA@@@A@A@AB@@A@@@C@E@CBC@@@BDANABCB@B@@PRLLNNFDPFHLDHLNNBLBNAVBNBXJNRDJ@JBNBRDJXRJLFLBLDNBN@LAXMNGH@BDBB@@@FBBAB@FBB@DBDBDBDAF@BBB@DAB@BABAB@F@BBB@BBBD@B@B@DBD@BBB@B@@@B@BBD@@@@@B@@@BBFA@@BBD@B@B@D@@@B@B@H@DBBFBJ@DALADAJCDHBNETMJGHKLIJCRBLDRDLDLDT@JCLEJELCLDJJT"],"encodeOffsets":[[120758,40892]]}},{"type":"Feature","id":"130207","properties":{"name":"丰南区","cp":[118.110793,39.56303],"childNum":1},"geometry":{"type":"Polygon","coordinates":["@@AeKEAEGgAUAEKIMGKEBSGKAEAE@C@G@ADCDC@UBMFIFKFG@A@CAK@EACGCICGEIAEAI@CC@WBEF@BAVyOCCK@E@@@@AEAM@M@MBO@M@KKOEAeA@DCRADABQDSHcPCBCRAR@DDDDDFFADADCDCDADAFAHOHKDEBMCE@@BJZ@BABEDC@CBAD@B@B@BBBNJHFBB@D@BEHADEBEBI@E@A@I@GA]GQ@A@ABCDCBC@E@OAC@GCAEEICCEEACAI@KAAAAC@@@@A@@@@AABABKHaJ@F@FQHUBGLBDG@A@@@@BE@A@A@C@@@A@@@A@AACACCA@AAACCAA@@@AAA@AB@B@B@F@F@D@B@FB@@B@D@B@NBB@B@DBF@D@B@BEQIKCOESCQCMAEDAH@JBJAFCFiFOBGAGAG@AC@S@SDI^YBCCCOGA@@A@@A@@@GECC@IBGDEDELG@ABCCACAEAA@@CF[BGACCCACBIAMBEBGDC@EAECAI@K@IAEAGEEGCEAGAGBEBCRMHI@GECq]ININGHGF`EDCDAD@HAFCDEDQDe@A@AN@B@@@B@B@B@@B@@@B@D@D@@@D@D@D@B@B@D@B@F@D@B@B@B@D@B@@@B@@F@@@@@@BB@@@@@@@@@@@@@B@@@B@@@B@B@D@B@BAB@B@B@@@B@B@B@@@@@B@B@@@B@@@B@B@B@@@B@@@B@@@@@@@@A@@@@@@@@BA@@@A@@@A@@@ABA@A@@@@@CBA@CBC@ABC@ABC@A@@BC@ABA@A@CBA@@@@@@@@@@@@@@@@@@@@B@@@@@B@@@B@@E@@@@@@B@@@B@@@B@@@@@@@@@B@@@@@@@@@@@@@@@BB@@BBBIDAB@@A@@BBB@D@DDB@B@@@@A@@@@@@@@B@@@@@@@@@@@@@B@@@@@@@@@@AB@@@@@@@B@@A@@@@B@@@@@@@@A@@@@@@@@@@@AB@@@@@@@@@@@@@@@@A@@BA@@@@@@@@@AA@@@A@@@@@@@@@@@AB@@@@@@@@@@@@@@@A@A@@@@@@@@A@@@@@@@@@@@@@@@@A@@@@A@@A@@@@@@@@@@@B@@@@A@@@@@@@@@@@@AA@@@@@@@@@@@@@@@@@B@A@@@@A@@@A@@@@@@@A@@A@@A@@@@@@AOH@@@@@@@@AA@@@@A@@@@@A@@@@@@B@@A@@@@BBB@@A@@B@@A@@A@@A@@@@@A@@A@B@@AB@@@@@@A@@A@@@@A@@@@@@@AA@@A@@@A@A@@@@@@B@@@@AB@@@@@@A@@@@B@@B@@B@@BBA@@BA@@@AB@B@A@B@@A@@@A@A@@@@@A@@@A@@@@@A@A@@@A@@AA@@@@@@@AB@B@@@@@@@@@@A@B@@@@@@B@@@@@@@@@@@@@@@@@@@@A@@BA@@@@@@@@@@@@@@@A@@@@@@B@@@@@@@@@@@@@@@@@@@@@@@@@@A@@@@@@@@@@@@@@@@@@@AB@@@@@AA@@@@@@@@B@@@@@@@@@@@@@B@@@@@@AB@@EH@B@@@B@@@@AB@@B@@@@@@@@@@@B@@@@B@@@B@@@@A@@@@@@@@@@@@@@@@@@@@@@@@@@@@@@@@@@@@@@@BB@@@@@@@@B@@@@@@B@@@@@@@@@@@@@@@@A@@@@@@@@@AA@@@@A@@@@@@@@@@@@@@@@@A@@@@@@@@@@@@@@@@@BB@@@@@@@@@@@@@@@@@@@@@B@@@@A@CB@@A@@@AB@@A@@@@@@@@A@@@@@@@A@@@@@@@@A@@@@@@@@@A@@@@@@BA@@@A@@@A@@@A@@@@@A@@@@@@@@@A@@@@@@@A@@@AB@@@A@@@@@AABE@A@@AEBAD@@A@E@A@E@@@@@A@C@@@ABA@C@@@A@G@C@A@ABAAA@A@C@@@@@@@@A@@@@@@A@@@@@A@@@@@@@@@A@@@@BA@@@A@@@@@A@@@@@@@@@@@@@@@@@A@CB@A@@@@@A@@@@@@@@A@@@@@@@@@@@A@@@@@@@A@@@@A@@@@@@@@@@@@@@A@@A@@A@@@@@@@@@@@@@@@@@@B@@@@@@@@@@A@@@@BA@@@@@@@@@@@@@@BA@@@@@@@@@@B@@@B@@A@@@A@@@CBC@EBC@@B@@BF@BIH@@@BIA@@@@@@@@A@G@GAMAA@A@CBAB@@AB@@@B@BA@@A@@A@A@@@@@@@AA@@A@@@@@A@@@@@@@@@AA@@@@@@@@@@B@@@@@@@A@@@@@@@@@@@@@@A@@@@@@@@@AB@@@@@@@@@@@@@@@@@@@@@AA@@@@@@@@@@@@@@@@@@@@@@@@@@@@@@@@@@@@@@@@A@@@@@@@@@A@@@A@@@@@@@@@@@@@@A@@@@@@@@@@@@@@A@@@@@@@@@A@@@@@@@@@@@@@A@@@@@@@@@@@@@@@A@@BA@@@@@@@@@@@@@@@@@@@@@@@@B@@@@@@B@@B@@@@@@@B@@@@@B@@@@@@@@@@@@A@@@@@AB@@@@@@@@@@@@@@A@ABCD@@@@@@@@@@@@B@@B@@@@B@@BB@@DBD@@@B@@HA@@@@@B@DBB@B@B@BB@@B@@BB@@@BDBBBBDBBB@@BBBBB@@BB@BB@@@@@@B@@@@A@@@@B@@@@@@AB@@@@@@@@A@@@@@@@A@@A@@@@@@A@@@@@@@@@A@@@@B@@A@@@@@@@@@@@@AA@A@@AA@@@@@@@@@@B@@A@@@@B@@@@B@@@BB@@BB@@@@@@@@@@@@A@@B@@A@@B@@@@AB@@@@ECAA@@@@B@@A@@B@@@@A@@@@BA@@@@@@@@A@@@@@@@@@@@@@@@@@@AB@@@@@@@BABA@@@@UMAAA@@AA@CA@@@@AFABCBOBIACACAE@EBGDEF@@AD@@@D@@BJBD@D@BB@F@FBDBFBF@B@NBH@F@J@PBDBFB@@HGBA@@@A@@@@@@@@@@@@@@@@@@B@@@@A@@@@DBLHGHAD@B@B@B@B@BBD@B@B@D@BBB@@@@AB@BABAD@B@@A@A@@@A@A@A@@@A@A@A@@@AA@@E@@B@B@@@BA@@@@B@@@B@B@@VDB@@@B@RBBB@@B@B@@@@V@L@HAJ@@@J@H@B@D@LB@@@D@B@@@@B@B@@@BB@@B@@@B@B@@BB@@@B@@@BBB@@@B@BB@@B@@@@@@@@B@B@B@@@B@@@B@@@B@@@B@@@B@@A@BB@@BB@BB@@BBB@B@@BB@B@B@@@BBB@B@@@BB@@BB@B@@@B@@@B@@@BAB@@@B@@@B@@AB@@@B@B@@AB@@@B@@A@A@AB@@A@A@@@@BB@@B@@@@@@@@@B@@@@@@B@B@@@@@B@@@B@@@@@@@@@@B@@@BBB@@@B@@@B@@@B@B@@@B@@@B@@@B@@@B@@@B@@BP@@@@@@LB@@@@DB@@B@B@@B@@DD@@@BDB@@@BB@@@A@BF@@CE@B@@@@@@BF@BA@A@@@@@@@@@@@AB@@@DABB@@B@@BBA@BD@@A@@@AAB@AAEDBFCB@@@@@BB@@@@BB@A@AB@@@@DAFDAB@@@@@@@@@@@@@BBD@@BB@@B@D@@@@B@BBB@B@@BB@@BB@@BABBA@@LBDB@DF@@FHD@BDFHBAFLHADFFALCAARGTGLD@CBEZAZ@LBB@@@FCBAFKDADALELANAF@HBFBNFLDNDFBD@FDVVCH@BBD@@BB@@@@@@DBJBBBDDBBBDRE@@F@B@B@@@B@N@LB@@B@B@BAFAFEFCFCFCPEFABAB@FBD@D@FCFCD@D@L@XJPBB@D@DADADCDCBCDAF@PCD@F@D@D@@B@@@BABA@C@@B@BBB@BB@B@JAF@H@L@RBPDRBPDJDRLBFBD@F@@@@BD@HBN@J@FDJNDPFJBB@@@@DFDBH@|@XIVCNGVO@@@@DALK`YFIFOPELENGPE"],"encodeOffsets":[[121287,40547]]}},{"type":"Feature","id":"130209","properties":{"name":"曹妃甸区","cp":[118.446585,39.278277],"childNum":3},"geometry":{"type":"MultiPolygon","coordinates":[["@@@@@@@B@@@@BBB@BBB@@@BBBBB@FD@@@@@BA@A@A@@@@@@@@BB@B@DDDBBBBB@B@@B@@@@@@@BA@@@AA@IMAAA@ECAAA@CCA@A@@@"],["@@@B@@@@@@B@FDBBBB@@B@@@B@@@@@@@@A@@GECA@@A@@@A@@@@@"],["@@`dBPMXMPUPMHKBK@UAS@GBKFUNQHI@EAGCSOKHOLIHENGNEJ[OizdZ£SKweKLr^FD@HGJQNADAFBHBHDFFHHFFBJBL@J@DBBF@FCDAHAFBNAJBDDDBDAHE\\@DB@FBDBDBAD@BKHCFCFAH@JDDHF@@B@@@@BB@PHDDAD]ZCJ@T@TBDH@HBHBPAjEDEBEAI@IBGFCNBRDTDPFLDRJAFA@C@E@CAA@A@MAA@C@A@@@EAA@C@E@E@A@A@A@@BBB@B@@BBDDBB@BDBBDBD@B@B@@@B@@@D@B@BAF@@@@@BCHKAAHGVERE@I@GbALABBB@@@@@B@@D@BBBB@LBJBDFFDDFJBFHDD@PBF@D@DADCBAB@R@^HHBJ@B@F@J@FAFABCFG@A@CAAGEMIAA@A@A@ABCDAD@FCBA@AIY@AF@NDFALCPGBGBEBCDCDCBCBCEECCCC@CBQDQDAdOTGRCBABCDQ@CfBFBLP@L@NAP@N@NBNBF@@@@@FDLPDVCJAJCPM@C@EMgEMBgB@HAH@pDPAH@BGBIFaBIFAnMXGPCD@BDBFBF@FAJIHIJIPIHEJGDE@EBO@IDAD@HBFH@NCNGHCD@B@FFDJ@JAH@LKFIFCHCF@DCFILGFAHBFFBF@@@@@@BJITQTSJQNMNFLZ`BBTFPHXBhHdAP@T@XBACEI@@@@AEKUIY@MFOCICEAEEMGSAEAIBMDKAGCGCECECMAO@G@KCS@IEyAKN]FWEmQUEQCEECG@EBIRSBGAIIMGCIBPIAEC@GLSfh§BAB@D@BABAZYHEHCLADC@CAEQMWUMCOEU@[@SHëªyXOXFz"]],"encodeOffsets":[[[121480,39982]],[[121464,39970]],[[121215,39949]]]}},{"type":"Feature","id":"130223","properties":{"name":"滦县","cp":[118.699547,39.744851],"childNum":1},"geometry":{"type":"Polygon","coordinates":["@@BMBIBGAKAAAAOEAAAABABCFEHEBABA@CDKBEBAD@BADABA@C@AAEAAAACAEAA@AEAAACIGAAAC@A@CBENWNYBA@AB@BBNDFBD@B@DBHAD@@@D@B@B@JBL@F@F@BABAFAB@B@B@BBHBLDHBD@HBJ@B@D@FAD@BA@@@@BAFAHEDCFAFALAJ@XDLBDBBBDDBBD@DDB@@@FABADCDAB@F@JB@@B@AJB@@BB@@AB@@B@@BE@@@FL@@@B@@B@B@@@@@BB@@DB@@@@@@@D@@B@@@DD@@C@@@DH@@@@@AB@@B@BD@@@F@@@EB@@D@@@C@@BF@@@AB@@AB@@D@@@@F@@@EA@@F@@@@@@CC@@@D@@@B@@BDB@@C@@@JB@BL@@B@@BCB@EJB@DIB@AD@@BCB@AFB@@@JB@AIAB@HB@@GA@AH@@AG@@AAA@@K@BAA@@@J@@AC@BA@@K@@@L@@@K@@A@@@A@@@@C@@@J@@AB@@@AA@@B@@AC@AC@ABDB@EGB@DHB@@@H@@@@@@@@@@E@@AE@@F@DAJBD@DBBBBDBD@@BBHBFFHHBDBF@BBBD@H@JBDAHEFCHAD@HAB@B@@BBB@D@BABABA@C@A@AFAD@D@HLLRXBFBBBDJ@JD@@BJBFBFDHBB@@B@JAHAF@BABEDEDCDAB@F@D@D@@@D@LGHEHEFCBEBCBE@IBE@CHMFEFCFCLGDCFGHGJGDGDGAEYQOWACC[@AFKPK@AACQEaCAA@KDQAAAAAAAAA@CACAC@EAICGCE@@AAA@ABA@EBABA@C@C@C@@BA@ABABCBCBC@A@EDK@A@A@G@EBCBGBA@ABBBBDDB@@@@@@A@@BCA@@I@@BC@AB@@ABGBKB@@@BED@@AB@@CAA@AD@@AB@@BBA@AAC@@A@@ABCDE@@B@@@B@B@@A@@B@A@A@@A@@@@@AD@BAD@@@D@@A@@CAA@BAFCB@DCD@BADB@@BADKME@_CAEB@CC@@AK@AAC@BHIDE@EASQQKOEMGKKIEK@OFIDKF@B@LU@WBQBQDOB[Dm@CAEEAEAG@CIGCAO@iEkCODQB[I{OCAACAUUAM@Q@KHEDI@MBOBLLPTDFHFDBBNAFELCJAJ@\\@FEDi@GBG@@@@B@@AB@B@@B@@@@BAA@BA@@@AB@@@@@@ABA@@BAB@@@@@BB@DDD@D@BBB@BB@@@BBDA@@BBB@B@D@@A@@B@@@B@@@@@BB@@B@B@BAB@B@B@B@@@BBB@BBB@B@@B@B@B@@@BA@@B@BB@@BBB@@B@@@B@@BBBBB@B@DB@BBD@@@@BBA@@@BBB@B@@@@@B@B@D@FB@@@@B@@@@B@@@B@B@@@B@@@BD@@BB@@@@@BBB@B@B@@AB@@@B@@@B@@@@A@@@A@@AAA@@@@AAABA@@BA@@B@@AB@@@BBF@@@B@@@@@BBF@D@BB@@BBB@BBBBBB@@@@BB@@BB@@B@@BB@B@B@@@B@D@@@B@@A@@@A@C@CBA@ADADAB@D@@@@@@C@@@EFBF@@@@@@C@@@AD@@AA@@C@@AEBB@ABBBDD@AEB@BD@@@EB@@LB@@FD@@C@@@EBC@ADB@@D@AEJ@@HF@@@@@@B@B@DBAB@@@DA@@@@@D@@@CD@@H@@@BH@@BD@@BB@@C@@@DB@@A@@BBHA@EB@BH@@F@@J@DA@BDL@@DD@@@B@@F@@@BB@@A@@@DAJ@@AH@@@FA@@EC@@FA@BEC@@BA@@DC@BGC@B@A@@HCABEA@@FEA@@A@@BC@A@C@@@G@@A@@ACA@AF@@@@A@@DA@@AEB@A@@AC@@@D@@@A@@@B@@AA@@@D@B@BA@AF@D@@B@BBB@JBLDBBDBBDDDBD@B@H@DADA@EBEDA@A@CBC@E@A@ABABABAB@@A@IAEAECCACAA@A@C@A@ABAB@B@DAB@BEDEBC@MBM@C@AB@@ABAD@DAB@@A@WAI@A@@@AB@B@B@F@B@D@@@BCD@@C@K@I@C@A@ABCB@BA@MFCBBDDB@DBDABEFAD@B@BABEBCBA@A@C@A@ABCBA@A@C@A@A@CACA@A@A@CAC@@AAAAAC@AAA@@@A@A@AAAAAAAA@C@A@C@EBCBC@A@A@AA@@AA@C@GAAAA@@A@C@C@MHKFG@E@C@A@AACAECA@AACBA@CBIFCBE@C@AAAACAAAKAOAE@E@C@OCIAC@EBIBCBGDEBA@A@C@CACDC@A@CCEA@@A@A@AD@FADABABA@@@E@C@AAA@C@CDABCBA@CB@B@DB@BDLH@@@@FDLFFBBB@BBNBBDB@@@@JFDDJHDBDFBDBD@B@BBFDFBD@@@F@@CDKJ@BADAD@D@@DDBBDBB@D@B@B@D@B@B@DDDB@BBD@DAFBB@BB@D@D@NAHCDAB@D@B@BBB@@B@BAFAD@F@B@@DBJBB@B@@B@D@DAHAD@BBBHHJFD@FBL@BBB@@D@B@F@F@BBDDDDBDBB@DDDDDJ@DABCFCDC@GDABAD@DBDFNZCJBHBFDD@FAJGHAN@PCNEJCLBLAPCPCHAJBHH"],"encodeOffsets":[[121300,40921]]}},{"type":"Feature","id":"130225","properties":{"name":"乐亭县","cp":[118.905341,39.42813],"childNum":11},"geometry":{"type":"MultiPolygon","coordinates":[["@@@@@@@@@B@@@@B@@@@@@@B@@A@@A@@@@@@@A@@@@@"],["@@@@@@@@B@B@@@B@BB@@D@D@DBB@BBB@@@@@@@@@@@@A@@AAA@AAA@A@C@AAC@C@A@@@@@@@@B"],["@@@B@@@@@@BB@@B@@BB@@AB@@@@@@AA@@@AAA@@@A@@@"],["@@BDHDHFHFBBBB@BB@@@B@@@BA@@AAACAAECGEGEGGCAAA@@AB@@@@@B@@BBFF"],["@@B@@@@@@@@@BA@@AAAACCGC@@A@@@@@@B@@@@DDDBFF"],["@@@@@@@@@@@B@@@@BBB@B@BA@@@@@@@@AA@@A@@@C@"],["@@@@B@B@@@@AB@@A@@@@@AA@@AA@@@A@A@@@A@@B@@@B@@@@DD"],["@@@BBBDFB@ABIL@@BB^RFBB@D@B@@AB@BA@CAEAICGEGIKGEA@AAABCF@@@DABA@"],["@@A@ABGHADCJCF@@@BB@BCFIFIDCBAB@@@B@@@@@B@B@B@@A@AAGCCAACCGECAEAAAC@MGAA@@@AEAGCMEGCECKCCAC@A@IAA@C@@@CDA@AB@B@@B@@@BADAF@D@DBF@DBPHNDJFJFLFDD@BNDDBBB@@D@BBFFDBBB@B@@BB@BA@ABA@A@"],["@@bLVFLFXVfdFBJ@H@HEDGBIAEGCKECGAGCKKSIKWKYG_@aBEF@HBJFJ"],["@@J@@A@@HA@@ACB@BBB@@A@AD@D@B@HCDA@@@@@C@ABCDEB@@AAE@C@ABAB@FCBAB@FAF@B@B@JFBBN@HBZFTDBBH@B@@@@A@@BA@@AG@@@@H@@AE@@@@A@@@@B@@CA@AGD@B@BAPDD@@ALABARCF@FAFA@I@AQEGAGB@@@ABA@AA@KB@AJA@CMB@BC@@CN@@AE@@AH@@DBAAAJCA@EBA@DA@ACDA@BA@@C@@@@@@@@@@A@@AAA@@@BA@AB@D@BAB@@@@EB@@@BJ@@AGD@@AB@@@AD@@D@@BE@@@J@B@@@BCXBBA@@B@@EZA@B@BB@BCH@@AB@@BFA@ACBACHA@EDA@A@@@AB@BC@AC@@@A@@@@A@A@AB@@@FA@@@@@@@@G@@A@@@@BEDMA@@AKECCCE@A@AAGJBF@@AB@@A@A@AD@@DB@DC@@H@H@F@FADAB@B@D@F@@@FAFCB@B@B@F@B@B@@BB@AB@DB@@BBBHFDDDD@BBBFD@@F@TAREBADCB@hEZ@Z@LAHCD@LEL@LBPAHADAD@FBF@BBDBD@DBF@HBD@BBHAF@B@BADCJGBEBABABAHALGFAFCDA@AB@BABC@@JGBALEBAB@HALGB@FAD@B@D@D@B@F@B@LDHBFDFDB@@@DBFBB@B@@@LS@ABA@K@AAA@AECCAC@CAEAGECAICICQIQEA@K@C@C@GCA@A@CDADABAFABA@AACACCCAAAECCCCAC@I@@@AAAAC@A@A@AA@AACCACAGACBCAA@AA@AAAACECGACAAACC@CACCGQOGQAEAAMKEAAEEGAEIMGMGIGGEEGE@@@AA@GGMMYaMUCOGImgOGECCCCACACAACACAC@G@C@AB@Aki_[QOECCAECGGKKEEEACCKCMCmIICE@EAAB@@@@@B@@@BB@FB`HlLFBBBLHBB@B@B@BBD@@BDDDBB@@ABAB@B@B@B@@TVBF@DGFIDUCmKCAOSAEAAWIYCO@IBIF@HCHEBG@KC_MaSKIcGc@eCFOBMD[NKDBLFz@JDT@L@HBPDNDFDFDHBHCLANBJBFHTFNBFDFDJEP@NJZLVBF@@@@FJBDBB@@@@@@@F@@@@FPFPBJDNAL@H@@@@ADANG\\AH@JBR@@@@@@@F@R@@@@@F@FDTDFHNRNDDJFB@J@TGJEHGB@@@@@dMZALFHRFHRVBB@BCHABA@_JCBA@@@UDIFIH@BBBXjJPJNPPPLNJDDBADBDFB@@D@@D@DDA@DBAHBHCLT@BFBD@B"]],"encodeOffsets":[[[122173,40344]],[[122102,40324]],[[122087,40321]],[[122052,40300]],[[122038,40283]],[[121479,39991]],[[121481,39989]],[[121676,40071]],[[121616,39981]],[[121659,40047]],[[121714,40525]]]}},{"type":"Feature","id":"130227","properties":{"name":"迁西县","cp":[118.305139,40.146238],"childNum":1},"geometry":{"type":"Polygon","coordinates":["@@LDNDDFFDF@H@F@HDDDBD@H@D@BB@D@HANENGBABABECK@ABCJGHABABABCBGBEDCFAF@FANATCFAF@B@DBDBB@D@D@HAD@B@BB@@@JBDBBBBHBH@H@HBHBJDD@B@B@@ABGBA@@B@B@DBD@L@HDFBLDFDF@DAB@BABC@C@GBCBCDCHI@@D@D@FBD@D@B@BAFAHAREH@F@NBVBFBDAHAF@F@DADABABADAF@JAJAJALAB@B@JBH@XDJDNHHD@@@B@@DBBB@BB@BBBBBBBBB@@@B@BADC@ABA@AB@@@F@B@B@DC@@B@B@BBB@BAL@@@@@EAAA@@@A@@BABA@A@@@@@A@A@@AA@A@A@AA@@ACAAAC@A@AA@@AGIKGG@@FEBC@@BA@AB@@ABA@A@A@A@C@@@AB@AA@@AA@@AAA@@@AA@A@A@A@A@@AA@AA@A@EBA@A@A@ABA@@@A@CCA@@E@G@GBI@E@AAAEECKAGAO@C@GBI@E@CAC@CBCBADAF@DAJ@DAB@BA@A@CB@BAHANBB@D@DABA@K@G@GFGDEJCH@F@TCpSYMCEAC@@@@CACE@@@@@AGEAC@E@E@I@AAGCGGMEICGAA@A@@@@AA@A@ABCBAFABCBCBC@C@C@E@CDCBABA@A@A@A@@ACCCB@BA@A@@@A@@@AMBC@KCE@K@IACCA@AACIGKECGEKACACAACAC@A@C@CBA@ADA@@D@DBDBD@D@FEDCBA@A@AAACGEAMGUCECCAAAAG@EAAEGCAKCAAAAAC@ABABA@AA@KK@A@CAGAECEGGCAAC@AAGAECCEEKIEEIICAOGIEGCCCAA@A@ABAFCBA@@@A@AAAEEAA@@@E@@DADAB@@A@@@@@AAAACCEAA@@@CBABGBAAA@C@@@@@A@C@A@C@ABEFOGGIAGBODODKBKAIDMFODM@GBIHEBC@ECGAIAYDGHEJ@DBBHFBDBL@BABKDKLCBADAF@FAFCDCBC@C@SAA@AAAAAG@KAA@@C@ABEDIJAB@B@BFHBBBB@B@BEF@D@F@BBDFFBBBB@B@BADAD@D@D@BABC@KBGBGFCDCFEHABC@CBC@EAE@C@I@G@A@GAGAW@EAE@GCEJAJCJCJCNEN@FFHLJLHDDBDBFAHCFKDKFEDEJGJKNKHMFMLEHKNCN@HHLLHTbBH@FAFCDIDMFSHGDEHENAJDXDLCNALEJMPOLGFCDAFBFHHJJPJBD@DCBIFGFGFENCDSJEHAD@FDBBBDDDHBB@HBBDHDFBBDDJDHHBDHFJFFBFDDBBBBD@B@BCBGFIDADABBBDJ@B@F@DBD@@DBF@FBHAJADHBBFBN@HBDBHFFFNL"],"encodeOffsets":[[121043,41414]]}},{"type":"Feature","id":"130224","properties":{"name":"滦南县","cp":[118.681552,39.506201],"childNum":4},"geometry":{"type":"MultiPolygon","coordinates":[["@@PANAJ@FCLGR@N@VBBVBDDB|P\\JRAPClDjFP@DBJH@DBHBFFFDBn@\\CPARCRAXAV@@K@ALEJCPEL@JFLLNHPFRLTRFBF@JCAGD@BBL@@BD@@DFADB@`NFFI@A@I@@AACA@@@A@@FEHGFGDCFCFELIBCBA@AACACGG@A@CBEBABA@A@@BCBA@A@A@@DGD@@EC@@C@CL@@A@AB@@AA@@AD@@@@CA@BEBA@ABA@@BCAC@AACAES@DKAGBGCAB@CCC@@@@CA@CECAABCCMIOKOOIMIOWiAA@AJGJEVC@@B@DA`IB@BADG@AAAQUEGGQKEYBcN@@@@A@GHIFSHI@A@IECCQMGMCECS@E@E@@@@@Q@E@@@@@@AQ@IBGH[BMBC@@@@@GBKCMAIEOEO@@@@@E@@@@@@AAWAS@O@cBgGWAOGSEAAY_EKNMRMTIRSJSAI@@@@@@AEEEGAEBKHEJCDE@GDEDEJKLG@IBI@EC@E@ADCHGDM@MEGGAC@CB@JAP@FCFIHGFOJIJGJIJEBE@EACAAC@ODWHmNEBAJEbAJAHG@OBoCG@GBA@AhFNNh@F@DONIDIBUDUzABE@AF@XDDJ@FBJBHFJDHDBD@FBL@D@BEHELEJAN@VCDCD@B@H@DBFBFHLATLFNHLJBFBVHhBFLFBfRCLF"],["@@xfTL¤cYjy\\PFIHMFMJGPKLGTPHDFBJ@RGVMLEHAT@VBL@LANGVONONWAO_cAHK@OGaCYAU@QFYLMHKBECIAG@KDmVG@ICMBGFELENSVSVQXQ\\]ITKRW^"],["@@AAC@@B@DAF@BBBB@B@D@@A@A@CAE"],["@@BDBBHDDBB@DABAACACEACAEBCB"]],"encodeOffsets":[[[121302,40548]],[[120981,40100]],[[121434,39950]],[[121418,39937]]]}},{"type":"Feature","id":"130229","properties":{"name":"玉田县","cp":[117.753665,39.887323],"childNum":1},"geometry":{"type":"Polygon","coordinates":["@@A@BB@@B@BB@@B@BAB@DDH@JPEB@BA@BB@@KD@B@@BDB@@D@@@@BBB@BBDD@BBB@@BD@@AD@B@BADBB@@@@J@B@@@@@B@@@B@@BB@@@DB@@B@B@@BBB@@@@C@@@@@CBC@@@@@A@@D@BEP@B@BEFKPA@@@@@CAC@@AA@@BA@@@A@@@AA@@@D@JA@@B@@@DE@@DC@@BD@@@@@@@@@@@@@BB@@@@@@@@@@@@B@@A@@@@@@@@@@@@@@@A@@@@B@@@B@@@B@@@@A@@B@@@@A@@@@B@@B@@@@@@@@B@@BAB@B@B@D@@B@@@B@BB@@B@@@@@@@B@@@@@@B@@@@@@@@@@A@@@@@@@@B@@@@@@@@AB@@@@@@@@@B@@@@@@B@@@@@@B@@@@@@@@@@B@@@@B@@@@@@@@@@@@@B@@@@@@@@@@@@@@@@@B@@A@@@@@@@@@@@@@@@@@@@@@@@AB@@@@A@@@@@AGEHGJ@@A@@@@@AA@@A@@@@@A@@@@@@@@@@@@@@B@@@@@@@@@B@@A@B@@@@@A@@B@@@@@@@@@@@@@B@@@@@@@@@B@@A@@B@@A@@@@@@@@@@@@@@@@@AB@@@@@@@@@@@@A@@@@@@@@B@@@@@@@@@@A@@@@B@@@@@@B@@@@@B@@@@@@@@BEFEF@@ABAB@BA@@@@B@@@DAH@HAH@H@D@B@@A@@DAB@@@@A@@@@@@@@@@@@@@@@A@@@@A@A@A@A@@@A@@@A@@@@@@@@@@@@@@@@@@BA@@B@@@B@@@@@B@@@@AD@B@@@@@B@@@@@@@@@@A@@B@@@B@@@@@@ABA@@@A@@@@@@@@@@@@@@BB@@B@@@@@@@@@@@@B@@@@@@@@@@@B@@@@@@B@B@@@@@@D@@@BA@@@@@BB@@B@@@@@@BAB@@@@@@@AA@@@@@@B@BA@@@@@@@B@B@B@@@@@@@@AB@@@@@@@@@@@@@@@@@@@@@B@@@@@@@@@B@@@B@@@B@@B@@@@B@@@@@@@@@@A@@@@@@@@B@@@@@@@@@@@@@BA@@@@@@@@@@@@B@@BB@BAAAA@A@@@@@@@@@@@@A@@@@@@A@@@@@@A@@@@@@@@@@@A@A@@@@@@@@A@@@@A@@@@@A@@@A@@@BB@@@@@B@@@B@@@@A@AB@@@@@@D@@@B@@@B@HB@B@@@@D@@@B@BC@ADFBA@@@@@AB@BDDABD@B@BA@HJGBCBIDEB@D@@AH@B@@BDBB@@DF@@FABFB@FC@@B@@@@@BBDJB@B@BA@@BA@BDB@@@@BB@@BB@@@B@@A@BH@DD@@H@@@@B@@DBB@B@@@B@@@BFBBB@@B@@B@@DBBBBB@BAB@B@B@BA@AB@@A@@@A@@B@DABAB@@CBAB@B@B@BAB@B@@AB@@@@@BB@BB@@B@@AB@BCB@@@BB@@BA@@BA@BDH@@@@B@B@B@@AB@@@B@B@@@B@D@DAB@DBBA@@@@BAB@@@@AAA@@@ABAB@B@BAB@@BB@BB@@@@F@@@ABA@@@@B@@B@@BB@B@@@B@B@@@BB@@DA@@@A@@BA@@DBB@B@B@BA@B@@B@@@@@@B@@B@B@BBB@B@B@@@@@@@B@@@@A@@@A@@B@@@B@B@@@@@@@@A@@F@B@B@@A@A@@B@BABA@@AABA@@@@B@BAB@BCB@@AB@BAB@@@BAB@@@B@B@BB@@@A@C@A@@CA@@@@@A@@@@@A@BA@@@@B@@@@A@@@@A@AA@BAB@@@A@@@BADCB@B@@@B@@@B@@A@@BAB@B@D@@@D@B@BAD@B@B@BA@B@@D@B@BBB@@@@BBBBBB@@@@@BA@@D@D@B@B@B@B@B@@@BBB@B@BAB@B@@@B@B@DB@@B@B@@BB@@BB@DAB@B@D@B@@@B@B@B@BBB@B@@BB@BBBBFDB@@@DABB@@BBBB@@@B@BB@DBH@@B@D@@B@@CB@B@@@B@D@@@@@BA@@BBD@D@B@@@DA@@D@@@DCLEB@D@@@B@B@@@@@@A@ABADC@ABC@@@@B@FAD@B@BBB@DBB@D@FADC@@FABC@@DA@@B@DAB@@@@@@@@@@@B@@B@@@@@@@@@@B@@B@@@@@@@@@@@B@@@@@@@@@@@@B@@B@@@@@@@@@@B@@@@B@@@@@@@@@@@@B@@@@B@@@@B@@@@@@@@@@B@@@@@@B@@@@@@B@@@@@@B@@A@@@@@@@@B@@@@@@A@@B@@@@@@@@@@@@@@@@@@@B@@@@@@A@@@@B@@@@@@@@@@@BA@@@@@@@@@@@@B@@@@@@@@@@B@@@@@@B@@@@@@@@@B@@@@@@@@@B@@@@@@@B@@A@@@@@@B@@@@@@@@@@@B@@@@@@@@@B@@A@@@@@@@@@@B@@B@@@@@@@A@@@@B@@@@@@@@@@@@@@@@@BA@@@@@@@@@@@@B@@@@@@AB@@@@@@@DAB@HLJH@@FBFAF@F@BDDB@D@H@BB@F@HBF@B@BD@BF@FAF@DABCFIDABCBABAB@BBBBDBD@D@VBHBD@D@BAFCFEB@B@F@H@D@B@DADAHGFCJGDA@C@A@G@A@CDADADAJAJABADEJSISCIDKFKFIDK@ICSCKCKCQAKDQJILKHGNIFSAMCGIDCBKBCBI@EAAA@C@G@A@A@@@C@A@AAC@AB@AE@A@@@A@@@@AC@A@A@@@AAA@AAC@C@A@AACAAA@AAE@A@ABABA@CBA@AAE@CBCACACAA@EAA@ABEA@@A@CA@AHGNMBW@KAMCMAKEKIKWQCIAQAM@ICIMQWIMAUAMBKAMAKMCGGKOEECMMKKOQ@@@ADABABMAC@@BACAA@CAAAA@AA@@A@AA@@@@A@@@@@AA@@@@A@@@AAA@@@A@@A@@A@@@AA@@A@@@@@AAA@BABA@ABABABABABAB@@@@AA@@@@A@@@@@@@@A@@@@@@@@@@@@@@@@@@@A@@@@@@@@@@@@@@@@@@@@AA@@@@@@@B@@A@@@@@@@@@A@@@@@@@@@@@@B@@@@@@@@A@@@@@@@@A@@@A@@@A@@@A@A@@@@@@A@@@@@@@@@@@@A@A@A@@@@@C@A@AAC@A@A@@@@A@@@A@@@A@A@@@A@@@A@@@@A@@@@@A@@@@@@@@@@A@@@@@A@@@@@A@@@A@@@@@A@A@@AA@@@@@@@@@@B@@@@@@@@@@@@@@@@@BA@@BA@AB@@ABA@@@@@@@@BA@A@@B@@A@@@AB@@A@@B@@A@@BA@@@A@@@@@@@@B@@@@@@@@@AACAAACCAAACCCEEA@EAA@C@E@@@C@EECC@@@@IHEJAF@D@FBDDD@BADADCBEBA@A@E@E@EBCBA@ABCFAB@@ADBB@@BDD@BBBADCDA@@@@FAB@F@B@B@BBDBDD@@@DBBAB@BABABABCBC@EBABGBGHA@@BABABABABA@A@ABC@C@A@A@A@A@@A@@A@@A@A@C@@@@@CCAACCAAACACAEAIACBA@@@ABAD@B@@@@@BFDBBBD@@@B@B@@@B@@AD@@AB@@ABAB@BA@@@A@@@A@A@CAEAA@A@@@A@@BA@@@ADAB@B@@@B@@@@@DBB@B@@AB@@@B@@A@A@AAA@A@@AA@@@@@@@@AA@@CCCACAACAAAA@AA@B@@AB@B@DAHAF@B@@@BBB@BB@B@@ADE@@B@B@@@B@DBDDBB@B@@@B@B@B@D@@@@@B@@B@B@B@DAD@B@B@B@@@@@@@@B@@AD@B@B@D@B@@@@@@BBD@BB@@B@@@@B@@CF@BAB@@@B@@@@B@B@DAB@BAB@B@BBB@B@@B@@@@@BAF@D@D@B@@@B@@B@@@FAFAD@BA@@B@@@BB@@BBBDBD@B@B@@AD@@@@@B@BB@@B@@@B@@B@@@@B@@@@@B@@AB@BCBAB@B@@@@@B@@BBFFBB@B@BB@@DA@@@@BA@AAC@AA@@A@AB@@A@CBABA@@@@B@@@@BBBB@BB@@B@BB@@@AB@@A@CBA@CBA@@B@@@@B@DBBBBB@B@@@@@B@@A@EAE@@@A@@B@B@B@@@BA@ABA@A@AB@@A@@@@@@@@BBBBDB@@@BD@BB@@@@@@B@@CHABAB@@A@@@A@@@AACAAA@AA@A@@A@@A@@@A@@@AB@@@@@B@@@B@B@@@@@BA@A@@@A@ABA@ABA@C@A@A@AAC@AB@@CBAB@@A@@@A@E@I@C@AAABA@ABABA@CBCBCB@BA@@BBD@@@B@@@BA@EFA@A@ABAAC@A@CAA@@@@B@@@@HB@BB@BB@@@BA@@@IA@@AB@@ABAB@BB@@BL@@B@@@B@@ADBBB@DAB@B@@@BB@BAB@B@D@B@@B@@@B@@@DCBAB@B@B@BB@B@@@B@@@BA@GDAB@@@B@@@@@@BBB@B@B@BB@@@B@@@BG@GBEBG@EBAB@@A@AB@@ABAFA@@BC@A@C@A@C@CCA@A@AB@@AB@BCHABA@@@A@@@A@CEAC@@AA@@A@IHABA@CA@@@@"],"encodeOffsets":[[120361,40715]]}},{"type":"Feature","id":"130281","properties":{"name":"遵化市","cp":[117.965875,40.188616],"childNum":1},"geometry":{"type":"Polygon","coordinates":["@@EAC@C@IBA@AAA@ECACCIEIACACCCEECAGCCAAA@AAC@C@CA@@AAAC@C@M@E@C@AAC@IIKIGGEI@CAECGGGGAMCGEKKIAOBG@KEGEOQGCGCI@GBIDADKLMBECCC@IAKEK@OCEECGEOEOIGEIAI@IBU@KBYAW@YAYDQLITCFABIBIBCBCBCB@D@B@H@B@DCBIHEDGHCBCBA@C@G@E@A@A@EFEDABC@C@GAUAC@C@CAAAAAA@ABABADCBEJADCBE@EBE@@AACA@E@GAE@A@@A@G@CCAACE@E@EBEA@@IGGKA@CB@@@@@@@@@B@@@@@@@@@@@B@@@@@@@@@@@@@@B@@B@@@@B@@@@@@@@B@@@@@@@@B@@B@@@@@@B@@B@@@@@@@@@@@@@B@@@@@@@@B@@@@@@@@@@@@@@@@@@@B@@@@@@B@@@@@@@@@@@@@@@B@@@@@@@@A@@@@@@@@@AB@@@@@@@@@@@@@@@@@@@@@@@@@B@@@@@@@@@@@@B@@@@B@@@@@@@@@@B@A@@@@@@@@B@@@@@@@@@@@@@@@BB@@@@@@@@B@@@@@@@@@@A@@@@@@@@@@@@B@@@@@@@@@@@@@@@@@@@@BB@@@@@@@@@@@B@@@@@B@@@@@@@@@@@B@@@@@@B@@@@@@@@B@@@@@@@@@@@@BB@@@@@@@@@@@@@B@@@@@@@@@@@@@@@@@B@@@@@@@@@@@@@@@B@@@@@@@@@@@@@@@@@B@@@@B@@@@@@@@@@@B@@@@@@@@@@@@@@@@@@@@@B@@B@@A@@@@@@@@@@@@@@@@@@@@@@@@@@@@@@B@@@@@@@@@@@@@@@@@@@@@@B@@@@B@@@@@@B@@@@@@@@@@@@@@@B@@@@@@B@@@@@@@@@@@@@@@B@@@@@@@@@@B@@@@B@@@@@A@@@@@@@@@@@@@@@@B@@@@@@@@@@@@@@@@@@B@@@@@@@B@@@@@@@B@@@@@@@@A@@@@@@@@@@BA@@@@@@@@@@@@@@B@@@@@@@@@B@@@@@@@@@@@@@@@@@B@@@@@@@@@@B@@@@@@@@@@@@@A@@@@@@@@B@@@@@@@@@@@@@@@@A@@@@@@@@@@@@B@@@@@@@@@@A@@@@@B@@@@@@@@B@@@@B@@@@@@@@@@@@@@@@B@B@@B@@@D@@@@B@B@@@@@@@@A@@@@@@@@@@@@@@@@B@@A@@@@@@@@@@@@@@@@@@@A@@@@@@@@@@@@@A@@@@@A@@BA@@B@@@@@B@@@@BBA@@B@@A@A@A@@BA@@@AB@@A@@@AA@@@A@@@AA@@B@B@B@@@B@B@@@@@@@@@@@@@@@@@@@@A@@@@@@@@@@@@@@@@B@@@B@B@@@BA@C@A@A@A@C@A@A@A@A@A@@@@@@@@A@@@@@@@@@@@A@@@@@@@@@A@A@A@@@A@A@A@@BA@@A@@B@@@B@B@B@@@B@B@B@@@@@@@@@@@@@@A@@@@@@@@@@@@@@@@@@@@@@@@@@@@@A@@@@@@@@@@@@@@@@@@@@@@@@@AA@C@@@@@@@@@@@@@@@@@@@@A@@@@@@@@@@@@@@@@@@@@@@@@@@@@@@@@B@@@@@@@@A@@@@@@@@@@@@@@@@@A@@A@@ABABA@@@A@@A@@AAA@@AAA@@BA@C@A@A@AA@@A@@A@A@ABCDCB@@ABA@CDABA@@D@B@@@D@JAD@B@B@@BBBBB@@BB@@D@B@@BB@DA@@F@HBB@@@CDB@ABA@@@FB@@@@EFAB@B@@@B@@@@@@@@@DBDBJDB@FDDDB@@B@@@B@@@B@@B@@B@@@B@@@@@BB@@@@B@@@@@B@@A@@B@@@@@A@@@@@@@@A@@@@@@@@@@@@@@@@@@@@@@@@@C@@@@@@@@@ADC@@@@@@@@@@B@@AB@@@@@@@B@B@@@@@@A@@@A@@@A@@@A@@@A@@@@@A@@@@@@@@@A@A@A@A@@@@@CF@@@@C@@@@B@BAD@B@@B@B@B@B@@@@@@@@@B@@@@@@@@@@@@@@@@@@@@B@@@@@@@@@B@@@@A@@@@@@@@B@@@@@@@@@@@@A@@@@@@@@@@@@B@@@@@@@@@@@@@@@@A@@B@@@B@@A@AB@@ABA@A@E@@@A@BAA@@A@@AAA@G@EAA@E@@@@@AB@BCBA@A@@@AAC@A@A@C@@@ED@@@BB@@@@@@@A@@@A@@AABA@@@@@@@@@@@@B@@@@C@@B@B@BEABA@@@@BA@@A@@AA@ADAFB@AD@@@@@D@@@@AB@B@@@BA@@@@@A@@A@AA@C@A@@@ABAAABA@ABAB@@@@A@@A@@@@A@C@@@A@A@AA@A@@@@AC@C@@@@@AB@@@C@AB@A@@@@FAAC@@@@AC@@EBA@A@BB@B@@A@@@@@AAEB@B@@@D@@AI@@@@@A@@C@A@A@@B@BB@@@@@@DB@A@@BBBBBE@@FC@@B@@AB@D@@@B@@@@@@C@@BAB@B@BC@@A@@AA@@@A@@@@@A@@A@@@AA@@@@A@@@@BC@A@A@@AAA@C@@@@@AA@@AA@@B@@A@AA@@@A@@@@@@@@ABA@@B@@@A@@A@A@@@@@@@@@ABADCBAB@@@@@BB@B@@@BB@@BB@BAD@BBBBB@@FBD@BB@BBBB@@@C@@@@BD@@@C@@@B@@BC@A@@@A@@@@@@B@@@@@@D@@@@@ABC@@BDBB@@@A@C@@@@@@B@B@FAB@@@@@B@@ABB@@@@@B@@@A@@@@BB@@@@@@A@@@@BB@B@B@@@@A@AA@@@@ABA@@B@@BB@B@@[HA@@B@@@B@BB@@BB@@BA@@B@B@@A@ABA@ABA@@B@BB@@BAB@B@@@@@B@@@@@@A@@@@@@@@B@@@@@@@@@@@@@@@@@@A@@@@@@@@@A@@@@A@@@@@@@@@@@@A@@@@@@@@@@@@@@A@@@@@@A@@@@@@@@@@@@@@@@@@@@B@@@@@@@@@@A@@@@@@@@@@@A@BA@@@@@@@@@@@@A@@@@@@@@@@@@@@@@@@@@@@@@@@@@@A@@@@B@@@@@@@@@@@@@@@@@@@@A@A@@@@@@@@@@@A@@B@@@@@@@@@@@@A@@B@@@@@@@@@@@@AB@@@@@@@@@@@B@@@@@@@B@@@@@@@@B@@@@@@@@@@@@@@@@@B@@@@@@@@@@@@@@@@@@@@@@@@@@@@@@B@@@@@@@@@@@@@@A@@@@@@@@@@@@@A@@B@@@@@@@@@@@@@@@@@B@@@@@@@@@B@@@@@@@@@@@B@@@@@@@@@@@B@@@@@@@@@@@@@@A@@@@@A@@@@@@@@@@@@@@B@@@@@@A@@@@@@@A@@@@@@@@@AA@@@@@@@@A@@BB@@@@@@@@@@B@@@@@@@@@@A@@B@@@@@@@@@@@@@@AB@@@@A@@@@@@@@@A@@@@@@@@@@@@A@@@@@@@@@@@@@@@@@A@@@@@@@BA@@@@@@@@AA@@@@@@@@B@@@@@@@@@@@@@@@@@@@@AB@@@@@@@@@@@@@@@B@@@@@@@@@@@@@B@@@@@@@@@@@B@@@@@@@@@@@@A@@@@B@@@@@@@@@B@@A@@@@@@@@@@@@@@BA@@@@@@@@@@@@@ADABAB@@A@A@A@@AA@C@@@A@@@@@@@@@A@@@@@@@@AA@A@A@@AA@@@@@A@@BA@ABA@AB@@AB@@@@@B@@AB@@AB@@AB@@AB@BC@A@@@@DAB@B@@@BA@@@@B@@B@@B@BA@AB@BBB@@ABA@@@BBDB@B@@@@@@DB@@D@BBD@BBFAFAHAFAD@H@FBFDD@@@BBAF@BBBFB@@DBDBDFB@DBD@FAB@B@B@FAD@F@F@B@DAB@BBB@DDDFFHDBFBFBH@RFFBDDFBHFFHHJBDDBD@B@DADAB@B@D@BBFDDBBBB@DALEJCFAHAF@LAFCFADABBB@DDJLHHJFDBB@B@DAD@BA@@DBBBBBPHTHDBFDDFBBDBB@B@FCDAB@B@B@J@F@DBB@@@BBDDBBB@B@B@JCD@DAF@DBD@F@@BD@BBB@@BDDB@FDD@DBJ@J@F@B@@@F@BBDBBBB@DADAF@DADBB@B@BBB@@BBB@B@FBH@DDBDBDBJ@HAJ@PAD@D@DBFDDBBBB@BADGBEB@BA@@D@BBB@DFFFHDFFFBD@HBD@HBH@B@F@FAHAHAB@D@DBFBDBLFFBFBHBD@D@DBHDFDBBBBBBHFHDJFFBF@DBBBBBDDJHBDBFBD@LBVBDDBD@DBFA@@FBDBBBB@BADA@@D@B@B@H@LBD@D@FAB@D@HB@EBCFGTIDCFMHEHEJEDA@CACOIIIGGAEBEDCHEPKNOFIBKDMCKCWBIFMFGHCTGNEJCDCBE@EAGSaKGGK@GDMLMFGNKNELGLMHIFIFCLELCDEBGAEACCCKGKIEG@EFMDMDIDIBIFI"],"encodeOffsets":[[121067,41023]]}},{"type":"Feature","id":"130283","properties":{"name":"迁安市","cp":[118.701933,40.012108],"childNum":1},"geometry":{"type":"Polygon","coordinates":["@@@AB@AC@@BC@A@@@A@A@C@A@AAGCC@BC@A@A@@@A@@@@A@@DA@@@AA@A@@@@@@@@AAC@@@AB@FBB@@@@AB@B@E[@E@MAIAKCECCA@A@EBE@GACAIGYUMIEEKCA@AA@ABeAI@Q@GBEDADCRGFEBCBABC@AAC@ACE@CAG@ABE@EDI@A@@AE@AAE@G@A@ABA@ABA@E@ACGAACCAAACACAI@E@AAACAEAG@C@AAAACA@A@GAG@AAAAEAA@A@@@@@GBW@C@ACGACAI@CBGACAAEGEICCCAAAACAEAAEGIHGHEHCDKHEDEDEFGN@DAF@JAFADAFEDGFGFKHC@@@C@C@E@A@CBCDCFAFABE@GBIBA@@@AACGAEAEAI@@ICI@ACAAAEQWKK@G@CBCBEB@D@B@BABA@A@CAA@AA@A@GBC@GBEDGFCBIAG@C@AA@AAEACGGEEGAAA@@ACACAACAC@IACBE@@@BF@@@F@@@@@@@@G@@@A@CGA@FHA@AC@BBDD@@BA@@@BB@@A@@BI@@@D@@@@@@B@@@BL@@@K@@@L@@@ABD@@BI@@@B@ABL@@@BB@BH@@BG@@BHB@@GAA@JB@BIA@@A@BEA@AD@@BCA@CJA@FIA@AD@@@AK@@AIA@@D@@@CA@AA@@@C@@@D@@D@@@@E@@@FB@@E@@@@@@CA@@BA@@B@@AE@@@D@@@CA@@F@@@E@@ACA@@@BA@@@@G@@C@@@DC@@C@@@AC@@@@@@@A@@CA@@A@@@@@A@AA@@@K@@E@@AF@@@AA@@BA@@AA@BIA@@@IAE@A@CBCDABEB@@A@CCC@AACCAACAKAWCI@KBEBEBCDGFEBAB@@@@ABC@EBC@A@I@GAC@GAKCGAAAA@A@A@EBABABE@E@K@IAA@A@C@@@C@GBCAA@C@EAMCAAA@@BABMZMXAF@D@BBDBBJHBDBBBFB@FBDBBBBBBF@B@DABCBABC@ABAFCL@DABABGFEFADABBBBBPFBBBBBLAHAJANEPAF@B@D@B@D@B@@@@@DBBABAHAB@D@@BBDFBDBB@B@@@@@BA@CBCB@@@F@@BBFFBB@B@B@@ABEDAB@B@BBBDDHDJFPHDBJJFFLJFFDDBFBH@BBDDBHHDFBFBH@D@BLLB@@BABAB@BBDBBBBLDDBFHBB@FBHBBDBFDVDNHFBDHBB@B@BABCDEFC@C@CACAC@@@CB@BAB@D@D@BBDBDDBDBLBHFFDHLDJBBB@DDJBL@F@LDD@NA@B@@@B@@@BABA@DDBD@@@B@B@BABABCD@D@F@D@DADADADEBABAD@B@BBB@@@@@BBBDHFJHNDHBH@B@J@F@FBDHF@B@@@@DFDB@@@@BDDFZNTGMFCDCHEDCJAJCDCNGDCFAHCDCFCB@B@DBDDB@B@DAFABADADCBA@A@@A@CB@@FC@@B@B@@@BC@@BB@@@AACB@@B@B@B@@B@@C@@@@B@@DB@BBDDB@BBB@@A@@BA@@B@@@@@B@@@BADA@A@@@EBAA@@AAAA@@A@@BA@A@AAA@@@@@E@E@@DAH@H@LBHBNBL@FHHJDBFDF@HAHCFEJCLEHALEHCFCDAFCD@FAF@FCJCH@D@JDF@D@FAPKFANEHCH@JBFBD@D@DALG@A@@CKBADCFAPI"],"encodeOffsets":[[121779,41114]]}}],"UTF8Encoding":true}