{"type":"FeatureCollection","features":[{"type":"Feature","id":"210802","properties":{"name":"站前区","cp":[122.253235,40.669949],"childNum":1},"geometry":{"type":"Polygon","coordinates":["@@EICCCE@@ACAAGBBCE@@@@@@C@@@@DB@@B@BCEABA@@@@@@B@@C@@A@@@HCB@ACB@ACFAACEB@@EBEK@CA@@@YSFEAABAEA@BGEB@DA@CC@CABAC@@@A@@@@@A@@AH@BAG@@CD@@CG@@D@@E@@@@@@EI@BCG@@@@@@AC@@A@@@AE@BEAAQEIABE@@@@U@@BFB@@@D@@@L@@@@@H@PI@@@B@@B@@@BBD@@@@@@BD@@@DBBDF@@@BBB@DBBH@N@NFRHRHFD@B@LAFCDGFQBU@OA]@A@A@[@GBEDFFDDDDBJBD@LADDDFB@BDDBBB@BEBAJBD@BA@@LBB@@@@A@C@@B@B@B@D@FADAD@@B@BABABCDEFABABB@BB@@BADABA@A@@BCB@BA@@F@BB@BNG@@BADAVGLCDAD@@AB@@A@@@AHAP@D@D@B@LBD@"],"encodeOffsets":[[125242,41703]]}},{"type":"Feature","id":"210803","properties":{"name":"西市区","cp":[122.210067,40.663086],"childNum":1},"geometry":{"type":"Polygon","coordinates":["@@@AJA@C@@@E@MbM@BDDBDBLJLBHBB@BHFDB@@@@B@FF@@@@BBD@HAovWMOHI\\ajvhQ\\fKHX`nS@@@@@A¯aoJ@JQCABEKCBQDMBI@W@}a_CA@AA@AA@@AA@AA@AAA@@@AAA@A@@@@@A@@@A@A@@@A@A@A@@@CBA@@@A@A@A@@@@@@@GT@@ABC@A@@BABADABABCBEDGDDBBDAJGDO@SDYCGHSbDJ\\JAJāÌKNIPKXANBLJHZlDL@HAHIJL\\CXBJDJBBFDHDF@F@HCLGTSRERCLCREFADAHAD@H@AA@CAA@A@@CEAA@C@@AC@@@@@@AC@A@@@AA@@@J@@O@G@@@@@K@@@C@@EA@AV@@@@@AFJB"],"encodeOffsets":[[125178,41625]]}},{"type":"Feature","id":"210804","properties":{"name":"鲅鱼圈区","cp":[122.127242,40.263646],"childNum":1},"geometry":{"type":"Polygon","coordinates":["@@NDTTFLCxCZD\\DP`HrPRCJMPQFANBJHLNbZCBC@IBePIPJXZPXCROPQXB^NVGVEHAF@FABEAEAEBEFC@CACDAB@BCBIVBBCDEDGFEFAF@LAFADCDGDEBCFAH@TBFBHFHHDBFBFCJEDAD@FDJ@LBFFBBBAFADALA^AT@DE@EKOEGCE@GHIBCAOBEDGHGBAA@M@QBGDCHAHCBEBI@E@EDEBE@GCM@GACAAAACKACCCCCCKAG@ECECE@CBAHCBA@GECCEAEBC@IEECE@EAAAKIIGECAA@CBAFADC@CIGAC@CJEJCBEBCBADAN@LCFENM@CCAQGQKEAI@EBKAMCE@IHEBIAGACE@ODKAIEIIEK@M@KACDABCBEBG@EBA@A@C@C@A@CBCBABCBA@C@ECGAEAE@GBEBCBCBCDC@CBIAC@CBABAB@BCBAB@BAF@B@B@B@BADA@ABEBC@A@ICC@EBCF@H@DABABQX"],"encodeOffsets":[[124985,41176]]}},{"type":"Feature","id":"210811","properties":{"name":"老边区","cp":[122.382584,40.682723],"childNum":1},"geometry":{"type":"Polygon","coordinates":["@@@~@XAJCNARLDAFDBIRI@bp°@B@@@@mTW_LG[egRiu[bGJNPuXpGBC@AA@@@@EEA@@@@@CAGE@AAAAGIKAKACCC@AaN@N@F@@@DIB@BRFBBAFF@@B@@@BD@@B@@@@H@ADJ@@F@@@@F@@@@CH@@DC@@DH@ABG@@BB@@@@@B@@@D@ABDBD@@DCBA@HF@AFBABBBEFZT@@B@@DFLFA@@FABDEBBDA@BDA@GD@@B@@@@DA@@@@@@@ABFBADA@@@CA@@@@@D@@@@F@ADHABBBD@@DFDDFJD@HBD@DB@B@@@DBF@BDHJA@@@D@@F@@@@B@@D@BBB@@@HBB@HDBBLEB@@@DD@@D@B@@@@AB@@@@BBBB@D@DAAEGA@CFADC@@@@AABE@A@@@ADCA@@@@@@@A@@@@@A@@@@@A@@AAEFAF@@@@A@AB@BAD@B@@A@AB@AKPADFBBB@BA@B@@BBDJRA@@@@CIFAFCDCDC@@@D@@B@F@@@HCBAB@DA@AA@@AAA@A@@@A@@@@A@@C@@B@B@BAHCB@B@DHB@B@B@BA@@B@B@B@B@@AHBD@B@D@B@DABA@@@A@C@A@C@@DADC@BBABA@AA@@A@A@A@AB@@C@@@C@C@A@@AA@@@A@A@AEC@A@@BC@AB@FCBA@A@@CC@@ABGDGGA@CCNCNCAACG@A@@FAFAD@BBA@@@@BH@B@B@B@B@@@@C@@@A@EB@@A@@A@EA@@@G@A@A@@@AC@@@@ABABA@A@@@AAA@@@@AAA@@@ACA@AACBCBCEBAD@CCFAACA@@@@@@AAB@AA@AC@A@A@@@@@@@AAAC@AA@A@@A@A@ACH@BE@A@@@A@@AAA@ACHA@@@EC@CAA@B@@A@@BECALE@@GEAA@@B@N@D@B@IGEEIGBA@@BBBA@CE@EAOMQOIOYcBAH@@AB@BADAACEBAA@@AEU@ABMBICA@SYEEACGGIG@@AAA@@AA@AA@@AAAA@@AA@@@@AA@@A@@AAAA@@AA@AA@@AAAAA@@AA@AA@@AAAA"],"encodeOffsets":[[125273,41447]]}},{"type":"Feature","id":"210882","properties":{"name":"大石桥市","cp":[122.505894,40.633973],"childNum":1},"geometry":{"type":"Polygon","coordinates":["@@C@KAA@C@C@O@GB@B@@@BA@@BC@CBKDUHCBAB@@MH@AAAE@@@ABA@AD@@@BABCBAB@@AAA@BABAFEDCBABA@A@AC@CBEBC@A@A@A@@@@D@B@@A@KA@@ABC@IAABAFA@AACC@AEACC@BAB@BCB@BABEBGBC@A@AAABC@ADMDADEDQHUJ[PWRMHSHSHQLEDAD@BBDHHPHjTLHHJRVHFDBF@HATITCFADBDBBB@B@BAHGHGJELAHBRDJBDBBDBD@D@FCNMLMPKHCHADAB@DBBBHRBBFBJBN@FBPHH@HBFAF@BAHGDCD@BBLLLJPLPRFHBFBF@F@D@BHFH@D@D@DC@A@AEIAC@A@@DALALAB@BBBD@H@J@@B@BBB@D@BB@@DDB@@B@BA@@B@@B@DDB@BBF@B@BBD@BAB@D@BABAB@@A@A@@@@BABCR@JB@R@B@@B@B@@@@@@B@@@@@B@@BB@BBBB@BBB@DAJ@@@@A@@BADB@A@@@@B@HBF@D@DDBBDBB@B@@BB@@CD@BA@@B@BA@@B@@@BB@@@@BB@BB@BB@B@@B@FDF@B@H@BHB@B@@@@@B@@BB@BB@F@@@@B@@@FAB@@@B@DBF@F@@AB@B@B@B@FCLAZAVBPCJAFCDCAGCSIQGGCEAC@I@GBKB@BAPE@E@@@GIC@@AAAAAA@@CAACGGB@@AEIACAA@AD@BAD@D@HCF@B@B@B@DA@@DB@@@@B@B@BBB@PA@@@@@ECG@A@AB@LAAEBA@@D@@C@A@@@C@@@AAC@@BA@@@AD@DAD@BBB@HADAA@@A@@BA@@@A@@BABBHAACAACI@C@ABCBAAACEB@@@AAHCB@AAAA@@A@CCAA@@B@B@@A@@@@CCABCEAAEEGIACIKAC@ACAAC@@@@D@B@@@B@D@B@H@F@DAAA@AH@XAVAVERKJGN@LDNBzCTANADEDI@KBG@O@MB@@@A@@A@A@@@@@A@C@@AA@AAAAAAAA@@@@@@AAA@AA@A@@@AAA@AAAA@AA@@ACAC@A@A@@A@@AA@@A@AA@@A@CCA@BAAA@@AAA@@@A@@A@@BA@@@ADA@@@AA@AA@@AA@@AABA@A@@DAAA@@B@@AAABCAC@@@AB@@A@@BADAB@B@B@B@@@BAB@B@@ADA@A@@AA@A@@@@@@@@B@BBBC@CDBBBB@FFBB@@B@@@@@@B@B@@@@DBB@B@BBB@BA@@BB@@@@@@B@B@DBB@B@B@@B@ABB@B@@@@B@B@B@B@AABA@@B@BBB@BB@@B@@A@@@A@A@A@A@AAAAC@@AAC@A@@AA@@@AAA@@@CAA@AAAA@C@AAC@AA@A@AC@A@@D@@@@ABA@A@@@A@@A@@A@@@A@@AA@@AA@AAA@@@@A@C@CBAA@@AAA@@@@ABC@@BA@@D@DAB@@A@ABAB@BA@@A@@A@ABA@@AAAA@@@A@@@@@AA@@A@@AABA@@AA@@@AGAAA@AA@@@BAA@ACA@A@A@CAGAA@A@C@A@A@A@@@E@@A@@B@B@DA@@FCBA@A@@B@BA@@B@@@BA@AB@B@@AB@@@@@BAB@@@@@@@B@@@B@@AB@@A@@B@D@@AAAH@@A@C@E@@@CB@ACB@@@B@DAF@B@B@@BBBBB@BBBA@AB@@A@@B@@@B@@BB@BB@BBBBDABB@@@@D@FAB@@@@@BAD@HA@@BB@@B@@@B@B@B@BB@@B@DB@@@BB@@BB@@B@@BBB@@BB@D@D@B@H@DATMPKJEJANDLBRELENALAXBRBLALGHGBCFS@AB@D@B@B@@@B@BABA@A@@@A@@@AD@@ABABABABA@E@C@ABABA@A@AB@B@BA@@@AB@DB@@FA@@B@B@B@BAB@B@B@@@D@BAB@B@B@@@@@B@BADA@@D@B@D@@A@@FADC@@BA@@B@BBBBB@@@B@D@D@B@BA@@@A@@B@@@D@BBB@B@@BBB@@BBB@D@B@B@B@@B@BB@B@BB@@@BB@D@B@@BDB@@B@@B@@D@D@B@@A@@BAD@B@B@@@@@B@B@@@B@B@B@@@B@B@BB@@B@BA@@BAD@@AB@@@B@B@@@DABA@@B@BA@BBB@@PIPMLKJA^KJGDIDILQPGHGHCMIKQ@IDIFG@IBSEOGEKGQE[AK@K@ICCCEEGYBMDKAIBKEMCM@C@@B@@A@A@@DC@ABA@@@@@AA@@A@@@ABA@@@AAAAC@@A@A@A@@AA@A@AA@AAC@A@@A@E@@@@C@A@@AAA@GE@@C@AA@@A@A@CCA@A@AA@@AA@@AAC@A@AAAAAAA@A@CCAAC@A@CB@@A@A@AAEBA@ABA@A@A@CB@@ABA@@B@@ABC@@BA@AB@B@BA@AB@@BBABA@A@@@ABG@@AC@CB@B@@A@A@A@ABA@AAA@C@CBEDABA@@AA@AAC@AA@@C@AAC@@@A@AACBCC@@ABEA@@ED@BA@AB@@@BB@@@AB@@@@@B@BBBBB@B@B@@BB@BBBBD@BBBBBBD@B@D@@@BA@CDABA@CF@DAB@B@@EBAACDA@ADA@CBC@@@@@@B@BCBABA@EBC@C@A@A@A@@@E@@BAB@BA@@@@@ABA@ABA@AB@B@@@@@B@@BD@@AB@D@DBBA@AFADA@ABA@C@ABABAB@BABA@GA@@ABABA@AB@BC@@BED@DC@@B@BABAB@@CBA@A@@AA@C@@@AF@@ABAB@B@BBBA@BB@@@B@B@B@@@B@@@B@B@@BB@B@@BBBBBBBBB@@BBD@@DB@@B@@DBBDB@@BD@@D@BD@@BBBB@@ABA@AB@BA@@@ABCA@@CBAAA@@@AAAC@@@@CAA@@AA@CAAAA@AAAA@@CBCBCBAB@@AA@@A@@AAA@@@AAAAA@AA@@AA@A@@AA@CA@@ABAB@BA@AB@BABABC@GDE@AB@@E@@@A@A@@@CDA@CAE@ABA@@@AB@@BD@B@@CBABA@@@@A@@A@A@@BAD@@A@ABCBA@ABAB@@AD@BA@@@A@A@A@A@AAAA@AA@@A@@EA@@AA@@A@@AAAA@QEI@IAK@IBGJCJADCLAHEHELOJSFgBQB[DQBMBKCKGCCGCSEUEQC@@CBABCBC@@@@B@B@@ADAB@BC@@@ABA@@@A@A@CB@@@B@@B@B@@@ABA@@@BBCBAB@@@B@D@BBB@@@@A@@@C@C@A@C@AA@@E@EBA@CBA@@BA@CA@@@@AB@@@BBBB@BD@@CBCB@@AB@@A@C@@AA@CA@@@BA@@BA@C@A@@@EBC@AH@DIE@@cDHRNABD@DV@FA@BFJBDBDBDJABDA@BD@@@@A@@@@BBB@@ABBB@@@@GD@N@@BFSJBD@@CD@@@BF@@DABAA@@ABJHFFJHA@C@M@A@@@BBHF@@KFDBAF@@@BA@B@DBD@@F@@GBBDB@BB@@@B@@@BAFG@BDB@B@@@@BBBD@BB@B@@@@@@@B@BBDB@@BBA@B@@@@B@BDEBDDC@ABDFDADABBB@BD@@B@BB@@@@BB@B@@@BABAB@B@@D@@B@@@B@B@H@@FBB@@@@BA@@F@B@@@D@@A@A@A@A@G@@A@@B@AAC@EBEB@@@BDHBBMDMDDDB@HHHCBA@@DD@@@BABEDA@@BAD@@@BFD@B@B@B@@BB@@@B@D@D@@@DA@@B@B@B@BB@@BABAB@ACDCB@@@D@B@D@B@@ABCBA@C@A@C@GA@BA@A@A@A@@@ABA@A@A@CGA@A@GDABA@A@@@@DB@@@@@@B@@@BBB@BB@@BCBA@ABGD@@E@A@@@@C@@CDCDEDEBDJ@@@@QBCIAA@@@AABA@AACEOBBLA@@B@BA@C@ABA@@B@B@@E@EBBF@BB@@@@@B@@@@@B@@@@@@@B@CD@B@@@BAFBB@@@@CDEB@DHBBFCBC@A@AA@A@@A@@B@@A@C@@@CC@@A@KFAAGCA@GA@@A@AAC@@@@A@@E@@@@C@@IBCG@AAE@C@@@ACAC@GAC@"],"encodeOffsets":[[125242,41703]]}},{"type":"Feature","id":"210881","properties":{"name":"盖州市","cp":[122.355534,40.405234],"childNum":1},"geometry":{"type":"Polygon","coordinates":["@@@A@@DC@@ACTIAE@@@MHC@@@@AABA@@AA@A@@B@@@@@ACB@ACIBACACACEI@AEBU@@CACMBGQdC@@JF@CBGD@FA@@B@D@B@@AB@@A@@DBB@@BD@B@@@BA@@DADA@@ACA@AA@A@@BA@@@@DBB@@AB@DAB@FAF@@@BBD@B@D@D@@@B@@@@@AA@A@C@A@@BADAAA@@B@BA@@A@A@@@@A@@DAB@B@@@B@BA@@D@@ABABC@@@A@A@@D@DABADA@@RDVFTFHDDDLHLDNARA\\CRAhATEPIFKFGBGDKBCDIHIJAL@JBJ@RFB@BB@BB@@@BB@@FB@@@BB@@BBBBBB@B@B@B@@@B@@ABC@@BABAB@DABAB@@@BC@AB@B@@@@B@@B@BADA@@@AAC@@BA@@B@BAF@DBB@DC@@B@B@@@F@@@BAF@HCD@BABA@ABAB@@ABABA@@DBB@@BB@B@@BB@@BBBBB@B@@BB@BB@@@BB@@BADADADA@@BBBBB@BBDBB@@BB@DB@@@@BDBB@@B@BBDA@@DBBA@@B@@ABAB@BA@@AAAA@@ACC@@@AC@@CAAA@CA@@@CA@@AC@AA@AAAAAAAA@@@AAA@@@A@A@@@A@@@A@A@A@@AAB@AA@A@ABABA@@BE@@D@B@@BB@B@DA@@BABA@A@AD@@CFC@AD@@ABAB@BABA@@HBB@BA@ABABABAD@B@BAB@BCBEB@AA@C@CBA@@AC@@@A@@@@@ABAB@BAB@BA@@@@B@@ABA@AF@@@B@B@B@D@D@FAB@BADA@A@A@@@@D@DAB@BCB@DCBBFA@@@ABA@CDEB@BADCB@@A@@@C@AACAAAA@AACAA@AAA@@@A@AAAAA@A@A@@@@BA@@A@@A@@BAB@@AFC@@FBBA@@DDDABBB@@@D@BBD@@@BBD@BBB@@BB@BAFCDAD@B@BBB@BAB@B@B@@@@ADAD@@BH@BA@@B@B@BAAA@@BAB@@A@ABAB@@AD@BA@@@AB@BA@@DAB@B@B@BAB@FABBB@B@@@DAB@BA@A@@@A@ACAAACAAAAA@@@@AA@@ACA@@@AA@AA@@A@@@A@@@AB@@@@A@A@A@ABC@@AA@A@@A@@AB@@C@@@C@@BA@@AAAAA@@ABC@@@@AA@AA@AA@@@A@C@@@AAA@A@@@A@A@AAA@@@@CAAABAAADA@@@ABA@@AC@@AABC@CDAB@@@@A@A@@@A@@BA@@BABA@@B@@ABA@@AA@AA@@@BA@ABAB@@A@@AA@ABABCBA@@@@@@@A@@@@@AB@BAB@B@B@B@@AB@@@AA@@@EB@@A@@@A@A@A@@B@@@@AB@@A@A@AB@@AB@@ABC@@@AA@@@@A@@B@@@@CA@AC@@@A@A@@@A@ABA@@@AA@AA@AAAAA@@AAAA@A@@A@CC@@@@AAA@A@AAC@@AA@BAAA@@BA@@AA@A@A@@@@@AAAAA@@@A@@AB@ACAA@A@@@EAAAA@@A@@@A@@BA@@@@CA@A@@AACA@@B@@A@@BA@@AAAA@@@A@@AACA@A@CAAAA@@AA@@@A@A@@@A@@EECCA@A@@@CB@BAA@@@@@A@@@@@AAC@@@ABC@@@A@A@A@@@A@ABA@@DAFAB@@@@A@ABABA@E@@@@C@@@AA@@AA@@@A@@AA@A@A@AA@@CA@@A@@A@CA@@@@AAA@@BA@@@AAA@AAAA@@A@@@CAA@C@A@@@ABA@@BCBA@A@CAC@@ACAAC@@CCA@@AACAAA@@A@A@@AA@@@AB@@A@AAA@@@AAACBCAA@A@A@AA@@A@@BA@@@C@A@A@@@ABA@@D@@ABC@CBA@ABC@@@A@ABA@A@AAA@AB@@EDA@@@CA@@A@AAC@C@@AABA@C@@@A@AAAAA@@AAA@@AA@@C@AAC@@@@@AAC@AAAAAA@@CCC@CAAA@@ABAACBICA@A@@A@AAAAACC@A@CA@AAA@@@@AEAA@@ACA@@@A@@@@A@CACA@AAAAA@ABA@@@C@@@AAAA@AA@AC@A@MB@@ABA@A@A@CBA@A@C@C@A@@A@@A@AAC@A@@@A@@@CAA@C@@@@AA@@@A@@@AAABC@A@A@AAAA@@A@AAA@ABA@@@EA@@A@AC@@ABC@@BC@C@@BAB@@@@A@A@@@@A@@AAC@GA@@C@E@A@A@C@@@AAA@@@A@@BAAA@G@CBA@@@@BA@@@C@A@@@AAACCA@@CCAAA@@CEC@AC@@@A@A@ABC@A@E@A@CBCBC@A@A@@@AAA@@BA@AAA@C@@B@@A@A@AB@@ACAA@@A@@A@@A@@AA@AAA@A@@@C@@@@@@B@@@@C@@BA@@B@@A@AB@@A@@@A@@@AB@B@@BB@BA@ABA@C@@@AAA@A@AAA@A@ED@BA@@BA@AB@@A@@@C@A@A@A@@@AA@@@@@AAA@CAACGCAAEAA@@@A@ADIFG@EBABADCFADAB@DADAFABC@CA@@ACECCA@AAAAA@A@A@ABAB@BA@ABC@GAC@A@AAA@CAAA@@@A@CAAECAC@A@A@A@A@A@AB@@ADABAD@FAJCD@N@@AB@B@@CBAAGAK@@AECE@A@A@AB@BAFBD@HDB@BBB@B@@BBABA@A@E@AACEIAC@AAA@@@AAC@ABABAFCFADABCBA@E@@CAAAE@CAC@C@MBIDC@C@C@C@EA@ACAGCICAACCCCACBA@ABABCBABAB@@@@@AA@@A@@@A@@@@@A@@@@@@BA@@@@@@@A@@@@@ABAB@@A@@BA@@@@@@@@BC@CB@@AB@@@@@B@@@B@@@@A@AB@@@@A@AF@@@DEBEAMDOFOHYPWL]LWJ@B@B@@BB@@A@AB@@A@@AC@A@A@AAAAA@A@@@EA@AAAA@@@A@@@ABA@@B@B@BB@AB@@AB@@@@AA@@A@CAA@A@AAEAA@@@@BC@A@A@@@A@@@EAC@A@A@@@A@AA@@AA@@A@A@@BA@@@C@@BA@A@A@A@G@@@A@@@CBA@KLOPSDO@SEYESIQMAA@@C@CBAB@BCDAD@@ABA@AB@B@@A@@B@@ABABA@@@@@@B@@@BAB@DB@A@@BAAABA@ABA@ABAB@@CBA@@B@@@B@B@@@BDF@@@BA@@BB@AB@BB@@BA@BB@@BB@B@BA@@@AB@BA@ABCBCBAB@@@@@B@@C@A@@@@BA@@@AB@B@B@@@D@@@@@@@B@@ABABCB@@CB@@A@@@@AAA@AAAAACA@AA@@A@@A@C@AAA@@A@C@AAAEAAA@@AA@@AAA@@A@AC@@AA@CAC@C@@@CAA@CAA@A@@AA@A@AB@@C@AAA@ABA@@@@@@@@BBB@@ABA@@@@BAB@B@@@@@B@BA@@@CDA@ABAB@@A@@@AAC@@@@@CB@@CBCBAB@@@@BB@BAB@@A@@BAB@B@@AB@BAB@B@@@BA@@@ABBB@@A@BB@@A@AB@@AB@@A@CBAB@@@@ABC@@@ABA@CBA@A@A@AB@B@@A@C@CB@@@AAA@@@@A@A@@A@@AA@@A@C@GA@@@AA@A@@@@@AD@@A@C@@@@B@BA@@@@@A@C@A@@B@BAB@BA@@@A@A@A@BDAB@@ABC@A@A@ABA@@@A@A@G@CAE@A@A@EBA@A@@@AAA@C@C@@@AA@A@@E@AAAA@BADADAB@@C@@B@@@B@@@B@@AB@B@@@BAD@@@B@@ADA@@@A@A@A@@@@B@@A@A@@@A@@@C@@@CF@D@B@@@D@BAB@BCBGCCACACBA@GDABA@CBA@AAA@A@@A@@BA@@@AAAAAA@EAA@@@gGKG@@@@CAEACAK@KBE@IFGHCFCNAJ@F@BNH@B@B@@@@BB@@@@@FAHCFEJCHCHEHGLIJGFIDGDFJDBDBFAD@^SFAF@DBFBJFHLV^@DBB@FERCLCFA@A@G@SAE@EBCBkhQX]HJÔDPCRWBABA@C@GDEFAD@JDB@D@FABAB@BC@A@A@A@ABE@ABADA@ABABADAD@JBDAD@DCDADAFAHAF@FBHBFDD@B@DABADADAB@D@D@B@B@FAH@FADABADCLBN@L@JFFJBJCL@PDFHBJBFAJGF@NDLBFAJ@FBRLRHDB@DMNEFKDM@CBABADAFIDIF@DBDJH@DCDEBAB@DBBFDJHLJBBFBF@FDJFD@FAFBDDHFB@DABGDAF@FDFDH@LBDDDDDDLBBDBBDBHBN@HDF@FAFCF@J@FADABGDGHCRAN@B@ABGHCHAFBPADGJ@HDFFHLP@FCFS@]BKBCBEBABAAEEKAI@ECC@CBIFEDEACAGGGEEASAG@EBADCFCHCDEBKBE@EBEFCHCFADUAAJADA@CBBD@DEDAFBFBFAFEBE@GBUFUH@FIJIFAF@FHLJB`MD@J@BF@HAHKTIVATBFFFFDJBLCPAPGJAH@^ZNRANQRBHdXLFH@PI@@HCFCDABABABCBA@AB@D@BA@@HS@@@@@@B@B@B@@@B@DA@@B@B@B@@@B@B@@@B@@@@@B@B@BB@@B@BBB@@BBB@@BBB@@BDBb`BBBB@@BBB@@BB@BBBB@@BBB@@BB@BB@BB@@@BB@@@@BB@@BBBB@@BBB@@BB@BB@@JHHHBDFFTZB@JDNABAV@BF@@BBFABDCBABA@@BG@ABZdJPRPPNFB"],"encodeOffsets":[[125376,41541]]}}],"UTF8Encoding":true}