{"type":"FeatureCollection","features":[{"type":"Feature","id":"211002","properties":{"name":"白塔区","cp":[123.172611,41.26745],"childNum":1},"geometry":{"type":"Polygon","coordinates":["@@C@@@@@@AKKA@@@AACC@@AEG@I@AE@@@@@@@@CA@@A@@@@A@@@@AE@@@@AC@C@@@@A@@@@@A@A@@@@@@@A@C@@@@@AC@@@@@@@A@AAE@@@A@@@AAA@A@A@@@A@@@@@@@AAC@@@@@A@@@@AC@@@@@C@@@@AC@C@@@@A@@@E@@@A@@@@@@GI@SA@@@@@@WAAJ@DH@ADAD@@GH@@@@@@@BC@A@@@VNA@@B@@ABBBEDDBEBBD@B@@@@@@@@IDB@DD@@GDABBDHC@B@@@@BBDAA@@A@@DDABCBABEF@@PFIDZLGFNLHEAABAKIFCHEFCDBDA@@@@DBCB@@@B@@A@@@@@@@@BA@@@@@AB@@@@@BFD@@@@HD@@@@B@D@@B@@@BAB@B@@D@@AF@@B@@@ABAD@B@B@@@D@@@@@FAD@@@DA@@HAB@DA@@BB@ABFFAH@@BHA@@BCAE"],"encodeOffsets":[[126173,42294]]}},{"type":"Feature","id":"211003","properties":{"name":"文圣区","cp":[123.188227,41.266765],"childNum":2},"geometry":{"type":"MultiPolygon","coordinates":[["@@AA@A@ABABMDCGIAA@@A@AEACCAAACAAACGAAA@AA@@ACECGECAICCBCB@@@BAFCHABCBE@EBIAM@KBGBABGCCC@@@B@@ABA@@@@@@B@@AHA@AF@DH@DDBD@D@BBBBBABABIFAB@@ND@@B@BA@ADCDABADBD@FBF@@B@@@@@B@@@B@@@BDBB@BBAB@BB@@@B@BAB@D@B@@@ADCBA@@BA@BB@AB@B@@@@@B@@ABBB@@@@@B@@@@B@@G@A@ABA@ABB@AB@@@FAAA@@@A@@@@@EA@F@D@@I@A@@@@@@AAACB@A@A@@@@JC@@@@F@@CB@@AA@GA@@@@@B@@@B@@@B@@@@C@@@ADE@A@@A@@@AB@@@EA@@C@@@@@@BEA@DA@@A@@@A@AOAA@@B@BD@DB@@@@C@@@@@@B@B@BB@@@@@@@@@@@@@@BB@@@ABBBB@B@@BD@B@@B@@A@@B@@@@@BFB@A@BB@DA@D@BB@ABBB@B@@A@BB@@B@@@B@B@B@@@@@@A@@B@@B@@@@DB@@@@D@@A@@@@@A@@@@@@AA@@@@@AAA@AAA@AC@@@BEB@@A@@@BF@@@@@RA@@@@@@BB@@@BF@@BDDB@DDBBDDB@@@B@DBFAB@B@B@BBD@LKBK@AECAAAA@A@AE@BC@AC@ECBE@@BAB@D@B@B@BBD@BBD@D@B@D@B@@@DAD@BBB@DBD@DBBBDA"],["@@@B@@ABBD@@G@@@@@G@@@@@K@@@@@C@@F@@@BOA@@I@@@@@A@@@@@@@@@@@E@@@@@C@@DBD@@@@@D@@@@BD@@@@@B@@@@BD@B@@@@@@@B@@@B@BBB@B@@@B@@BF@B@B@@@@@@BD@@@@D@B@@@@@@@B@B@@@@@B@@@@@@DBD@@@@BF@@@@@B@@B@@@DB@@@@@@@@BFJ@H@BF@@DDBB@@B@LL@B@@@@D@BA@A@ABA@@@CAA@@BAFEBABAB@AA@@AC@@@@CE@@@@AA@@@@AA@@@@AACA@AA@@@@@CGEE@EBCDEHEJCJGVMGAED@@C@@@BAA@ABAG@@A@AACF@BAADC@AAAABAAA@AAAB@DA@CBA@@BAA@@A@@@"]],"encodeOffsets":[[[126295,42273]],[[126168,42237]]]}},{"type":"Feature","id":"211005","properties":{"name":"弓长岭区","cp":[123.431633,41.157831],"childNum":1},"geometry":{"type":"Polygon","coordinates":["@@@@@AB@B@B@@BB@DBB@B@@@B@@A@@@ACC@@@A@A@CBC@C@@BADAB@@@RS@AA@@@CAA@@@@@@@AAE@AC@@AAA@AA@@A@@AA@E@AA@@A@A@A@ABAAC@C@A@@@AA@AAA@@AA@@A@CAAAAAA@AAA@A@@@AAA@AAAAAAA@ACAAA@AAA@C@A@A@AAECA@@AAC@@A@@AAA@A@AECA@CCA@@AA@@AA@AA@@@@@CA@AAAA@@@ABA@AB@DC@@@AD@BAB@B@BB@@@A@@@A@A@AB@@A@@@A@@@@@ABA@@BAB@@AD@@A@AB@@AB@@@AA@@BA@@B@B@D@D@@@@B@@@BB@@@@BD@B@D@BBB@B@BA@A@@@@B@B@@ABA@@AA@AA@BA@@@@B@BBB@@@B@@AB@BA@@@@BA@@@@@A@A@AACBABA@@@@AA@@BA@@BA@@CA@AAA@@@A@@@AAAA@E@A@@@ABA@@A@@@@@AAA@A@@AABAAA@A@A@@@AACDAB@B@@@@AB@BADABA@@B@B@DA@@@@@CB@@AB@@@BABA@@@ABA@@DAB@D@@@@B@@BB@@B@DAB@@@HB@ABA@@@A@ADAB@B@DA@@@@@ABA@C@AB@BA@@@AB@@A@C@@AAAA@@@CRGHUAKSUOOOKQUQCIFIJGF@@@@IJONQPONQFWDC@@@@@@DAB@@C@@@ABAD@@A@@@C@A@CAC@CAC@CAA@A@@@AAA@A@@@ABA@A@A@A@@@@AA@EAE@@@CC@A@@AACAA@CA@@@AA@A@AAABAAA@@@A@C@A@AA@@A@@BABA@A@ABA@A@AB@@A@@A@@@A@A@C@ICAAC@AACACCAA@A@AC@@@@A@A@A@A@CB@@@BA@CB@ACB@@AB@@A@C@CB@@C@@@A@@@@A@AA@AAA@A@AAA@A@A@iEA@@@A@ABA@@@E@@AAAAA@@AA@@A@@A@AA@CDABADA@@BC@A@@@A@A@A@ABA@@@A@A@A@ABA@ABEDC@A@AB@@AA@@C@A@A@A@A@A@EB@BQPUR@@@@ABMRBNCPDTJLNJJF@@@@HDZHRLLFVDFBTFXFTNRLNHJDB@BAB@@BF@B@@@D@D@D@DBB@@BDADB@@B@@@@@AB@B@@@@BB@B@@A@A@BBFB@@A@EB@BB@LADABD@@@BB@BBB@@@DA@@DA@@D@@@B@@@@@BAB@B@@C@@@AB@@@BAB@@@B@BA@@B@@@@BDBB@BAB@@@B@BDAD@DFPBB@FBB@B@DEDB@@@B@B@B@B@B@@@BBD@DBBB@@B@@@@B@B@B@@A@A@@D@B@@@BB@@DABBB@B@BB@@@BBB@B@@BFBBB@@BB@@BB@B@B@BAB@B@@@B@B@@BBA@@B@B@BAD@@@BAB@B@@@@F@@@BBB@@@B@B@@@FAB@@@BA@@@ABAB@BA@@DA@@DB@@B@@AB@@B@@B@B@@@DCB@@A@@DBB@DA@@BABA@@@A@@B@D@B@@@BBBB@@@BA@@BB@@BAB@BB@BBB@@@BB@@BBDB@@@D@B@@@@B@EF@BABDBFB@@@@@B@@@@@B@@D@@B@@@@@B@@BBB@@@DCB@@@B@@A@@@A@@@A@@@BBB@@@@@@@AB@BA@AB@@@BAD@B@B@@@DB@B@B@@@BB@BD@BBB@B@@@BBB@@B@B@BB@BB@DB@@@BB@BAB@D@DB@@B@@B@@D@@@DA@A@@A@@@@A@@@A@@@A@C@@AA@A@@B@B@@ABA@AB@"],"encodeOffsets":[[126490,42246]]}},{"type":"Feature","id":"211004","properties":{"name":"宏伟区","cp":[123.200461,41.205747],"childNum":1},"geometry":{"type":"Polygon","coordinates":["@@A@C@A@@@CBCBA@CBA@DB@@BDBBB@@@@@@BBD@BAB@@ABA@C@ABA@@B@@@@@BBBBBD@@ADCBAB@BAFD@@BJJ@BJ@BAB@@BBBBB@B@@BD@DADD@@@@@BBA@BB@@@@A@@BA@ADAD@@BBB@@A@@BA@BBA@DFDABB@@BA@@@AD@JC@@FA@BH@@BDABF@@RA@@@@AA@A@@F@@@@@B@BGH@BA@B@D@DB@@BA@@@@D@D@B@B@@B@@@BB@AB@DAB@@CBABBB@BBBABB@BCDBB@ADEBBB@@@BHBAB@AB@@D@@@FCHBD@@@B@BADEB@@@@A@@FCB@BAB@FAF@B@@ADA@AB@BABABAFADADAD@B@B@B@B@BBBBBB@@B@@@B@FDB@B@F@D@@ABCA@@A@KA@@AA@@@BC@ABABCB@@AA@@A@AB@@A@@@@B@@C@ABCBC@A@A@AAA@@AAA@@A@@C@AA@@CAC@A@A@@@C@C@E@A@@@@@@@NG@@@@CCCAA@AA@AA@A@@@AAAABA@@AA@CAA@A@ABC@@AA@AA@AACA@@@AA@AAAAAAA@A@AB@@AAADA@CDABAC@A@A@@@AB@B@@A@@AAA@@A@@BAAAA@AA@ACA@@@AAAEB@A@@@@A@AB@@AA@@BAB@BAA@@A@@@AAA@@A@@A@@@@C@CAA@C@A@@AA@AAA@AA@@A@AAAA@AA@AB@@@BA@AB@@A@@B@@AB@B@@@D@@@@@BCF@@A@@@@B@B@@@BA@@B@B@BCD@BABABAB@B@@@@C@AD@BA@AAAAAAC@A@@B@BA@AB@@C@A@B@@BAB@DBB@BADAB@B@@AB@@A@@BABCBADA@A@@@@@@B@B@@AA@BA@@BAB@@@@ABEBAB@@AB@@@B@@@BF@@B@@@BAB@@AF@@C@C@@D@@@@B@@F@@FCB@@DBB@DA@@B@@ABB@D@@@A@@@@D@@CB@@@@@@@B@@A@@@@@@B@@GBACA@BD@@ACA@BDCB@CA@@B@@AE@@B@@@@@@CA@@@@@@A@@A@AA@@AAAIAB@@@@@BA@@@@@@BB@A@AA@EG@@B@@@@A@@@@@@B@@@AMB@AA@@CAA@@"],"encodeOffsets":[[126106,42199]]}},{"type":"Feature","id":"211011","properties":{"name":"太子河区","cp":[123.185336,41.251682],"childNum":1},"geometry":{"type":"Polygon","coordinates":["@@D@@@@@F@@@@@@@@@@@B@@@@@J@@@PB@A@@@ED@@@@@L@@@@@H@@@@@H@@@ACBA@@@A@A@A@C@C@@B@@AA@@C@C@AABG@AHA@@@@@E@@@@BBB@@@@QB@@AECB@AG@@AEB@@IDC@@B@@AB@@AACBCEB@AAB@@AB@@@AA@AC@CB@BAB@@@B@@A@@AAB@A@@@@CCCBC@@AA@A@AAAA@@BA@AAII@AI@@ECABA@ABCD@BC@AAAA@A@@@@@AB@BAD@B@BA@@BA@AAC@A@@@@A@AAAC@@CAB@DAB@DADA@@B@D@B@BCACB@AEA@@A@@@A@@GALI@@AA@A@@@@E@@@@@@AA@C@@@@A@@@A@@@A@@@@@@BB@@@@@A@AA@@AA@@AA@AA@@BA@@BBB@B@@@@@D@@A@@CAC@@AA@A@A@AA@@CC@A@@@@A@A@AA@@AAAEAAAA@@@@@D@@ABA@@@CBEBA@A@A@@@A@@B@B@B@@@B@@AB@B@B@BABC@FD@BB@B@@B@@A@@@@B@@@BB@@@@@B@@B@@@@@BA@@B@@B@D@@B@@@BCDCB@BAB@@BB@BAB@B@@AB@BABEDABA@ABCBA@A@A@A@A@A@A@@@@B@@@@@@@@@@@B@@@@BB@@A@EB@BA@@BA@@BA@@@@@BD@@@@@B@@B@@B@@@B@@@@@@CB@@BD@@@@DAB@@@@@BB@@A@BB@@@@@BA@@A@@A@@BAB@@BB@B@@@BDBBBDDBBD@B@B@@@@@@@B@B@@@@BBB@B@@@B@@FD@A@@D@@@@C@@@@BAB@B@@@@B@@@B@@B@@AB@@@@BAB@BE@AB@@ABCDA@@@@BA@A@@@CB@BABA@@BA@E@C@@BA@A@@B@B@BA@@@@B@@@@C@@@@@A@EBE@@@@DB@BB@@@@@@A@C@C@CA@A@@@C@@AB@@@@ABBB@@DF@B@B@B@@@@A@CA@AAB@@@@@B@@A@AACBC@ABAA@A@@CA@A@@ABCB@@A@A@@B@BA@A@A@AB@@CDA@@@@@@BA@@@ABAGA@BF@B@@@BA@ABA@@@A@AB@@FA@@BB@B@@@B@@A@@B@B@@@@@BCBCBBBBB@B@@@BB@@BA@@@HD@BBA@@AA@@BB@AB@DCNLGB@@@@@@B@@AB@@AA@@@CD@@@@@@B@@@@BC@ABGBBF@@@@@@@B@@B@BDB@B@@@D@B@@B@@BBADLDA@OFNFJBFANC@@@@DAD@B@\\JEBHBJDB@F@F@B@B@@@@@B@D@FIB@DBB@@BD@DBDBDBB@BAFCJHAB@@DDBB@@ABCBED@@NN@@@@BBBDC@BRBANKLGHCJAD@LDJDB@HAdKFAFBFAFAHEDA@C@AB@DA@@@@@@@@@@@AB@B@B@D@@@B@@@@A@A@A@@@BB@@@B@@BBAF@@@@AB@B@B@DDF@B@@DB@@@FA@@@B@@B@@@B@CEBA@@@A@@B@@@@@CE@AAA@@@@BBDBBDB@@BBB@A@@@A@A@A@A@A@@LDFDB@@A@ABBBBBAB@@A@@CA@A@@@A@@@@@@BA@@@@@B@@@@D@@@@A@@B@@@@@@BB@D@B@B@BAD@FA@@B@BB@@@@@A@@@@F@BBBABED@DDBB@@BBB@@D@DBB@@BB@BA@@@B@B@@@BAFAD@DAB@BABA@@B@@BBB@@B@@@D@BB@B@@BA@@BBD@@E@AA@@A@@B@FB@@BC@AB@@@B@B@@@@A@@A@@AA@@A@A@@A@@@DABA@@B@@A@@@@@ADA@@AA@B@@@A@@@@@A@@BA@@@CBC@A@AAA@@@A@CBAB@BA@AAACAC@CAA@AAC@CB@@A@C@A@C@C@AAC@AAA@A@C@A@AB@@AFFDD@@BADF@@B@BBBBBFD@BALKLC@AAA@A@A@EBCAA@@@A@CCAACCA@CC@AE@@A@@AA@@@@@@QB@@@@E@@A@@@BA@AF@@D@@BBB@BBB@B@@@@BB@@@@@@@B@@@@@BC@@@@@CA@@@@@AA@@@@B@@@@A@A@A@@@A@@@AAB@@@@AAABAA@@A@CCBA@@A@BEA@A@@@@@AB@@@@AA@C@@AA@A@AABA@@A@@A@@@@@@@@@@@@A@@A@A@A@@@@D@@@@@CAC@@A@AB@PB@B@B@@@BB@@CFB@A@@@@D@@@FB@@A@@B@@@BB@F@BC@@D@@@@@@A@@@A@@@A@@@@HBB@@BA@@DE@@@@@ID@@@@@B@BDABB@B@@@@B@J@@@@C@EFB@@@@B@@@B@BB@E@@BAA@BAB@BAB@H@@@@A@@A@@@@@A@AA@BA@@@@@A@A@@BAAB@@AB@DABC@@A@C@A@ABA@@@A@@ABAAAA@CA@A@@@A@@@A@@@@@AE@EAC@CAABCBCD@BABA@@@MC@@BAJEBABAAAAA@A@CACCCG@@CBEB@BG@@@A@@@@B@BA@@@A@@DDHDBAHALAN@JBFAF@DABADGBE@A@@DADAJD@CAA@AAA@@CACACAA@ABA@ABC@A@@BA@C@E@C@E@A@A@ECA@@@A@@@AAAAAAA@A@A@A@C@CBCBEBABABABA@@BCB@BA@E@EBA@ABA@ED@@@B@@A@CFABA@@@C@UNIHIDGFCFAD@FFFDH@@@@B@@BDBBB@@@@BB@@@@BB@@@@DF@@@@BD@@BBA@ABABEFAB@@BB@D@@AB@B@BABBFAD@@GB@AG@EBAE@BAA@@CBA@GB@@CB@@C@EB@@@@C@@@A@A@C@AB@B@@@AE@@BC@@@@ABA@A@@@AC@A@@@@@GC@@@@EC@A@@@@BA@@@@B@@A@@@@@@B@@@@A@@DACA@@@@CBCAEDGFEDLJABBBGFMKHEYKJCOE@@FEBADABACC@@@BB@CBAA@@@@@AGDACBAHC@@CCA@JC@@@@@@@@@AACFACAFCAABA@@@AB@UM@@B@D@@A@@@@@@HG@@BCBCG@@CBIXB@@@@@@TBJ@@H@@@@B@@@F@@@B@@@@@"],"encodeOffsets":[[126133,42244]]}},{"type":"Feature","id":"211021","properties":{"name":"辽阳县","cp":[123.079674,41.216479],"childNum":2},"geometry":{"type":"MultiPolygon","coordinates":[["@@@@C@@@@AA@@@CAC@A@ABA@@A@@CAA@@AAAA@A@@@AA@A@@@AAA@AACA@@A@@@A@ACA@@A@A@C@AB@@A@@BABA@@B@@@@@@AA@A@@@B@@@B@@@BA@@@A@CD@@A@AA@@@A@@@@@AC@@@@A@@@@@A@@@@EACABA@AFEA@@@@@@A@C@@CAAA@@AA@@A@AAA@@ABA@AA@@AB@@A@@AAAA@@A@C@A@@@@B@@ABAB@@CBA@CA@@@BA@CD@@A@A@@@@AA@@BA@@@CA@@CB@@ABA@AB@B@@AB@@A@EB@@A@A@@@A@AA@@E@@@@@@ABA@A@@BC@A@A@AB@AA@@@A@A@@@ABA@A@A@AAA@@AA@@AAEA@AA@A@AA@@A@@A@AAABA@CA@@A@@@A@CB@B@@@@A@A@A@@A@@@AACAC@AA@@A@A@A@A@A@@@A@FC@C@AAA@EAAEO@CBCACA@@@A@ABA@CA@A@@A@@@ABA@@@A@AB@@A@@B@@@DA@A@AB@@@@A@@@C@@@CB@@CB@@A@AAA@@A@@ACCBKBA@@AFAB@@@EAAAB@B@@@@AAA@@@@@ABA@@@@A@@@CACB@AA@CAC@C@C@@@A@E@@AA@ABA@ICMGQKSMWESEEAUCKEQKYGGC@@@@IEMIIKCSDOAMNQBA@@@@VQRO@AFAB@B@B@B@B@D@@@BB@@BAB@D@FCBAB@BAB@B@B@@@B@BAB@B@B@@@B@D@@AB@BCBADCB@@B@BB@@@BB@@BBBB@BF@@@B@BAB@@@B@jFB@B@B@BBB@B@BBB@@B@B@@B@@@D@@@DAD@B@@@BA@@DA@BDAB@@A@@DAB@B@B@B@@@@@BDB@B@DBBDBD@BBDDB@J@D@B@B@@@BB@@@BAB@B@BAB@B@BA@AB@@@BBB@D@B@@@B@BBBABBB@B@@B@@DBB@DBBB@@@BDD@@F@FBB@@B@@B@B@B@B@BA@@B@B@BB@@B@B@DBD@DBD@DBB@D@@@B@@@BCBA@@D@@@BA@C@@@@D@XCREPMROPMJI@@@@HEJIJERDRVPLPPTVBLGVQH@D@@BBBB@@@D@BA@@B@@ABA@@B@DAB@B@@@@CBA@A@CB@B@B@@AB@BGA@@A@CBA@@@AA@@@A@@C@A@CB@@AB@B@@ABAB@@A@@BA@@D@@@@CBA@A@@@ABCBABA@@B@@A@A@CBBD@B@@@B@BBBABBB@@@BBB@B@@@@@BB@BA@@B@F@B@BB@B@@@B@@BB@BDB@@AB@@AB@@BB@@@@ABABBD@B@B@B@@@@AB@@@@ABA@@BA@@@A@AAA@@@@@ABB@@BBB@@AB@BA@A@@@@@@BABA@A@AAC@A@C@@A@@A@@A@@@A@@C@C@A@A@@@AB@@BB@@A@@BA@@B@BC@@BA@AB@@AB@B@@@@@B@@@BA@@B@B@B@@@B@@AAA@A@ABC@@B@@CDA@@BAB@B@@BBBBB@@D@@@@BBB@@BB@@BB@DDB@FD@B@BBB@BB@@@BD@BB@FDBBB@B@D@B@BBB@BBBDB@BBBBBBB@BB@@B@B@BBB@BBBBDBB@@@BB@@BB@BBB@@B@D@D@BBBAB@B@B@@@BBF@B@@BB@@@BBB@BB@@BDF@BB@@@@@@B@DB@@B@@BQT@@A@CBAB@@@DAD@D@B@B@@DD@B@@@BA@@@A@A@CAA@@AA@A@A@@B@@@@@BBD@@@@B@B@@@B@@@H@@@R@BKDQ@@B@BAF@BADC@AB@BA@@B@B@@AA@A@@@@@BAB@@A@@B@@@@@B@@@@C@@@B@@DDD@FBB@HB@B@@BB@DA@AB@DCDA@A@@@A@@BADEFAB@D@B@@ABBDA@@D@@A@AB@@A@AB@@@@@@A@A@ABA@A@@@VBH@B@BB@BB@@B@BDBBBBBB@BDB@B@D@B@B@JDLALEJAFC@@BAB@F@B@@AB@DA@@B@@@BA@A@@BAB@AA@@@A@A@@BA@@BE@@@AA@@AAA@@AAA@AA@@C@AA@@AA@@@@@ABAA@@ACAAAA@AAAAA@AA@A@@AA@AA@@@@AAA@A@A@@@A@@@@@@B@B@@ADABABCDEDCBCBA@AA@A@@@A@@A@@AA@AAA@A@@@@AA@AA@BA@A@A@@BAAAA@AAA@AA@@@@BA@AB@@@@@@AFD@@@A@@A@B@@@B@@@FAB@B@B@B@BADBDAB@B@B@@@BABA@AD@@@@A@ABA@@@A@@AC@A@@BA@A@A@ADAB@@@@AB@@@BA@AD@@AB@@C@@DA@A@A@A@@BAB@@@AA@AB@@@@A@@@AA@@C@@BABA@@D@@A@A@A@A@A@A@@@A@CAA@@@@BAFBBA@@D@B@@@BAD@BA@@@@BC@@@ABAB@BABA@@B@BEBCD@DA@@B@@ABA@CBCECAA@@ACA@@C@@@AC@@AA@@AAA@A@A@E@@@A@@@CAA@AAAAA@EAABEB@@ABA@@BA@AA@@@BA@A@AB@@@@A@AAA@@@A@AD@DABAB@@A@C@@@A@A@@@A@A@A@A@@@AB@BABA@@BABAB@@AB@@A@A@@B@@A@@@A@A@A@@@ABAB@@AB@AA@@B@D@@@BABA@@@BDAD@BA@ADC@@DA@@BA@@@AHC@@BACA@A@C@A@@@@AAACAA@A@@@@CAAAA@@@@A@@C@CAA@AA@@A@A@@AA@@AA@A@@@C@A@@AC@A@CA@@A@A@A@@@BA@CA@@A@@BA@@@A@A@@AC@A@ABA@@@AA@@A@@@C@ABA@AAA@@BC@@@A@A@@@@C@CCA@@@A@@B@@A@A@C@@AA@@A@ABC@CAAAAA@@A@@A@@A@@@A@A@@@ABABA@C@A@CBC@@@A@@@A@A@ABA@AB@@A@@@A@A@@BA@@AA@@@AAC@AB@@@@A@A@@@A@@@A@@@A@@BA@@BBB@@@@@@AB@B@@AAAA@@AA@A@ACAA@AA@AAAC@@BA@@BABC@ABADA@@B@B@@ABA@@@ABA@@BAA@AAAA@@ACAAA@@A@@@A@@@CAAA@@@AC@A@@BA@@BA@@AAAAA@@AAA@AAA@A@@AAA@@A@@A@C@C@AACAA@@A@@AAEA@AA@BAA@AA@AACAA@@@CA@AAA@@AAAA@@C@@@A@@@ABABA@@AA@@@C@@AAAC@@A@@A@@@ACA@A@@@@CAAAA@A@A@@ACAAAA@A@@@@A@A@A@@@IAKEIIEIEIIOIOAUDUBG@IBGECEAG@GDQ@@@@@A@EAGIGKEQESISEWCa@SCUEQEY@UFOBGAGGGOACGKKIYMWBA@@@@@O@MCEA@@@@ICY@@BOBIBOGSGKMGIGEMCWEMCGCEIMKOBKBO@QCYKIEMEMGKGSLMHKDIBECIKKE@LKNUJQFSNMLQRKNKRCRBJDNJHXLLNJFDJFF@FADEB[LIHED@@@@C@MDMAWEGTDFDJDJCBCB@@@@CFCRDFFJDJLFRLJJ@JAHILEJIJABJBDBVBLBLBNLBPAFGJINGJ@J@FBFHFJFDBFDPJLJHFNBJ@FGPEVEDALDJFJ@L@LB@@@@BADAB@D@B@@@B@BA@@@@BAB@B@BBBBB@AB@B@B@D@@CBBB@@@B@@@B@@DBB@@BB@B@@BD@BBD@BB@@@@@@DF@B@@BDBBB@BBAB@@DD@@BBBB@@BB@@@@BB@@@D@@ABA@@BABA@AB@BA@@@ABABA@AD@BA@@B@@@BCD@@@@@B@@@@@D@@@@B@BBBB@@DB@@@D@@B@B@D@D@BBD@BA@BBB@BB@@@B@F@B@@@BBBB@@BBB@D@B@D@@@DB@@B@@@@@B@BD@@BB@@@@CBA@AB@@@@ABABABAB@@@B@@AD@@@B@@@B@@BB@BBB@@@B@@BB@@B@BB@@@B@@@B@@A@@B@@C@@@CBCBABC@@@AB@@AB@B@@A@CB@@ABA@AB@@A@A@@BA@A@A@A@@@AB@@@@BD@BBB@@@B@B@@BB@@B@@@@BBD@BB@@@@B@@CB@@AB@BBB@B@BB@AB@B@@EBAA@BA@@AA@@AAB@@B@BBA@@@@@@@AAAA@@C@AB@B@@AB@@@BAB@@@@AA@@A@C@@@A@@@A@@@@BAAC@@@AB@D@@ABE@A@A@A@@AAA@@A@@@AA@AAA@@@@AA@@E@A@@@@@AA@@@@A@C@EA@@A@ABA@A@A@AB@BCB@@AB@@@BABAB@@A@@@AAEAA@AAA@EA@@@@ABABADAB@@LB@@@D@BAD@B@B@@A@@@@BBBAB@B@BA@@DABB@@BAB@BA@BB@@DD@BF@@B@B@@@BAB@BC@A@AB@@AB@BC@@B@@@B@@@@@BB@BBD@@@AF@B@@@@@@B@B@@@@@@B@@B@ABB@B@BBB@@BBB@B@@AB@@BBAB@@ABA@A@A@@@A@ABABA@AB@@A@C@@B@BABAB@@BDA@@@C@@@A@@@@B@B@@A@@@@DA@@@@B@@@@@B@@@B@B@@BBBBBFBB@@BBB@B@@@@@@BDD@@BBB@B@B@@BD@DB@@@BC@@@@@A@A@AA@@AB@@BBB@@BB@@BB@@B@B@@@@AA@@@@@@@B@@@B@@@B@@D@B@@B@@@@F@@@@@@BBB@@KJHB@@@B@@@BB@BFA@BDAD@@BB@DB@@BNA@B@@@A@@@@B@@@@@@AH@@FBBB@A@@A@@@@B@@A@@@@BABJBB@@BBB@@@@B@@@@B@@D@@@@A@@@BF@@@AB@@DDAACB@BD@@ACB@BDHA@@@A@@@@B@@@@A@@@@@@DA@@@C@@B@@@C@A@BA@@@AB@@CAA@CA@ED@@@EA@@@@@@CD@D@@@BE@@BA@A@@@AE@@A@@@A@@BA@@BAFABA@@@@BA@AB@@ABB@@@A@A@@@@B@B@BCDABA@AB@@@BA@@@ABABC@AAA@CBA@AA@B@D@@@BAB@@A@AB@D@BBBBBBB@@ABCD@@@@@@ABABABA@ADC@A@A@AB@@A@@@A@A@@B@@@DE@A@@@@@C@@@ABA@@@AB@@@BAB@@A@@BAB@@BBBBBB@@@BBB@BBB@@BB@D@B@DBD@@@@@@BB@@@BB@B@@@BB@ABA@AB@@BB@@BAB@@@@@@BFABB@B@@DB@BBBB@BBAB@@@BB@BB@@@BA@A@@B@@@B@BBDBADCB@BCBB@@BAB@B@BBBBBBB@@B@@DBBBB@@BBB@@AD@B@BBB@DBB@@ABBBBB@@B@B@@BBBB@DBDD@@@@MH@@@@@@B@F@D@D@@@B@B@D@DB@@BBD@@@@BB@BB@@BB@B@B@BADAD@B@DA@@@@@@BA@@B@BB@@BA@ADAB@BAD@@B@@BB@@L@BB@AD@BF@D@B@@AB@D@BAB@BAB@DBDBDB@@BB@BBB@DDBHFFDBD@@BBB@BBDHBBDBBBDBBDBFB@@@BBHJCDANAB@B@BBBD@B@B@@B@@BB@@BBD@@@DB@@BAB@F@B@D@DB@@@@@A@@DA@@@@@@@@@B@@@D@@CD@@@B@D@B@BDF@B@@@@@BB@B@@@@B@@@AB@@@@@@BA@@B@@@@@B@@@@BA@ABC@@@AB@@A@@B@@B@BB@@@BB@BBB@B@@BA@@@@A@@AAA@A@@@@A@@AB@@@@@@@@A@@@@D@@@@@@@B@@@B@@@B@B@B@B@@@BABABA@@HGTKPX@@@@PZNB@@@@HBNMFEJEDA@@@@BAFB@@@@H@LFJDHBTIJCJCNBPDFBD@J@@@B@@BDBBB@A@@AAB@@@BB@@@B@BAB@@@BB@@@@@B@B@@A@@D@B@BBD@DBB@B@@@BAB@DBD@@@BA@@BA@@B@B@B@BAB@@@@A@A@A@AA@@@BA@A@@@AAA@AAA@A@A@A@@@AA@BAB@BA@@BB@@DAB@B@BAB@@@@AA@@AA@A@@A@@C@AAAAA@B@AA@@@AA@@AA@@A@@@A@A@A@A@AAA@@AAAA"],["@@AQD@ACAA@@@@MM@@FCDABA@@AACC@@BAIGEDABA@CACACAC@@AA@CAA@EJC@A@@@@@A@A@E@E@A@ICGAFA[IA@C@CB@@@@MDEBIAMEPEB@KCBCAA@@@AA@C@@@A@A@ACA@@@@A@@@@@@AEHABAD@@A@@A@@@@@@@DC@@B@@BA@@BA@@@@@@@HAMKCDA@@BAA@@BB@@AB@AGC@@B@@AA@@A@@@AAAAADADA@A@@@@@A@AB@@@@A@@@AAA@@EB@@BAB@@@B@BAB@@A@@@AAEB@BHBA@@B@@A@@@@B@DC@@BAB@B@B@@A@AB@B@@@DABA@@@BDB@@@BBBBAD@DABBB@@@@A@@@@BA@BDBB@@@@@@A@A@ACE@@AABA@@@@BA@@@D@@@BDBD@D@B@@@@@@@AAA@@C@@F@FAB@@@@@D@@@@@@A@@B@@A@A@AB@B@@AD@F@B@@AB@BA@ADA@@B@B@@A@@B@DCBA@@BAF@@ABA@A@@A@@BA@@@@A@@@A@@A@A@AB@@@@@D@@C@@@@BEC@@@A@@@AAA@A@@A@A@@@@@@@A@A@C@AACCAACA@A@@@AAA@@BA@AB@@@@BB@@A@@@@AAB@@@AA@@@@A@CB@@@@AC@@DA@@@@@@@A@@@AA@@@@A@@@@AC@@@@B@@AB@@AB@@AFAB@@@AA@@@@@A@@@@@@@@@@@A@@B@B@B@B@B@B@B@DABAB@BAFCBA@ABA@@@ABA@AAA@@BA@ADADC@A@@@AC@A@@@@AB@@A@@@@@AA@@@@@A@@A@@@A@@B@@@@AA@A@@AECA@A@CAA@AB@AC@@A@@@AC@CAA@AA@@@@AACA@@@@@@C@ABA@A@ABE@C@A@@B@@A@A@A@AB@AA@AB@@A@A@A@@@@BABA@AB@@EACA@BA@A@@@A@A@@@A@A@@@A@@@@AA@@@A@@BA@DDA@AAA@@@@@BFC@BFC@@@@@ABDFBADDGDDBD@@B@B@@@@@AA@@@@@A@@ACBA@A@@@@@@@@B@B@B@@ABA@@@@@ABA@A@ABI@@DA@@@@@@@KBA@@C@@@@A@@@AB@@@@@@@AA@@@@AIA@@BAAAA@@@AB@@A@@@@@@B@@@BIB@AACA@EAA@@@BAA@@@AAA@@@BE@A@@A@CA@@A@B@A@AA@@A@@AB@BEA@@@A@EC@@@@EAA@@@@BA@AAA@@@@@CA@@A@@@AB@@@@A@@@A@@@AAA@@@CB@@@BBD@BAD@B@@@B@B@@I@FF@BI@MDC@CAEEGI@@A@@@@@CEEBAC@AA@@ACBBBB@BFE@QFAB@@MI@@BBAB@A@BAAABB@CDECABCAA@@@ED@@@@CCA@@@@A@@CACB@@@@ABA@@@@@@@@A@AA@A@@CA@A@C@BFEBAAC@@A@AA@A@@@AACIA@CG@C@CACAA@@@@@@@@@@@@@AAA@@@A@@EBAA@BCA@@AACCCCGDC@GD@@CCCCIEFC@@B@HC@@AA@@@@B@BAACEGADCC@@AA@@CGB@B@AAAAKACBMK@AH@ACB@CEB@IGBA@@@@FE@@B@AAB@CABAB@BA@@@@BAEEBAFCGGABA@@@A@AA@@@@A@@@@@AA@@CBAA@AAAAAAA@@@A@CB@@ACA@AAA@@A@AB@BA@@A@@CCACACACA@@ABA@@AA@CBA@@@A@@@A@@@@@ABA@@@@@@GD@@A@ACA@AAABA@@DBB@@@B@BA@ECGBEBIDMDAB@@@@C@@@@@G@@@@@ABKB_XA@@@@@IHIDOFaBaDU@ODKFGJOLADILOHWHUFEB@@@@IDMJMLOHGDKDIBKJHF@D@DGDAFEDADDBJB@@@@DDB@HBFBDBB@DBBAFCB@D@B@B@DBDBF@DBB@@DDB@BBDBDBBBBD@B@D@DADAB@BAD@JDDBB@DDHFBDDDBD@B@BCFAB@DBD@BAF@D@D@DBBADBBDDD@DDBBBDBFBFADBBHDJBFBHDBB@DBD@DDFBBFBDBDBBB@D@DEHGNABBBDBFBBBDDDFBBDBH@HBDBFB@B@DIFADAB@BBBD@J@F@FBDB@BBDDDD@DBLAD@B@@BAB@D@DBF@FAD@FBFBFDBDBFB@B@D@BDBDFFFDB@BBBB@F@D@@A@AAAAC@A@ABABAB@B@FH@BDBDBD@F@D@L@F@D@BB@BB@BB@DDB@BD@JAD@B@D@JDFBFBFBF@D@D@D@FBD@@B@FBFB@BBDDDFDD@DBH@BAB@BBR@BADA@@B@BBB@BBBDBHDHFD@@@BABA@AACBABCDA@AB@D@B@B@FBHJBDFBB@DB@@EG@AFC@BBBFBD@@@BADADA@@DDFD@@@C@@H@@AB@@@BB@@B@@@B@@ADAB@B@@@DB@DB@B@B@BBB@BB@@B@B@B@@@BBBB@@@A@A@AAE@A@@BCB@BC@@@ABA@@DC@ABEBC@ABC@EAABE@A@C@@@CACCE@@AA@@AA@@@@B@B@B@@@D@@@B@@@@@@A@@BABA@B@@D@BBBBD@@B@@BB@@@BD@B@D@B@B@B@B@FABAACBOHA@IB@D@B@DK@ABBDBDBDBJHDDBBBBD@@AB@BA@@@ABIBE@A@@BAB@@A@@AACC@AAA@@@ABC@AB@@ALKFF@@@@HF@@@@BBBHZAbBFB@@@@D@@@@@H@@@@@J@L@D@@@@@JATG@@@@BAB@@@@@LC@@@@D@@@@@@@IVNHP@PKFMTFHJT@JBB@ZOJEDA"]],"encodeOffsets":[[[126486,42258]],[[126104,42339]]]}},{"type":"Feature","id":"211081","properties":{"name":"灯塔市","cp":[123.325864,41.427836],"childNum":1},"geometry":{"type":"Polygon","coordinates":["@@@BABABB@BBF@DAB@FA@@BB@@MBKDUD@@ABBBFFBBHFBBDB@@BBBDDFA@IAEBABAB@@AB@@BBDD^MLRA@DDCBAEEDFHCDDFIDBD@F@D@FDDBBDDD@LBB@BA@@@@@@GAAAEEAAFC@BDA@@@@@A@@^MBD@@@D@DA@@B@@BB@@DA@@BBDCBBB@@B@@FBLD@@@BDF@@@@AB@@BFABCBB@FHB@@@DHA@ABA@C@A@EBCB@@@@CEDACE@@@@@@ED@@GBIBDD@DBDBDFDBDB@FD\\@HBB@HBLDDBBAD@BA@CBADAFE@AB@B@B@@@D@@@D@DBB@BBB@@DB@BB@@@BB@BB@@@@BBB@BB@B@@BBB@BB@B@@@B@B@BBDBDBBBBB@@B@BDH@BBD@BDDBD@@AB@B@BBDBBBBB@@DB@FBDBJ@F@D@BBB@BBB@HBD@B@DBDBB@BD@@BBD@DB@@BB@@AB@BA@A@@@A@@B@@BB@BB@@B@@@B@B@BB@B@@@B@@B@@@BBB@@@@@BCD@@@BBBBBB@B@BB@@BD@B@@BDAD@@AB@@@DFBFDBBB@@BBDHHFDLHBD@BAD@B@D@BBD@A@@@@B@BB@@BB@@B@@AB@DCDA@@BA@@@@@@@@@@@@BA@@@@B@@@BBDB@@B@@@@@HCHEB@@A@@@@A@@@@@@@@A@@@@@@@@AA@@@@@@@@@A@@A@@@@@@@@A@@@@@@AA@A@@AA@@AAAAB@@@@A@@@@@AAA@@@A@@A@A@@@@@@@@CAC@@@A@@AA@@A@@@ABAB@AA@@A@@@AA@AA@@@@A@@AA@@@@AA@@@A@@@@AB@@A@@@A@@@@@A@@@A@A@@@@F@@@@@B@@AA@@@@@C@@@@@@CAGAGD@@A@A@@@A@@@ACECG@@@@@@B@@@B@@@BB@@@@B@BAB@@@B@B@@@D@@@@@AA@@B@BAB@B@BA@@B@B@B@B@BAB@@@@@AC@@@@@@B@@@@A@@@@@C@@A@@@A@A@@@@@A@@@@AB@@@@@@@@@@@@AAA@@@@@@B@@@B@B@@@@@@@@AA@@A@@@@@@BABA@@@A@AB@@B@@@@@@DA@@@A@C@AHAB@F@@@B@@@@@@FD@D@@@@@D@B@BAD@B@B@@@BAB@@@BBDDDD@@@@@B@@@AEA@@A@@@BB@B@BB@@@@@D@@@B@@@@@@@@DDA@@@BBDB@@@@@@AB@@@B@@@@BBB@B@@B@@@D@B@BADAD@@@@@@@B@@B@@@@BB@@B@B@@@BAFCDA@@B@@@BBDD@@BBB@@@@@ABCBCB@B@@AD@B@@@@@@D@@BB@@B@@B@@BB@@BB@@@BA@@@@B@@BBB@@B@B@@@@BFF@@B@BA@@@@@A@@@@@@@@@@B@@BBB@@B@B@@@B@@@B@J@F@@BD@@A@G@A@A@@B@H@F@B@@A@@@@A@AAAA@@@@@@B@DB@@B@@@@@@@@AA@@@@@@A@@B@BABADABB@@@@A@DA@@BACCA@@A@@@@@@FAAC@@@@@@DCA@@A@@@@@A@@@A@@@@@@F@FAB@BBB@@@B@@@@@FABA@@@@B@@@@B@@@@B@@@B@A@@A@@@A@@B@BB@@@@@BB@@@@B@@BB@@BA@@@@@@@AD@B@@@B@BAD@@@B@@B@@@BB@@@@@@@BA@A@@@@B@D@L@JA@@BCBCBCBA@A@@@@GABAHE@@B@@@BB@@B@F@@AB@H@BB@@FBB@@B@@@@B@B@@A@@AA@@@@@@@@A@@A@@@@@@@@@@@@@A@@@@@@@A@@@@@@@@@@A@B@@@@@BAB@BBB@@@@ABB@AB@@@@@@@@@B@@@@@@@B@@@@@B@@A@@B@@@@@@@B@@@B@@@@A@@B@@@@@B@@@@AA@@@@A@@@@@@@@@@@@@AB@@@@@B@@A@@B@@@@@B@@@BA@@BA@AB@@A@@@@B@@@@@BA@@@@B@@@@@@@@@@A@@@@B@@A@@@@@A@@@@@@B@@@B@B@@@B@B@@@@@@@@@B@@@BA@@@@@@B@@@@@@@@@B@B@@@@@B@@@@@@@@@@@@@@BA@@@@@@@@@@@AB@@@@@@@B@@@@@@@@@@B@B@@@@@B@@B@@B@@@@@@@@@A@@@@B@@@@@@@@@@@B@@@B@@@@@B@@@@B@B@@@@@@@@@B@@A@@@@@@@@@@@A@@@@B@@@@@B@@@B@@@@@B@@A@B@@@@@@@@@@@@@@B@@@@@B@@@@@@@@@B@@A@@B@@@B@@@B@@@B@@@@@@@B@B@@@@@BA@@@@B@@A@@BB@@B@BB@@@@@@B@@@@@@@@@@@@@BB@@B@@@@@B@@@@@B@B@@@B@@@BA@@BA@@@@@A@@@@@@@@@@A@AAC@@A@@@@@@@@@@@@@A@A@@@@@A@@B@BA@@@@@@BB@@@@@B@@B@@@BB@@@@@@B@@@@BD@B@@@B@@@@@B@@@BA@@@@B@@@B@B@@@@AB@@@B@@@@@@B@@@@@@AB@@@@@@@@@@@@@@@B@@@@@@@@@@@@@@@@B@@@@@@@@@B@@@B@@@@@@@B@B@B@BA@AA@AA@@BA@A@C@AB@@A@@DAB@@@@AB@@ABABA@@B@@@BBB@@DB@@@B@@@B@@ABA@@BA@@B@@ABBB@@@@@@@@D@@@B@@@B@@B@@BB@@@@@@@@A@@@A@@@A@@@AB@@@@@BBB@@BBB@@BB@@@@B@@@B@BAB@B@BABA@@@@@@AAA@A@@A@@@A@@@AB@BA@@B@B@@@B@@@@A@A@@@A@A@@@AB@B@@@D@@@B@DB@@B@@@B@@@@A@@@@@AEA@@AA@@@@@A@@@@B@@AB@B@@@BBB@B@@@B@@AB@@@BA@@BA@@@@@@AA@@@@A@@A@@A@@A@@@@@ABAB@@A@@@@AA@@@A@@@@@A@@B@@@B@B@B@@BB@B@@@@AB@@@@@B@@ABA@@@@BAB@@@@@@@@@B@@@@@@B@B@@@@@B@@@@@@B@B@B@D@BA@@@@B@@B@@@@@@@BDB@@BB@AB@@A@@@@@@@@@A@@BAB@@@@@@A@@@@BA@@@B@@BB@@@@@B@@@@@@B@@@@@B@B@@@BC@DBA@@B@@@@@@@@@@@@C@@@@@@@A@@@@A@AA@@@A@@@@@@@@@@@@@@DA@@BB@@@@@@AA@@@A@@@@BBBB@@@@@@@A@@@@@@@A@@@@B@B@@@B@@@B@@@@@@@B@@@@@@@DA@@@A@B@@B@@@@@@@B@@@B@@@BB@B@@@@@A@@@@@@B@@@@@@B@@@@@@@@BA@@@@B@@@@@B@BA@@@BBBB@BB@BBB@BBBBBDFDF@@BB@@@BB@@@@@D@B@@@@@@@BB@@@AB@@@B@@@B@@B@@@@@DBB@BB@B@@@B@B@BABAD@B@B@@@B@@B@@D@@@D@B@@@BA@@@@@AB@@@B@@A@@@@@@@@@@BB@@BBBBBBBB@@B@@@@@@B@@@@@B@@B@@B@@B@@@@@BB@@@@@@@@@@BB@@BB@B@@@@B@@@B@BAB@B@@@B@@@B@@A@@@A@@B@@@B@@@@A@@B@@@@@@AB@@@@A@@B@@@B@@@@@@A@ABA@@@@B@@@@A@@B@@@@@B@@@@@@@B@@@B@@@BA@@@@@@@B@@B@B@@B@@@@BB@@@@@@B@B@@@B@@@@@B@@@@@B@@B@@B@BBB@DBD@@@BB@@B@@BB@@B@@B@@@B@@@@B@@@BB@@@@@B@D@@BB@@@@@B@@B@@B@BBB@@BB@B@@BB@@B@@B@B@@BB@@@@@B@@A@@@@B@@A@@@@B@@@@@@@@AB@@@B@BAB@B@B@@@BAB@@@@@@@BA@@@@@@@@@AA@@A@@@AB@B@@ABBB@B@@@@A@@@A@@@A@@@@B@BBB@@@DA@@@@@@@AAA@@@A@C@ABA@@B@HGDE@E@EHA^EVENCJGHI@UKKII@@@@CA@@@@AC@@@@A@AC@@@@AA@@@@IKFSJIHSTICA@@@A@@@@@@AA@@@@@@A@@A@@B@@@B@@@@A@@@A@@@A@@@@@@@AA@@@@A@@@@@@B@BA@@@@BA@@@A@@@@@AB@@A@@BA@@B@@@@@@A@@@@AA@A@@@A@@@@@@@@@AAAA@@@@@@@BA@@@A@@@@AA@A@@@@@A@@@@@@@A@@@@BA@C@@@AB@@@@@AA@@@A@@@@@@@AA@@@@A@@@@@@B@@@@A@@@@@@@@@A@@@A@@@ABA@AB@@@@@@@B@@AB@B@@@@A@@A@@A@@@A@@@AA@@@@A@@@@@A@@@AB@@@@@AA@@@@AA@@@@@AA@@@@@@@@A@@@@@C@@@@@A@@@A@@@@@A@@@@@@@@A@@A@@@@@@@A@@@@@@BA@@@@B@@A@@@@B@@@@@@@B@@@@A@@B@@@@A@@@@@A@@BBB@@@B@@@@@@@@@@@@A@@@@@@@@@@@A@@@@@A@@B@@@@@@A@@@@@A@@@@@A@@@@B@@A@@@@@@@@@A@@@@@@@A@@@@A@@@@A@@@@A@@@@A@@@@AA@@@@@@@@@@@A@@@@B@@@@@@AB@@@A@@A@@@@@@@@@A@@@@A@@@@A@@@@@@@A@@@@@A@@@@@@@@B@@A@@@@BA@@@A@@@@@AA@@@@@A@@@@A@@@@@AA@@@@AA@@@A@AAA@@@@@@A@@@A@@@@@@@A@@@@@@@@@A@@@@@@@A@@@@@A@@@@@A@@@@@@BA@@@@@@@A@@@@@@@A@@@A@@B@@A@@@@B@@@B@@@@AB@@@BAB@BA@@@@@EBCBI@C@EBAB@B@BAB@B@BA@@@@@@@@@A@@@AAA@AAA@AA@@@AA@@A@@@@AA@@@CA@@A@AAA@@@AA@@A@@@A@@AA@A@@@@@A@@@@AA@@@A@A@@AAA@@A@@@AA@@@@@@A@@@@@@@AA@B@@@BWIWA@@@@IB@@@@CD@BA@@BAD@@@D@@BB@B@@AF@@AB@@@B@B@@BBA@AB@@@BAB@@A@@@CBA@@BA@E@A@AB@@EDIBKFKBICA@A@C@A@A@ACA@AAAACA@A@AA@@AAAA@G@UA@@B@B@BAB@B@@@@@@@BAB@@@BAB@@@@CB@ACBA@@@A@CBAFEBC@AB@@@B@B@DC@CBAB@@CAA@@@AGAA@EAC@CC@@@A@@@D@@A@@@@@A@@@@BA@AB@@@@B@B@@BA@A@@@ABA@@BCDABE@ABA@@@CRALQ@@@G@@@A@@@A@A@@@@@AC@A@@A@@BAB@BA@A@@@@BBB@@@D@B@@@B@@@B@@B@@@@BCBBBBB@@BB@B@B@B@B@B@@@BB@@BB@@B@@BBA@B@BBBBD@@@@BB@B@@BB@@B@@A@ABA@A@CB@@AA@@ABA@ABB@@B@@@B@B@BBB@BBB@B@@@BAB@@B@@B@B@B@B@@A@ABA@A@A@@@AB@@AB@@C@CAA@AB@@A@A@CAC@AAA@C@@@@BA@A@@@@@A@@A@@BA@A@A@@AA@@A@BB@@@BAACA@AA@@@I@C@EAOCMAIDIDSJGAICKEG@@@@@EAAB@@@@CBIFEFMNGA@@@@MAOY@@@@OWSLGH@@ABABAB@@A@A@A@A@@@A@@@A@@@@@@@C@@@@@@B@@@@@@A@@BB@@@@@@BBB@BB@@@@@AB@@@AAA@AAA@@A@@A@AA@@@@BA@@B@@AD@BAB@@@@@A@@@@@AB@@A@@@@A@@B@@@A@@A@A@@A@@@@@ACE@A@A@C@A@@DC@@@C@@@A@@@@@@@@CB@@@B@@@@CAC@A@E@A@AB@@CA@@C@AA@@AA@@@AA@A@C@CB@BABA@AB@D@B@@BB@B@BAD@D@@AB@@@B@@@@@B@@@ABB@@CB@B@@@@@BA@@@ABCB@@B@@@@B@BB@@BB@@@@B@@A@A@@@A@@BAD@@EAA@@@@BB@@B@FC@AA@@AB@@@AAAC@@@A@@@AA@AA@@@ABABA@CBC@EBAB@@A@A@@@B@@AAA@@AA@C@CA@AA@@AACCC@AFABAAE@@@@@@B@@@@AAA@@@EBC@ABA@A@C@A@@A@@@@A@@@@B@@C@@@@@@A@@@@AB@@@@@@@B@@@BDB@@@BA@ABAAAA@B@BA@ECKC@@@B@B@B@B@B@@@BAA@AA@ACCAAA@@@@BB@BDF@@@@A@@@@B@@ABDFA@@@A@@@@A@@EB@@A@@CA@E@CCA@A@A@@B@@E@AB@AA@@@A@@A@@@B@B@B@@A@@@C@A@A@A@@B@@@@@@@@@@CBA@@B@DCBGFEBEBEAEBcLGBA@ICKCC@IBGDKHMLABCBIFYPA@IAS@GISEENOLO@MGJU@@@@@@C@@@@@KD@@@@A@AB@@@@SHIB@@@@C@K@I@@@@@G@@@@@C@@@@@EAaAYBAGAA@@@@GE@@@@EEKL@BA@@BAD@B@@BB@BDDBB@@@BA@AB@@@BAFAJ@B@@ABA@@BC@AAAACCIGCACACAAA@BCLA@C@A@@JGBAPBDABEBA@A@A@A@C@A@C@@A@@AA@@@AC@AAAAC@@@@AABAB@@@B@@@@A@@@C@@@A@A@A@@@@@BB@@BB@@DFBD@D@@@D@BAFBB@FAD@BADAF@BCD@@AB@B@@ADA@AD@@@BBF@B@B@B@@"],"encodeOffsets":[[125878,42419]]}}],"UTF8Encoding":true}