{"type":"FeatureCollection","features":[{"type":"Feature","id":"210702","properties":{"name":"古塔区","cp":[121.130085,41.115719],"childNum":1},"geometry":{"type":"Polygon","coordinates":["@@@@E@K@@@@A@@@A@@@A@A@@@A@@@@@@@A@@BGBA@@@@AA@@@@@C@@@@@C@A@@@AAA@E@@@@@A@@@@@@H@F@HAAC@@@@@C@@@@@EAA@@@@@@@@@G@K@@@@@GMBQDEBC@@BA@CBA@@@EDCF@H@@@BGJE@EAE@C@GDABC@GAABA@CBABADCBE@ABOFEBEBEBABIBCAECA@AACAGAEAIACCEGAAA@CAAAAAAAA@C@A@ABCBA@@DAD@BABADABCBCBABAB@BAB@@B@DD@@B@BB@@BHBB@@BF@B@B@BDBDBBBDDDD@@B@@@BA@@@@BAB@@@LLLRNVDFHLHDVHD@H@LBRBR@NCFAH@FAJCFCDCDADABCDABEBIEABAHGBADA@CAG@@@@@@@EB@@@@AB@@@A@@A@@@@@@D@@@@@@BB@BB@BB@@@@@DBBA@CA@@A@@B@@A@@BB@@BABAB@@AB@@@BAB@@@A@CE@@A@@@@@A@@ABA"],"encodeOffsets":[[124047,42135]]}},{"type":"Feature","id":"210703","properties":{"name":"凌河区","cp":[121.151304,41.114662],"childNum":1},"geometry":{"type":"Polygon","coordinates":["@@@H@@@@@L@H@@@@@@@@BB@F@@@@@D@@@@BDGBE@G@@@@@@@@B@@@@@FBB@B@@@B@D@@@@@D@@@@BB@@@@ABAH@@@B@@@@@@@B@@@B@B@@@B@@@B@@L@F@@@B@B@@A@@BA@@BAB@@A@A@@AA@CBABB@@B@@@B@@@DA@@A@@@@AD@BAB@@@@@DA@@B@B@@AB@@@@@@@BB@@@@@@@@AB@@@BA@@@@@AB@@@@@@BB@@BBFDDHB@BABAFABAB@AA@@B@B@BDB@B@@@HJBBJJ@@BABBB@DBFBHDDB@A@AB@@@@I@AB@B@DBB@@@@A@@@@@C@@@@F@D@@@B@@A@@@A@@B@@A@A@@AA@@@A@@A@AA@@B@@A@@B@B@@@B@@A@@@A@AF@D@BD@@@B@AB@B@@ADAFADAFAFAB@B@B@BB@@B@@@FA@@BB@@DABB@AB@@@D@@@B@@@FCD@BAD@BC@@@@AAAA@@G@C@A@CAACA@@A@@AAAAA@AA@@A@AACA@@@@@AA@E@A@@@@@AA@@AAAACB@BAAAAJC@A@@C@C@C@I@C@C@@@ABA@CBABA@CBA@C@A@EAGAICGACCCC@EACAAACMEC@CAC@A@A@CBABCBKDOBKBA@"],"encodeOffsets":[[124047,42089]]}},{"type":"Feature","id":"210727","properties":{"name":"义县","cp":[121.242831,41.537224],"childNum":1},"geometry":{"type":"Polygon","coordinates":["@@BOAG@I@G@@BAB@@@B@@@B@@A@@@A@@B@@ABADA@@@@@@DA@@@@BA@@BAB@B@B@@A@@@@A@@@@A@C@@@@@ABC@AB@@@B@B@@@D@B@B@BAB@@C@A@@@AAA@@@@B@AA@C@@A@A@@AA@A@A@AAAAAAA@@@A@E@@@@@AAA@AA@EKGOOMMCEEI@KBOAMGGCGASB_BOAKAKIMEKQMKIOEYCYIWEUEICIISMMBO@IA@GDKDODOAIGQAKAC@@@@AKBGHIDCHMHKLELAJEDEDQ@M@O@ICGIQQIIMEMEIGC@GGGMGIEIOCMAEACKAUGOCCCBKDQBK@MDGDI@CAEIAQAWASDSDQ@QASAUF_BUA@@@@G@[A]AKC@@@@@@QCIC@@@@GCCA@@@@IEYDWFWDWCSGMGWGWIEA@@@@oOOMB@@AAC@A@@BAD@@@AE@@@@GBA@A@AAA@@@@B@@EB@@BCBC@@@@A@@A@@@@AABA@@@@B@BA@@CAAA@AA@A@A@@A@@ACA@@@@AAA@@A@@@ABA@@@AA@@CACACAA@A@@BA@BB@B@@C@ABC@@@A@@B@@AB@@BB@@CBA@@@A@@B@@@@BDA@A@@@BB@@@@A@AD@DA@@BA@A@A@CBA@@AE@ABA@A@@@@@A@@B@@A@ABC@@@@@C@@@AB@@A@@@@@@DC@@@@@ABABAB@@CAA@A@A@A@CB@B@BB@B@BB@@BB@@A@BB@@B@@BCBOHOFQNKDIFKBUD[GQGaIUGSGSIKEA@@@@@@AC@@@@A@@@AC@@AA@@A@AA@@A@@E@A@@@A@A@AA@C@@A@A@A@AA@A@@@A@@@A@@@A@A@@@@@@AAAC@A@@BA@@@@AA@@G@A@C@AC@AA@@AA@A@@@BAB@@A@@@@@AA@GAAB@@A@A@C@C@@@BFEBA@@@@B@BABA@@B@B@BBB@@ABA@AD@@AB@@AA@@@@@BAB@@UDQAI@ICIEKESGM@@AAA@@ABA@ABA@A@AA@@@@AAAAACAA@A@@@@@@@BBB@B@@ACAA@@@B@@@B@B@@ABA@@B@BA@ABABABABA@AB@@GCC@A@A@ABCBA@A@A@@@A@@B@@A@A@@@A@@B@@BBAB@@AB@@A@A@AACB@@C@@BA@@@A@@B@@@@@B@@CB@@BB@@KB@NB@@@BB@@@@B@@BBDBB@B@B@@B@@BB@@B@@@@BBB@@@ANCTAF@@A@A@CAA@CEA@GBA@AB@@@BBD@BB@BBHBB@DB@BDB@BBB@@BD@@BHBH@@@@BFFPBHDN@LAJCF@BC@@@@BEDA@@@A@AA@AAAGG@@@@@BA@@@BB@@@@A@@@A@@@A@@@A@BB@@@B@@BB@@@@ABA@@B@D@BBB@BBD@@DB@@@B@B@@@@@B@BB@@BAB@@@@@BBABB@@B@@BBB@@AB@BAB@@@@@B@HAB@@ABA@ABAB@@@B@@AB@@A@@@AD@@@B@@ABABAD@@@B@@B@B@@@@BBB@B@@AB@BA@@@AB@@B@@B@B@B@B@@@B@B@@BB@@@BAD@@A@@@@@@B@BB@@@BB@@@B@@@@@B@B@@@DA@@@@BBBBB@@AB@@A@@B@DBB@B@B@B@@ABABBB@@@B@B@B@@@@BBB@B@B@@@B@@B@@B@BA@AB@@A@BB@@BB@@@B@DAB@@AD@@BB@AC@@@A@@A@@AB@B@@@B@B@DA@@BBB@@BDBBD@BBDBD@@CDC@@@@@C@AB@@@@@@AB@B@@@B@@@@B@@B@@@B@BDDBB@B@BAB@BBB@B@@BD@@@B@D@F@D@B@BAD@@BB@DBBBBB@BB@@BB@D@BA@@B@@DBBBD@DB@@@@BD@@@@@@B@BAD@B@DAB@DAB@BB@DBB@DD@DAF@DBB@DFBBB@@BBBAB@@BBFBB@D@B@@BB@@BB@B@D@@@BADB@@D@@@AD@B@BB@B@AB@@B@@B@@A@@B@@B@BBDBBBBBB@@@BB@@BB@@BB@@AB@@@@@@D@DBB@@B@B@BBBJHB@B@BB@@DB@@CDAB@@@BABABABA@@@DBDB@@@@@BAB@D@BA@@BCBAB@@@B@BBD@@A@@BBBBB@BABAD@B@BDB@B@BD@B@@@BB@BB@@@FAB@B@@@@AB@@ABABA@@FD@@BD@@BAB@@A@A@@@AB@@@D@@@BB@BD@@B@@@@@B@@@@@BBBBBDB@@BBD@FBF@@@B@BA@A@AB@@A@@B@@B@@B@@BB@@@@@@BB@@BC@A@@@ABABA@@@@BB@@AB@D@FAJB@@@B@BB@BBD@@@B@B@@@AE@A@@FB@DB@@@B@B@@B@@BB@@DBFA@@B@BB@BBB@@B@B@@BB@@@@BA@@D@B@B@@AB@@@B@@@@BA@@BA@@BA@@@@@@A@@A@@@A@@@@@ADA@B@D@B@@@@@ABC@ABA@@B@@@@A@@B@@@@@DB@BB@@@@@@BA@@B@@@B@@A@@@@@@@@A@A@@A@A@A@@@AB@B@B@BA@A@@B@B@@@@@BBB@@D@@@@@@@B@@A@@@B@@DB@@@@@B@@B@FC@@DA@@@@@A@A@AB@BB@@AB@D@DB@BB@@B@BBDB@@BADABA@C@A@@CCCAACB@F@@@BAA@BC@@BAB@DA@@@B@@B@BB@@A@@B@@BB@@BAF@B@BBB@DAB@B@B@DAB@B@DBFDB@B@@@BBBDB@BDBB@@B@DABABABA@@@A@@D@B@BB@@@B@B@@@@BBBBB@@B@@@D@@@BDB@BDBBBB@B@B@@@ABA@@B@DAD@B@@@@@BB@@@F@B@BB@@BB@B@B@@B@@A@@DB@@DFDA@B@@B@BBB@@@B@DAB@@B@@B@@@B@@BD@@@@B@@CFBB@@@B@D@@@BBB@BA@A@AD@@B@BBB@@BB@@BBABBB@BB@B@@@@D@@B@@@@@B@@@BB@BBBB@@B@D@@@DABAB@BADABABBFDBD@B@@BB@@@@BB@ADCB@@@@AAE@A@@BA@@@AB@@@@@BDDD@@@B@@BBD@FDB@BB@BB@B@BB@@@BBBB@@B@@@@B@@@B@BAB@@ABA@@@BB@@BB@@AB@@@@A@A@A@@B@@@@B@@B@@@@B@B@@@@B@B@@AB@@@DBDD@@BA@@BADBB@BBD@BAB@BBB@@@B@B@@@@@BB@@BB@B@DBB@@AB@BBBB@AB@@@BC@C@@@A@AACB@@AB@@@B@@DHDD@@@BBB@@@BB@@@B@B@B@B@@@@@@@BD@BB@@B@B@B@@@@EB@@@@ABBB@B@@B@@B@@@B@BBB@@DBBBA@@BB@@@BBA@BB@B@@@B@BB@@@EBAB@@@@@B@B@@AB@@@@@B@@A@EBEA@B@@@B@D@@@@A@A@AB@@BB@@@@@B@@CDAB@B@B@@A@@B@@@@BH@BB@@BBBB@BB@@BB@@B@BBBBDD@BB@AB@BA@ABA@AB@@B@@B@B@@BD@@@@B@@@BB@B@@B@@@DB@@B@@@BB@@B@B@@@BBBBB@D@B@@@BBD@B@B@@@BAB@B@@@ADBB@BB@BBD@B@D@BA@@B@BBB@D@@@@@@BBDCBCB@@@BAB@B@BB@BB@@@BBB@@@B@BA@@@@B@@@BBB@@BBBD@@BBB@@@@BBBH@JCLELIZINCHCFE@@@AB@@@@@@A@@@@DB@@@AB@@@BB@@@@B@@@D@B@B@@@@BB@BADAB@B@B@@@@B@@B@DB@@FCB@BBB@BADAD@BAB@@@@C@A@A@A@AAAAC@@B@@AB@@AAA@ABA@A@A@@@A@@@@@ABA@@@@AAB@AA@AAA@@A@A@@@AA@@C@@@AAA@A@@ACC@@FGFGFCRETENAPDTJRH@@@@BBRBP@L@ZENCLILGJIFQDCBAAA@@@A@A@@@C@@@A@A@ADA@@@ACCDBD@FABCB@BA@@B@B@DBB@B@B@BBBB@B@DA@AB@DBD@DBBBD@DBD@BD@BBDB@BDBBDB@HDB@B@B@D@DCJCF@B@D@FBD@DDBF@BAD@B@D@BADABABAB@D@B@B@BA@CBC@@B@DBBFDDD@B@@@@@D@D@B@PBD@@FAB@F@B@@B@DBD@@BBBBD@FBH@DBD@BBBB@@@B@@ABE@BBDJBB@@@BDA@BD@BBDBB@BAB@@@BAB@@B@@@@@BFA@@BBV@T@VBV@RBTA^ELMFAFA\\BRCP@H@FHDFNPNPFFJFDBHBHCFEPG"],"encodeOffsets":[[124644,42799]]}},{"type":"Feature","id":"210711","properties":{"name":"太和区","cp":[121.107297,41.105378],"childNum":10},"geometry":{"type":"MultiPolygon","coordinates":[["@@NABB@@B@B@@@@@@C@CB@DAH@D@@C@C@A@A@ABCAAA@@@D@@@BA@CBAB@DEA@@ABA@@ACBA@ACE@A@A@AA@AA@CAAABCB@@AAAE@@@@@@@@ABA@@@CD@@@ACBA@A@ABA@C@EB@AAAA@@BABA@@BBN@@A@G@A@@DA@@@@B@B@@@@@BB@@@@BBB@@B@@B@@@@D@FA@@@B@@DDEBA@@@@@DBBB@@@@GBAEA@@@A@@B@@AB@@@@@AAA@ACA@@@@A@ADAB@@A@AB@@@@@@BB@B@@B@BD@@@BB@B@B@@BBBDB@@ABA@@@@@ABBB@@@@@BB@@@@@ADAD@@FA@@@A@@B@BBB@B@HA@@@@"],["@@@AACB@@A@@AC@@@ACE@A@@A@@BA@AAC@A@C@@@A@ACAAAAAC@@@AC@@AA@@@AAA@C@@BCB@@@BA@AB@@C@@@A@@@A@A@A@@@A@A@@BG@@BA@@B@@A@@B@@AB@B@@@B@@A@AD@@@BABA@@@@B@@@BA@@B@@@BBBHB@@D@@@B@B@B@D@@@@BBBB@@@@BB@BBB@@B@@@BDBBB@@B@B@@@@@B@B@@D@B@@BAB@@@B@@@BA@@HAHA@AF@@AB@B@EI@@@@HAH@B@"],["@@BABB@E@@B@D@B@B@BAB@BCBA@ABC@CA@E@A@A@@B@@AB@@@@EB@@CBE@@BA@@D@BAB@@@B@@@B@BB@@@@@H@@@"],["@@B@B@@A@@BA@@BA@A@@A@@@@AB@@A@@@@A@EACA@@@A@@A@A@@@@B@B@@ABA@@@@B@@@BA@ABAD@B@@B@BBB@B@BA@BB@@@DA@BB@@A"],["@@BADA@@B@@A@@A@AAA@@@A@@@@BA@@@A@A@@@AB@@C@A@@@AB@BBB@@@B@@B@B@D@@@D@@AB@@A@@"],["@@@A@@C@C@ABB@BBDAB@"],["@@FABC@KBC@A@@A@CDAHADAD@BB@@B"],["@@AAA@@EBIAA@A@A@A@A@@@A@@@ADAB@@@BA@@B@BAB@B@@C@AACBAB@DABC@@@A@@B@@@B@B@@@@@@@@@FAB@@AAA@@AA@@@AA@AA@BGB@ADA@@@@@AAACA@AB@D@BA@@BA@@ACCCAB@BA@@AABABCBA@@@A@@@A@CBABA@A@AAA@AA@@AAA@A@AAA@A@AAA@@ACA@A@@A@A@@@A@A@ICAEA@@AAA@A@A@A@C@@AAA@BC@A@@@A@@AAA@AA@@A@@@ABA@A@@B@@@@@BAB@@A@C@@@OAOCA@@@@@CEGISCWAC@@@@@CASA[AKB@@@@C@ODEBA@@@@@GDOBIBGA@@@@GCC@@@@@QGSIABBNAL@@DHG@AACEA@C@CAAAAAC@AAC@CBAACAAAACACCAC@CAC@C@A@EAA@E@A@@B@BGBEBCDABBBB@BD@D@BA@A@@BA@CACAC@GDCBGDC@A@AACCCAC@AAABA@ADADA@ABCBA@AJ@@AHBLFLAFBLDH@JCH@@EJ@BAJ@BABAJ@DBD@BD@@AD@@@B@@A@@BBBD@@D@DB@BB@@A@@@@@AB@B@BAB@@@DBB@@B@BB@@B@@ABC@A@A@ABA@A@@B@@AB@@@@D@B@@@@BB@B@@@B@@@BAB@@@D@@@BABB@@B@@@@B@D@@BB@B@@@B@D@@@B@@BB@B@BDB@@B@@@D@B@@@B@B@@@@B@@B@B@@@@@B@B@B@B@@@@A@@B@BBB@@@BA@@B@DBB@B@@A@@B@DAB@J@B@@@BA@ABABADADABABCBA@ABC@CB@DABAB@D@B@BBBBBBDBB@BBFHDDJBFBHBDBBBB@FDDBJABAFAFAFAPEBAF@DABCBADAB@BAHBD@BAHCD@F@FBF@HI@A@@@GDEFC@@B@DAB@@AD@FARCNAB@LAPALCDABADAB@B@D@DBD@NFBDBBBD@FDDDDHBJDHBFBB@D@B@DAB@BA"],["@@AB@BB@@@@@B@@@DFB@@@A@AB@@A@@BA@ABAB@@AA@@@BA@@@@BB@@DABCA@@@@A@@AAAA@@A@@@@C@@@@@@@@BB@@@A@@B@@A@@F@@@@@@BH@DCBABGHABFBAJAFJAJ@H@B@@@@@NHHPFJ@@@@BDLJFB@@@@FDLHNHPFL@JAR@J@@@@@D@@@@@H@PIHCBI@G@MFI@@@@DCLMFE@@@@DCDC@@B@@AB@@@B@@AB@@AB@B@BABBBAB@@@B@BBB@B@@@B@B@B@FA@@BBB@B@BBB@@@@@@A@C@A@@A@@@@@E@A@@@AA@@@A@@A@@AA@ED@@A@@C@C@@@C@A@@D@B@@@@C@AAA@@BCB@@A@@@@AA@@@@@A@@@AA@AAA@@A@@@C@CA@@A@@@@@A@AB@BABABA@@@AA@@@A@@AAA@AAA@@@A@C@@@@A@C@ABC@ED@@A@@@C@@@A@@BAACB@@AA@@EB@@A@@@AAA@A@A@EBEBCBEBCB@BA@A@@B@A@@ACC@E@@B@B@@@BA@@@A@A@@@@BA@@@BBB@@@@B@@BB@@@B@BA@@@@B@@@BA@@@C@E@@@@@@D@@@@@B@@A@CAA@A@@B@J@@A@@B@BCAGCEACAA@AAAB@@IIAAGI@@A@A@ACA@A@@@BBA@ABEBABABA@CGECAA@@AA@@@@@@BA@@@@B@@A@@BA@@@@@@@@AA@@@@@@A@@BA@A@@@CB@@@@A@ABC@@B@@B@@@CB@@A@@@A@@@AAAB@DBB@@@B@BA@AB@@AB@@@BA@A@"],["@@mAQCSG[iOKOECEAADG@AACCEEEEEGAIAAAACTcAEG@EDIB]IMDK@KEUC[GTGbAHBJFLRJDDFLBBDHFFBDBHAN@DB@BP@BEFCF@@BB@@H@B@@B@B@D@B@@BBB@@@@B@B@@A@EB@@AB@@BD@@A@GCABAACH@@DB@@B@BBDBB@BA@A@@BF@@BBB@DB@@@B@B@B@BCB@BH@@@G@@@H@@@G@@B@@@@@@@BB@@@@@AB@B@@@@A@CA@@@AA@A@ABA@CA@@A@@@BJA@@@@DDFNJ\\L^JVP|`JClQFECAMCGAACDAJEAACCIACCAEDGTSBIAECAIGEIBGJMRQ"]],"encodeOffsets":[[[124157,42296]],[[124144,42263]],[[124176,42255]],[[124100,42016]],[[123980,42011]],[[124009,41817]],[[123988,41794]],[[124119,42101]],[[124047,42135]],[[124076,41858]]]}},{"type":"Feature","id":"210781","properties":{"name":"凌海市","cp":[121.364236,41.171738],"childNum":5},"geometry":{"type":"MultiPolygon","coordinates":[["@@@@@@BAB@@@BABCB@@@@@DB@BBB@B@@@@BA@@@AB@@@B@BFHA@@@@AACA@@@@B@FACC@@@A@@EBC@@@@@@AA@@@AA@A@@A@@A@@@@@A@A@@B@@CB@IKA@G@GB@@@@FJA@A@@BE@@BGBGB@@FLB@B@DBDBDB@@BB@@B@BA@@B@"],["@@@G@@G@@@@B@@@@BFBB@@DA"],["@@B@BA@@ACB@@A@@AABA@A@AAKfBBB@BB@@@B@@@BADB@BB@@@D@B@B@BBB@BB@BFJDB@"],["@@K]@@@BA@@BC@@@C@A@A`PAHC@@@@B@"],["@@B@@@B@B@@@@BDB@BB@BBB@B@BBB@B@BB@@BBB@BBB@B@BADAB@@@B@@@B@DABABA@BB@@ABADDBD@@AB@@ABC@A@@BDBBB@B@@@@CB@BHA@ABBB@@B@@BB@@BB@BA@EB@@@@@@@@A@A@@@A@@@@B@@ADCBA@ABBD@B@DA@A@ABA@@@AB@@A@CB@B@@@B@@@B@B@B@BBBAJ@FB@BBDAB@BA@@D@D@J@D@D@D@@@@BIDBBBB@ADABBBB@@BB@@@@B@F@B@@B@@@@DBBBB@@@BBB@BBBB@@@BB@BDDBB@D@H@@@BBBB@@@@ADB@@@@@@D@B@@BB@BBB@BB@@@B@@B@@ABABABA@@B@B@@@@@BB@@D@D@@@BB@BBB@@B@@@B@@@@BB@@@@@BA@AD@@BB@B@D@@A@C@@@@B@D@@@D@DB@@@FCB@@BB@@@@B@@BB@@B@F@@@@@B@@@@B@D@B@@@@A@AAA@A@AA@@EBA@A@A@@@A@A@AAA@@@A@ABAAABA@A@@BA@@BA@@@A@@BA@@@CDCD@@@@EFKNCD@@@@EJ@N@HAJGDOJG@@@@@C@@@@@I@Q@IBK@OEMGKGEC@@@@EAKIAC@@@@EIGOMG@@@@A@G@I@IBCBADCBCBCDEDIDEBG@EBMDQ@QAKAG@C@UGGCGKCEMUKQKK@@A@AB@@@@AB@@A@@@CCCCAACACA@A@A@AAE@@AAAG@@AAA@@@CCA@A@I@A@CBA@@@@BA@A@CAA@@@AB@@A@AAA@@@@B@@A@A@A@A@@@@@A@A@@@@A@@A@A@@@A@C@@@A@@@CA@A@AAA@@@A@@@C@A@@@AAA@@@C@A@@A@@@AAAB@@C@@@A@AB@@A@@@A@A@@A@@A@C@@@@@BA@@@AB@B@BAB@B@D@BA@@@AA@@A@AA@CA@@A@ABA@A@@B@@@@@BA@@ACAC@@@ACAA@@@BA@@@C@@BC@BFA@AB@@@B@BA@@@ABA@@@A@A@A@@A@@AA@@@@AA@AAACA@@GDC@@BA@A@@DA@@@@AA@A@A@A@@AA@@@CD@@@B@@@@E@A@@A@AA@@AAB@@A@ABABA@ABABA@@B@@A@A@AB@@AB@BBDB@@BB@B@@@B@@@B@@B@BB@D@D@@BB@@@B@@B@BB@@B@@@B@@AB@@@B@@@BA@@@ABAB@@@B@B@@C@A@CB@@@A@AA@@@EBAAA@AA@@@B@@@BBB@@AB@@@@@B@BA@@A@@CAA@@@A@AB@BAB@BA@CAA@@@@@@@@@A@A@A@@@@BGFCBA@ECA@@@AACA@A@@B@@A@@C@AAA@A@@@@AAAA@AA@@AAA@@AAAB@@A@ACAA@A@CBA@A@A@@@@@EE@A@@@@@A@@CAAA@@AAAA@@C@A@A@A@AAA@A@A@@BABAB@@@@@B@@ABA@@BA@@B@@ABA@A@@AA@@BA@BB@B@@G@@@ABA@GBSH@@@BA@@BAB@B@@BD@B@B@D@@@B@@A@C@A@AA@B@@@B@@A@CBA@@BA@C@A@A@CBA@@B@@AB@@@FA@A@@@AB@@@B@@@B@B@BB@@DB@@BBB@@@BB@BBB@@BB@B@@@BB@BDB@B@@@D@BA@@BA@@@@B@BADADCD@BCHADADA@A@E@CCAAAAA@CEEC@@A@AAA@C@A@@@AB@B@BJN@@@B@BABAB@BABCDEBC@C@IDCBCF@BCBGDA@CACCA@C@IDA@A@EAABA@A@CAA@@BA@AB@B@@@@BBBBB@@B@@@@ABBB@@@BB@@@BBBABB@@B@BB@@@B@@B@B@@@@ADBB@BBBB@BDB@@@B@@BB@@B@@@@B@@BB@BBB@@D@BBD@@@D@@@BABBB@@@BD@@B@@@B@DAB@@@@@BB@BBBD@@@B@BBB@BBB@BBB@BBB@B@BAB@@@@B@BA@@B@B@@ABC@@BBB@B@@@B@@A@@@AB@@BB@@@@ABAB@@ABC@GAA@@@AB@B@F@@A@@@AD@@A@ABAAAACBA@A@A@@@B@@B@BB@@@@@A@C@AB@@@BB@@B@@@@CBA@@@@C@A@@A@@@A@@@A@A@CBAB@BAB@B@@BD@@@D@BBDBB@@@FBB@@@BB@B@BBDB@@B@@@@@B@B@B@B@@@BBB@BB@@@B@B@@A@A@BB@@@B@@@BBB@@BBD@@BB@B@BB@@@B@@@BAB@BA@@BA@@BAB@@@B@B@@@@B@@BB@A@AB@@BBAB@B@BC@@B@B@@CB@@@BBB@@BD@@A@@B@@@@@B@@BB@@@@BBB@@@@B@@@B@BDF@BBB@BBB@@B@@B@@@@AB@@@BA@@BAB@@AB@@BB@BBBBBBBBB@@A@@@BB@@@B@@@B@@BB@@A@@B@B@@BB@@@@@B@B@@B@B@B@B@B@B@@@@@B@BB@@B@BABBB@@@@D@DB@DB@@@@BHBB@@@BC@A@GB@B@@@B@@DB@@B@A@@D@@@D@@@@@@FD@@@@BABA@@BBB@DBBB@@DDB@@BB@@@@@@BBBDD@@AB@B@BBD@@BBB@B@@B@BBBBB@@B@B@B@BAB@D@D@@BB@B@@@@BB@BB@@B@@@@BBB@B@@@@BBB@DBB@B@B@@BB@B@@B@@BB@B@B@B@BA@B@AB@BC@@@@@ABA@@@BD@@ADA@A@AB@@ABA@A@@B@@@@@@@B@BB@B@@@@@B@@B@B@B@@B@@@B@@@@@@@B@@@@B@@@BB@BAD@@ABAB@B@BABA@@@@ACBA@@@A@@@AB@@@BABE@A@A@A@@BABABAAABABABAB@BCD@@@BABC@@B@B@@@BB@@@BB@FF@@BB@@@B@@D@@@@BBB@@A@@B@BAB@B@B@B@B@@@@@BBB@B@@@B@@AB@@@@BB@@@BBBBABD@@@AB@@@B@@@BBBB@@@@@B@AB@B@BA@B@A@@BA@@FE@@@A@@DA@@BAB@@@B@B@@@B@@@@B@@B@@@B@@BDBFB@B@B@@B@B@B@@@B@@@@A@@@A@@BAD@@@@@B@@@BBDBB@BBBB@B@BB@BA@@BA@G@A@@@@BA@ABA@@AA@AA@@@AAAB@A@@@@BA@AA@@A@A@@@@@A@A@@CA@@AC@AAA@A@C@AB@BA@@@@AA@@@A@@AAB@@@B@@@B@@@B@@@@@AA@@B@@A@@@@HHBB@BBBB@@@B@FC@A@@D@@ADEBI@KCMAGEOAE@@@@AGAG@@AC@@AA@ACA@ACAA@GAAAA@@AAC@A@@BAB@HAB@DFB@DBB@B@@@BEDSBM@@A@AA@@@@@AA@@AA@@@@A@AAAAC@AA@@@@@AA@@A@@MLA@@AA@@DA@@@A@@@@@AB@@@B@@AD@@@DABBB@B@@@BA@@BAAA@@@AB@@@B@B@@@@AB@@@B@B@B@DABAB@B@D@HD@@BAB@BABABABAB@@A@AB@BA@@@A@A@@@A@@BBBD@@@AAA@A@@@@@@@BBBBDBBBB@@@@BBB@B@BAB@BA@@BB@BN@THLFJFJDJ@RBVC@@BA@A@@@@BB@@BA@@BCB@BA@@AA@A@A@AB@BA@A@A@@B@FAAE@@D@D@B@B@@@BAHBB@@B@@@@@BA@AB@@B@B@@BB@@BBDD@B@H@@@BB@@@@AB@@@BBDBB@@@@@@@B@B@@@B@@@B@@@BBBB@B@B@@@@DBBB@B@@@B@F@@@@BB@@B@BB@@BD@@B@@@B@@D@@B@@@@B@LFTJTHVHbJRH\\HVCLAJELCRMPEPGDA@AA@@@AAB@@@AA@@AAA@A@@A@ADAB@B@B@B@DB@@BABABA@@@@D@@C@@@@B@@@BA@@D@@@@@D@BAB@@@@AB@@@@@B@B@BAF@@BB@DAB@B@B@@AB@@CBCB@@@@@AA@@B@B@AC@@@@@AB@@@B@DA@@AA@@BA@@@AB@@@D@BAD@@@@AAAB@@AEKAB@@A@@@A@AB@@@A@CA@A@@@@@A@A@@@AACA@A@@@AA@AAA@@A@@A@AA@A@@C@A@A@A@@@C@@@GAAA@A@@@AB@@A@@@A@@B@BA@A@@BCB@@@@A@@@ABA@@@AB@@@@AB@@AH@@AB@B@@@B@B@B@@@B@@@D@@@BAB@@A@@DA@AD@B@BB@@B@@BD@@B@@BDBBBBBDB@@@D@B@D@BBB@@AB@@@@BDF@B@@BD@@@BA@BD@BJLH@B@@@AM@AB@BA@AB@BB@BFAD@B@BAB@B@DA@B@@DC@@B@BA@@@@@A@@A@@A@A@@@A@@BA@A@CB@@AF@DA@@FA@@@@BA@@@AB@B@F@B@@DAD@BABADA@ABA@A@C@A@@@@FAAAB@HBABB@DBBB@@B@B@BDF@BABBD@@AB@BB@CFA@AB@DAB@@C@@@B@BBAD@B@B@B@D@DC@G@CBA@@D@D@@@@A@A@@@AAMBBF@@C@AB@@@BBD@BA@PNpP@@@@FBXJXHNHTHXDXCXEZCJF@@@@DBHD@@@@JDRD@@@@@@LD^B\\BH@@@@@VB`AVETBRBR@TCTCXBRBJBBF@DCJCH@NALCRALDDPDVHLBBDBFDNJPJFNHHH@HPGTGTEHC@@BA@@@A@AB@@@@C@@@AD@D@B@BADAB@BAB@B@@@B@BABC@AAA@CBE@@@A@ACC@AAA@CDCB@B@HCFAHCBABA@@BABCACAEAABCBAEA@@@@@@AA@@@@@A@CB@@@A@@A@@@C@@B@@@@CBC@A@A@@DBD@@A@@@A@A@A@A@@@AB@B@@AB@@@B@BA@@B@AAAC@A@ABA@@@@AA@A@@B@@@BAD@B@DB@@@@B@BD@@@@FAJAB@@@@@@B@@BA@@BB@@FAD@JA@@@B@@B@@B@@BB@@@@@@BABA@@@@@B@B@@@@@@@@D@@B@@@@@D@@B@@A@@BA@AB@@B@@BB@AD@HC@@@BBB@@@@@@B@BBPAJAJCLEJEJGBA@@@@DC@CKGEECEEGGCKBC@OC_UQGKGQGMEIGYKGC@@CA@@@@AA@@@@EAMGKKME@@@AOI[GMGEQAOBMBG@@@@@EDEVMXDdI@KC[EI[AGI@@@@OOUSOO@@@@@@GIAI@A@@@@@KNUDE@@@@FINO^EFA@@@@PA`AV@bAXC^BD@VHFBFAB@@B@@H@NAH@D@B@@@B@DB@@D@@FB@F@L@VA@@ENABFCLELGHCDABAFA@A@@CAC@@@@A@@@CAOSBAGC@UBWBQ@@HM@@F@@@@E@AEK@C@CDC@@FGB@BC@@CIC@CQADML@QaUgB[FCBADIHQJU@K@@@@AECMMKCSCKBWICGACCCACCAC@EBC@EAECECEEECEAGCCCGCECGCCE@M@ICGEICOGIEOQQSIOEQYQGBM@MCUFMLAJONWTcFAkFyDcJgNcF»]WGWCEGGaOQi@_Po^SFQRINAHFJJHDBBFAJSTCHBFDDJBDDBBIFCBBDHBNDDBEFkRID{_UO]I[KMICE@B@@@BAA@@AE@@A@@@@F@@AMA@AAA@A@@B@BAB@BA@@BA@CB@@@BBH@@A@A@A@A@BH@@B@FBB@B@@BBB@B@B@B@B@@@B@@@@A@A@BJ@@@HC@C@A@@@BF@BB@@@BJ@@@H@@DJBPDLDJ@B@@@@FJDNHJFNBATJRH@@@@D@HD@@@@HBJAB_A@@@@A@@AA@ABA@@B@D@@@BA@@B@B@@@B@@A@@B@@@B@BBB@@@@BA@@@CBABL^FAPCD@@@@@LA\\BTBDB@@@@D@XBTDHJDF@@@@B@PDPB@@D@B@@@BA@A@@@@@AB@B@BA@@B@@@LeA@@@@ABCBAB@@A@@@A@@B@BA@@@A@A@@B@B@@@@B@@DBFBB@@@@@@BA@@B@@B@@@@BAB@@AB@@@BA@A@A"]],"encodeOffsets":[[[124140,42282]],[[124176,42259]],[[124099,42054]],[[123986,42026]],[[124099,42054]]]}},{"type":"Feature","id":"210726","properties":{"name":"黑山县","cp":[122.117915,41.691804],"childNum":1},"geometry":{"type":"Polygon","coordinates":["@@GEOIMEEEGECICI@@@A@A@@B@@@@@@@@CAA@@JGGGFQ@@@@@EOIUEMSAUDQQKGCA@CAC@@@EFEFSB@I@@@E@ACMBGHAF@HC@@AA@@@@@@@A@@@@@A@@@@@@@@AA@@@@A@@@@@AA@@@@@@AA@@@@@@A@@@@@@@A@@@@@@@@@@@A@@A@@@@A@@@@@@@B@@@@A@@@@@@@A@@@@@A@@@@@A@@@@@@@A@@B@@@@A@@@@A@@@@@@AA@@@@@@A@@@@@A@@@@A@@A@@@@@@@@@AA@@@@@@A@@@AA@@@@@@A@@@A@@@@@@@@@@B@@@@A@@@@@@@@@A@@@@@@@@@A@@@@@@@@@@@@A@@@@@@@A@@@@@@@A@@@@@@@@@@@@@@@AA@@@@@@A@@@@@@@@AA@@@@AA@@@A@A@CB@@A@CD@@A@@@AA@A@@BA@@@@@A@@AACE@A@A@@B@B@@@@@@A@@AAA@@@A@@@@@@AB@@@AA@@AAC@@@A@A@@@@@@AA@AA@@BA@@AA@@AC@ACC@@AC@@@AB@BABA@@AC@@@A@@A@@@@@@AA@@@A@A@@@@A@@BC@@BABA@A@@B@BABBBA@@B@@@@AA@A@AA@@@AB@@@B@@A@@@@@@AAA@A@AAAA@@AA@A@A@@A@A@C@@@A@@@@BAB@@@@AA@@AAA@@@@A@@DAB@BAB@@AAA@@A@@ABA@@@A@@B@B@@@@A@@BA@@@@B@BAB@BA@@@@BA@AA@@AA@@@BAGC[McO]@yAgAQAMASEOAMGUKSKCA@@@@WGMCUIQ@KDiQAA@@@@_M[MCA_MCCEECCEGCCAAAA@@EIEE@@CCA@A@ED@@PTEBFH@BDFHJFHBH@B@BBFKDIDGBOJSL@@@@ABMDOHULSLSFMH@@@@GD@@@@@@IH@@A@ABEB@@@@MFCB@@@@OLSLSF@AABWQ@@A@A@@B@@@@@B@@E@@@@A@A@@AE@A@@MD@@@@@@@DBB@@@BCBA@@B@B@@@BA@@@@@CB@@@@BB@@AD@BBB@@@@@B@B@@A@AA@@@@A@@A@@CI@@@@@@AB@@@AA@@@C@@@@@@BBB@@@BC@@FEDA@CBA@AB@@@@@BCB@@ABB@BJB@@BB@@B@@BB@@DABDB@@@B@@@@B@DDLPJHHBJBHGN@@@@CXAF@@@@@FAB@@@@ANALCDKP@@AB@BA@@@@@ADGHMJKDMCK@SFOFGHDLFFLFLHAFMJ@B@@@@KLGHGJENCNAB@@C@E@C@A@@BA@ABAB@B@D@BA@@BA@A@G@@@C@@BA@@BAB@B@B@B@B@@ABCBABABCBABA@K@CBABC@CBABCFCB@@@@@@@@@@@@CDAD@@EHEHEFAB@@@@CDCDADCFCFCB@A@@AC@@GAABA@A@ED@@A@A@A@@@@C@@A@CAA@A@A@A@@@A@A@@@A@A@@@AA@ACB@AA@C@ABA@AAA@AB@@A@CBAAA@A@GAQAKBNRHHHFLJNLSAI@MDMFEHDPJHJHFFFLXB\\AJAFBD@L@D@F@DDFBDBBBD@BBFFFDBB@@B@FBMFCBA@B@@BBB@@B@@@@@B@B@@@D@B@B@B@BAD@@@B@AB@@@@B@B@@@@@D@@ABB@AB@DA@@@@DB@BB@@BC@GB@@@B@D@@@@@@B@B@DAB@@@@DABB@B@@@B@BDBDBABA@@@BBDB@@@B@@@@ABAB@B@BABB@B@D@@B@@A@@D@@@B@HDFBH@B@D@@@B@@BCBA@@@@@BBB@@B@@@@A@@@FF@@@D@DGDE@@@@BBDBDB@@BB@@@BA@A@A@@B@B@AA@@B@@@@C@@@AB@@@BD@B@BH@@B@@@@B@@@B@@ADA@A@@@BB@@B@BB@@@@@BB@A@B@@BA@@@BBB@@B@B@@B@@AB@B@@@BB@BAB@B@@@@B@@AB@@@B@@B@@@B@@@@A@A@@D@B@NLBBBBBBDD@@@@C@CA@@@@@B@@DB@@BB@@CFEF@@A@DBBD@@BA@@@@@BABBBBDBB@BDBBBB@FBBAB@BAB@B@@ABA@@F@BA@@@@BAB@B@@@F@@@@@@B@DB@D@D@F@HDB@F@@BB@BBJFB@A@CF@@DHDBAB@B@B@@BBBBDB@@BB@@@@B@B@@@@@B@@BJHDD@BB@BBDDB@@B@@BB@D@BBDAB@B@@@@B@BBBB@@BABC@CBA@BB@DBBB@@D@D@B@@B@@B@@@BAB@BA@@DBFDBB@@B@DD@@@@@@@BDBD@@B@B@@ABBB@@BB@BF@@@@B@B@@A@A@@@@B@B@BA@@BFBDB@@B@BBBB@@B@@BB@DA@@FD@@BB@@CBBB@@B@BB@@@@@@DFB@B@@@DDB@@@@@BA@@@@B@DA@B@@B@@@@@@ABC@ABB@@B@AB@B@@BA@@B@B@FB@D@BB@DFDB@@DD@D@@ABAD@B@DBBBBBBD@BBDAD@HC@BB@F@B@@B@@EBKJBD@@B@@BDB@DBBB@@BB@HA@@@AB@DAB@@@F@@@@@FADAB@@BB@@@B@@@@@FA@@@@BA@B@@@@A@BB@@B@BA@@B@@@FBB@@A@@B@FBABADH@DBD@@B@@F@@@BBB@DA@@DA@@@B@@B@@BB@@B@BD@DB@@B@@@AB@@@@@BBD@B@DB@B@ACB@B@@@@@HABB@@A@AB@@@@@@@BCBA@BDBB@DD@DAH@ACD@B@@B@@D@@B@@F@@A@AB@FBLHA@@B@D@@B@B@@A@@FBB@@ABBDBBBTHBB\\LD@VLVLP@XHVJZLTLRDXLXHXFPFXHPFHFB@@@HDBCDC@@HAF@B@B@DBB@BAB@F@B@BA@@BABA@@AA@@A@A@C@@BAAA@@AA@@B@@@B@@A@@@CAAA@@BA@@AAB@@ABABAD@B@F@@@B@@A@A@A@A@AA@A@@@A@AAA@ACA@AAC@A@AA@@AA@AAC@ACACCCG@@@A@@D@B@D@BBD@DBB@B@BBB@B@B@BAB@BABABA@@BAB@@@@A@AAAA@CAE@GAC@AAA@@C@E@EBABADAF@PAD@B@@AAAACCCCCAC@ABAHADA@A@A@AB@D@D@@@BAAC@ABA@@AG@CBC@@DABAJ@D@B@B@B@@@BB@BB@D@B@@@@A@A@ABA@@@AMICE@A@@@AB@B@FCBAF@DADADEBCBABADEDEFIBCFI@AAE@EAEAA@ABGBADE@A@@AA@AB@BCBCB@@A@AAE@C@A@ADGAAACBA@CBEBABA@A@A@@BCBC@C@AB@BC@@AA@AA@@A@@D@F@B@DBB@FAB@BA@@@AECAA@A@C@A@ABCBG@ABADA@A@@@ACAAC@@@A@A@@BABADCBABA@@AA@A@A@CC@C@A@KF@@A@ABAB@AC@G@S@gDQAQ@C@UGCIDIFGJEDAFI@@@@@AFMAIAI@GBKBA@CDACGZGACD@@A\\G@AJCDAB@@@@A@@@@@ADA@@@@@@@AB@B@@@DBBBDBB@@@BA@@AEBA@@B@F@DACCAA@AFDDBAEA@@A@@B@B@@@F@D@@@@CAC@@BAD@FADAB@BAFA@@BA@AAA@@HCDAJCHO@@@@CEVE@DBD@D@@B@HCBAB@@E@EB@@E@@C@@EAAAC@@BABADCD@B@DBD@@BFAB@D@D@B@B@DAHBL@DBD@B@BADEBABA@@"],"encodeOffsets":[[125543,42770]]}},{"type":"Feature","id":"210782","properties":{"name":"北镇市","cp":[121.795962,41.598764],"childNum":1},"geometry":{"type":"Polygon","coordinates":["@@LARBHBB@B@BBDAB@@@BAB@BBB@BAD@B@@BDA@BBB@@B@B@@@B@B@@@B@B@B@B@DBB@@@@D@@B@B@B@@@FCB@B@BAHB@@BD@@@BDADEDEBCDCDC@@@@BAFEFGFG@@BCDC@@@@@@@@@@@@DADEBADAD@BADAL@B@BADABABADABA@@@A@A@A@ABA@AB@@AD@@@H@B@B@@AB@@A@C@ABABAB@@AB@D@F@D@@@BADMFMHIHGLK@@@@@ANIBEKGKEEECKHGPETEL@NDLCNIHGBC@@@@B@@ABA@@LODCBKBM@@@@BA@E@@@@BEDW@@@@HMAGAIGGOICK@C@A@@A@@@A@ACCB@@AA@@@AA@@AA@AIA@BA@@DA@A@@@@BAB@DAB@FC@ED@@A@@AA@A@@@@D@@@B@@B@@BA@@@@@@DJ@@@BB@@@@@BBB@@@@A@A@@@@AA@ABC@@AA@@@@DA@@@@B@@A@@@A@AB@DA@A@@AA@C@@@@@@NC@@@BBF@@@B@B@@F@@@@A@@@@@AB@B@@@XRBA@BTETKPK@@@@DANE@@@@FABAB@@@JG@@@@@@HC@@@@NGTETKVKPGNCBA@@@@TKPIHAJCLCAE@A@AAGEGGICE@AEGFAOS@@FCB@B@@A@@IMGGOF@AIGCEAAEDIIGEMEQGIA@ALKSGSEICCAAAEGCCCAEAAAIEA@E@A@@@@A@@@AAA@@@A@A@@@@@AKGiMSECAWIGEGAG@MBCPGFIDIDQ@UASAK@MBWBKI@C@C@AAAGC@ABA@A@@AAA@QAC@BAAA@@A@A@A@CAAAAB@@ABA@CACACA@@@AAC@@AAAAEACCA@CAM@@@@AB@FE@@@CAA@ACA@@ACAA@@@ABABABA@A@A@@CCCAA@AACAAACACCEGGCMHKFA@ABA@B@ANAB@@@B@@@B@BYNA@EDGDABS@QASAaCKGGIEGGEMAWAO@MAK@GHMC@DCD@@@@ABIHIFKFIDIBOBAAA@@@@@@@AA@A@@GDC@@BAA@@@AA@@BAB@@@BA@@@@C@@@@@AC@@@@@@@@@@A@A@@@@ABAB@@@@@@AA@@@AA@@@@A@@IBC@EB@@AA@@AB@@@A@@@@A@IBEB@@@@ACA@@@@@CAA@C@AB@@A@@@@BBB@@@@AB@B@BBDBBA@@@ABA@@@A@@BA@A@@B@@@B@B@B@B@@@BC@CA@@@B@BAD@D@@A@@@@D@@@BB@@@A@@D@B@@@@BB@@@@@@FBABADBBBFBDADAB@@ABABGDEBGDA@A@CD@DBB@BDD@B@B@@AF@DBB@BADABA@@@A@A@ABA@CBABA@C@C@@B@@@D@@A@@B@B@@AB@@GDSFSHOHHDFJFNJNRJJRDH@J@P@NCRCFIFKBKFGLGNCDGJAHBL@@@@BDBLHRBJCPCPCL@HJBP@NATNJJJDVFXFZJZDPFLJRNFLJNBLBLAPA`BTDHHHBNAP@LFJDFNNPPLH@FBBB@BB@@@@F@B@@@B@BBBBBBB@B@B@@BB@B@@@@DBBA@@@@@BB@B@@@B@DA@ABA@A@C@@@A@A@@@A@@BAD@B@@@@@D@B@@B@@@@@@BA@A@A@AB@@AB@@@@CB@@@@@@CBAB@BA@@@@B@@@BA@@@A@@@A@AB@@@H@JBHAPT@X@VBRHRFNFVCRCRKJKNIHEH@HBHDBB"],"encodeOffsets":[[124760,42790]]}}],"UTF8Encoding":true}