{"type":"FeatureCollection","features":[{"type":"Feature","id":"445202","properties":{"name":"榕城区","cp":[116.357045,23.535524],"childNum":1},"geometry":{"type":"Polygon","coordinates":["@@KEAAOGGGGICGEEIEICEBCBGJCJAHAJ@JBL@L@D@F@DCBC@CAEECGAECCI@G@C@CBCAK@A@C@AABABA@AAAAAABABC@A@@A@ABAAC@ACACAACCGAMCAAA@@E@AAA@AA@CAA@GCC@A@@AA@E@CAC@A@ABABABAD@FC@AAACBEDABC@CCA@A@@AAAA@A@A@ABA@A@@A@@AACAE@EBGBGDCDCFADGBAB@@KFKDIBAFCLEDEFAHFHLHLD@HCHEFKLELEREHGHBBNHLLBH@@@@BD@@@@BD@L@@@@BFBLB@ADABBBD@F@DBJFLHBBFFDDDFJBHAH@HDHLBFFFP@NENENEJ@JDHBFAFEBEBK@CECCCDIHEHDLBNCPENENIJGFCBIBG@CFKJINKHEBKAGAE@IDG"],"encodeOffsets":[[119259,24061]]}},{"type":"Feature","id":"445224","properties":{"name":"惠来县","cp":[116.295832,23.029834],"childNum":4},"geometry":{"type":"MultiPolygon","coordinates":[["@@AVAB@@ABA@AAE@EAA@A@EBCBABABCDE@GBIAOEICGIGGGCAC@C@ABADCBEA@@A@ABA@@@ABA@@BA@A@A@@@@@AAA@@AA@@AA@AA@@A@@AA@A@A@@@CA@G@EBCAA@C@A@CBA@ABC@CBCBC@AB@@@BBDADCDGBCDC@ACIGEEE@K@KAE@EDEHIDIBGBAB@FAFAHGHIDM@IDCBA@K@GBIFIHEDAB@B@BADABC@C@CDEBE@CCCCCAC@ABABADAB@DBB@BCDCBC@C@AC@ECGAAECEAE@AACAEEGC@AABEHCD@FDD@D@@@DCDA@ACAAA@A@A@CBABADAD@DB@@A@ABB@D@@B@B@DADBHFCFBB@@CD@@@BBB@BA@AD@D@@HA@H@@@BBB@BA@E@C@@AAADA@@AAAA@@@A@AAEAAC@DC@ACAAA@IAAEBADA@AD@D@BA@@BCAA@C@C@CAA@C@A@C@AB@@@BABA@ABBB@BB@D@F@B@A@ABAB@BB@@B@BBDB@@B@D@DA@AB@B@BAB@B@@A@@BA@AB@B@@A@@@A@@B@BBB@B@BAB@BB@D@B@@B@@BBD@B@B@@B@B@BA@A@@DA@@BA@@@@BFHDHDFHDBDFL@FCBEBA@@E@AA@EA@CCGEHAEEKEACBEHEFEBIH@BAF@DBBDB@ABCBA@CBBB@BDABBDBB@BB@F@@@DD@@BB@@BAD@BABABAF@@@DCDABB@@@BDDBBBF@DAB@BBB@D@@BB@@B@B@@BDB@@B@@@FDBDDD@@ABA@ABAB@@BBBBABEFEDAAABC@CDCB@F@DA@A@CAC@C@CBEBCB@BAJBFDHDD@DABA@A@E@EFEHGFEFADBF@HDHD@NEL@FAHAHAJAFENAPEJAH@HDJHFFAHCH@DDDHBHDNCBED@BBFBDBFBFBBAFEBEB@AE@CBC@EB@DAHAL@HDHDDJFHHHAJEFAF@JBHBFDDBHBFPDDDFBCFG@G@AD@HDRDFDFHBFBHHD@FCJCHAJAHELEDAFCDAD@FAFAHEHEFEFCJEJED@F@BBBBD@BB@B@B@D@DBB@DBB@DAD@DAD@BBDD@DABCHCHAD@FBD@FAB@BBJBL@D@D@@@@D@D@D@FBD@BDBB@D@FCDE@EBCBGDGBEBCJCJCFAB@@C@C@A@C@ADCF@H@DADCD@D@@@H@FAB@@ABAFEBA@CBCBADAB@AC@A@ABCBABBD@BBB@@A@@@A@A@ABABB@@BB@@BBBCFA@@HCD@DADABADABBB@@BB@FC@@@AAA@@@AB@B@B@@@B@BB@@@@BC@@@AAA@@A@@B@@A@@A@@@AAAB@@ABA@AB@AA@@@ABABAF@B@@@FA@AF@B@@D@BBBBB@BD@B@B@B@D@BBBAD@B@BABA@AB@B@FDD@B@DA@@B@@@@AAC@@A@@A@@BA@@B@B@DAB@@A@@@@@A@@BADCBADAB@@@@AAC@AB@BA@ABCBA@A@C@@@ABC@C@AB@BEBABA@@@@@AA@AAAA@A@ABABA@@B@BB@@B@@@@A@@B@B@F@@@B@@DBBBAB@B@B@@@AA@@A@@@@AB@B@DAB@B@BBB@B@BABABABABA@@@@AA@A@A@@B@@@B@B@B@@@@A@@B@@@B@B@B@@@@@@AA@A@AA@@ABA@AB@@AA@@@A@@EABADAB@D@B@B@DA@A@@AADCDBB@D@D@BBBB@@BBD@D@DBBDBDDBHDBBBDLFFBHBDDDD@BF@DABBBFDDD@@BBBDDBDAFBD@BFDJDDB@B@BADEDBDB@B@FADAD@B@PDDB@BBH@@D@D@D@DDDD@@BBD@D@FAD@B@DBB@BABABBD@@@DAB@B@BC@AB@BBDA@@BBBBB@@ABAB@@@@@@@@B@B@@@B@@@@B@FA@A@C@ABAB@BC@@B@B@BBBBB@BABABBD@BB@@BBFBD@B@B@BBBB@@B@DA@@B@BBBBB@XJDCPQDCBEBC@E@CMaCU@GBEBEBCBA@C@E@C@E@A@ABA@@BA@E@ABAB@BABADCDAHCBABA@CA@EAGAAAECCAAABCBEACQCAACEAACBABABC@@@A@AACAIIEICMAYCOGMGMGIIIECEAMAG@I@EBQJGDGBM@QAGASESGWCQCYIMCI@G@QFSHaNOFGFKHGHGHIDGBE@EAGAME[I[KSKUKQIQIGC@@"],["@@@@@@@@@@BA@@@A@@B@@@@@BA@@@@BA@@@@@@@@A@@@@@A@@@@@@BA@@B@@A@@@@B@@@B"],["@@AB@@@@@@B@@@@@B@@@B@@@BA@@@@A@@@A@@@A@@@@@"],["@@@@@B@@@@@@BA@@@@@A@@@@A@@@@B"]],"encodeOffsets":[[[119017,23465]],[[119360,23597]],[[119244,23482]],[[119261,23474]]]}},{"type":"Feature","id":"445281","properties":{"name":"普宁市","cp":[116.165082,23.29788],"childNum":1},"geometry":{"type":"Polygon","coordinates":["@@HGFGFQFKLKFEDG@GKCKGEGBGFEFCDKBEJALCLE@@BAHABCDECCAC@G@CBCBG@E@C@ABADEBED@@BHBBBD@AEBEB@D@B@@@DCDA@@@ABC@ABADADCDB@@BDB@BAD@B@@C@ABABA@A@@AAA@ABCBA@A@ABACAGBCBG@EBCDABC@@@CAA@@AKDGAI@GAEBGDEBEDC@ECACCAC@A@C@CAA@AE@CBC@E@A@M@C@GCC@C@AAAAAE@ABEJEFEFEBGACAGAE@IABABABCBC@CAECICCAAAHE@ABA@EACA@CACACAECACFM@CAACCCCCEBC@CAIGIAE@ABG@CAEEAKICACEAAC@CBG@C@CBA@ECCEAEACAABC@C@C@C@EBABCD@B@@DBB@@D@@ABA@A@ACECCAACBECCACACAAA@C@ABABAB@@A@AA@A@@AACAAFAB@DBB@BBBA@A@AAAA@B@B@@@BB@B@B@@@BBBBBBA@AAA@CAC@C@@A@@@AB@@C@A@A@CA@BA@A@A@BC@@@E@C@CBABA@A@A@A@AACAEBAB@@ABA@A@@CACAA@ACAAACCEAEEBG@@@C@C@CDCBG@E@CD@B@D@B@D@DA@EBIDIDADAFCHAHAD@FCFEDC@A@CA@AAC@E@C@C@C@@C@C@K@IAAAA@EBC@EAC@GBGDADCBC@AC@ABC@CBC@CAA@CAA@C@C@A@AAAC@AAAAE@C@IFIFEDEFGFGFEBEBC@CBEDCBKFGFIBGBIDEDC@GGEAGACECECQ@GBCH@H@DEEACCOCAEAGCCAEAG@IBEFEBIGGEGCIGCGCK@GBCBA@@FAD@DBFA@AFEFABEAEACAEAAAC@AFMDGCGACC@CDGBGEEIGGCG@IBOFMBEFIBGBGBEBK@MFC@A@CBC@C@ABAF@FEHEFEBEBCBABA@EEEEIEIAI@GBKAGCECAEGIEIAECAIBKFGHGJ@DBD@H@FEDGDEBEBCAC@IDGDIBGBCBCFA@A@CDAFADADEHEFAFAFCB@@CBC@E@GAI@EBEDEDAFCBA@IFKFEDGDCBADCBCB@BABDDDDDDFD@B@DCBAD@FDFBFDDBBDBDAFEDGFIDEDC@@B@BD@D@D@F@F@FDDBDBDADCFCDEJCH@FBHDDFDDDDDDBFBDAFAF@FBDBFBLAL@HBFDB@D@F@HAD@D@FBF@HDFDBBBDFBFB@BADCBCDCDAD@BBB@B@BGFEFIFIFGAE@EBAFBB@BBD@DCFAFBBBFAB@B@D@FDDDDBD@DAD@D@DBDD@F@FBFBBDBFBBBDBBD@@@BADABCBEDCFADBFBF@D@HCFCFEFGBCDCDAFAJCJAF@DD@DAF@JBHDFDDBBDDDABBBDBFAFBDFFHBBBBD@D@F@F@F@B@DDBFBFBFBJCLCF@HFHFDJCHCDFHFHDDFAHCFAH@FFFDFEFELEBG@GFGJEXCF@FDFBHFFHBH@FDDD@DAFCDAD@D@DADCDADADAH@F@DBD@BABAFCDADA@@FAJ@HDHDDBBDDDJFHBFAFAFBBBBBBB@D@B@F@B@DFFBBBJ@BB@B@B@DADABABCBCDEDABBHHDBBD@D@DBBFFDF@PFDBBBFBDHDF@FAHCD@HEDAB@BBBD@BBB@@@@@@B@BBDBBBADCDA@@FAJ@FBFDDH@FBHBD@BD@BADGFEH@BDHRFNBRD@DBHDJBJEFGFKFILEJBDBDFDFBH@B@DBDDFDFBFBLFNFFBF@LCLCJCJAFAD@DABBH@H@LALBHBD@BBFFFFFF"],"encodeOffsets":[[119068,24094]]}},{"type":"Feature","id":"445203","properties":{"name":"揭东区","cp":[116.412947,23.569887],"childNum":1},"geometry":{"type":"Polygon","coordinates":["@@BEBEBCBCAA@C@EHEBCB@FDF@D@DADCDEDCBCDA@C@AFCDCFCHALAP@F@D@FADABE@EDIHKDEFCB@B@@DBDBFDDHAHCD@D@D@DA@ABAAAACAA@A@AB@HDDBB@BCBGDK@CFBH@DDB@B@DCD@JBB@HAL@HAFBD@BABG@C@CBCDAFBB@HQBE@CAG@CDABEBEBAFA@E@E@A@A@C@CEACACA@@@A@A@@BA@A@AAA@C@CAC@ABAD@BBDBBAB@@CAC@EBCD@BADABCBCDCBAD@D@B@@@B@BBAB@@ABBBDFB@@A@ABABB@@BA@ABA@AFA@@BA@@D@BCB@BAB@@@B@BAAC@A@CAC@A@C@@A@@ABCBCBCBADC@@@@AAAAABAAA@@@AAACAA@@C@ABE@EAAA@ABABC@CAACCEACAA@CE@E@E@E@E@G@C@CAEBCDEHEDAFA@CBEDGDIDAFAB@DBB@BADCDABAD@DADAH@DBHAFAFADCDADAFADABCF@D@D@BBDBB@B@BABCDADCBA@ABC@ADAFABC@A@A@AAAAABCDEACCCACAADE@@AA@CC@A@AAA@ABABCDA@CBEACB@DCBEBCDAFABABCBCBCBCDCFA@ABCBADAB@D@H@@GDC@CE@AAE@@@@ACBI@EFEDBBBBADABA@A@A@GB@@C@C@ABC@C@EAACACA@@CBEAACAC@@D@BAAEABABABACAGBAJAFAB@CGMDA@A@A@@CBADA@ACEEGCICE@O@CMROf@@ANGLILIHKHIFKDIDKBCAC@OAO@MAM@G@KBCBCH@FDFDHFFFHHFHFHNHNDH@L@D@DCFEFEBCBI@IAGAGACACH@JBFBHALGFMLIJEL@DAHAJEDIHMJMFOFMDKAGCGFCJDDFD@DALAFEFEBGAICI@MFMFMFO@EEAEGKGCG@GBIACECCEEAAKGIECAE@C@AABABCA@AKAE@@@@@KAC@@@@AC@@@@AGKKMGAAEEEEEEAAC@GAKAKBG@G@AACBC@EBIBIDKDKDE@EAMEKEEAEAECCCCAA@G@EAGJEH@@@@A@EDGDC@C@G@EBCBADEBC@G@A@KJA@@EBABCE@AABABABAAA@CACCB@F@BABDB@DCFBBBFBFA@@@AAAEACCBA@AD@DABAB@EAACBCBD@@B@DAFCD@@A@@@DC@C@ECAABADB@@DADA@ABAEDEDEEBCFCF@AA@AACBA@BBBB@@DBB@@B@B@BBB@@ADAB@@AAA@@@@BAH@@BBBD@BBBB@@@BDDB@@@BBFBDDBBDBBB@BD@F@DBFBBDB@D@BCDAB@B@BBBB@@BBDABABBDBBB@FBBBBD@BAFEFEH@BA@ABDB@DB@BBB@@@B@@AB@@@@@B@@@BBB@BB@BB@B@B@D@BBB@B@@@BC@ABABAB@B@DAB@F@D@@ABADC@@B@@BBBJBF@F@B@@@BADABB@@@@@B@BDBDFBBDDFB@@@B@@DB@B@F@DBDBBBBB@BBB@B@BAD@@AB@@@@BB@BD@B@@BB@BA@@@AB@B@B@F@BABAB@@A@@@A@@AEAA@A@AB@B@BABAD@BABBB@BBDBDB@@B@@A@ABA@@@ABA@@B@B@@@B@@@@BAB@BA@@BBBB@BBDBB@B@B@FAD@BADA@@@AB@@BB@@B@BBB@B@B@D@@@B@B@B@BAB@B@B@B@BBB@@B@@BB@B@@BB@@FD@@BAB@@A@@BB@@AB@@B@@B@BBB@@BB@@@@BB@@@@BB@BB@BDB@B@BB@BB@@@BB@DBB@@@B@B@B@B@BAD@F@BA@@B@BB@@BB@B@B@@A@BB@@@@@BB@B@@@@@BB@@@BB@@BB@@BB@B@@DBB@BBB@@@D@D@B@D@BA@@@@@@@EAA@@C@AAA@AAA@@AA@AA@@BAB@BAB@B@B@@BBBBBFD@BD@FDBBDB@BBBBBB@DBDD@@@@@@AB@@@@A@BBBBB@@BB@DBFBBBHDBBDBFBBB@B@B@B@B@D@B@BAB@@@B@@@BHDF@BBFBBB@@D@HBD@@AB@@CB@@@B@B@DA@@B@D@@@B@@@BD@@B@@@BDB@@BB@@DBB@@@B@B@@@@@@BB@@B@PBD@B@@B@B@@@B@B@BB@BAFAD@DAD@D@DBB@B@B@BC@@DA@@@A@@@@CA@@@AAA@@@C@@@ABA@@BA@@@A@A@A@@@@DABA@@BA@@B@@@B@@@@@A@@A@@@@@AB@@@B@@@B@BAB@@A@@B@B@@@@@@A@A@CBA@@@@@AB@@AB@@ABABA@@D@@@B@@BB@B@@@BA@A@C@ABABAB@@@BC@@BAB@B@BA"],"encodeOffsets":[[119162,24303]]}},{"type":"Feature","id":"445222","properties":{"name":"揭西县","cp":[115.838708,23.4273],"childNum":1},"geometry":{"type":"Polygon","coordinates":["@@BAB@@AFGFEBE@AACAAEAA@AAACBABAAC@AA@AA@A@ABADC@A@CCAAAAE@C@EACA@AAACCAACAE@A@@CAAC@@A@AA@AACAA@@BG@A@@B@BB@@BABC@@AA@A@A@AA@CA@@AAAAB@DABBB@@BDEDEFACFCFBFBAB@BC@CA@BCBADB@F@DCD@@B@@@DCBE@C@AC@DADABB@FBABA@CBCB@DABDBFBB@@B@AEAEAADE@CCABA@A@EDABD@DBBABABABBBF@ADAB@FB@LIB@H@D@FABCDAFAH@D@D@HCFCB@@@@@FGHIECACACFIJKLEHEFEAICIAG@CQCMAQECG@AFGHEBC@AACC@GAEAG@CCAE@EBI@EB@DCBCAACAAAA@@@@@@@AA@AACAAA@CBGFC@GDEBE@GCACAEAAEC@OCEEEAA@C@CACCAGGAACBCFADADABCBCBA@A@A@@AAIAAEE@C@A@E@A@CAAAAAAEAEBEBGAIECCACCAGCGCI@EB@@CBCBEDABABC@CAE@G@CBCBCBCDCBC@C@CBEDCBC@CC@EAGEGGEEAECE@WDIFEH@HAHKFEFEFECEEG@EBGDEBCCEGEGDCDGCIGEGEE@KDIDEAEAEACA@C@A@E@E@E@CACAAGAEEACBEAEACAACBCCAACCCEAG@IBE@CCCE@IBIDEBCBCDADEHEFEDGDC@E@EACAEBCDAFADCBAB@@GLILIFIJEJC@CDAFCBCDCBCF@DADADEFADCBGBE@EACAI@G@IEKCC@EBCBCCGIGEG@KBI@C@E@@@@@EAIAEG@KECECKCI@GBCBAF@H@H@HCD@F@B@DDBBBCDGD@D@BDDBB@B@BAD@D@BBBDBBBFBDFBBBD@BABWL[NKJGJAJAJCDEDGDEBIDGFCH@HEHEFCFABC@ABAAAAAAAB@BADRFHFDLDLAF@FA@ABAFADBFFFB@DBHBHD@BBDB@DBDADAB@@B@D@D@F@DADAD@D@@@BH@FBBBBAB@D@BFD@BAD@D@@BBDBFDBDBDFBDBFFDFDDBB@B@FBDBBBBBB@B@BA@ABADCFCBGDGDGDIHGHEDGDGDAJCFCF@F@BBD@DB@F@D@D@DBBD@@@JAH@B@DBBBDBDCFAFCHADBBDJ@J@DCDEHCFADFBDDDDD@BABCDAB@DBBB@@BABADAB@BBDBBDD@@D@B@FADABB@BDFBFBBDBBB@BA@EBABAB@B@B@DDFB@BABBBBBDBF@F@DDD@BB@@B@BAA@BA@CD@BBBBBAB@@CBABE@EDADABADAB@BBBD@F@D@BBDBBB@BBDADADA@C@ABA@ADADAHBFBDFB@BBB@F@B@BD@B@DB@BBB@B@BBBBBDF@DBDBBBDBBB@B@B@D@B@B@@B@BAD@BFJD@HJD@D@D@DBBBD@BCBCBADAF@LDBAB@@A@ABCDGACBCFCDGBADAFCDCFAJCF@DC@ABAHAB@BABC@CBCDAF@BBDD@B@B@B@D@BB@FDF@DBFBDADADAD@FDBBFFVLLFLDDBBDDDBB@DADABBBJFFBFBDFBBFFHHDBBBBDB@BBDABAD@D@D@F@D@F@B@D@B@DAHGDA@ABCDE@CACCEAACA@A@@@ABAB@FABADABABA@A@A@@B@D@D@B@DAB@@@BBDB@@DBFBD@B@DAFCDCBA@@D@B@BABAB@B@BA@BBB@B@B@B@@AB@@@B@@D@D@BAB@D@D@D@B@DABAB@@C@ABA@A@@@CB@HCB@B@BCBABADA@AB@A@@AAA@@@AB@@AB@@@@BBBB@B@B@F@D@@@BA@ABABAB@@@B@BBB@DD@@BB@BB@@B@@B@@@@@BABAB@@@BC@@@AB@@@@@B@@A@@@A@ABA@A@@BA"],"encodeOffsets":[[118902,24185]]}}],"UTF8Encoding":true}