{"type":"FeatureCollection","features":[{"type":"Feature","id":"441802","properties":{"name":"清城区","cp":[113.048698,23.688976],"childNum":1},"geometry":{"type":"Polygon","coordinates":["@@ACAGAE@E@G@@@A@A@@@A@AA@CEE@EBAAAAAAAC@AAC@CAE@AAECCAEACAA@@@A@@@A@A@A@AAAACAAAA@AA@@A@A@C@A@AAAAAA@A@A@A@C@AAA@A@AA@AA@@C@EACAAA@AAA@A@A@A@A@A@@C@ABC@C@A@A@A@AAAA@CAA@CBG@EAA@C@A@CBCBC@CBC@A@CAA@C@C@C@A@AAA@@@@A@@@A@AB@DAB@DAD@BAB@B@@A@@@AA@@AAA@AA@@AAEAC@EAE@AAAACAAA@AAAAA@AACAAAAA@@@A@A@@@AA@@BA@AFADADCAEACAAA@@AA@AAAA@CAA@A@C@A@C@AAA@AAA@CCAACA@@KJCAHOAA@ADG@C@C@@ACA@ABCFE@CBEDCBE@AA@E@IE@A@@AC@AAA@CBC@A@CACCCACACCCA@@BGAGAEAGBABABABADADABCBAAA@AA@@@AAACHEDC@ECEGBACGGA@AACAA@AIEACCFGBA@AAACA_CGA@D@J@BCEBKCDGGEBA@EA@A@A@CCAECIDEDBDQBKDGBCAEEGCEJAAA@AABAFGCEMGCBGACCC@CBG@GGCBGBECGGAGG@@@@AA@ABA@@AA@A@@@A@@AA@@@A@@@AAAA@AAA@@@AACGGEA@@@@EA@@A@MHG@AC@AQAABCDOG@ADAAA@AI@@AFEAAGH@@ICE@E@GBABCBADCCCACAEBGBA@A@@ACAC@@@C@E@CACC@ABE@@@AB@AAACEEECE@EBCFADGDCBABEFGDEBC@E@ABAFDBDBBB@DABABA@AEAAABCBBDBBBDBDAD@FCBABC@@AC@ABCBCDE@AACACCABA@A@ABCD@BADADCDADADADAD@B@D@DAB@B@@KF@HJTf^@DBBBDBB@B@DBB@B@@@BA@@B@@LBPRRJJFNBJBFNBPALDVHZDPX~DLDJHLDHRL@B\\TB@BB@B@BABABC@ABA@AD@B@@BD@@@B@B@@A@EB@B@@BB@D@@ABABBB@BBBABAD@B@BFHF@@ABCB@EELANADBFHDHBHFHBHDJCT@J@F@FJBfFTHRFT@L@F@JBF@FPHJP@JEBABEBAFADADAB@DHLB@@JBJAJABCBGFGNC\\FNUAABABCE@C@A@MBA@@BCDEACCAA@SDEFA@AC@GAEBCCCC@CFAHAFFFDFIAI@A@CH@FDF@DBDFLDFAP@F]BADCRABA@ABCDABADAB@BD@DBBDA@E@C@E@E@GCCDINDNLNHHANAFFFBLATBLELIHGP@FHDJDHAJAHEF@FBFDL@BGNEJB@DADA@@L@@@FCF@HF@@B@B@B@@AB@D@D@D@D@NBF@BCFEB@B@D@B@B@BAB@B@B@D@BADA@@f@"],"encodeOffsets":[[116100,24302]]}},{"type":"Feature","id":"441821","properties":{"name":"佛冈县","cp":[113.534094,23.866739],"childNum":1},"geometry":{"type":"Polygon","coordinates":["@@@@E@C@GBGA@AAEGCCA@G@AEOEKEGC@AAAAA@CICAACEGACE@@@@AGCCACDCDCBA@ECECE@CBADC@A@@EEAA@BHCFE@ACKHACCCAEHCFKDGAKEEBEDIBCDA@CCCE@CAMIGBADADEBE@A@ADEFE@EO@IEAABABQBGACBCFE@CBEAAA@B@BCBIA@AEACACCAAACAE@CEA@@AEACBEKIMKGBA@@CF@DCCCGCBEHKD@BABAB@BABABCBCBC@CBCBE@AJECKGKHIBABA@AC@EE@KBC@CCAA@AA@IDEF@FCDCCEIBC@GAECBE@CEEAAICAACA@ABEFEAAQK@ACCAAA@CEAA@C@AA@AB@BABA@A@ABA@ABGD@B@JC@I@AB@@ABABABCBABA@@@ICAHDD@@BB@B@@@BABABGB@H@BIJEBG@IBIAGEJ@DCAAAAEAECCAEACCCACAC@AAABA@@@A@EACCCAG@EDG@CAKAGFA@A@A@EBCB@@EEGBIHGDBD@HABADCB@BABDFCDEBIDC@GDEDGDBBAFA@EDJB@DEDG@GCGCA@ABAB@BABA@@@A@A@AAAAA@AAC@C@A@C@@@@@@@@@E@E@CAEBA@AB@BAB@BGDGAIB@@C@C@A@ABA@ABe@@@CBABC@A@A@A@ABA@A@C@A@A@EFADE@MAC@C@C@C@A@@BA@A@A@@@GEE@ED@@K@@@CBCBA@@@@B@@@B@@@BHBBDFHBD@BAJADBDBBB@@D@DFDD@@B@BBD@B@BBB@BB@@DBB@B@D@BBD@B@BBD@BBB@DBD@DBB@B@@H@D@DDBB@L@@BDBBBBDDFLNL@BLPBB@B@DEFCLMLFFDFFJFBFBENBJFHDBJ@@JIFKFIBCD@DDFPJJFFF@JPFNDPAJBJ@FABBBJDBD@F@FDDADEB@F@D@NAL@JFHHBFFBBBBDCb`KL@PCLAHAHBRJBBBBDBBB@BBDBB@B@BBB@D@BB@@@B@B@B@@@D@BAB@D@BAB@B@BBB@B@BBB@BAB@DAB@BA@@B@@@B@BBBDBD@BBD@DABAFADAFCDABABCBABA@ABA@ABABABABAB@B@B@@@BBBFD@B@BAD@B@B@BBBB@@BBFBHBDDBDDDD@FBF@FCHBF@F@D@BDBB@FBB@ABAB@D@B@@AB@B@B@@AF@L@@DH@DHDFBJ@@@JAFEBE@GB@@@B@D@B@B@D@FBFN@DHBH@FB@D@D@D@DFFFFPDHDD@D@FG@GBADAFDDDBH@@BD@DBFBHBFBHBF@DBDBF@@@B@@BB@@BBB@@BBA@@BA@ABA@C@CBABCBCBCBC@ABC@ABABA@@BAB@D@B@B@D@DAB@BAAG@C@@BA@CJEBBBBDBD@BAFIDCFCTKJCHAD@BDDFBDB@J@BAB@D@BBB@BBBBB@@BB@D@@@B@BAD@B@B@B@B@BBB@@BBB@@@HBDFBFBFABADGFGNQDCDCF@BAB@@CBA@ABAAC@A@A@AJQDG@I@A@@@A@@@@@AA@@@@AAA@AA@@@A@AA@AA@AAA@AAA@CCAEACACAC@AAAAAAAAAAAA@AAAAAA@ACCACAAIAECCCB@BCDADEBCDAHABCBCAAACAABCBAF@FADCACDE@@BC@A@@BADADBDBD@@@BAFADDDBDCF@D@B@B@DA@CBCBAD@BC@@@@@A@@@@@I@CDCBCB@EELA@@FCF@DADADCBCB@@GBADBB@BC@E@A@A@@@E@GAA@CDC@G"],"encodeOffsets":[[116532,24477]]}},{"type":"Feature","id":"441826","properties":{"name":"连南瑶族自治县","cp":[112.290808,24.719097],"childNum":1},"geometry":{"type":"Polygon","coordinates":["@@DABCDCB@@AB@BBBBDDBBBFBDBBF@DALGBABAB@DBDAFAFCFCFEHEFAHCDADADCDADCBCHIHGFAHCHGJGBA@CACAC@EDGBCJMHIBECCCACCCACC@CACBC@CB@F@H@FBD@BCAC@EACAA@@CCA@MAGECEDELCFOBKBI@K@A@ALAF@JAFCHCBCFEBEBEBIBGCEEIEEACDAFADCBEAE@CDGFEBC@E@C@EBCDCBCFADAF@BC@ACECCCCCCBGBGBEBG@E@ADEDEH@DAFDJHDBF@F@DABA@C@CCA@EAEAAAAC@C@AAAE@EBGBEFCFABA@A@AJADA@C@GAGAE@A@@@ABCBCDCB@BBBLBBD@BABEDCBAB@D@FBDBFDFBD@B@BA@A@C@E@@ACACACCEBEBAFAFDLH@BDBF@B@B@AC@C@C@C@@@ACECE@C@ADADAEKAC@C@GEMAEAGCEAECEACAC@CBEDCBC@A@AA@CEA@AAAA@ABG@ADABABA@E@GAEAC@A@ABABADCBA@CBAEECCEGEGAC@CBADABAF@DBBBB@DABCBA@CCCACACCC@A@C@A@AAAAA@C@@@ABABCBAJAFABADE@AB@@A@ABABADADBFBFBB@D@D@@AFBDBBB@D@F@BDDDBTHFBD@DABADEBADC@AEIQYCEKGCA@CBA@ABABGBG@ABABCDABABAB@B@D@DDDDB@@@DAHGFE@@DCBAB@B@D@B@BA@IBCBAB@B@BBAB@BAD@BEJ@DBBBBD@D@B@BBB@@D@BAFCHAF@FBDBBB@B@DA@ABM@CBC@E@AEI@CACBCBADABA@A@CBAD@B@BBB@@B@D@BBFD@F@HA@E@GBIBI@C@C@AAAC@CAE@CAGCCAAAGAG@EAAAAABCBABCBCNMNKFGBCGQACCAA@C@CDEFILCFCFGBABCHETADAHCBGBEAAGAG@@AGAE@C@ABABA@C@ACACAEACCCCAC@CAAA@AACGCKCOBQBQ@GAKAAAFCDC@CAABCBEDEFEFCF@F@D@B@DA@@@CBE@EBGDCFAFAHAD@DADCDA@C@EAGBEBCB@BA@SBKDOREJA@A@ADADADCDCDABCDC@A@GAGAC@CBEFEHEBGDA@A@CAEKAIBKJQFeB[AEEAGCKEMAE@GDQD@@@DAFCDCFCBAF@D@HCD@@EFEBE@CBE@C@C@CBABAD@DAHAJ@DAFADADABA@EBADGFGHCFAHEFCFCBC@C@C@CAAACCCEGEEEAA@AIMGMCCGAIAG@GDEBMPEJBHDFV@DF@B@BOH@BBDBDDF@DCFKFOLCJCBG@GCE@C@AFCDAH@FDD@@J@D@DB@B@B@BGHCDGDEBEBAB@F@B@H@HBH@BBBBBBB@F@DA@A@CBAB@B@B@FADCHCHABIBCBCDCFABEDCD@BHDBB@DABKF@@@@A@A@CBEBA@@BAB@B@@@B@@A@@@A@@BA@@BBD@@@B@@ADAB@@A@CBCBE@CBA@CDABAB@B@H@D@@BDBB@@D@J@JAFA@AHADCD@JAFAH@DAD@@@@BBHDFDFDDF@D@H@FBDBDABADC@CBCDAB@BBBBBDBD@@ABA@MD@B@BBBBBFB@D@D@BAFADADDBBD@DADABCFCD@B@FABABBDAPBBCHBBB@@FFJ@FDLJbBBDNFLFDJ@LCHAHAN@DB@@D@DBDBBDDDHBFFFF@D@DDDDBFBF@F@F@F@FDBBBF@BAD@BFJJNB@@DB@@BHDBBB@DAFCFGBCFCD@HJNRJFJBL@FA@ABCFAFB@D@F@FADEHCHCFCFC@CBEDEDA@@@@H@FCDEHGHIHGDE@G@C@C@ABCBIJGFEDEBMEIAC@CDEHCJABBBBHDHDFDFDBDDDBBB@DABAB@DADADAFCFC@CBC@C@ABABABCDC@ADGHEFEDGDADADBJBDFHDJFBD@BB@@ABABCBE@ABA@A@A@BBB@B@DBBFBDAD@BBBB@@@DDBBAB@BCBABCBABBDBD@BBB@B@BAFAF@B@BBBBB@DBFAB@DBDBF@FBFBDBF@B@BBBBB@FBD@D@BBDAD@B"],"encodeOffsets":[[114868,25525]]}},{"type":"Feature","id":"441825","properties":{"name":"连山壮族瑶族自治县","cp":[112.086555,24.567271],"childNum":1},"geometry":{"type":"Polygon","coordinates":["@@B@B@B@BAF@DABABA@@AAC@EACIEGACAIBCBCHCFCFEHGBCD@DCBABABAD@D@DAD@DEBEBCBC@CBABA@CAACACCCACECECGAGAABADIFGDCD@JBNFFAFCHEJIDABAD@D@H@F@HCJGHGFGDC@E@G@@B@FCFCDAD@DEDEDGFGBC@E@E@CEAEBAD@BEBK@IAIEMQGIC@EDADEHEDCBA@AAGC@AA@@CA@IMEI@ABC@AAEAAECE@E@E@E@EACACC@C@CEEEEGACCACCACAC@@@CAM@GBGBKDI@ECEKCMAAIaCK@EEI@EA@AADGAABOACBABA@E@ADCDEBABC@CACCABCBCBE@A@C@CEAAAAA@A@ANCB@BA@@ACACAAAAA@CBAD@DCDABCBCAEAG@C@E@CCCECEAG@A@@C@CBG@EBIBC@CDGB@BEBIBI@C@@@AAAC@@@C@G@ABABADCB@DAF@DADAB@@@BABC@@@A@@AC@AB@@AB@@@B@@@@A@@@ABA@AB@FADAB@B@@@@@LEBA@CAAGC@ADCFCBADEDCDAJABADGDGBC@E@A@ABADAB@B@@C@EAAAAAA@AAG@G@G@A@EBAFAFAHCDCHG@A@A@ACAC@I@@@CC@EBGDCBED@F@HDH@DADIPKLEDE@CCEACAC@APG@A@ACEU@CEAGFINOFAHCH@JBHBDDHNJN@BBBFFHFDFDDBBDBD@D@D@DADEFEBGDEHGHEBCFAB@BABCBCBE@CBIBG@CBCBADAD@D@F@DAF@FAFE@@DC@G@CBEDADEDCBE@C@@AC@C@G@GBEBCBKBIBG@ECCCCCGAG@IBG@I@KAEAGEICGCCAAC@ABCBCDCBCBC@CAE@EAE@C@C@A@AAA@@E@EBGBGAC@CCEECCCECCGEE@CAACCECE@E@CAC@AACCEAGAC@C@C@C@AA@CBC@@ACCECAEAG@CBGBEDA@@DAD@FADCFGDGDGBEBCDCFADAFAF@FADCDCBEBEAE@C@ABAB@FCFEFCDCBCDADCFADAD@DABCDC@CBE@CBCBEBE@CAECCGACAEACCAE@CAAA@CAGAE@E@G@C@EACCACCEAAC@A@IBGDEBCBC@CCGECICIAMAMBG@GBC@A@EAAAAC@AA@@@CBCBAB@D@D@DADAFCBABABABEFCDCFAFAF@DADCFCBCBCBCBCDCDEDCDEBGBC@A@EACAC@C@@DAFAB@DABBDF@HBBBDBDFDF@DBD@BBB@BDDBBB@DBFAH@DEDEBCDAF@HBD@BBDDDFBF@H@HAF@DBDBBB@B@D@B@DADBFBDDFF@DBBFDHFF@FBD@D@DBDDBB@DAF@DBHFFDDDBHDHF@DBD@BBDBFDDDDFBDDDDBDAD@D@D@DBB@DBF@B@D@DABBHBFAH@HAHAHAD@DA@C@A@ABGBEBEFCDAD@F@B@D@DBD@DBDABABAD@DA@ADCFCFABABAD@DABABEBABADBFABADCBEDGDGBG@EBC@CD@B@B@BADADADEBCDC@ABCBADADBBBDDB@D@BAB@DAB@DBBBDBFDFDDBDDBDBD@D@BBBDFDB@B@BBABADABADAD@FBF@HBF@DAB@DABBDBF@B@BCJEJCHEFGBA@A@@@AA@A@@A@@BADABCBAB@B@@AB@BA@C@A@A@@BAB@@@B@BBB@B@B@DABA@@BAB@B@@@B@B@@AB@@A@AA@@AB@@@B@B@B@BAB@@A@@@A@A@A@ABC@A@ABABAB@BA@CBA@A@@BA@AB@BABAB@B@B@B@B@B@BAB@@A@@@AA@@@A@AB@AA@AA@AB@@@BA@A@A@@AA@A@A@A@ABABAB@@@B@@BB@N@JAFCDENCFEJBFFHFLF@L@FBFDHDB@@BADADCDADADAD@B@D@DBBABA@@BC@G@AB@BBDFBBD@DADABCD@BAHBBHFJFHHBBDHDTHTHFPFP@H@FDHDPDLAHCJDFDHHFDFDFDBB@DDHBF@FBFAH@J@B@DBDDBDBDBBDDDFFFDBBDBBBBBDBD@BBADADBFBDJDFBHBLBNBFDDDDDFFFFBDABAD@DBDBBFBF@HDHBDBDBDBDDDBDDBDBBB@B@F@F@FBFBDDBAFCFEFCBAFBBDDFDBDBBB@BB@@DCB"],"encodeOffsets":[[114853,25446]]}},{"type":"Feature","id":"441803","properties":{"name":"清新区","cp":[113.015203,23.736949],"childNum":1},"geometry":{"type":"Polygon","coordinates":["@@@@BA@@BA@A@@@A@AAC@A@A@C@A@A@A@C@ABADCDADCDABCBABCBCBC@EBCBE@A@A@CAA@@@A@A@@AAAAAAAA@C@A@A@A@@JEAECAAAAA@ABCNGBE@I@IAG@@GCA@@A@ABAHCHEDEJGDAFHHHBB@@B@@@BBB@@AB@B@LCDBBB@@D@LGFGHEFCDCFEDCHEFCL@NADADCFEFAF@DADE@GAMBCFCF@H@H@FC@AAGAEDADAACCAAAAA@A@CBAD@@EL@LBNDFDD@FCF@FARIPDRJHBPGP@TJLMFGGK@A@CBABAB@BAD@D@D@B@B@D@D@B@B@B@B@BA@@B@B@@AB@B@B@B@DBD@D@D@B@@@PGZM@@@CBABCBABCD@HBD@H@BCDADAF@@BDDDF@@B@BAB@DABAB@B@B@B@B@B@BBB@@BB@@BBBBBDBBBDDD@BBB@D@D@D@BAD@B@B@B@B@B@B@B@D@@@B@BAB@B@B@B@B@B@BBB@B@D@BAB@BANKDKFE@C@AAAKO@AMKEKCCAAAAAC@@@KAACCC@G@@@@AAA@CAC@CAA@AAC@A@AAC@A@C@AAA@CA@@AAA@A@AAC@A@AC@EC@C@CA@AAACBCBI@AACEGACGA@A@@@A@@@A@@FIHM@ACKAE@EFEBGBICGCIEGO@GHKJKFSAKBEAEEMBGBMGMKMCCJDD@H@F@F@D@FCBAA@CACA@CBABCBAD@BABQBCDABE^O@EBKCCECAE@ECG@@D@BBJEJECEEGBEB@DDDDDFAHBD@@BEBCF@TBBDDFBDC@AB@NAB@D@F@ADABBBMV[EMDEHAHADIBIBIA@@KACGA@CBCBEBABAFABIFO@GIEOE@IAE@K@S@QESGeEIA@E@E@IDSCIAGEGAGCGEGCAMBKBFFA@AD@BE@EG@A@ABCBAAA@AAABABA@@@CAA@@@AFAB@@@@A@A@@AC@@@ABCB@BAD@BABA@A@AAAA@[S@AQKCGGKCICKW}COGYCUBKAOEMIAMAIEQIOQKAA@@BCB@BABADABKF@BED@@EC@@@ABA@A@AKIDC@CGFUPEDCDAAABAHA@AAIB@DCBCAA@@@AAA@ECGCEAEBC@GCEAGDE@C@COBGBGFE@EGBEBEBGEG@MBGACFCDCDBB@B@B@D@D@BAD@DADAB@BAB@B@B@B@@DBFAD@AHAB@F@H@@DFAF@@@@A@A@A@A@A@EAE@@@M@EDABC@CDAFBDBBADCD@@C@C@C@C@C@C@A@C@A@@B@@@BABEDCD@F@DBHAHBHBDBBDDFBFBFBJFB@@@B@DBB@BBDBBBDDB@BD@BBB@BDJ@DADCD@@@H@H@B@B@BADA@ABA@@BEBCBCBCBA@A@A@A@AAAECAC@CDC@ABC@A@C@CCACCE@@E@ADAD@@BDBDBD@@BHB@BD@DA@E@A@AACAA@AAAAAACCAAC@AB@BAD@DABC@A@A@@BABA@@@ADEBADDDDDDFFJBBBH@B@@@@@@CBAAG@AAICAB@BAD@DD@DDFFDF@FDDHBDDDFBFBBFFBDDH@HBDFBBD@DA@GBABEDG@GACAOCICE@E@ADAD@FCFEDAD@JBDHHBF@JBH@DCDCB@DBDFNBDCBK@QAEBEHIFEBG@AAICE@G@EB@FJJ@@BB@@BBB@DBB@BBB@BBBBB@FFBDADADA@@@AB@D@B@B@B@B@D@BABABBB@@BDBBBBB@@@@BDBDBBB@B@DADA@ABC@ADAB@BBBB@D@@@@B@D@@BBBB@B@B@BB@@@DB@B@D@@BB@@BBD@BBBB@B@F@@BBFBBB@DGB@B@@AB@@CB@DDBDBBBBBBBBB@B@DBDBDAB@DEF@@@@CBADEDADA@@D@@BFBD@FAHADABA@C@A@ABA@CBADCDEBCFCBC@G@CAE@CGA@CAAACAAAA@C@A@A@A@CBA@ABABC@A@C@A@C@@@A@E@EDCDCBEDCBEBEBGAKDEBGBAB@@ADCDCDCBABCBA@CB@@@@BB@@@BB@@BBB@B@BA@@B@BADABAD@DCFAD@FAFAH@B@D@D@DBFAB@B@D@BAH@FBFBF@B@BBBBD@B@BBB@B@D@B@B@D@BBDDDBBBBDBB@D@RZFHFDLBDB@BBBBBB@B@BBBB@@BB@DBB@B@BBDAB@BADAB@@ABA@A@A@A@AAABA@@BAB@B@@BB@BBB@B@@@BBBAB@B@@@B@B@B@BBB@BBDBBDBBDDFBDDDBDDBBDBD@@B@@B@@@D@BAB@D@B@@ABBB@B@D@D@D@B@@AJBF@@BF@BDBJF@@BB@B@BBB@F@HAFAF@B@DAB@D@B@D@D@BAF@DAD@FAB@DAB@BAB@DAB@DA@@B@@@B@DBBBDBD@BDDBBBB@BB@@BB@@@B@@@B@B@B@@@B@BBBBBBDBBBDDDBDBF@BBB@B@B@D@B@D@B@B@B@@AB@@ABABABABABADABA@@BABA@@DBBHBDDBD@LGBABB@@B@@AD@@ADAB@DCFEFCDCDADADADAB@B@D@BBB@BBBBBB@@BBB@@BBB@D@BBD@DBD@D@DBF@F@D@FBD@B@DBB@B@BBB@BB@@@B@D@DABADAFAB@F@D@DBB@B@BBB@BB@@@@@B@B@D@BAB@BEBAB@B@BBBDBDBBABABAB@BAD@B@B@D@B@BBD@D@FBFJ@B@BABE@EAGAC@CB@DBBDB@BB@FBBD@D@HCP@FBD@DABCBADAD@D@BBBD@@@BABBB@@B@@@BA@@D@@@B@@@@ABA@AB@@ADAB@@AB@@@@@BBBB@BBD@@AB@BABCBCBE@A@@B@BBB@BBB@B@@@B@BABCBABCDCDEBCDC@CBCBE@A@ABA@ABA@@BAD@BAB@DAB@D@@AB@@@B@@ABAB@@A@ABA@A@A@A@ABABABADAF@D@FAH@F@F@D@B@B@BADCDCDCBE@@BA@A@@AAAA@AA@AA@A@A@A@A@@BA@ADAB@BABA@AAA@A@AACAC@CACACACACAA@C@CAC@AC@C@E@C@EBC@C@C@A@A@AAAABABCBABCBABCBABC@AAA@@AAA@@AA@A@A@AAA@@ACAAC@CAA@C@C@A@C@AACBC@A@A@@@@BAD@D@BAD@BABABABAB@B@@AB@@@BA@@@AAA@A@@AA@A@@BA@@@AB@B@B@BAD@BADA@AB@@A@A@@@AA@@@AAAC@A@A@A@@@A@ABABABCBA@EBC@E@C@A@A@A@AAA@A@ABA@ABABABABAB@BAD@B@D@D@DBDBD@FBDBDBD@DBD@BADABABA@AAE@CAABCD@FABABABADAB@BAD@@A@@B@@A@A@ABA@A@@BA@@B@@@B@@@BBB@BBBBBB@@B@@@B@B@B@@@B@BA@ABA@A@A@A@A@A@A@A@ABA@@BA@@B@B@D@BBD@@@B@@@BBB@B@B@B@@AB@@@@A@@@A@@@A@AAAAAAAAAA@A@AAAA@A@AAA@A@A@AB@@ABA@@B@@AB@@@@@BA@@@AB@AAACAAAACAACAAACAA@A@ABABCBCBCBABCBCBCBC@@BAB@@@BAB@B@BBD@BBDBBBB@BBB@BB@@BBB@BB@@B@BB@@B@BA@A@ABA@A@A@ABA@AB@BA@@BBB@@@BBB@@DDBBBBBBBBDDBDBBBDBD@FBDBH@F@FBB@BAB@B@@AB@"],"encodeOffsets":[[115689,24631]]}},{"type":"Feature","id":"441823","properties":{"name":"阳山县","cp":[112.634019,24.470286],"childNum":1},"geometry":{"type":"Polygon","coordinates":["@@@@BABA@ABA@@@ABA@@@AB@BAD@BA@ABABA@C@AAC@AAC@A@A@A@A@A@A@AB@@AB@BAB@B@BA@@BA@C@A@C@A@C@A@C@CBCBA@CDABABABAD@BABABC@A@A@C@C@CAC@CAC@CAA@AA@@AA@@A@@@@A@AAC@A@C@A@C@C@C@C@A@CA@@AAAA@@EECCCCCCA@@AA@@@A@@@@B@@A@AAA@A@@A@AA@@A@A@AAA@@AAA@AAA@ECEAEAEAGAECECCC@A@@@A@@@@@A@@@@@AB@@@B@@AB@@AB@@AA@@A@@BA@ABA@ABABCBCBA@A@@@A@A@@@AAA@@AA@AA@@AAAAAAAA@AA@@A@@AA@@@@AB@@A@@B@@A@@@@BA@@@A@@@A@@@@BAA@@A@@A@ACACAC@CACACACAAAAAA@AAA@A@AA@@A@AA@@AA@A@A@A@A@AA@@AA@@AA@A@A@A@C@CBCBC@ABABABA@@@AB@@A@@@A@A@AAAAA@AAA@A@@AA@@AA@ACAC@A@ACBC@A@AB@@A@@@A@@AAA@A@CAC@C@C@C@C@CBC@C@A@A@A@A@A@AA@@A@AAAA@@@A@@@@@A@@@A@@@ABA@@B@@ABA@A@A@A@A@C@A@C@CBA@ABC@ABABA@ABA@A@A@@@C@A@A@AAABA@A@ABA@ABABABC@ABABA@A@A@@@A@A@A@@@AAAA@@AA@EACAEACAAAAAAAAAAA@AA@@A@ABA@ABA@CBA@AB@@A@A@A@@AA@A@A@@@@@CACEEMSGE@CBQ@MBCDCD@FDFDFBD@BA@C@CB@DBDDB@FBH@FBH@B@DCBABAD@B@DBH@F@BA@@@@B@B@@@B@BAB@B@@AB@B@B@@@BBB@B@DAFCFADABABABABACSAC@C@EBABADBD@DABABA@CBA@ABA@ABABABA@AB@BA@A@A@A@CAAAACAAAAAAA@@AA@@A@A@ABA@C@ABCBABA@@@A@A@@@A@@@@AAA@C@C@C@A@A@A@AAA@AAA@C@AA@@A@A@A@AB@@A@A@@BA@AAAAAAAAAAA@C@A@ABA@ADADE@CAO@E@@BA@@BA@A@A@@@AAAA@AA@@AA@AAA@AA@A@AAA@C@A@ABA@ABABABA@ABAB@@G@GAEACACC@CAAC@A@CBCBED@@AB@@@B@@A@A@A@AAC@@@BA@CAAAACBA@ABCBA@AAC@AAAAC@EACCACCGECEC@A@AAA@AAACAAAAAAA@CAA@CA@@A@@@A@AAA@ACECCA@@E@CDC@@BA@AB@@AB@@@BA@@@A@A@A@CBCAA@C@A@@@A@@A@@A@@A@@@A@@BAACAGCMMAE@ABADCBCDCBABCBAB@B@D@D@@@B@@@BB@@B@B@@@B@@A@@B@@AB@@AB@B@BAB@B@@@BAB@@@DCDCDABCBE@EAABEBC@CACKIGCCE@@CCAACCAA@@AAA@A@@AA@A@ABA@ABA@ABCBA@ABAAA@AAC@AAAAA@A@@AA@@BA@AAA@A@AA@@AA@@A@AAA@A@AAA@A@AB@@AAABEBC@A@AA@A@E@C@CA@AAA@EDEFEDABA@A@ECACECGCGAE@GAAACE@@A@AAA@AA@A@@AA@AACAAC@A@CB@BA@C@AAC@AAA@AAAAAA@ABA@CBABCDCC@AAA@AA@A@@@@BA@@BABC@@BAB@BA@@@@@A@@@CB@@A@@@AA@AAAB@@C@AA@A@CBCBCDABA@CAC@EDO@G@CACEAA@@ACAAA@CDAD@HBFBF@BA@A@AEIEAC@C@AAA@C@A@A@C@ABA@ABABABCACAAA@A@ABAFA@ABA@A@C@A@A@@@@AAA@AAA@A@CAC@E@A@EBCBABCBC@A@@@A@@AAA@A@AAA@C@AAC@E@C@EAE@C@CAC@CAC@A@CAA@AA@AA@@AAAAAAA@AAC@A@A@CBCBCBCBCDEDEFCDA@CB@BC@@BA@@@AAABKHC@CAACAGCA@@ABAB@@ABCBABABABABAB@BA@@BA@A@A@C@A@C@A@A@A@AAE@CACACCAACAAAAAAAA@@@A@A@A@@@A@@@A@@AA@@AAAAACC@AACACAA@C@A@@@AB@@CBA@CBA@ABA@CBA@EBC@CBE@A@C@C@A@CBA@C@ABEBE@G@EAA@A@AAA@@IECA@AAE@@AEBI@@@A@C@C@C@AAABA@@@A@CBA@A@C@@@AA@@@ACACCAACCCACCEACCAAAAC@AAA@A@A@A@A@@@ABAAA@A@@@AAA@AAA@@@ABA@AB@BABBB@B@B@B@BA@@BABC@ABAAC@A@AAA@CAA@@AAAAA@A@AAAA@ACAKAECEGQYC@A@CAAAAACCAC@A@C@A@A@C@AAA@A@AACAA@A@AAEAE@EBG@A@C@ABAAE@C@C@C@ABGBE@EBCDE@CBCBABC@A@AB@@A@AAA@AA@@A@@AA@@A@@@CCE@C@ABADAD@BBF@DABC@ABA@A@A@A@A@A@AAA@ACA@@@@AAACAC@C@E@A@EA@@A@@@A@A@@@A@@@CBA@CBEBEBC@C@CBAB@BAD@BA@@B@D@B@B@B@BBDA@AFED@B@DB@@@@F@BA@A@CBAB@D@DBBBBB@FDDBBB@BB@BBBB@@@B@@BBA@@BAB@BA@AB@B@BAB@B@B@D@BAB@B@BAB@BA@@BAB@BA@@BAD@BAD@D@D@F@B@B@@@@A@A@KJAFAB@FBBBHBH@FBB@DADAB@DCB@@EAGBADADBDBDDBBD@BADGTCLABCBG@C@ABA@EDCDCBC@C@CAECEECAC@AB@B@FBBDD@B@B@@C@EAGCC@CBABA@I@C@EDADADAJ@LBDDDDBDF@D@DADABCDADADBB@@B@D@DB@DADADADAD@BBD@@BBDBD@BDBB@JBL@BBDBBDD@BFBBD@DAF@D@D@B@@B@B@DCB@B@@BBD@DBDBFBHBHBL@NAJCHAPCVCPANAFADCBCBA@A@E@E@KCMAABAB@D@FADAFCFEFBBBL@HARARDPDLDHBBB@BB@DBDDDDDFBDBDB@B@DABAB@B@DBFBH@@BHBHFBHADABGBCFSDGBAHADEDEJKFEDCD@B@DBBDHRADEHMLMNADADABADBBBBFBH@HBBBDBHDDBF@DBD@BB@B@D@DAJAJ@H@FGBE@C@AE@A@C@AA@AAA@C@AB@D@BABCBABADBD@DFJ@B@FAD@DAN@BCBA@A@AAAC@EBEDGBE@A@CA@AAA@C@C@AAAA@CFI@ABC@ABAAAA@A@ABAD@JABA@C@A@A@ABCD@@EFGHCB@@A@CCCCC@A@A@ABABCBADAB@BAHAHAB@BAB@DDBLHDFRZFJ@BCDABCFABCBC@EASGCACC@A@E@CAACAEA@BC@C@A@EAEACACBABAB@B@BA@@BCFABEBIBABADAB@B@@@DBBBB@B@B@D@BDDBDBDDD@DABADCBA@AACAE@ABCBAB@DBDFHFHDDFFAB@DABCDABAB@B@BBDBF@H@FABABCB@BAH@BBBBBB@DFB@@B@BADCDAF@DBDBDDFBFDFBHBFFN@H@DBDFLCBCB@B@DDFDF@B@@@D@D@DBDDAB@FAHAB@@@B@BBBFBDLNHPBDBF@BBBD@B@FAF@BBB@@D@BDBDBFBDDFBFDD@F@FBF@DAD@DCBAD@BBDBNAL@T@HBDBDDBDBD@B@BDBBBB@@@BAB@B@B@B@B@B@B@BBB@D@B@B@@AB@@@BABAB@BA@@B@BBB@@B@@@B@@BB@@B@BBB@@@B@@@BAB@@AB@B@B@B@B@BB@@BBB@B@@@B@B@@@B@@@@AB@BADABABAB@@@@@B@B@@BB@B@BDDBBBDDBBDBBBDBBBB@BB@BB@@@@BB@@BBB@@@@@BA@AB@B@BABBB@BBBDBBBDBDDBBDDBDBDBBDDBDBD@B@@BB@B@@@B@B@BBD@DBDBDBBBDDBBDDBB@DBD@B@B@@AD@@@@@B@B@@@B@@@@@DBDBBBDBD@BBD@DBB@D@B@B@BAB@BABA@A@ABA@@BABADAB@BAB@@@B@D@BBB@BBB@BBBBD@@BB@@@BBBDBB@DBDAB@B@DAB@DADAF@D@F@FAFBF@BBDBBBDBBB@BBBBFBHBFBFDFDHBFDHFBBBBBBBBBB@B@@BB@FBF@FBFBJBHDHBJB@@BB@BB@@B@@@B@B@@B@@@@@B@@@BAB@D@B@D@@@BA@@BABABABABABAB@@ADAB@D@BBBBDBBDDDB@BB@BBB@@BBB@B@B@B@B@B@BBDBBDBD@BBB@D@B@HBF@FBFBD@F@B@FB@@BBB@BB@@BBB@B@@@B@B@BAD@DAD@F@B@B@D@B@D@B@B@B@B@B@B@BB@@BB@@BB@B@B@B@B@B@B@D@BBBBB@BBBB@BB@B@@@B@B@B@BA@AB@BA@@BAB@@@B@@@B@@BB@@B@@BB@B@BBB@DB@A@@@@BABAB@BABAB@DAB@D@BAB@B@D@B@B@B@B@B@BAB@B@@BB@B@@BB@@@BBB@B@BAB@B@B@B@B@B@B@DBBBB@B@BBB@B@BA@@B@DA@@B@B@B@B@@@B@@@BB@@B@@@BB@@B@@BB@BBB@B@B@B@B@DBD@F@D@F@B@B@@AB@D@DAB@D@B@B@B@B@B@B@@@BB@@@BB@@B@@BB@BBB@BBB@DBBBBBBB@BBDBDBDBDBDBBBD@DBB@@@BBB@B@@BBB@@BB@@BBB@@@BBBAB@F@FAFAF@D@DAB@DBB@DBB@DB@@B@B@B@B@@AB@@@BA@@@@@A@A@@BA@@B@BAB@BBB@BBB@BB@@BBB@B@BBB@B@BBBBD@BBB@B@@@B@@@DABABADAB@@@B@BABBD@DABBBBDBBBB@@@BA@@D@B@@@@@@@@@@@@@@@B@@@B@@BDBDB@B@BB@@BB@@@BA@@BB@@B@"],"encodeOffsets":[[115707,25526]]}},{"type":"Feature","id":"441882","properties":{"name":"连州市","cp":[112.379271,24.783966],"childNum":1},"geometry":{"type":"Polygon","coordinates":["@@DADADC@ADEDEBG@A@C@CBAF@D@@@FAFCJKTQB@BEBCBCJCNED@BADGF_BS@IGmJQJKBADAFABAD@BC@E@CBADAD@D@@C@CBCBE@A@A@ABA@A@@@ABA@@@A@@@AA@@@AA@@AA@A@A@@@A@A@AAA@CBA@A@A@A@A@A@@@A@@@A@A@A@@@ABA@AB@@A@@@@B@BAB@BAB@B@B@B@D@B@BAD@B@BABAB@BAB@BA@@B@B@@@B@B@B@B@BAD@B@BAB@BABABAB@BABCBA@CBA@C@C@C@C@A@@@A@AAA@AAA@@@AACBA@@@CBA@ABA@ABA@ABA@A@@@A@A@@@AACACAAACAA@AAA@A@A@BCAA@AAA@A@@AA@@@AA@@@A@@@A@@BA@AB@@ABAB@@A@A@A@A@@@AAAA@AA@AAAAA@A@C@A@A@A@A@A@AAA@@AA@@AAA@A@A@A@A@A@C@A@C@A@A@E@C@CBC@ABA@A@@@A@A@AA@@AAA@AA@@EAA@E@C@EAEAE@GAA@C@A@AAC@CAAAAC@A@A@A@A@A@AAA@AA@AAA@@ACACCAAACAA@A@CBABC@@BABABABABABA@AB@@A@@@C@A@CBA@A@@@A@@@@@AA@A@@@A@@@AAA@@AA@AICGAGAIAE@EAE@EAA@@@AAAAAAAAAAAGEECGAECECEAGAEAAAAAA@AAACAAAC@AAEBE@E@E@CBEBC@CBA@C@ABAAC@CAAACAA@@A@@AC@AAAAA@AAA@AAC@A@@@A@ABA@CBABAB@@AB@B@BABABA@ABA@A@C@A@CAC@AAC@CAAACACA@@@@A@@@A@A@@@@@C@@BA@A@C@CAA@CAACCAACAAACAC@CAC@A@A@A@@@AAA@@@AACACCCAAACACCCAACCCAAACAAA@AAABA@A@ABAB@@A@@@@AA@AA@@A@@A@@AAAA@AACAAACAAACCAACAACA@A@@AA@A@@@@@A@ABABCBABA@@B@@A@@@A@A@@@A@A@AA@@AAA@A@A@A@A@@BA@AB@@A@@@A@AAA@@@AA@@@A@@@AA@AAA@@@ABA@ABAB@@A@@BA@A@C@A@AAA@A@A@A@A@A@A@AB@@A@AACA@A@AACACCCCAGAS@K@MBCAAAC@ABCDC@CBE@EAE@C@ECEACCEACACA@A@CA@AAE@EBA@C@AA@AAEACGOKMACAEAAA@@@A@GBEBA@CBA@A@E@CA@AKGECEBABAFDFBDBDBD@@@F@D@BABA@C@EAECCAEAC@A@ABCDAFABC@AAAKAAA@CDADAD@B@@@BBFBH@H@DCBIB@B@BABEBEDAFAH@FBFBBD@D@BBBBBF@FDB@D@DABCBE@E@CAIGECCBG@CFCF@B@FAHAFAHAHDDDDDDDF@BADE@CBEBADCDAD@F@D@FADEFCH@DBFAFCDEBCBBDFFFJDFAHAJAFAFEFADGDEDIBE@KB@B@B@LAJALEPKDCFDFHFNBB@DD@@BBBD@FBDADC@EAG@E@A@@DADBD@DDDDBDDDBDDAFGJINADCH@FBDBD@DABIHGHGDEBGHGJADCDCBCDCBCBGDEBGFEFEDEDEBCBCAA@ABABKHCBE@AAACAEAACCAAAAA@@BA@CDADCB@BABA@E@EBA@A@EBCDCBA@E@CACB@@ADABCBCBC@A@ADADADADEDGDCBA@@DCDAF@DADCBEB@DBBBDBF@DAF@F@D@H@H@BBBHBFDFBDBBD@@@BB@@BBDDDBDDDDDDFDFDFBBBDFH@BB@@B@@@BA@ABGJ@BA@@B@@@B@B@B@BBBBBBBBB@B@@B@@B@B@@@B@BAB@D@B@B@B@BA@@BHPB@@BB@@BB@@@B@BBB@BB@BBB@BBB@B@DBB@D@F@B@B@B@DBBDHBDBHBDBDBBBDDD@B@@BB@@@DAB@D@D@DBF@D@F@@@B@BABAB@BA@@B@@@BB@@BBBDB@BBBBBBBBB@BBBBB@B@@@BBBAB@BAB@B@BBB@BBB@BBBBB@D@B@B@B@DBB@@BBBB@BBDBDBB@B@@@B@BADADABAB@@AB@BA@@B@@@BBBB@BBB@DBB@DBD@@@B@B@DAL@J@D@R@TBN@HAFABCHK@CB@@@BAB@BA@A@A@A@A@C@C@C@C@A@@@AB@LDPF@AB@@@B@@@BA@@B@B@BBB@BBB@F@@@BABA@@@ABA@AB@BAD@B@D@VCFB@@B@@@BB@@B@@B@@@BAB@B@@AB@@BB@@BBBDBBBB@BBBBBBD@@B@@BB@B@B@BAB@B@DAB@B@F@D@FBDBDBBBDBBDB@DBB@BBFFBBDBDBDBDBDBB@DBD@@@B@BAB@DABA@ABABA@ABEBC@C@ABABA@@BAB@BABABAD@BABA@ABABA@AB@BAB@@AD@@@BAB@@A@A@AA@@AAAAAAAAA@AAA@A@@B@@A@ABABABABCDADADCD@BAD@D@B@D@D@D@DBBDDBBDB@@BBBBBBDDDBDDDBDBDBFBD@DAD@DBD@BBB@BDBJJJHB@@@B@BAB@B@@ADA@ABABCBCBCBC@A@C@A@CAA@CAC@C@ABABADA@CBCBAD@@@FAD@F@D@D@D@B@DBDAF@BAFABABABABAB@@ABB@@B@@@B@BBB@@@B@B@B@D@BAB@BABA@@BC@EBAB@JAJBD@F@FCBAN@H@NCJCJEFANCH@J@@@DBFAF@F@DBBBDBD@D@DAF@HBBBFDF@LFHBJ@F@DFDFDBJAHAB@DABCDABADAF@FBFAB@"],"encodeOffsets":[[115362,25737]]}},{"type":"Feature","id":"441881","properties":{"name":"英德市","cp":[113.405404,24.18612],"childNum":1},"geometry":{"type":"Polygon","coordinates":["@@FBB@DB@BBAD@F@DBDD@BDFBBB@B@@A@ABC@AB@B@FBDBDD@B@@BDBBBBB@@B@@B@@@@@B@@AB@@A@@@C@C@A@C@AAC@ABA@ABABCBAB@BA@@BA@@@A@AB@@C@A@ABABABABAD@@AB@@AB@B@@AB@@@@C@A@C@A@ABA@ABA@@BAB@DADADAFAD@DAD@D@DA@AB@@A@@BAB@@AB@B@B@B@BBBBBBBBBBDBB@D@DBB@B@B@B@BBB@D@BBDDBBDDBBB@JB@@B@B@DAFBZ@FDHDHFPPJNDBD@DA@CAG@A@A@@@AB@F@HAFBJBF@HAHAD@B@DBD@F@B@BA@C@ECCCCAE@CHI@A@ABCBAB@BAB@B@BAD@B@D@DADADAFABAD@B@D@BBBBBBDBD@DBD@D@F@DBD@FBDBDDDDDDBDBDBFBDDB@BB@DABCFCFCN@BBFDJPBDB@B@B@DCDCBCDC@A@@BA@A@ABAB@@AB@@@@@B@@@@@B@@BBB@BBBBB@BB@@BB@BBB@B@@BB@@@BB@@@D@D@B@D@BBB@B@B@B@@BB@BB@@@B@@@B@@@BB@BBD@BBD@DBB@DBBBB@@BBBBB@@@BA@@B@BB@@BBDBD@HABADAB@F@D@F@D@D@B@DBB@@@FGBC@C@A@AB@@@BAB@BBBB@B@D@H@FBDBDFBF@HAFADE@CACCEAA@A@A@AB@@CBADA@AB@BB@@FBBBBABA@AAE@ABAB@F@D@H@B@B@B@DDD@B@B@DCBAB@BAD@DAB@BCBCAABABAFCFCHEFCBADABADAB@B@BBB@B@B@@AD@BAB@BABAB@BABAB@@A@@BA@A@AB@BABAB@@@B@B@BA@@BA@@@A@AAA@A@CBE@CBABCBA@ABAA@HEJGX]FGBAB@F@DAD@BDFDAFDJ@TBFFDH@V@N@J@HABAB@@AB@@AB@@@B@@@B@@CBC@C@C@C@C@ABC@ABAD@BAD@BAD@B@BABCBAD@B@B@D@BBB@@@BAB@BABA@@@ADC@@DAB@BAB@DABAB@B@F@BC@I@ABCAEBE@AAA@@@AA@@@AAACAA@C@CBA@ABCD@DCBCBABCBABCBA@A@C@A@C@@BAD@DABAA@AE@CBAAA@AB@DEBAFAFAB@@@DADAB@B@FBD@DADEFGFKBCBE@@@A@C@C@AAC@@AA@@@AA@AAA@@A@A@@AABA@E@EBGBE@C@CAC@AAEACH@@@@AD@B@@A@AACEC@@IAA@AC@G@A@ABA@AB@DABAD@BABAB@BABA@@BA@ABAB@@@B@@@B@BB@@BDDDDBJCFCDA@E@EAA@AAA@@@A@A@A@@@@@AB@BAB@B@B@B@BDBFD@F@HCHC@C@E@EAGBA@@B@@AB@B@@AB@@@@CAAAA@AA@@A@@BA@AB@@AB@@A@C@AB@BA@A@CFEBAJCLCD@@AB@@AD@B@D@D@@A@C@E@ABA@@BBJDD@@@BA@A@AAE@CAACAA@C@EBE@I@CCEAC@C@ABBB@BABEBCAC@AA@@A@AAA@AAA@@ACCAACCCCAACAAACAGCEAGAGC@AA@AA@A@@CAEC@CFGBMBCF@D@@@BADCBA@C@AAC@ACAACAAA@E@I@E@CGAI@@A@AAA@A@CACACACACA@AAC@A@CBA@CBABABABAB@@CEEC@AE@E@G@EDAF@@@BB@@B@BA@@B@@A@A@@@C@@EAGC@A@A@E@AACCAC@CBA@CA@CFK@ECAAAE@C@C@CAAAAA@ACAA@AAAAA@A@A@A@@@ABCBA@CAAAAC@A@@CEACCCAEAAAAA@AAAA@AAA@A@A@CBC@EAACACAA@CDADABABC@E@CAKICAC@ABADCB@BE@EB@@B@@BBB@B@@B@@B@@@@@B@@@B@JCHIR@B@B@BBDAB@BAB@DA@ABE@CDCDMREHCHABEBEAEAAC@G@@AA@AA@AAA@A@A@A@C@ABA@@@C@A@@AA@AAAAA@AAC@A@ABI@A@ACCEACC@GBIDSLEDCDEJABC@CAAAAAIF@DAB@@@DBHABA@CBC@A@A@C@A@AB@@ABAB@BAD@BADADADADAB@D@DAB@BAB@@AB@AA@AA@@AA@@@A@@AEAC@CAEAGAEAGAE@CAC@@AGCCECCBAB@HEHC@C@GCOCEEEE@C@C@C@CEAG@GA@CEMEAC@A@A@C@A@@@A@@HAFEFIB@@I@EAGC@CCG@@@KBE@@@A@ABA@@@A@CBABAA@EAA@CA@A@C@EAEDG@EAE@ECCCCCAACAGAE@AA@AA@A@A@ABC@A@AECAA@A@@@A@ABABABABABAB@BAB@BADABABADCBEBCBEBA@CAC@AACACAAA@@@A@@@ABA@CBA@ABA@AAA@A@AAA@A@ABC@A@ABC@@@A@A@A@@@A@@A@CAA@A@AAAAC@AAACAAAAAQIGAGBKBODK@_LDaACAAEAAEGGIEK@MBC@E@A@CFCBECE@C@CAAIAAEBI@IAOBMCOE@IEEIEOICE@CDCJALEJE@II@CAEGAIFMEAEAEICEEEABA@ABC@A@A@AAA@A@A@A@A@A@ABA@@@C@A@A@A@A@A@A@A@C@ABC@C@C@A@AAC@CCAACAAAAA@AA@@AA@AAA@A@A@A@A@A@ABCBA@ABA@@@CECC@AE@CBCBADG@C@GAC@ADABADAB@D@@YNOH@@A@C@C@C@CAA@A@A@A@@BA@A@@@ABA@A@A@A@C@C@A@A@C@C@C@ABA@ABAB@D@BHLEHKNSIO@OHGAQIOCQJEBE@EDC@ECMCKAK@@FC@AB@D@BBBBBDBBDCBCBBFBH@BEDG@G@E@EDADBN@HCFCBE@EBEFCDCBMBK@EDGFCDEFCDEDGFEHKHC@@@AACAKDA@A@@BA@AA@@A@@@AAGGEGCBIHCFGFGDAB@B@BB@HD@@BH@J@JAFMHAD@BBBBBDBBFIF@@@B@B@B@DBBBBBBBB@@@B@B@@BB@D@B@BAFAD@FADADADABADCBCDCBCDAB@B@D@B@B@B@D@B@BBD@B@B@@@BAB@@AB@@A@@BA@A@ABA@EAE@G@CAEAC@CAAACACAACAAAAAACA@CA@AA@@A@AA@@ABA@@BAB@B@B@BAB@B@BABA@@@AAA@@@AAA@AA@@AAA@AAA@AACAAAC@AAA@A@AB@@A@AB@@ADADADADABADADADAB@B@BBBBDBBBDDBBBBBBDBBA@@B@@AB@@@@A@@BA@@@AB@BA@@B@B@BBB@B@BBBBBB@B@BBBBBBBB@B@B@@@B@@@B@@A@@BA@A@A@A@AA@@A@@@C@AAC@A@A@@@AB@@AB@B@B@B@B@B@B@B@BAB@BABA@@@A@A@A@@@A@@@AAAAAAA@AA@@A@@@A@@@AB@@@BAB@B@B@BA@@@@BC@ABA@CBABABABEBC@ADBB@DBF@BABABCBABC@CAC@CACAEAC@CACAC@C@A@C@ABA@ABABABAB@BAB@B@BBB@B@B@B@B@D@FAD@FABADABAB@B@B@@@B@B@BBDBB@@B@@B@@@B@BA@@BCBABC@ABA@A@A@@B@@AB@@@BBB@@@BBB@B@@AB@@A@@BA@A@ABABABABC@ABC@C@AB@@@@@B@BADBD@B@D@B@D@DBB@DBDDB@BB@BBB@B@B@@BB@BB@@BB@BADABADABADABADABBBBBB@B@D@D@D@FAD@F@D@D@@BBD@D@DBBBDBDBDBD@DBDBD@B@BBB@BABABA@CB@BAB@@@B@B@B@BBBB@@BBBBB@@@BAB@@AFCDCDCDABA@A@C@E@E@G@EBC@E@CBABABAB@B@B@B@BAB@B@BA@AB@BA@@@A@@BC@A@CBA@ABC@AB@@AB@BAB@B@BAFAD@DCDADCFCDADABADABA@@@A@A@AAA@AAA@@@@BAFADADABA@@BCDADAB@DAB@BBBBBBBB@BBD@BBD@B@@ADAB@D@BBBD@BBB@@@BBBB@BBB@@@DFBBHBF@HBHDFDBDFDB@B@BAFCFEFCB@BBB@@D@D@F@BBBB@D@FABABB@@BAB@B@BBB@B@BBB@@@BB@@BBB@B@BBB@@AB@@BB@B@BBBBD@BBB@BBBAB@DABAB@BAB@BAB@B@@BB@B@BB@@BBDDBBDD@@DFHDLJBD@DADAFBB@FAFADCBCDCD@@A@AB@@A@A@ABA@A@@BA@@BA@@@@BA@@@A@A@@@AA@@A@@@C@C@A@A@ABADABCDADCDAB@BBFNNHDDBBB@AB@@@B@@@@BB@@@@B@@@B@DBBAD@D@B@B@B@@AB@@A@@BA@@BAB@@CD@D@FB@DDDF@BBB@B@B@@@BB@@DBB@DBBBBBBDBBB@BBB@B@BFDFDDHBDDDFBD@BBBBD@BBB@DABAB@DABBBB@DAB@@D@BBB@B@B@@@@A@@BA@@FCDADAB@D@BB@DDDDBFBHBH@@@BABAB@BABABAB@BAB@D@B@BBB@B@@BBB@BBB@@BBB@BB@B@@@B@BAB@@AB@@@FBP@DCFCB@BAB@B@B@DBBBBBBBBBB@BAB@@@B@BA@@B@B@B@BB@@B@DBB@BBB@B@B@B@B@D@D@DBB@B@@B@@@B@B@@@B@BADABAD@B@BAB@B@@@BB@@BBBBBBDBBB@@BA@@BABC@ABABAF@DBD@DBB@FEFGDE@G@CBABABABADADCBADABABADABABAB@DA@@B@@@B@@ABA@A@ABC@CBCBAAC@A@A@@BA@@@@@C@A@ABAB@B@@ABA@ABADAFCB@BABABA@@BABABAB@B@@@BABABA@@BA@CDBDBDADCBAPGHAHBHBHDDBB@@@BA@@B@B@@AB@B@BB@B@@@B@DBDBDDF@BBBBDBD@@@B@@@B@B@@@B@B@BBBBBBB@@BBB@BBB@BBB@BBD@DBBBD@D@DCFCB@@@TQJMFAFAH@FABA@AB@D@B@@AAEACBEBADCB@DBFFBJ@DBBD@FADADAF@D@FBFFFBF@JEDCFAJADBFBDFBHHHFL@F"],"encodeOffsets":[[115934,25084]]}}],"UTF8Encoding":true}