{"type":"FeatureCollection","features":[{"type":"Feature","id":"150921","properties":{"name":"卓资县","cp":[112.577702,40.89576],"childNum":1},"geometry":{"type":"Polygon","coordinates":["@@R@RERGPQHD@@B@@ABA@AB@FADABBD@BBBB@BB@LHB@D@D@N@FAH@FBHBNBDADAB@D@D@B@DCFA@AFAB@@A@A@AAABABADAD@D@B@DBB@B@@@BA@@AA@A@AB@B@@C@CDB@HDABAD@DBF@@B@BFFP@D@B@@@@B@B@BBBBB@B@@@B@B@@FB@B@BAB@BBB@FB@@@DCDABCBA@AFGNGVBTGNM^UXIPIJKHMPIPIVERCLIHMHOLGNE`_TKNA@@@@D@NCXE^FNHPBNARGHEHKLEXMJGEGS@G@GGCIAIGQAICOEIME]FOAKKJKNAXEXDRENOPMNKbGXDfF`DXB\\D\\GXKHCNARAXB^DTDVA`IX@RHNPDLT\\HPA\\@BA@ABEFCHABEDGFCBEDCBG@GDGBABFDFLBBABAHAFABABGFBD@@@@DDFL@@@BBB@BB@B@B@B@DAFAFCDAB@B@D@@@B@BADC@ABABA@AB@JCLAHAF@B@D@D@NFHBHBDBDBHBN@BBB@BBBBDDFBNDJD@@BB@BAB@@@BBBBBBBB@B@B@B@DA@@DBD@@BBDFT@DBB@@BBB@D@F@DAB@DA@@BCBADEBAB@@ABCDKBCBCDCDADCBABABEBA@CAA@CAA@A@A@A@CBA@C@A@ACAAACCA@@@AAB@@AFCBA@ABA@ABC@@@A@@BA@ADADC@@@AM@DMJDDBBB@A@@@A@ABC@A@A@@@AB@@CBC@ABA@@@A@A@@JFDBDBBB@B@@@@@BDBDB@B@@B@@@FDB@@BA@@@B@@@@B@@BB@@B@@@B@@BAB@@CDCB@B@@@BBBBDHHBDDBNJFDB@D@D@B@BBD@B@@@BBB@BA@@B@DBB@@@@BD@B@B@@B@@BAB@@A@@B@DB@@@A@AB@@A@@BAB@BAB@@AAAAA@EAA@@BC@AAAACA@BABE@@JQJQLOHILCVCXDT@RGJQBUEMIG@@@@GCAMIEMDKJGHCRE\\AXCdKVDPJPIBGTKFEBQBOPQPMHQCEWAKGEAK@_CEAEE@EFMDELINMDC@I@EBG@ECCQKKGICCGIOCIIYBWJMLMDIFAGEIEGIGMDODKBGHMDMOEMDGNMPOBOCMMMOKMEEM@GAK@YGEJEJAPCJEHUHSDOFEAIAE@E@CHAFEHIHKBGACEGOAKBCBAJCFEAGECGCGCIK@GFMBICKAAAGKKEGKGQAKDONMBSAKGCMSMSGSC[@OHUFQ@CGFMEMMEQEEC[AOCGEAGCEMKMBQFMDI@GCCKBGKGGDKHGJQTKRMDM@SDQFUDMAWES@OBULMPKRINEJELCHIRDLIHI@KBIFWFOFK@IJ@RFLHJDL@FODMBEJ@JEDKBSCOEUAMAIHCTBNFXBLEJIJKDQ@IIIMMKMGKEC@@A@ACA@@A@@AC@A@A@@AAAAAA@CB@@CBA@@@AB@D@BBB@BB@D@B@B@@@@@@A@@@@B@@BBD@F@F@BABAB@@ABGFBB@@BBDBBBBB@B@@@@BB@@F@@@B@@BAF@DAB@BCB@@@@@@@BBBD@@@@@@BC@CDAB@BCBCFA@CBAB@@@B@BABABA@ADADABAD@BABEFA@A@@BA@@BA@@B@@A@EBC@@BA@@B@BDF@@@BBB@BDB@@BBBBBBDBBBBD@@@DAD@B@B@@@@ABAAEAA@C@C@C@A@C@A@A@@@@B@@BBBBBBBD@B@@@BEDGDAB@BAB@B@@BB@J@@@BA@@B@@BBABBB@B@D@D@BA@@B@B@B@@@B@BD@B@@B@@A@ABC@@@AD@@CB@@A@E@A@@@A@@B@@BBBB@B@BCF@BB@@BAB@B@@EBCHEBA@C@@@AAWI[MA@KBGDCBGDABA@A@ABABABAB@BABA@KDCBEBCBC@A@I@CBA@ABA@ABA@A@@@A@@@@DADA@@F@@@BCD@@ABAB@@ABA@@BAB@@@B@@@@DB@B@BBBCDCBADABADABCD@@GDCBABAB@@@BDD@@AB@B@@BD@@CD@@@B@BDBBD@B@@DBDBBB@@@B@@AFBB@@DHDB@@BBF@B@B@B@@B@H@J@DABADA@GBEBKD@@ABAD@BCBABABC@@BE@@@AF@@@BCBCBC@@@ABA@C@@@@@ABA@ABA@CAA@C@@@AB@@@@A@@@A@@ACAAA@@A@ABA@@DCB@@C@CDA@@@@B@D@B@D@@@@@BC@CB@@A@ADAB@@@@C@A@A@A@EDC@@BABCB@BA@E@G@EBA@AB@BCB@@CF@BA@A@A@AAE@A@@@AB@@AD@BA@@@CBC@ABABAB@@@B@@@BA@ABA@@BA@@BA@CBCDA@@BABABAB@@BD@B@@DBJBB@@@@B@@@@A@GBC@C@@B@@@@B@BBF@HAB@@BB@A@@@@BC@A@CBAB@@CAGAA@@@KFE@C@KDC@EBC@ABABCB@BBB@@@BA@@BADCH@BABAB@BAD@D@B@@@BAD@@@BB@D@BB@BBBA@AF@@@DA@EFCFADAF@D@B@@BBDB@@B@@B@@@BABCFADCDABAB@B@B@BBBDFDD@B@BBF@BB@ABEJCDAD@BED@BLBJBBBBDDBVGTUPMHMNERDNP@NARCVDNBXDNRFXBJBJB"],"encodeOffsets":[[114649,42251]]}},{"type":"Feature","id":"150902","properties":{"name":"集宁区","cp":[113.116453,41.034134],"childNum":1},"geometry":{"type":"Polygon","coordinates":["@@AAIOMWOMUK[CSFGHOVOJ[AC@ACA@E@GAM@E@ABEHA@@DCBABA@A@CBEBA@CBC@GBABAF@B@@BBD@@@@B@D@BAB@D@FBDBDBBHDBBFBBDALBPBL@HBFNPNLJFRHNBBF@D@DDTHJ@dCNCCAECFGJFFEEACBCAHGAC@ABAQG@AHEDEFC@ABAB@BA@B@A@@BA@@@@@@@@BAB@@@@ABADAJGPANGJK@QKKYGMGEK"],"encodeOffsets":[[115878,41982]]}},{"type":"Feature","id":"150925","properties":{"name":"凉城县","cp":[112.500911,40.531627],"childNum":1},"geometry":{"type":"Polygon","coordinates":["@@DAB@BBBB@BB@B@D@@BB@@@DB@B@BD@LFNHNLJNJJR@LCJIFIAKEWAMDSJGNBVBPFTDLAFC@IFINAPC@ECKGIEK@QJIL@PEXEJELAJ@JGCKJQDGFKFIJMLQNOVKPAT@XFNBVCRETCN@NCLQRSHILGHCLHAHDLHDJ@NCRENANLDFBHHFPD\\BFDRFNFFNENDHR@VEPG\\@TDTHTNDNLHTBNAPMLCRBLHFHLLBHBBDLAJEN@HJLHDHDFDBHEFIDABADBLHPDFHBLAJGFGBEDGF@F@JBFBPETCVGFGDIBOFIFIZHL@HBN@GOBOHKEIKGGM@MFSDOCSBOJIJGFOCGSCOJULMFKE@SBO@@@@@AFQJMPETCP@TKNKNE^A^DZDZHVBLCPITET@PK`]VKTCV@NALC@C@@@@DKKG[CQCIEAUHUDQBQCQOO_KOBUB[GWMGUBSDMNQLGDCXMLEPGLMEOUOBQVWJMDEHGHIwOMEIEIAWEICKCEAOCICGAIAKECGAI@M@KGMAGAGCGCIAICKCEAGACCGAGCGGMMaEQEGCGAEGGICWGGAMCICE@]KUIWKGCGCKAGCIAKAS@KBIFEFEDIHAAGHEFGDEBIDIHADGDGDCBGDIJCBGDEFCBCDEDEBEFEBCBGDEFABABADEDGBC@@@A@OFEBOFIBA@C@C@GDIDGBIDEDG@MJE@KDKBIDYDK@EBIBMDCBEFCBEDEDEDEBKFEBE@EDEDADADCDMHCBKBE@EAG@KAcEI@KCOGICEEECCEKGEAGCOCEAGCCCCACCECMGGAI@I@C@EBCBE@A@A@GAEAG@A@A@A@AD@B@DAF@D@BAD@DAD@DA@ABABABC@EBE@I@ABAB@BAB@BBH@B@D@@CBABBBBBBBBB@B@B@@BB@BDHBB@D@B@BCFIHAFCF@BAH@DB@@BA@A@A@EACAC@EBA@EB@BBF@B@@AB@BABBB@B@B@B@DBJ@BBBH@BB@BAFADABA@MBAAC@ACEAIACBA@CA@@EBCA@@CBA@A@A@@D@D@@@BLHBBB@D@@@B@@BAD@BBBFF@BBB@@@BAB@B@@@BJB@BB@@B@B@B@@@BD@JDBBBBBB@B@BBDCDA@CBA@EBO@A@CD@BAD@B@D@@AB@B@@CB@B@@AB@@AD@@CBGDABC@ABABABA@CDADA@AB@@A@ABCD@@@@@@AB@B@B@J@B@BBBDDBBBFDF@D@B@@ABA@A@AB@@ADAB@@A@ABA@I@GBIDCBA@ABA@CBEBA@G@CDA@ABCD@@ABCDA@CBABAD@@AB@B@BABA@AB@@AAAB@@ABA@CDABA@AD@@@B@B@B@B@BEFADCD@@EDCBEBA@@BCB@B@@BB@D@BABIDABCBA@A@A@@BA@AAABA@@AEEAACACBC@ABC@C@C@ABABCHADGNABA@A@E@C@CBA@ABABCDADCFAD@B@DADABABA@A@EBC@ABED@@C@CB@@ABAD@BBD@BA@CBCBA@C@EBCBA@AB@BAFBD@BA@@BBDBDAB@B@B@@HH@B@BAB@B@BDB@BB@BAB@BBB@B@BA@@F@B@@A@C@CBCDAD@N@H@D@BBB@BDDBFBBBFDBD@F@DADCDBB@B@BADADCFABCPENABYRSLGDABABA@CBC@IFABADAJ@D@B@D@@@@JBLDNDDDD@F@JBBBDBFDB@F@DAF@BAHCDAD@JBB@BBBABABAB@F@BADABA@BBD@H@B@DCFCHAJAHBD@BBBBBB@L@BBB@@BBBBBDDBBFD@@@B@@AD@BABA@A@@@AB@BAD@BABADABAB@D@B@B@BA@G@EBA@G@ABA@@@@D@B@B@F@F@BAB@BA@ABABA@@BABAB@@A@EBA@AB@@@B@@@BHHDBBBFBH@DBdFJBB@BBDDDBJF@B@BD@@B@@DAB@HB@BBBBB@B@F@D@BBD@B@B@BCF@@@B@B@DB@@DDB@@DF@BBD@@@B@BABB@@BBBB@FBB@BDB@@@@BBBB@@@BB@@B@BBBB@BBB@@FD@@DBF@BB"],"encodeOffsets":[[114874,41791]]}},{"type":"Feature","id":"150924","properties":{"name":"兴和县","cp":[113.834009,40.872437],"childNum":1},"geometry":{"type":"Polygon","coordinates":["@@BE@@B@@A@@@ABABAB@BADEBCBA@@AABABA@@DA@A@@BAHDDCDEZFB@@@NED@BAFAD@HED@AC@A@@@AG@@C@@BCBA@A@A@@@G@AEA@@AAHBBEKA@@J@@ACA@E@AB@BC@@@@@CACN@D@B@@AAOBA@ABAB@@@BA@@BAFAB@B@@@@@@D@BB@@@@D@D@@@DA@@BB@BB@BB@@D@B@@B@B@D@@@@@@B@@@D@B@B@B@BBBB@@@@@@B@B@@A@@@@@C@@@@B@DB@@@BBB@@@BBB@DB@@B@@@B@@@@@@AB@@@@@@B@@@@B@@@@@@@@@B@B@@@@@BAB@@@@B@@@@B@@A@ABA@@@@AAB@@@B@@A@@AA@@BA@@@@@A@A@C@@BA@@B@@@@@B@@@BABADCFCDAB@@A@AAEBAACJIHEBC@CCGACECGJKG@OBQAKCICIEIQOUKOCIAUAU@Q@KBIBKCGIAMCKIKKKEGGGMQCEGKKIOIMCK@MA_DOECIJGJEJCbOVKPKROLKJKLKLILILGVKPMJGNILIRMNGLKHGDMBM@C@KFIFKLKBCDED@BAB@@@BD@BBBBHBBB@B@B@BCBABA@@@@@CBADABABAFE@@B@BAD@DBF@B@D@BAF@F@DANABAB@HFD@FCFABA@@BAB@BC@A@@@AG@CAIA@@AAA@@AAA@@A@@@E@A@@@@A@@@@@AB@B@@@BA@@@E@C@A@KBA@A@@BADCBABADCDEB@@AAA@A@A@C@E@ABC@CBADA@A@@@@CAA@AA@@@@BA@@@AB@@A@CDELCJCHCDCDECICIOEIAAAACC@AAAACECACC@A@A@@@@BAB@HCFC@@B@@A@@@E@@BEBABCBA@CDE@@FABA@@@@BC@ABABAB@BABABABA@C@ABABABAJE@@B@BBHFDBD@BBDCDAB@@@@@BBBBBBDBF@@@@AB@@A@A@@@@AA@A@ABA@A@@@@@AB@@@@C@A@C@EBCAIEEBEFEHCJMJGJEDEFEHK@@@AIACAK@GAE@IAGBKAMAICGAECIECAECCEEEACCG@CBEDMBEBCBKBCBE@ABCAEAI@E@E@C@EACCCAECEAGACCECQCIIKAECCCEEGECBGBCDGFEFEHGHEPEJGJGJS@I@MAMGIGGIGKKKAMCIAIAGAIAKCMCMCI@GJKBKBG@O@I@GAQCKCEC@@@@A@@B@@C@A@A@@@@ABAAA@@AA@ACAAA@A@E@AGEGIIGKEIEMGIGQKMIEEOGOEUEOBIFIPEHEJEJIJKJIFKHKHSTKL@LALCNCPGHMHMNCP@TEPQNORMLILOJ_D[AQASDIRKNULYFqDM@KAECGFIDKFMFIFKDMBKBI@KBKBOFIBMDKFIJAJAHENMF@JEFMJKPAVDXDPDJBDHLLDFJ@FCJEF@HJFDFBLHDNAH@PDHBBFCLAPAHEFABUNGDCDEHBFJJLLDDHFL@LELDNHLH@D@JGP@DDJBFCJBFXBTJTHDFCFKPKJUHGL@LLR@TARBPBBPXTbPJTHNDVJVPFPBRCRELELOLAFIR@NHTFFJBVKPEXBLDHFFLGLIJSLaDMFKLIDS@S@OAODGNJRTN^THLKPGFOBUCMCC@CD@LAFKRINGBQEMEMDGBMAQGS@Q@GBSBKDQDYDOBMAQAKCG@IDCF@HDJJTDPENGLEJMT@@@@ADOTSHIAKIOCOBGTLLRdVZLFHH@JBPNJLHRHLPLLLPJFVLVPHFLFPBNDJJBFLHNLVRL@\\]b[ZCPN@pEbFP`Ft@fG^OVG|SBYa[cSGBMDA@@C@ACIAG@AA@@@AEAC@@EBAAICIEFA@MHAB@AAEO@@AA@@BCFMJAHGRANKDQHOFQJDZxXXNL@fYjEhEbKNADABCBCHADA@ADBDBBBDABA@A@C@AAAAA@A@AB@BAD@BCB@FCFIHCHAJ@J@@BB@BBDBBABAD@B@B@DD@DB@LJFDDFPFNA"],"encodeOffsets":[[116635,42306]]}},{"type":"Feature","id":"150922","properties":{"name":"化德县","cp":[114.01008,41.899335],"childNum":1},"geometry":{"type":"Polygon","coordinates":["@@N\\~Q@ELCXI\\EVA\\B^HTLRTNFXAVENGNWBOHSTITEVGXONKNKVE`CbAzC\\BfB\\CHMQSEQFUHMFQ@UAQRQZGTGLKDQDGJ@PJTLPNPDTNHBF@TCRGNCHELER@LBFBDDDF@J@HALDFFFL@TCjKMRMTEJKTMTGLOXzjHfF\\@^@\\QT@lFP@@LFDVDXBb@JBHBJFDDDJDLBPFLDHFHXLLJRFNJLDHBNBXERKVGfKRMVONGPI@IBM@iBM@AxSD@J@@@nA@@H@R@B@VV@@F@@@LDF@RD@X@@CPEXMjCJ@@C@sBEFOVA@BBAB@BABC@CBA@AAC@CA@@A@GH@@KRFBJBXHF@BBHBB@LBB@@@DCB@BA@BFB\\JD@PDRDPBXFNFZNPHNLNPJJNVJPBLDNBPFHFBNBFAHELGNINIPAJ@FBFAZGNCZIRFLHFD@@TEJEFE@CDCAECEICIGMIEOHKJGNINI@@CGIUCICGlLTDhJXFfHBB@@FAHAJ@B@HA@@HERCBA@@AACA@@PAB@HBDIRCCE@CA@AC@AC@@EIAQA@AB@FETOCCDABSDSBGG@G@C@EA@@@@AGACAICM@@G@@@@AC@@B@@KA@@@@@AA@A@@MA@ABA@AAAAAAE@AAAAA@E@C@CA@@A@@@AA@A@@G@M@C@@@CD@@@@@@AC@@@@AAA@@B@@A@@B@@C@C@C@C@E@E@A@C@EAG@CAABABAD@BABA@CBM@G@CBEAC@@AA@AAG@KBGAOGQGIACAI@K@EBG@KBKHUL_PMDMBMBK@KAKEMGGEICOEIAKCICGC@A@A@E@A@@@C@A@A@AA@AAAAAE@@@@AABAAA@@AAAA@A@@AAA@AAAA@@BGBADCB@@@@AA@@AEM@A@A@@BA@@@AA@AA@AAA@@A@C@AA@@@A@A@@@AA@@AA@A@ABA@@@@@CBABABA@C@@@CBABAA@@@AACACAE@AAECGACA@AAAAACCEAA@A@C@@@C@@@AB@B@BABABAB@@A@@@A@@GA@A@@@@@@BAD@@A@@B@BABCBAB@HCDADADADA@@@AA@@@A@A@@@C@AA@@BA@AB@AA@@A@@A@@@C@ABABA@A@@@@@@@A@ABABABA@@BAB@B@@@BAB@BA@AB@B@DB@@B@BA@@D@@@BABA@AB@BA@ABCDA@@BABA@A@@D@@A@@@@B@AA@A@A@@B@@AAAAA@@@A@C@@AA@@A@A@CB@@CAA@C@EAA@CAEAECA@AAAA@AA@AAAA@A@@A@@@@A@@AAA@AACEAA@A@@BA@@BA@@@@A@A@A@E@E@G@A@EB@@AA@@A@A@C@EAECE@cEAA@@ECGAA@CBEBCBCBCB@@C@A@A@CBABA@ABA@EDCBA@A@E@@@ABA@@@@B@@@@A@@@@A@AA@@@@@@@CBABA@ABAB@BEAE@A@A@@@@AA@@AAAA@@ABC@@@AC@GCABA@@@AB@BA@ACA@@@A@ABC@@B@@@@@B@B@BCB@@AAA@CGAAAA@@@A@@B@BAB@@CB@@CA@@AA@CAAA@@@C@@BAB@B@B@@@BA@@AA@@@CACA@AAAAA@CAA@A@ABA@G@A@CBC@EBC@@AA@@A@@BAB@BAB@@@A@A@C@@A@@@A@CB@@CBADCBAMIGGGIIIECIMIMKMKMGIKGEEIGIEUQMKEEIGKKIKIIMKCCEI@A@AC@GCCAAAACAC@@@A@@BA@A@@@AAA@@AA@A@C@ABA@@BABAB@BC@AB@DABA@A@@@AACCEAC@@@A@@DA@@@A@A@A@@NCD@@@BA@A@AACAEAC@@@ACCEC@@@A@AA@AAG@CAECC@C@C@CAEAIECAEASBG@QFA@EAA@EBAAC@EACCAA@CAE@CBC@ACK@C@C@AKA@AAAA@EAE@AA@@BA@@A@CAAAC@EBMBI@A@AB@@A@@@@@@AB@@A@@EC@@ACCCAEAC@CAAACA@@ABA@A@@CCAA@ACCCIIMIEGCICIAGAECACCCAECGGIECKCIAK@GAICGAQAGCEECMYAQDWF]JQHGLCDKPFTHTDVJ\\@FEJ@RGHI@OMOMEASDWDCDGPCHCBKBM@IBGDGNFNEJIDSHEDMXGP@FHLFDRDDB@TCHMJKHGNAB@@@B@@@B@@A@@@@BA@A@IFEDA@ADA@@@A@C@@@AB@@@BBBB@F@B@BB@@@@@BBDHX@@BBDLUCIAEA@@A@EBA@C@A@A@ABAB@BAD@B@D@D@BB@BBH@JBF@B@D@DAHAB@B@@@BABABB@@AD@BCDEFABADCFAB@@@@CA@@@@C@ACA@@@ABAB@@@@DDBB@B@@CBAB@@A@@@@ACAAAAAA@A@A@A@A@AA@AAAA@A@@B@@AB@BA@@@ABCBCBABCB@BA@@@A@A@@@A@@BABA@ABA@EBABA@@B@BAB@BBB@@@DAB@@@BB@@@B@BBD@D@D@@BABABABABAB@BA@CBEFA@@@ABCDCB@@BBBB@B@BABABCBCBEBEBA@A@CA@@A@ABA@CBCBA@ABA@ABA@C@EBE@ABCBCDCBABABADC@ADABCDADCDCFCDEF@B@BB@BB@B@@@@AB@@@BBBBBBDFHDF@BBB@D@B@BBAB@FADC@AB@@@B@BDBD@@BB@DB@@BB@B@@BBBB@@B@B@BAD@@@BB@@B@B@B@D@B@BAB@B@B@B@D@BBB@BAB@B@B@F@D@D@B@@@B@BAB@@@@AB@BA@ABC@GJWTBTCT@JGNOFWBUHINSRQL]FYA_BSDODOJADCDAFAD@D@B@HBFBH@FCB"],"encodeOffsets":[[116292,43130]]}},{"type":"Feature","id":"150923","properties":{"name":"商都县","cp":[113.560643,41.560163],"childNum":1},"geometry":{"type":"Polygon","coordinates":["@@DA@EAGAE@G@A@CBCBEDCBCPIPCTC`AZB^ERKTQJMVGXAPEHM@IDSASXSHID@BAB@@ABA@@@@BA@A@A@@@A@C@C@E@A@ABA@AAA@A@C@A@A@ABA@A@A@C@A@A@AA@@A@@BC@A@A@AA@AA@AA@A@@AA@@CAA@@ACACA@@@A@@BCDEBA@AB@A@A@CAA@ACEEGACAAAA@A@@BA@@@@@AAAA@@A@AFEDCDEDCBCDCBABCD@BCBABADADCDABAF@FAD@B@BAB@BAB@DADAB@BAB@@@DBB@B@FAFADADABABA@A@AAAAA@@DADCBA@@B@FEDAB@@ABABABABABA@AC@C@C@AAA@@@A@@A@@BA@C@@AA@ABA@A@AB@BAFAB@BAB@BA@AB@@@B@B@@@B@@ADABADADABA@@B@@ABA@@@AB@B@BB@BBBB@B@B@B@B@BBBBDB@B@@B@@@BADA@@@AAACC@@@@BABA@@B@BDD@@@@@DB@@@@BADEBCBAFEDC@ABC@@AAABAB@@A@A@GBCBC@A@E@IAG@AAA@@A@C@C@ABC@ABABAB@B@D@B@FAB@@@FBJBVDCKAA@@GWAC@A@@@@AAA@E@A@AA@A@@BA@@D@B@@@B@BCB@FCJEB@B@@A@@B@@@@A@@@A@@BAHMLGNIDG@SCAQCECGK@EHONWFCTGJCFIEMHMHCJAN@LADADGHODCXCTCFBPNPNJ@HG@QFI@EI[CUGSESLODCHKRG^IXERCZBDNFFHDRBHBJDHBL@JBLDFDHJDHBFDDBDFDHBJBJDHDJFJNDJDD@BBBDD@@@BAB@BB@BDBB@DBDBFDDBD@@FD@@@BA@@B@@@@B@@@BAB@J@NAFAD@BBDBB@@@AB@@BBF@FBB@BB@BLB@B@D@DDL@BAD@DBF@DBBDDFBD@BBFAB@FBB@REH@TAFBDBJFFBDBD@D@D@FDDBH@DCDALKBADADCNKB@BABADAA@@A@A@AHGBCC@CA@@DEFKSCQHCGA@@ABCHICAAAEC@@@A@@BCBABABA@@DEDEBCDCBCDC@ABADEDABEDCBCFGHIDEPUJMY@SAKACAA@@@AA@A@A@A@G@A@ABA@A@@DABALS@AUYEAA@@@AABAAA@@@C@A@E@ABE@C@CBC@A@@BABEDEDIBADE@A@A@EAe@S@A@@C@AAE@A@EAC@A@C@C@@@EFCB@BIDA@ABcFA@@@A@@@@@@B@@oH[DCBC@GBA@@@ABA@@@A@@@A@A@@BA@A@ADAB@BA@A@@AA@AAA@@@A@A@C@A@@@ID@BA@AAABC@CBA@EAA@A@AA@@AA@@C@A@AAC@@@AAAA@@A@@@C@A@CEAA@@CB@BA@AAA@@B@@A@A@@@A@@@A@A@@@A@@@A@CBA@A@@@AAB@@A@A@@C@@@A@A@@@A@@BA@A@@@A@AA@AAAA@AA@@CB@@A@@@A@@@A@C@ABC@@@@@@B@@A@ABABABEDAA@AB@@A@@@@A@@@@@@A@@A@@AB@@@@@C@@@@@BA@@@@A@A@A@A@A@AB@B@@@@A@CEA@@@CA@@AA@AA@CA@@C@A@AA@ACAA@A@MACBAA@@A@@@A@@A@A@AAA@@AACAA@C@CACCA@ICOAA@AA@@@AAC@A@@@AAACC@AC@GCCCCAAAAAA@EEEEAAA@I@C@E@ABCBEB@@CBCAA@@@AAAAACAC@CAGACESCKAAACACCAAACCGCEAGCIACAGAEAA@ECCAAACCCEACAACIAEAEAC@A@A@@pILA`GD@FCBATI@ABBBCF@@BH@B@DA@@@@@AB@@@FAB@@@@AA@AA@@CB@@A@@A@@@AA@@A@AA@CAAAAA@@@@@AB@@@@@A@@@A@AA@@BA@A@@A@@A@A@@@A@@@@A@A@@@@A@@@A@@DA@A@@AC@A@A@A@@DB@@B@@ABCAA@A@C@@@A@C@@@EA@AAEAAAACCE@CEAAAAAAG@A@A@@HEBA@AAA@AAC@ABA@AA@@AA@A@C@C@A@EACAA@AA@ACCAA@@A@A@CBA@AAEAAC@@@ABA@@MBOECEECKIA@@CCCA@A@C@ABABCAAAA@@AI@I@GBGDEJEDA@ADC@ABA@@B@BBBBB@B@D@BABCBAACACA@BCBGBADADCBMBaLgFiFeZK@MWWYwICERGPCRMLQBGHIBENAD@@BB@@FPBBA@GB@NEBJFJDBBFA@@BDBF@@B@@BBHDJ@B@DB@NCHAdTb\\AZ{TUH]PeHs@_EEOFa@oOMYDa\\[^K@UQMKKGEBOCOBED@FDDPFHHAJOHEFALBJ]bKLEA_IQAKBkJK@MGDKLCPAXELCJCBKOKUMQCOBiB[AIAIIKIOGMASJETDLHJZFZ@^CRBRNBRGJQLQFG@UCSAMAOFAPFNPDzF\\@PBNFNBRAlONIRGPCPBVDlRnN\\JNR@NKNOFQB[DUGOMOIQAKBMR@RTbCJGB[IMEOPARAZErBR@ZQVYAWKKIMOEUAMJSVILCXODABC@ABADAB@BABABK@CUJGGMFCA@@@ABCCA@@@@NEDAIGCBW@E@C@K@O@IAC@C@ABCBABEHKJ]FCDKR@BBPVTEDSMCCCAAAAAE@GAGAEAA@G@CA@@CFKTOVIRK^G^E\\@XS\\MPDNFHVIHCPAG^KZB@H@D@FBF@FB@LAL@@CBE@@@GFABBBHN@@FDEBCBA@A@CB@@ABCDCBABC@C@G@EBGBIF@@CDCD@@@@DD@@@BEDCBA@CAKBA@A@AB@@A@CAA@A@G@GBIBC@CB@@ABEDAB@@EBCAGB@@AB@BCHAFADCB@BADI\\FFGDBBDFBDJC@@FHDFBB@@AF@@D@JDB@DBDDHF@B@FHBB@B@@B@B@BF@V@B@AJ@FAF@DA@W@@HG@MAEBE@CBABA@AAADC@@BC@A@A@EJEFBD@BMH@@K@@B@D@B@D@BA@@@@AAA@ACDSDCB@JA@@BB@D@DA@@B@ABABA@@BB@J@@BABB@NDFD@@D@BNB@@@FCBJJ@@D\\ABBABCB@B@B@@@@H@DAB@JI@@A@@A@CBC@ANERARHPDTAR@TCTBRJEHIFIHMFK@aHOVBF@F@D@@@BDDBBBDB@@BKBDDDHBDBFBDB@B@DB@@@B@@@B@@EBEBCAEAEDA@@BABABCB@BBBA@GFAA@@EBCDED@@BBG@CB@BBBBBA@ABE@C@ABCDABAFKFMHZR^P\\L^P\\P\\PVPXVNVF`RRRL\\\\DDNLDDLJ\\PFDJHPHHFRJJAEJ@XAVAX@PAJ@ZA\\AH@h@XARAVMLGJG"],"encodeOffsets":[[116292,43130]]}},{"type":"Feature","id":"150926","properties":{"name":"察哈尔右翼前旗","cp":[113.211958,40.786859],"childNum":2},"geometry":{"type":"MultiPolygon","coordinates":[["@@CI@CHO@I@CKGMGKCKFK@GECCKKIIAEFGDCHCVMBAFEBGBODKAEGAOCG@MBGCAKCEIE@GFEDI@EEIKCMBOBQDQFKBOFKJIHGHKDI@_CQBSCGCASMWAEMEMCGGLSCOEEMCQEEEGMIIKEUIKAK@IDEJKFGHMJMDMDQLKHGF[HyAY@UEKGAI@kDIAKKEI@IBQ@QES@GDGLKLMJMFSBM@IEO@EFCPCVIFcLKBUCOEMAEDKHGJ@JAHEN@@@@@BIHUDSDQJKJKJKHULSJSHOHG@EBCJKNINAXJZDJJPDHJDLHRLDD@FAH@F@JCDMNKJCFEN@FFFFB`DL@FBLHXBDFGRONORAPAREFSLAHOJOIUCcLWD[BQFGDIHCLFNNJBHD@@@@JHFNAVIRQHS@WCUDKDGJKPIRIR@@AFABB@BDBB@BAD@@BB@FBBBB@BA@@DABHLLBR@XFNFZDP@^BDDBB@@BDBDBBBB@B@@@BAB@@CBABCBABCDABA@@B@@@B@BB@DBB@HAD@N@B@B@DBDBDBB@D@B@BA@AB@@ABBB@B@@BAB@BBD@B@@DBB@BABAB@HDF@D@B@@B@@@@ABA@AAC@@@AB@@BBB@BBB@B@D@BAB@DA@@@@@B@@A@AB@BB@@@@@@@B@BABA@@BBDDFBH@NBF@B@D@DAH@B@BFATBJJBTEJAHBFDVVHDHBB@°ĽQGIEMKMOAE@GAKAOBKACEAAAGCAAACAC@E@CBA@A@C@A@@C@AA@@@ABEBAHAD@DAB@FADAB@B@BADA@CB@FGBAF@N@HBF@B@BDD@\\BPIPUHGTE\\DVLPNNXJPBBͪį"],["@@H@LDRBNBPAZCRCLCTAHAR@T@RHNBHANCNFRFHAJMLQBE@KDCD@NDVDPAHELOGK]SSMIQHMPCPBT@T@JCLKNEbCTKJIHKEKGEKCWAOFULIAEEGS@MJQBEPKFKFKDQAQEOUOUIMCSGOISaOWAAAOBQ@SKQ@KHKVGLILODECESGSIWAAEDIAEͩİFLNHZHLL@RILMHOBIHCBAB@B@@A@AB@@@@@@@@AB@@@B@AABA@AB@BEDCFGF@BRHAB@BBDGHDBDAFBEFIEEHFDDBMDcDI@SGC@C@CAEMA¯ľ\\@RB\\DJATIRAT@V@HDFLHV@PXXLDNEVIYNCXKLMXMPITGNCZAVBP@\\D^AXCZG`GNCPCZ@RJJNDFXPJHLDHDTT"]],"encodeOffsets":[[[116283,41862]],[[116144,42191]]]}},{"type":"Feature","id":"150927","properties":{"name":"察哈尔右翼中旗","cp":[112.633563,41.274212],"childNum":1},"geometry":{"type":"Polygon","coordinates":["@@L[VKDOBCH]DMDIBGBKACAKAEACA@UOaUCCKIIMAQJeB_AUASD[A]CQBSAGLSN]BQAU@KDKLOTKRIRSRYFQDGPWNWDGFMFSHOFQDKO[UIMIAgEM@SLQCUQYGMEKK]KSACIIESDQOSOKMOCQKOSMSGMQSQSGSOQ[@ABADABATa@ADI@@A@ABCFABAD@@CBA@CBE@C@A@AA@@AA@CESAC@AC@CA@@CBA@A@A@A@AAAAAA@A@@BA@AAA@@ICMCEACCAAAAA@AAM@GACACAGAGAMEC@C@A@E@GBKBIDA@@BABAB@BCDABA@@@C@A@A@CBEDEBCBA@A@A@A@@AAA@A@@EKCC@@@@ACHEBABABEBGBAAAEKECBAHAHCH@DAFCDAHEFCBADGFEBAB@@AB[GOS[CKMOQGW@_JUBSC]CWAQBMBGDWL[H[CWA_CeEWCaHMLONMPQFWCWFMBILLLPB^ENFFJDPBJHRBJDJHHH@T@FHIHWNKFGLGFQHMBOAMG]EWFMDC@@@@@MBSL_`MFKHGPGNKJQDUFOJOJGNILOJWJ]VMNSHUAMHEH@BABADCBCD@@A@@EAA@ABA@A@AEA@@@A@A@@@AAAAA@A@A@A@@A@C@O@EE@A@AE@CAC@ABCB@GCA@D@DA@A@@B@BBB@@AB@@A@A@CAA@C@C@CBABABBB@B@B@BA@EB@BEBCDA@C@C@A@CBCBMAGAEAG@EBM@C@C@A@KGA@@AAAAAC@AACBEBA@@BAB@BA@@@GCORQHQFQ@@ZAJSLMHGJERGXAXHPZLVNJJJXBZDLPLffTDRKLGR@PLFNFPPFZBP@JHNJXBNAXBNPBTIZKREHEPCLEVIXGXDVPNZFRHBR@FHRLJPTEZEXRHHBXBPDRbGHSHSP@RNH@@@@BBjHPFXLPLV@\\IJER@NPLHPCJARCVLPBPATIhBPCLCJGPKHMPIjARGNQT@TLDPHTFJBHDLBH@DBJ@B@DBBBHJ^FVDH@DDH@B@D@BBBBB@DBD@BB@BBB@@@@BABEH@B@D@@BBBDBF@FDFBNFPBB@DHXBHDNBB@@HBDBD@@@F@JAHADAD@F@BBBBJAHA@@@@HAB@@@B@ZAD@B@@@BA@@B@D@TB@@B@@@B@@@@@BAB@@@@@@@@@@@H@@@@@@@@@@@KDD@@PDDBJFDDD@B@FFHHB@BAHCDAH@H@B@BBJBFD@@D@DBB@F@D@B@@@HBBBD@F@B@@@DAB@D@FA@@BA@@BAB@BBB@DCB@BAHA@@B@@BBB@@D@B@F@BBBB@@BBBF@BDDBBFB@@JFDBFBJFHDJDBB@@FARCRCFAFADAPCTEJAB@F@DB"],"encodeOffsets":[[115494,42825]]}},{"type":"Feature","id":"150928","properties":{"name":"察哈尔右翼后旗","cp":[113.1906,41.447213],"childNum":1},"geometry":{"type":"Polygon","coordinates":["@@NGLEBEBADCBAD@F@BAB@AAAA@ADAH@AA@@FCDCFA@@BBHEB@AA@ADABABA@AB@FCFBDBFAFA@@@A@@@A@@CAA@A@ACAEACCGCCLA@AA@ACAACC@A@@@C@EAEPUbGL@NEJGJEFGQISASDQ@SBOCQGQBMF@BAD@D@BB@@@IJA@CBG@@@@@@A@ADABAAA[B@CI@AIED@@A@AMC@@@ECMCA@BA@AI@A@@AB@BABAA@@@CBC@A@@AB@@IDATCDC@BBB@B@@B@@A@C@A@C@AL@@@NG@AACFEFIB@B@D@@AD@BCBBB@BADAF@FANBH@@GX@B@@CBE@EBIA@U@E@@A@A@AA@A@GA@E@AGECCCAA@ICC@@@BE@@AACEEG@@IDACCEAAHCEEJ[BC@ADABCBEDG@ABA@@HADBFA@@BAFCBA@@DAD@JAHAH@B@B@DBB@@@BAB@B@LADBB@DAFC@A@@CC@@@@DCDC@@JEHAFAH@D@D@BADADCBA@@DAB@B@DAFAEC@@GMAABAHE@@F@DA@@BK@KEAE@EAC@G@A@LYH]OBGDUJEGCMNOT[@WF[H]L]JQPULSDE@@DBH@B@FBHBHBF@BBBBDBDDTNFCUSAO@ALQDC^ELIFGBADABAD@D@JBP@L@D@F@X@DAJHCBMF@@@@DBAD@B@@DBNEHHVI@DALABABA@CBAB@BADCBWPKDUJITBNFVNPLJXLZBRU@YAQFqBYBQPONF\\JHADISa@QNQLARBPJPNVH\\CRAPELM@MMQ[ImMkQUCOAODQHMJkPQBMAMEOA[@yEOCEMBOPENBTBVDH@RERKHIAQQMQA]DY@YEGICKFSTINBPHLJJJJB\\BjAPARDVNPLALIDKDWFOBKDCLNHL@lILARB`JFBLK^aAIBKFEPGBIGGOECC@EFCPAPDFAAEIIMCOAKEGEUOUKIEKOKKKOQGKGMIAO@IGGKEUYQcKKHSPAPDLJJBTGPSBC@@@@NSFIHKFMCOISCI@GDEJCSSGCKCIGWOCEIMQIY@ODMD_HYHWD]B[CO@UAYBMDSHOJWNKNWLMDZUJMFKCWW@OGUEKGCU@S@QBSJIB[CQA[@A@GAGCUUECGAIBSFIAAIBSAEA@G@CBC@A@E@MAG@EACCAA@@ABABA@@@@@@@A@@ABAB@@@@A@@@@CBA@ABC@A@A@AAA@AA@@BA@@D@BBB@BA@@@@@AA@C@E@GCA@ABABA@CA@@@AAC@ABA@AA@A@AA@BA@@BABA@C@A@CACACAA@A@M@C@GBA@CAA@@A@A@@@AB@BADCBADABADA@@BA@A@@@AAAAAACAC@@AACC]AO@YCMEWEQ@KAGKBA@CABA@AB@@@BA@@B@B@@CAA@@@@BA@AB@@@AA@A@C@@A@@A@CAA@@@ABA@AA@@A@C@AAA@C@C@A@ECMICAACGGACAA@A@@@ADADC@@BA@AA@@@A@@@AA@@@A@@A@@@B@@AA@EC@@A@@@@ACACA@A@@@@@AAACACAIE@@@B@B@@AB@BAD@DA@@B@@@B@BAD@B@B@@@BAACAICCNN@@B@@CDCB@BAB@@@B@@AD@BAB@BABED@BA@BB@@B@DDBBDB@B@B@DAB@D@B@B@BBB@DBB@DABAFABABCDCBCDADADCLAD@B@@CJ@BSbABCBAB@BR\\TPTHTRNRTHTNLPDRNPPLPTCRFTJJBDLTL^FLHNRZDVKR@TFNBhNJVJP\\CLERGPETENCHMXOXCHERQZQTQJSLKPCL@LBVARM^KTBHATDRB^C\\BTBVA`IfBRJNLJDDbVVPB@BDBFBLBDALAHCJCNG^ADCPULK\\CLENADCLCN@TBF@ZFjXFJBJ@B@B@`NXR^XFAD@F@X@DJJFDBJFDBDDDDBDjLRDND `DFFDJJJJLJN@LBJA\\@lCRMPMBYBADE`kPA|ZDBTN\\UnBRNCR@JeDFLIF@BRJJDDBDB"],"encodeOffsets":[[115884,42993]]}},{"type":"Feature","id":"150981","properties":{"name":"丰镇市","cp":[113.163462,40.437534],"childNum":1},"geometry":{"type":"Polygon","coordinates":["@@H@PGTGTIVKLGLILIRITCVCJG@A@@@@FMBG@IHILGFCNBPFVDLAdKJEDUDOFEP@JFN@TANENILKHKHCT@RFR@JAJ@LFBLCJ@lBJLHVFZ@zB\\GHELGRKNCNCNIHGLEFIJCL@LBVJLFJJHNFFRFNDFFDPKTHHNDNFBFNXBTHDTDRA`DJ@LCHGJGLIPELARERCPANAGKACCICOCWBULONIFE@INEFMBGBIJILENCJAPELALAJ@LANALCJENELEJCHEFDLBN@rCZEVKLMJQTCRB\\B`CPIJKNKPQRMFO@SDONMNGHGDODMBK@KBIAECGCGMQKOQQKEOGOCWIKAKEKCSEYIMCQGIICEAKGM[IMEIEKGOMEEMIKEIEKGEC[SCAKIKQYSmMGAE@GAIAMAQCKASAE@EAQ@IAQ@IAWCMCM@ICIAI@Q@GAOCSCM@OAI@IB[DIBU@KAGCGB@@C@A@A@EFGHGLCDENCFCJERADAJCFEH@B@BAB@BABADAB@BABCFABCDABCDIFCBC@@@ABABGH@BAD@DAJADIDGAGAKCIEKCIAEAgAICE@kGMCIAQEIA]GC@OEIAMCG@KAKAKCGAI@OAK@YEM@KAMAMCECGAIAOEKAKAI@GJGHCFINUXARVPFPKNOHKFWNCDKHMRCNATHVXN\\HVAPA`LPPDRARCRGVBVJFRD\\DLHCL@@@@@DKDMBU@SDUL_^OLS@SFOJKDUAYGYC]C]BMFMLSLO@SDOFINER@B@@@@AP@TLFNEVKPITDDHEPIHIJAPDTCPET@NHNLHFJGLAPHPFFLNNPNNPDPANOHMNCPFCNGNAHCLCPHNHJJFHF"],"encodeOffsets":[[115621,41782]]}},{"type":"Feature","id":"150929","properties":{"name":"四子王旗","cp":[111.70123,41.528114],"childNum":1},"geometry":{"type":"Polygon","coordinates":["@@PFfPHdLVfP`|bz vtpNRd|JLJNC``bT`^vnVT\\XjTNHRFNLLLxNZRF@GBEHKhPWPWHKJOX_HMebSVKxaLEPIVKv]FC\\OHCLGP@AP@ Cd@L@LAHGLIJMTUbeZ[`_fiPQhi\\UVOJGLIDAFCFAFCWdMDA[JONQHK\\eHKNSV]PWJKLQFI~BABO@C@ABMBIBABCHMV[Vc`mNShwNSjobeHIzFERUVU@KDYLCRCRELCtQfKW^IhKTGAKCcrQRGxSZIFAFCdY\\QVOp]n_^SZOPKPGLIHCJA~KPAlI^EMpIHCNA`GvKnKB@TKFAlYNKB@EICICGGKKYAEnW~]N]L]Xup­G`CB@BAJCTITIZKD@vGXYVWHENQFCNQHKNQPYPOPSNMZWHEDCFCFA@@XEXGJATCKAM@KIIIIIECCE_MCQCiKACCCCCCAIECAIECIW@E@C@EB]WWQ_MA@A@I@IAWEEi@YAE@SDMDKBCFMDKCAE@A@IBSFODCBEBEBQDQDEB@@AAICGCIEEACAIE@@EAAACC@AAEAA@@AAAAE@A@C@@@AA@AA@@@GBABA@CDA@AAA@AB@@AB@@EBC@A@CB@@A@E@C@AAGA@@A@C@E@A@CAC@@@ECIAAAA@G@G@CBGDABA@GGEEA@C@CCIECAOC@@CCL@@@@@@@@@@G@@@@@@@@@@@A@AB@@@@A@@@A@@@SAC@A@@@AB@@A@C@YBA@@@A@GB@@@@GBIBAAAAE@C@CBGBIBE@@@C@CAGA@@AACMAGGW@CAAEOAMCE@EAEACAA@@@C@AFGBA@A@@A@AAA@@AAC@CAAAA@A@C@ACG@CCGEUI]AGAA@C@AAI@CAGCKAGEIGSCOSKS@MRQHiBOJGNOLIHKDODgASJOBOAUKQDIBODKGMOQ@IF[JU@OKWKOEiGAA@@@@MG@QTOTGHGQaOCWAGAQGFWFYOSKIGQ@EAQQGYEOMCUHWJWFUDKFOFGLQJYASMOWAMBWAMIIGO@YAOEEOEMOKQ@KHQLSCeeOKCKAYIWIIUMYKGOBWHWFQHINGTKBI@YIAIAWAQECMAWCMDUBQ@MMOQCMFGNONSVUHCAACAAIAKAADCDCDA@@@A@CCAA@A@@AAA@@@I@C@CD@@A@A@GCEAAAAB@B@DAB@BFJDJDFBBFA@@@D@D@BBD@@BBBB@B@FAF@BABABABEDABABAB@@A@IBA@ABA@KA@@DA@@EAAD@@@@CAA@C@G@C@@@CBA@@BC@A@ABA@C@CBA@CDABCDGD@@@B@B@@EDCBC@A@@B@BABABABABCDA@BBB@@@@@@BA@A@BBB@B@@BC@@@GDABAB@@BB@@C@C@E@IC[E@DABAB@BEHAB@D@BBF@FBBEFABA@G@A@A@C@A@CAG@EAA@@@@A@@@AA@ABA@A@C@AAAC@ABAB@DBL@JO_CEJGBBDQC@H@@BHO@OA@IA@AAUBAFM@@E@A@@A@C@A@AA@@A@ABKDIFCBC@E@GAGACACAA@C@E@C@CA@BD@@BMBSBSBIBDFKTS@@AAAAA@ABC[B@FI@@EE@@LBJADABEBA@KBG@E@EAC@AAACAAC@A@EA@@C@A@A@A@EAA@@@ABADAB@B@D@@ABABA@@BC@K@EAG@AAA@CCGIAAA@C@E@CACBKBE@EDEBC@@@A@AAA@CAEAAAAA@A@A@@CACAA@A@EAA@AB@B@BAFBB@BBF@D@@@B@@CB@B@@@@BJIVMJMDSHMRAJGJPPDLJHhLNLHPBNGPNFDF@NPdEJBVAZAHE^BZATIVUTQTONIXKXUPIRCdMPSTUH[AeEYFKLIPk@UHGB[Jk`MHYRKJEDhDP@NUPQBSREHEFILCFIFMHKHGDO@WD@@ADCDIDC@CBA@@@@BBB@@@B@D@@A@@@A@G@A@@@AD@F@BIJYbMTGHS^ERCNCLMTELGNABCDCLALAFKNSPILINKTGRELGPIVIHKPCLGRMVQRQPGHKRIPGLEHQ\\UXELMNKPADGFMNORSTONWPGNCL@PAPATATAHALGPGLELAXAZEXGPQZULSJEVJPMjIbCPMtN¤[fWT\\iN@BKNEHQXSZSZOVSZGLCDCDGHQRSVaT]XIJSRUP]RCBABIHQPOPMNKLEFEFCDEDEBGBMFEBEBSL[HQH[PQLQJOLGB"],"encodeOffsets":[[112989,43765]]}}],"UTF8Encoding":true}