{"type":"FeatureCollection","features":[{"type":"Feature","id":"152201","properties":{"name":"乌兰浩特市","cp":[122.068975,46.077238],"childNum":1},"geometry":{"type":"Polygon","coordinates":["@@ABA@@B@BABAB@B@@BB@BABABC@G@A@C@AB@@@B@B@@@BA@ABA@ABCBCDAFEF@@z^@BA@AB@@ABADADEDCDAB@@@B@B@D@D@B@@@@A@A@CAA@CDCBAB@BA@G@ABC@CBE@E@KAA@E@ECC@A@@@EBABAB@@BDFHFHNRBBBBBDBB@DB@@FAB@BBFBBDDB@@B@@ABA@AB@@C@@@@BABAB@D@B@BAB@BA@AB@B@@BBDD@@BFDDjBB@DBLDB@B@B@BABBB@DDB@@BB@BAD@BCDABCBAB@B@B@D@B@BD@@B@B@BAB@BCDC@@@C@@FADEDCBAB@BAB@B@DBD@B@BAB@@@B@DB@@B@@@DAFC@@DAD@B@B@B@B@B@@B@@B@@A@@@@@C@A@@@@B@@@B@DBB@B@BAD@DA@ABA@@B@B@@AB@BA@AR@RRfX^@XDGvSLUSWQIEE@@@ABCHMFUJ]BAH@|EAAAC@C@A@A@A@ABEB@FCDA\\Q@@HAVGFAV@HAD@DA@@@AAC@OAO@A@@@A@ACG@C@@BABAFAD@D@B@B@B@BA@@@ABABABAB@DEBADABA@A@A@AHBH@HGHEDCFCB@F@DABABCDADCHEHIDAF@B@J@NCFA@ABA@C@QBCBCBCBEJODIBA@A@AEE@ABEDADCD@DA@CBCBEAACCKEIAKCECA@BCBEBG@I@AAAGEKEEAI@CCA@EBCAC@@AEACAEACAC@GCMBGAC@M@MAGAE@IAGAGAGAG@gGE@[IGAAAC@A@CGIAAAA@IAC@C@CA@G@C@C@AACCAA@A@CACCCA@@CWI@@A@C@CCEAGAE@EBA@C@AAAA@CA@KAA@A@A@CBA@AAA@@B@BA@ABCB@@EAA@A@@BA@AB@@@B@B@@@@ABE@@@@@@F@@@BA@@@CBC@@@@BCF@B@DIB@@B@DB@@BDB@BB@BA@@BA@@B@B@@AB@@A@EA@BABA@A@A@I@CBC@A@I@A@AAABAB@@CBABA@CDA@@@@@@BB@BB@B@@@B@B@@AF@@@BA@A@@BAB@@@BBBBB@@@@ABAB@FIAA@AAA@AAA@@@AA@AAA@@@C@AAAAAAAAAAA@BAB@@AB@BA@A@CBABA@A@CAA@A@A@@BCBCBC@ABA@@@@@CAABA@AB@B@@BBAB@BBB@@@BC@A@A@A@GAA@A@A@ABA@E@A@@D@BK@M@CAA@A@AD@FC@CF@BBF@B@BAD@BA@A@CBGBA@@B@BA@@@ACAAOBQBA@@AA@@AB@@A@@@A@A@A@@A@AAE@K@A@A@CAC@A@AB@@AA@AA@A@@@C@ABA@CBEB@@@BEDAB@@@@AD@DA@SJ@@CFAD@@B@AFAB@@A@@BCABFBDDBBHNLRF@@@B@B@@BBFBB@BDBBB@BBB@F@L@DAD@B@BAB@D@FAD@DAB@F@BADBD@@BB@DBDBD@B@B@BBB@BBB@FBDBDBDBB@BBFBB@B@BBBB@@FBD@DDB@DBD@FDBB@@D@B@B@B@BBB@B@D@D@@@B@BDB@F@D@DBJBF@@@B@BB@@@@@@@@@@JFHBJFFBDBBBFB@@C@@BBB@BBB@B@BAB@BEFAB@B@@@BBB@@BBAB@@CDA@@BABCD@@A@A@ABA@A@A@K@A@ABA@@B@@@BBB@@@B@BAB@BA@ABAB@@AB@B@@@BBDBB@B@@BB@@@D@@AB@@@@@BFB@@@@@B@@@BA@AB@@AB@@DH@B@@@@E@@BAB@@@D@BA@ABA@@BAB@B@@A@@@@BADA@ABA@AB@@@B@@EDABA@E@A@C@A@A@@B@DA@ABEIGF@LEDEBCB@BA@CA@BA@@@@@@B@B@B"],"encodeOffsets":[[124860,47279]]}},{"type":"Feature","id":"152224","properties":{"name":"突泉县","cp":[121.564856,45.380986],"childNum":1},"geometry":{"type":"Polygon","coordinates":["@@CCAAACACBC@CBABC@C@CAA@B@BADA@AB@@BG@@BCBA@@@GEB@AA@EAA@A@AAEA@@DEECE@CA@@CBE@@DA@ADB@EHG@FKD@BCA@EAE@@AGC@@AAA@A@CAECAAA@@A@ACC@@AAAACA@AA@AAC@CAAAA@@ABABCB@A@@@A@A@C@E@C@IDA@CBA@ABAB@BC@@@A@A@C@AAA@C@@BA@@@E@A@CDA@A@A@AA@CAA@A@A@AAAA@C@AAA@@AAC@AGGA@@A@AFEBABADAFAF@BA@ABA@@B@B@B@BA@@@AB@B@D@BADA@@@ABA@@BA@AA@GCACAADEBBF@@IREDEFEDCF@tUfCJCDADAD@B@DCB@B@D@NETDDBP@J@VERCD@LCD@ENJHAH@F@@HBJ@B@@BB@@B@B@@D@B@TFPFB@D@D@BBD@@@@BBB@@BB\\DHCBA@@DBB@B@TENADAJJLAFAHAB@DBDBFCDCDBB@F@@@B@B@@@@CB@DABAB@@@BBDDB@B@@B@BB@B@HABCBAD@d]HGHYBCFGDIBCDGBCBCJUBEDIAA@ED@NGDOBCAEM_@GBCC@[EAAEDK@C@EA@@H[@E@A@@@ABEBG@CF@@CD@BE@CJ@VQ@KBE@AAC@CBAB@@AHMHMA]@AFEFC`[TCNGnUBALAbIYfGH@B@HABAD@LCFAFABADADC@ABCAE@C@CTaBCBC@@A@@@@@ACKIGIECIM[]AI@EAIAG@G@c@[Fw@CBA@@GAE@M@QAEAE@C@M@CAA@IAG@@AK@GA@A@GBIAA@A@@O@OA[AK@OIOK_UA@GGEC@AACAEAGAE@@A@A@EAE@oMOE£CSAECOAWA½KSISK{PkJE@»nCBDdkDc\\HsZSFMJIPETARERGPKZCLINQJMHOJODGBQDQHIHGR@D@@@@BJBRANENY^IDeFSDIH@JHJPNTV@DEJOJaYMDIHUNKLBJTHRFRLJLAHGFWBuAKCUI]IUCQ@M@OBGBWHOJUZMJONOLELAFAN@LGTaZIDIFMFKAGGOKI@OHIH@J@HELEL@NDRIDMFGHDLFPGDMDSFQJSDUBOHMJ_nGHKLMFQFQHMJYTKLUCKGOEM@GDOBOLa\\ylMJYRSN]POFSBWDWFUHYNuXZTHHHLLLNLNJTN^RTHV@\\@RFJ@XC^APHXFlP\\dlJNHLHHHFB\\BVF\\NTJXPZR^P^PCFELELEVIPBHNHLNHRAJKNGPBJXNFGJCJAVBLDRHRJNFBCDGAG@EDIDULIVI\\MRKNKJKLC\\EVBTBZ@RBPELGJGLKDS@SLKP[EU\\MNMPCZCNDXJRHV@L@AKEQDONIPOAMFMXWZILCTIXB^FL@ZMRIXGTADDB@@@H@@BB@DABCD@D@B@FB@@B@BABAB@DCFAD@BAB@FCB@D@BBDAB@B@B@@DD@BBF@DBB@HBFBB@@@BBDB@BB@D@B@\\FF@FBB@@B@DALADAD@DB@@DBBDBBBRHFDD@B@J@D@J@H@HBB@BBFBD@B@F@BABABAFA@ABBHHRDLEJEFGJOPIJCLIAG@ILSPCRC@EFKPGNCPGTOBA@@DA@@BA@AB@DAB@BABA@A"],"encodeOffsets":[[124680,46919]]}},{"type":"Feature","id":"152222","properties":{"name":"科尔沁右翼中旗","cp":[121.472818,45.059645],"childNum":1},"geometry":{"type":"Polygon","coordinates":["@@vWZMVGXEXCTAPE^OTMZQNIzkb[PKPAHCN@PFLHVDLKZSNIRGRENELKHG`mNIPGVATCRITENCHCEOCKHGNEJCCQ@MFKFK@G@IJGPGJ@PLHHLBNEJEJCbYHS@KBMBEFKPKPMNIVYPIXGHAPAN@R@VD^JVJLDvBXAHEBGIKQKQESGAILKVMJGNCbZPIFI@CSUOMGI@IJGTCfEJCZ]FMBMAQAI@@@@@CHQJGRGRCHAPCPINGRIJMDKLYHOFQBQFSJONITEtYGd[lCcCDA¼mF@lI|OTLTJ¾LXBPBFDTB¤DPFpNF@FBB@B@@@BFBHBFBD@BFDHHB@`VPLPJL@\\BPBP@@@@BBBAJ@H@BHBL@@BH@JBB@DBN@D@F@FBRBN@F@HB@@AB@DQPAtKdG@@@C@UF_W[YkWCCDaBQ[OUaaRBWeQyq_BGV¥MECCB@@UCGDA@EC@@EBA@ABCABEAAIQTE@EBCAA@AAA@@DA@CBGFAB@BBDDD@HCB@B@FIAI@EBCBI@C@@DCD@D@BA@AB@@CDC@@@A@A@A@EA@@AAC@A@A@A@CBADCDCDAFKDCDGDEBC@@@CBKEEIMBEBIJOBAPGNCPAVDh@J@XOCCCAWESQACKDCBOBKJGDGDEDSgCG@ADEDIBBZFLB^DZBF@BCHMHMM@DIB@CCMIAAaIA@QKGCBEAIAIAAOSGIA@BIFaNdUBABGJWEKGISONK@@L[`]DOGiKCCC\\[bGJ@T@\\EZJP©B_AoA©AscKGCEJWWBP¿Q@BC@ABCBC@EBIBCDOJA@JKHMJyR^GDSLEBcbCBcLN@PgdCDGB[LGBEBC@GBC@M@CAI@IAMdoRiReWVMLGHIH]P]RAH@BA@@DAB@D@B@@UBG@OLYdIBklBRgndNCRIH¡PEJIRKVGlANMJĕ¼QJBhTPSdQ`iB{voVcRGA}bKF]RaReDCDCDCD^GBA@AAA@C@C@ABC@EBA@CAA@ABC@GDA@ABC@WDA@EBKFGDA@ABAB@@AB@B@B@@@BA@A@EBEB@BAB@@ABA@CBA@CAA@@@@CA@@@ABGBGB@@C@@@C@A@AB@@C@E@@BA@ABCBABEBA@@@@D@@ABA@@DA@CFCBAB@BADAB@@GFA@A@A@C@@@AA@ACAEAAAA@CAC@@@C@ABA@@DA@AFA@A@ABCB@@@BCD@BGBAB@B@D@D@BABABADCDABA@CBCBCDC@ABA@@B@D@@@BB@@B@B@@AB@B@F@BBH@BA@ABCB@B@BCFAFADABAB@@ABA@ABGHGDABA@AB@B@BABA@A@@BBB@@DDDDBD@B@BAJ@BA@@@@@BHBD@D@B@B@BCF@BB@BB@@FBDB@B@@@BABADABAB@B@B@B@@@BCA@@A@CBABCBA@ABA@A@A@@@AAAA@@EAC@C@A@@@AB@@A@C@GDABA@ABA@@@CBA@A@@D@@@BBB@@D@@@BBBBD@BAB@@@B@@BB@@BBBB@@D@@BDBB@@@BAB@@@@@BBBT^FH@BCHADADB@FBINLCHABAHE@@BBBB@BA@CDC@@@ABABA@CBA@@DABABABC@@B@@@B@B@BABABGBA@ABA@@@ABC@@@@@@BABAB@BEDABA@@B@BA@A@A@CAA@CCA@A@A@A@@B@@ABAB@@A@A@CB@@A@A@A@A@CBABC@A@AC@@A@ABE@A@@BABA@C@A@CD@@ABA@CBABC@ABA@AAAB@BCB@@CD@BAB@@@@EB@@@@@@C@@B@B@@AB@@E@A@ABC@C@A@C@A@A@@@A@C@CBA@A@AACAA@A@E@A@@@CBA@I@ABC@@BA@E@E@@@AAAACAC@CLCRCX@@@BBF@BAFAB@BAB@@A@G@@@C@A@A@C@AAC@EB@@@AA@AC@AA@@BA@CBEBC@@@GBC@CBC@ABC@C@A@GB@@ABAAA@AAAB@@A@@BCBC@C@@@A@@@CDED@@A@cCA@[NEBCBABGBWFSH[PEDCBIB@BA@@BABAB@@A@A@A@A@CBAB@@ABA@EBABADAFABADAB@BA@@B@@ABEFEDA@A@@BAB@@A@EBA@@BA@ABABA@C@C@AB@BA@ABA@A@@B@@ABAB@@@BA@IB@B@@@@@B@@ABC@CBA@EB@@A@@BBBA@@BADA@ABE@@BAB@@A@@@A@C@C@@@A@@DABCDAB@@EB@@ABCB@BA@C@A@@@@DA@@@EA@BA@EBABA@A@AA@@CAA@@@@ACBC@A@CD@BA@CBC@AB@@@BBB@B@@@BAB@@@BABAB@@@B@BHF@@@@CBABAB@@@@BDBB@BAB@B@@@BDDBD@B@B@BB@DBBBBB@@EDABABAB@DAB@@BDADBD@@@DBBBBDB@HA@@BAB@@B@BBBB@@A@EBABA@ABCBA@AB@@ABAB@@@B@B@@@BCDC@@BA@EBAB@BBB@D@@@@CBCBABABA@A@@@CBEB@B@D@@ED@B@@A@@@A@AAA@EC@@A@@@C@A@A@A@@@@BAB@BABA@ADABEDA@A@@BCD@@@B@@AB@@AB@J@@ABA@@@A@@@EAAAA@C@A@A@AAA@A@ABA@A@C@A@A@E@CACBCB@B@@@B@@ABA@A@K@A@I@A@@@A@CBCAA@AAC@A@A@CBA@CA@@AA@@ABABAB@B@BGDA@@@A@A@@@BBBDBB@@AB@DADAD@@@BA@EBA@@@AB@B@F@@BB@B@B@@@B@BADA@BBBB@@@B@BA@ABAB@BA@A@ABA@G@A@AACBA@A@@B@@EBA@A@ABAB@BCBA@ABAB@BA@@BA@CAA@A@AAA@A@A@CB@B@B@BC@@B@@AB@@@@ABCBA@C@C@A@@A@AA@A@A@A@C@@BA@@@AA@@A@@AA@ADCB@@A@A@@@A@C@A@E@A@AB@@A@@BAD@@@BBBA@@B@@EB@@@@ABAB@BCBABABAB@@@B@@@B@BA@ABA@@B@BA@@@A@AB@@AB@BA@@@@BBFBD@@@@@B@@@@@B@@CB@@AB@BC@A@@B@@ABAB@@CBA@@ACAA@A@AA@@AB@@ABA@E@A@C@A@A@@@A@ABA@A@A@A@@@A@AB@@@D@@A@AA@@A@A@A@@@A@C@AAABCBA@@@A@@A@@@A@A@@@@AAAA@@@@@A@AA@C@CAC@C@@BA@AB@@ABC@A@EBCD@BABGD@@E@A@ABA@A@@BABA@A@ABCBA@@@@B@BGD@@G@A@GDCBEB@BAB@@@BA@C@C@CBE@CBCA@@@AAAAAA@EAGB@@A@@BAB@D@@EDABCDADABCBEBAB@@AAA@K@A@EBCBADCD@@A@CCCC@@E@A@@@CC@AA@C@A@@@ABA@@@AACAEEA@@@@@AB@BAB@@A@EBC@C@ABAAA@@@C@CB@@ABAB@@AAA@AACAA@AB@@EDCBA@CA@BABCB@@C@G@EAE@A@CBC@E@KBCBGAAACACACAE@AAC@EAC@A@C@CDA@CBA@A@C@ABCBIBA@E@A@A@E@A@@@AACAAAA@@@A@@C@@C@A@AAC@CAA@A@C@GECECACACAGABCBEBG@CBC@A@@CEACAA@ABABA@@CC@A@A@@BAFABA@ABAB@B@HAB@FABBD@DBBDBBB@@@EEAC@A@A@@BADCFCDCBABEBADCBCBC@A@CBC@ABC@E@C@C@@@A@A@@@AA@@CBABC@A@A@CAAA@EEECECAAEC@@KDABCAC@CBCBA@C@@@DABABABC@C@A@AAA@@AAA@@@C@A@ABABA@ABG@CBC@C@C@A@C@AAA@A@A@@BAFA@EDEDADA@@BAB@@@BA@ABA@@@CAEA@@A@A@@@ABGB@@ED@@A@C@@@ABAB@@@@AB@@AA@AA@AAGC@@@ACAAA@A@@A@AA@@ABCD@@ABEAC@@BCB@BC@E@CB@@AB@@@B@@A@@@EDA@@B@@BBBBDBFF@B@BCB@B@B@B@@DBFBB@ADBBBBDF@D@BADAFCF@B@B@B@D@BA@@BABB@@DBFDL@D@B@F@B@@A@A@A@@A@@@@AA@@AB@@@@@@@A@@A@A@@@A@@@A@@@@@A@C@@@@@@@A@@@@@@@@@@@A@@@A@@@A@A@A@A@A@@@C@A@C@@@C@EAA@@AA@EC@@@A@@AACAAAAA@ACAAA@@@@C@A@@@@@AA@@AB@@@BA@@@@BB@@@A@@B@@C@ABA@@@A@@@A@@BAB@B@@@@AB@D@BA@@@@@A@@@A@@@A@@@A@ABA@A@@BEDCBE@ABA@A@A@A@@B@@BB@@@@@@A@@@A@CBAA@@A@@@BB@BABA@AAA@C@@@EBA@A@C@C@A@A@AB@@AD@@A@A@A@AAA@A@A@AAEBAAA@@@A@AAA@@@AAAA@A@@A@A@A@ABA@@@@@A@@A@@@AA@A@A@AAAA@@ABA@A@@BA@@@@BB@@@AB@@A@@@@@A@@B@@A@@BC@CAE@A@ABA@A@@@@B@@C@ABA@AAA@@B@@B@@B@@A@@B@@@BB@@@@BA@@AA@ABA@AAA@@@AB@@@@DB@BA@AB@@A@AAABA@CBč÷NHjRFDlBxBZDpIxCJIdAXhdRLNHHddffTVB@BRBLH|DVBNBRF`BVBPHrBXBLBN@BCBABABCBADA@EDABK@A@AB@@@BBB@@ADABAD@@BBDDDB@BB@B@@BBBB@DBD@L@DBB@BBBBDBBBDPDHBDFR@H@TBL@BHpBFHhBH@BDN@FNLLFRNFjOPCDGFBD@@@BADAB@LA@AD@@@@@B@BBB@BABCFA@CB@@A@AAAAA@C@ABAB@B@BBBAB@@B@DBDBD@B@B@BFBBB@B@BBBB@B@BB@BBB@BBDHB@@B@B@BAB@@@@F@F@B@@BFB@@BBFADB@@BBDB@D@@@@@B@@D@D@B@DBFD@@B@FADAB@@@DBDBB@B@B@D@B@BABAB@DAD@@@B@B@@ADCBCBCFGBA@CBEBC@KAC@E@AHEDAHE@@B@B@BAB@@@BAB@D@DA@@B@@ABADCJIBA@AJKHKDE@@HELGLEBABALKDABCFCDCFEf[NCNG\\KB@BB@@HDD@B@DALC@A@@A@@A@@EE@AEG@AAAEKAA@@AC@A@@@@@ABAAE@A@AA@CC@@JAVA@@BBB@@@B@BAF@FABBFBB@@@FADCD@FAD@B@BB@@DBDDBBFDB@@BB@@@DABBB@JDDD@@@@B@F@B@B@B@FBB@H@B@DABABA@A@CB@@@B@FBD@B@DAB@BBB@BCDKBA@@D@B@DBBBHFB@@@DABAD@D@B@B@BBDBB@HBDBBBB@@@DABAF@BAFEB@FA@AB@@ABAJCBA@@@C@@@ABCDA@A@A@@B@BADA@A@@@A@AAA@A@AAAAE@ABAB@@A@A@AA@CACAEACCAAAAA@A@E@A@CAA@@ABADCDADCDABA@@@A@A@AB@BEDC@@BEDCDCBA@ABAD@HABA@@@CBA@AB@B@BAB@@A@AAAAAAA@A@@@ABABAFADA@A@@@A@EAC@A@AAAACCA@A@@@EAAGCA@A@A@@AAAAA@AA@@A@@@@@ADCBC@ABA@C@AF@B@FAB@B@@@@@@@@AACCCACA@AACCCCAA@@@ABCBCBA@@BC@@DABADANAXCBADCJMHGBABCZQTMPADBRH`nM\\GNEHAXIBGBS@KN_FKJGFGFCBCFEBABBPLRP`XRFRDHBJBpNJ@hDJAPCBATIJEHEDCHGRUBC^MBA~FP@^@F@FBJDLBVDHB@BFDBDDD@B@B@@@BB@F@DBBAPCB@@@DDFBD@HDDDB@B@DAD@F@DAD@@@B@BBB@BBDAB@BCD@BAB@HG"],"encodeOffsets":[[123635,46943]]}},{"type":"Feature","id":"152221","properties":{"name":"科尔沁右翼前旗","cp":[121.957544,46.076497],"childNum":1},"geometry":{"type":"Polygon","coordinates":["@@KAG@@@CDEBCBE@GBE@A@@@CEFECADAEC@@QEKEBA@@@CAACE@C@@@CDA@CI@@@AAC@S@AC@ABAF@L@BAIEKACCAA@@FCAEMCIDCCBEMBBEBCDCI@EDEBGCCC@CIA@CC@@AGACDA@AB@BAHIHAFCB@LD@AFA@@FCHEA@BBDGA@DAD@BKCAB@@GAE@C@A@A@@B@BAHBJ@B@@A@AB@BA@@B@@@B@@E@CBCDABC@CBAD@BABCF@@EAGA@@AAC@@@AB@B@@@BA@@@A@ABAB@@GBCB@@C@C@GBA@ABC@ABEB@BA@CAA@IDC@IC@@C@ABGFCB@@BB@@@B@@A@CDAAA@KBAAAA@@EBC@C@GBC@@B@@CBA@IFA@CB@@@CC@@FA@@BA@SB@B@DAB@@@B@@@B@B@BA@CB@B@@@B@B@@@BA@@BC@C@@DA@@B@B@B@@BBD@@B@@@@ABAB@@@B@@BB@@@@BBBD@@@B@B@BA@@BAB@@@D@B@@CD@@@D@@A@A@CB@@@@@B@B@@@B@@CB@@@BABA@AB@@AB@@A@LBB@@DBBBBD@B@FAF@HBFBDDD@B@@@XJ@DB@DDBD@D@BBBDDBBD@D@H@B@@D@DBD@JBBBBHJ@D@BBDBBJH\\F@hHH@HBHBHBJBF@HBNBN@D@HBNAHDD@DBFBDBFB@BD@DBFAB@DDJ@FBLFHFBB@B@JAHAFADB@FDLDJBLFDDBBAFAD@DCBC@CDCBAF@BFF@B@BABCJIPAFADADAD@R@DAB@BEBMDI@A@E@CBGJGFCDCBADABCBE@A@EDCDGFGHG@GA@B@B@BABCBABCFA@ABABAB@B@@ABA@A@A@C@C@EBABAB@@@DDH@B@B@@@BBP@PBD@B@@CBC@GBU@EBUHGB@@[RCBEDA@AF@B@B@B@B@DBDBB{FG@ABI^EVGNAD@B@@FFRJTXKVuTHWC]@eWQQQ@@BABA@@BA@A@@@AB@BCBC@ABA@A@CAA@@@A@@@@@@B@D@@@@@BA@@@@AA@A@A@A@A@C@CB@@EDCB@@A@@@CAA@@@A@ABA@C@CAA@A@ABA@ABCDCFEB@@@D@@CDADA@ABA@A@@@ACA@C@A@A@A@ABADCBADC@ABA@@AA@CCA@AAABA@A@A@KCCAA@iACCAE@@CCAA@@@ABAB@@ABA@A@A@CBABA@A@@D@@@BAB@BA@@@AA@CCAAAE@ABA@EA@@CAAACAAAAMQEGEGAC@@BABAFA@@B@D@FDF@B@LBF@F@DAD@BAH@B@@ABADADCB@DBB@B@@@@@@A@C@C@A@A@@BADCFCBCBCBA@@BAB@@Ay]@@FEBEDCDABAB@BAB@@A@@@A@A@@BAD@B@H@D@BABA@AAA@@@ABABA@A@AB@BA@A@A@A@@@@B@@ADBB@@ADAFAFC@KHEFJBAB@@C@AB@B@D@B@F@B@BAFC@@@A@@BAB@BAB@BC@A@@B@@@@ABA@AB@BAB@@A@C@@BA@AF@@@@@@ACG@@BA@@BAB@@A@@@A@@@@EA@A@@@@BA@@@C@@AA@@@AAAAC@A@@@ABA@@BABAB@@ABA@A@A@@AA@A@@@AB@BAB@L@B@B@B@BAB@B@@@DCBA@AB@DC@@BAAA@@AA@A@@@ABAFE@ABA@A@AAA@AAA@AD@@@EAAACAEAIEGAIE@@@@@@@@@@AAA@@@E@IACAC@E@A@ACA@@@C@C@A@A@AAA@A@A@C@@@AAECC@CAA@CCC@EA@@AAAAA@A@EAAAA@CACACAEAA@AAA@AAA@A@C@CACAA@@AC@CAABE@A@CBC@EBC@A@ABA@C@CBK@E@A@AAA@AAACA@EAAA@@@A@A@@QEMKAGCAACAEK@G@A@ABA@CAEA@@CBA@CA@@ABCB@BA@A@A@@@@ABEBA@@ACAAA@AAA@A@A@AAA@ACAAA@@@AAA@A@A@A@CCGBK@@A@A@A@@@A@AAEA@EAI@CAA@A@A@A@AAAAA@A@@@CBA@A@AA@AAA@AAA@AAA@@@@@@@AB@B@B@BCB@BA@@BABE@AB@@@DAB@FBBBD@F@F@BB@@@A@@@ABA@AAC@@L@BA@@BA@CB@BABAB@BADEBAB@BAD@BAB@@@@ABEBADA@A@@@@@AAAAAA@@A@AB@BC@AB@@C@A@ABA@@BA@@@A@@A@EAE@@A@@BA@@@AA@AAB@HA@@@AB@@ADA@AAA@AAAAAAAB@@@BA@@ACAAA@@A@@B@@@BBBB@BB@@@J@B@@@@AB@@AB@@A@@@@AAAA@@@ABA@AB@BADA@@@@@A@@BAA@AAAAAAA@@A@@@A@AA@BA@@@A@@AA@@AAECAC@AC@AAA@@A@@AA@@JEB@CE@@E@BABA@ABAB@@C@@@@CAHGBAA@A@@A@AHGBC@@C@A@@AA@G@@AA@A@@ACBA@AAA@@@AA@@AA@A@@AAA@@@EAA@AAACAAAAAA@@AAE@@@AA@A@@@A@A@A@AAAACCACA@A@AA@C@AAAAAA@A@@@AG@BA@@@AACACCAA@@@@A@@@AAC@A@@@@B@BA@@@@@AB@@B@@B@@@@@D@BA@A@ABAB@@@AAAA@A@@AAACACA@A@C@CAA@A@A@ABA@@BABABA@CBA@@BAB@@CB@@ABSPOHMDOHEL@FQDODKT@JBHKJIDOJIPEHIFKFQCGGAA@BEBABABABE@A@C@EAAAA@GAG@I@C@I@A@C@ECQGAACAAA@CA@@CBCBCBK@C@AA@EAE@[EA@C@A@@ACAAA@@A@EAGAA@CAE@AAC@@CA@A@A@CBAAC@A@EDA@ABC@EBCDA@ABABA@@@EAA@C@C@ADCBA@@AG@@@A@CCSBWHQJYNK@]EWASJKDYJWXENBNOPMJCPFRBLK@U@QGWIMCYDODMN[NFVO\\KL@TCTKLIHKHOFQAY@SAUA[FKDILMLQL[NUJKJCVCJ@FBHCHADMEQIQGKCUAIBIDEHWMAIHOLMBIGQKMMGAGJOFUFKFKDE]O]OYQWOSI[MUE[AEAGGKGMGkI[ckOWEOG]BWDI@QE[@U@SG]QSMMIMKKKGKGGYSGHA@ABC@ADA@CBAAA@AAA@@@C@CBE@C@CBA@A@CCGCC@EACC@@A@ODABCAE@A@@A@@@A@ACCACEC@AGAUCKAICEAE@]@O@}EAB]NADQVGHCDGFIFSJABODIBgCI@oMIAGAQCQE_WQOOKAAABEFADEDEHIHELM`@LATAHWJGBMF[HmN_QGCAOBSNYRADABGHINCDABWDMBCBABCB@@AD@@ABADAD@B@@BBDDDDBBB@BDDDBD@B@@@@@@A@A@EBA@E@@B@DAB@BADCD@B@@@@@BB@@BBBBB@BB@B@B@HDBB@F@@@BDBBDBB@B@BBD@F@B@@@BCBEBABAB@B@@@BBBBBBB@B@BA@ABA@A@@BAB@D@@ABGBC@AB@BABCDCDAF@@CDAFA@@B@B@B@@ABCBCDCBCDAB@BB@DBB@F@B@B@BBBBDDFBDBDBB@@B@B@BA@AB@BBFBB@B@BBB@B@B@@@BCBABA@@@@B@BCBAD@B@@@D@@ABIDAB@BA@@BEBA@EFABE@ABCB@@A@AACAGAA@CAAAA@A@C@C@ABCB@@A@GEAACAA@C@@@ABCLADA@AAA@CBA@C@EAA@@@A@@D@BABABCBA@G@A@EAA@A@A@E@A@@@@@CCICA@AACB@@A@@AA@ECAACCCA@@AAA@C@EBC@CDEB@@A@EAAAEBE@ABA@@@A@AA@@UBIB@@DDB@@B@BBFAB@B@@@@@BBD@@BBFLBB@BFH@BFF@@@BB@@@@BKDCBA@C@GC@@AAA@[LMHMDe\\EFCDEDADCBKLABABKFKHGF@@CFGLIL@BABIJCDAB@BA@@@CBC@A@AB@@A@ABA@A@@@GFCBGF@B@FBD@LADAF@DABEHADADCD@BA@A@@@C@CBA@ABABA@C@A@A@A@CACA@@A@CBEBA@@@ECCAA@C@C@@@A@CBAB@@A@C@@@A@ABA@ABA@A@A@@@@@@@@B@@BB@B@D@B@@AB@@AB@BABABA@AB@@A@C@MD]HUHBN@T@RBF@N@H@D@B@B@@@@@@BBDBFDBB@B@B@@@B@B@D@@AB@DBB@@BDAB@D@BB@@@ABKN@NAN\\C`RFP@@FLDJMBODMDMBKbENJFp\\VNrJRAf@L@^GZEVVJJLLDBQB]@QHYJKDG@WAK@@@A@A@@@@@A@@@JRLRLTLTJRDDNXFJOP@BOPUXGHEFEFEFCD@B@@BB@B@@AB@@BBBBB@D@BB@@@B@BABB@BBBBB@BD@B@BBBB@DBBB@BBBA@AB@B@@BBB@@B@BA@@B@@DBBB@@BDADBB@BBB@@BBB@B@B@BB@B@B@@@@BBFJFHDFBD@BBBBD@B@DB@@D@@BB@@@@BBDBBBDB@@@B@B@B@BA@A@@@CFEFEFGJCDCDGJGJEFCDABADGHCDADCD@B@B@F@D@D@D@DADDDDh``LPGTUbG^BJUFABJJtpFNAPUlB^TNcJC\\BxTTC@B@DB@@BB@BB@@@@@@BD@@@B@B@@AA@@@B@B@B@@A@AB@@@B@B@@@@AB@B@B@DA@@BB@@@@@BB@BB@@D@@@B@@@B@B@DADB@@DB@@@B@@B@@@@A@@B@@BB@AB@@A@BF@@BBB@B@@@@AB@@@B@@B@@B@@@DA@@@@@ABAB@B@BBB@B@@@D@@BB@@@BB@@B@@BB@@B@@D@@@@BB@B@B@@@D@D@BADABCB@@@BA@@@ADAD@D@B@@@@@@AA@@@@@D@B@D@BBB@@@B@@A@@BA@@B@@@DA@AB@D@DAB@A@AAB@B@@AB@@@BCB@@AB@@@B@B@@@BAB@@@@AB@@@BA@@@AB@B@@A@@BA@A@AB@@@@A@@@A@@@AB@@@@A@@FCB@DABAD@F@@@BAB@@AB@BABCBABADABABABABCBEBC@A@A@G@ABAFEBCBCBIBCBAB@@@BA@AB@JEDADAF@D@D@BAB@FA@@@AB@BA@@J@D@B@@@@A@@DBBA@BBAB@@@B@@@@@@@B@B@BA@@BB@@BAB@BAB@@@BA@@AAB@@@B@B@@@A@@A@@@AB@@@B@@A@@@@@@B@@@@@@AB@B@BAB@B@BA@@BAB@@@AA@@@@B@@@@@B@@A@@@@B@@A@@@B@@D@@@BAB@B@B@@@@@DA@@@AB@@@B@BA@B@@@A@@DA@@BB@@B@@@B@@@BA@@B@@@@@B@@@@A@@@@@@@A@@@@B@@@@@DAB@D@B@BA@AB@@A@@B@BAB@BBB@B@B@H@@A@@B@B@B@BBB@B@DB@@@@B@BBBAF@BB@@B@B@@@B@@@B@@@BAB@B@@@B@B@BA@@BB@@BAB@@B@@B@BABA@@@B@@B@@A@@B@D@B@B@@@BA@@H@B@BAB@@@B@BB@@@A@@BA@@B@@ABAB@DAB@B@@A@@@@BAB@@A@@@@@A@A@@BAB@@A@@BAB@B@BA@@@@B@@AB@BA@@@A@@B@B@@@D@@A@@B@@@B@@AB@BA@@BA@BB@@@@@B@BA@@@@A@@@@A@@@A@@@AB@@A@@@@B@B@BA@@BA@A@@@A@A@@@@BAB@B@BB@@B@@@B@A@BA@A@@B@D@LBDBB@B@B@BAB@@A@@@@B@B@B@BAD@D@B@B@B@@@D@@A@@@@BA@@B@@BB@@@B@B@@@B@@BB@@BBA@@B@@AB@@A@@BA@@BA@@@A@@BAB@B@@A@@@A@A@@@@B@D@@AB@@@@A@@B@F@D@@@B@BAB@B@DAB@@@DBB@@BB@B@@@BAB@DAB@B@DA@@BABA@@@A@@BA@@B@@@@A@@@@A@@A@@@@BAB@D@BAB@BBB@@@FA@@B@BABAB@@AD@@@@@BB@@@@B@@@B@BA@ABAB@@@BAB@BB@@B@B@@@B@B@@@@@BBB@BBB@B@B@B@@@BBD@B@B@B@BABBB@B@FBB@BBB@@BBBDCB@@@@@B@@@B@B@@@B@B@@@B@B@@AD@B@B@D@@@BAF@B@B@BAB@B@BAD@BAB@B@@AB@B@DAB@BAB@DAB@BAD@B@BA@@DAHAB@@AFAB@B@BAB@BAB@DAB@@@@@B@@@B@B@@@@@B@BA@@B@@@@@@@B@@@@@BAB@@@BA@@@AB@@ABA@AB@@@@AB@@AB@@@B@B@DAD@DAHAB@B@B@@AB@@@BA@@@@@AB@@@@A@@B@@@@A@@BA@@@AB@@@@@@A@@B@@A@@B@@A@@B@@@@AB@@@@@BA@@@@BAB@@AB@@@BAB@BA@@BA@@B@@ABAB@@@BABAB@BA@@B@B@B@@@B@@@D@D@@@@@B@@@B@@@B@BA@@B@@@B@@@B@DCFAHAREHCTEN@D@HABA@OBA\\_JFFHfCJBNH\\LRGNHPBTDF@LKDAP@ZCbAPDRFXBRFN@PCNAN@PAHB@@BB@@@BB@@@B@@BB@B@@BBB@BB@@@D@@@@@B@B@@@BB@@@@B@@@@@@BB@@@@B@@@@ABB@FB@@B@@@B@@@BBB@@B@@@@BBB@B@B@B@B@B@BB@@B@DAB@B@H@@@@@@B@@@@B@B@B@B@@@D@@BB@B@F@BBD@@@D@@@B@@A@@@ABA@AB@@@B@@@BBB@F@@@B@BB@@@B@@@@@B@@BBB@@@D@B@@@@@BHCJUVMHEFCFCHCLAFGNAHHRJPJJBF@JBLDDHHBHCLCJCLAHHH@FKJEHALCDiPKHOLOVEDY@C@DDRPRHHFDHFPHJFTDFBDTBPCLAFBZZFBFCDBJJJFHBDHDHHDJFDFCLDJHLHHPHBDAJBDFFBD@NFHFDH@NCFAFBFDFDNBHFD@P@JBHHHLHDVBNPB@HCZERGJATHB@JADENGJAJFPBJAZ@JCJEDCBIDENIBACKDCHCJIHEF@JELMFAN@FADETK@CKOBC^EBADEBIB@HD\\ALB@AFIOHCPJTHVDJ@J@T@PDV@RKLCTDPHVBPEFALEHCL@XNNJNANBNCBI@IJEJEHEPGVBP@LBV@@CAEIEDGRELCP@JCFECGUCSMCGBWAK@U@EFMBIAGKG@EB@J@VAFAHEJIFIFELGPEJEFCHIJMBCCIAACCACAE@AAC@AA@@@AA@@@A@A@AAA@CAC@A@@@A@CBA@ABAB@BCBCD@LAFADCFA@AFCB@BCFABAB@DADADAFADADA@AFCFABAD@BA@@D@B@BAB@B@D@LEBABAFC@@FCDADADAB@F@@@FA@@DAB@@ADADAB@D@BAD@BADAB@JEBAB@HEB@FEHGDCFEDAHALCFAVQFCJAJAH@JAJ@JBFADCJSHIPEJAXBRFJFJBN@LCJEJWBGDYBKHOHGLIHGFGAIBETEREROPMNODGDKBCFCHAJDN@JANGLKHOLKT]VCJBPAHBHFHFD@J@NCTCPGJIFENCJOFAD@\\Q@@@A@C@I@CBAFA@@BABABG@@BA@A@ADA@ABA@@B@BABBB@DBH@BB@@BB@@BF@@BBB@LBD@B@B@NEFAD@@@B@B@@BDF@@@@J@H@FAB@D@DAB@B@DD@@B@D@LADAF@DBB@DBFFBB\\JDARATELCZMTIlIZEVI\\GPEPEPKJGBAD@@@BAFC@@B@DAFAD@DAF@F@F@J@DBF@FBFBF@ND@`FbF¦khIVAXFP@XAXAbIhEXDdH\\FRD\\HRHVJTNZL^PNHHFJDLDNIJGHIJIJMFKFIDIHMBANUZmHMLSBABGJQZgD_BMFMFKFUDMDSBI@I@GLWHGBC@IBKDIFGBG@KCQ@GDkFiFwHwBCHeX©HeZ»FUAA@@AA@AAABEAABE@G@AAA@@A@GI@EEI@CCE_kw@EMGIQGGGAER[LKJQAIJGDKJIBKDEHE@GDA@ABA@C[SGE@A@@@A@@@@CAA@@ACEB@GCICEAAIMADIFE@@HCBG]CDOC@BEK@@GQAG@yCMAA@A@cAE@@B@DAJAH@D@DCHGBBF@DBHC@EBE@C@C@E@AB@@AF@H@F@HAHAFCHAHAHADCJyHIBCBCBKLIHQNEFEDMHGH@B@D@F@B@@EFCBADCBA@CBA@CAICGEGEEEEGAAAAAGACGIEGACAAAAEAA@A@C@CBC@CB@@A@@@@AA@@@ABA@@BAF@B@H@HAHAF@@BBBBB@@B@@@HADAD@@BD@DAF@B@BAB@BAHAF@@@B@HAF@B@DAD@@@D@B@@@FCJAFCDCDCBCDABEDCFABABGD@BGHCJo|ÃHUAQC@S@EAA@@@A@MDQBKDKF[BA@@DABEBAQ@"],"encodeOffsets":[[125302,46957]]}},{"type":"Feature","id":"152223","properties":{"name":"扎赉特旗","cp":[122.909332,46.725136],"childNum":1},"geometry":{"type":"Polygon","coordinates":["@@@AB@@@BIACAG@@BA@A@@@A@EAEEK@E@E@CACAAACMOAA@ACC@ACIAGAC@@CCAAGICIAQACACCCGGEEACCG@AAEBIAA@ABADEDEBADADCB@DCHEHCBADAH@HAFBLBR@P@NANAF@D@D@F@BBDBFDDDBF@BDJBDBD@B@DAF@BCFADABADAD@D@B@BBBBBBDDBDB@BB@@B@B@@@B@FBB@NAH@BBBBBBBBBDAB@FABAH@F@FBF@F@FADABC@GACAECE@ACCCCAAAC@C@C@ADCBCHCBANCDAJCFCDA@A@CCEKIICCAEAA@GAEAE@KAC@MCCA@A@@@CBCBCDCDABCDAD@BAF@DAH@V@T@L@D@BA@C@A@A@@A@AAAAA@@@A@@A@A@ABA@@BM@IBC@@@@A@AA@EBCDQ@GDMK@A@@ABQBEBKAA@A@AB@@@BABGBC@ABE@A@C@@ACA@CCEAAAC@AAA@AA@AACCEK[GOAGA@@AC@I@U@[@iA]@E@A@QAc@s@@@A@BA@A@@A@@@A@@@A@@@EDA@A@@@A@@A@@A@I@EE@A@eCEACUCECAA@@OAAAC@CAK@EASGCAW@QBG@YC@@E@A@@AAA@@AAA@@A@@@A@A@AAAAAAA@@@A@@BAB@B@B@@@@CBAFC@AAAA@@C@CBI@C@ABK@CBE@EAAMEEACAIAICAA@@KCEAEAC@DI@AAA@@@A@@@AB@@AA@A@@@A@A@IC@@CACAA@AA@AC@ABABGDEACAB@@AA@AAA@@@CDA@CAA@CFCAILUP@BCDEFCBCD@@C@@@[CE@IAC@]EO@sGSAHS]CA@AB@@@@AH@BGR@BAB@F@BCV@@A@A@GAC@C@I@CAA@A@E@A@IAC@@AAAC@@@DK@GBABI@@DMA@BIBC@C@@BKCAW@WCC@I@A@A@QAE@CAC@AA@@BO@@@@@A@CAABA@EHa@ABE@CDW@A@M@[@A@@@s@[@AA@A@A@@A@@@ADI@@@@@AAC@C@A@ACA@@AA@@@ABA@@BEBABCBC@A@@BA@@@@TURQxBALMXY^_DEFEFEHGFCHGLIFE\\YRQDCPU`iNUDCDEDEECKEECkYae@sCBGRUCIgeIIG£KěWGaCADGxExEjCl@HDR@LAHEHCJAL@JADGHKX@H@JAJCTCNEVELENANC`YhIRAHABKTGNYnMVABGNCJEJELINIJGJIHMJKCICGEMG]OYKSMUIQG[GQC[EcGWCgFaJWBWBO@WEUBgJ¥laE_EC@ME@EAEAE@CAI@E@E@E@CBC@EBCBA@@@EDAB@@C@ABIHOLOFOF[HUJYFkJSJYNKDSFQBCB[IAAEECAA@CAE@CBKBC@A@@@CCA@A@CBC@A@EBG@I@@@@@CE@AA@A@@@C@EBMFA@A@C@KAA@AA@@AE@@AA@@AAG@CAA@AAABA@@@AB@BCB@B@BAB@@AHABAB@@EBAB@D@J@D@B@@[RC@EBIPMDEFIJOHSDMDI@C@GEGEGAOBIAUDS^KLGPKLMHIBM@ICGBEDADCLCHMPONQPQFSFAFBJEHGHKJGHGPALCZAHIXIFKDM@IAIEQEWAIBOFGJITCDEBIAI@IBG@IBIBEDUREBKDGBCBEFCDGHEFA@GFA@ABIFA@CBABC@ABC@A@CBCB@BA@CB@@EB@@E@A@CBCBCBED@@EDABABKFC@A@A@ABA@C@@@ABC@ABEBED@BCBCBEBCBCBCBA@ABEBADA@ED@BEBCDEBKBC@ADADA@AB@BAB@D@B@@@BBD@DBB@B@B@B@@BB@@B@@BBD@BBFBDDDBBDJADINGJEDIFOFKHEFEJIJGFEBUBI@A@@FLHBHAJEN@F@VBLAXDHTNVDDHEFIDO@KDQFCHJFBF@DU@KAO@UAOHGFIFIF@JAJMDMAMBMIWMK@GDKFEBCJDFDF@@@@ABADC@CBEBA@A@CBA@CBC@EDABA@@@@@ABA@@BAB@@@@C@@@CBABA@AD@@AB@B@@AB@BA@ADABCFCD@BAB@B@B@@ABA@ABADCBAB@B@D@D@BBBDB@@FBB@DDDDHF@B@BB@@B@@AB@@@@B@@BD@A@@@@@DB@@@@@BCAA@@@@@@BBB@@BAB@@BBB@@@@A@BB@@@@@@A@@@B@BB@@@@@@@B@@B@@@@B@@@@@@BB@@@@@B@@B@BB@@@@@B@@@@@B@@@B@@@@@@@B@@@@BBBBA@@@@@@B@@B@@@@B@@@BB@@BB@@@@@BBA@@@@@AB@@B@BBBB@@@@AB@@@A@@AD@@A@@@@@@BB@@@@@BBA@@@@@@B@BB@@@B@@B@@@@@B@@@@B@@B@@BBB@A@@BC@@@@@@BB@@B@@A@@BA@@A@@AB@@@@@B@@@@@DB@@@B@@@B@@@@BC@@BB@@BB@@@BBB@@@@B@@AB@@@@@B@@B@@@B@BB@@BA@@@B@@@B@@DBD@BD@@BA@@@@@B@@@B@@@@@@BBBB@ABB@@@@@@B@@@BB@BB@@@@@@B@@A@@B@B@@A@@A@@@A@@A@@BA@A@@@@B@@BB@@A@@BB@@@BB@@B@@BB@@ABBB@@@@@A@@B@@@BB@@@@@@BAAABA@@@A@@BB@@AB@@@@BB@@BB@@@ABAB@@BB@@@BAA@B@@@@@B@@B@@BA@@@A@@@A@@@AB@@@@A@@B@@B@@BA@@@@B@@B@BDB@@@@@@@B@@@@@@B@@@@@BB@@@@B@@@@@@@@@B@@@@B@@@BB@B@@@B@BBBABB@@@AB@@@B@@@@A@@@@@@B@@A@@B@@BB@@@BA@@@@@@B@@AB@@@@A@BBB@B@@@@@@B@@BB@B@@@B@@@B@@A@A@CDAB@B@@@@@@@B@@@@@B@B@@B@@@BA@B@@BBBB@@AB@@BB@@B@B@@B@@@@DB@@@B@@@BA@@@B@BB@@B@@B@@@@B@@@B@@@@@B@@@BB@B@@BAB@@BB@@@FBB@BBD@@B@@@@@BB@@BBB@@A@A@@@@@@@@BB@D@B@BA@@@BB@@@BBB@@AB@B@B@@BA@@@@@BB@@@BF@B@@@B@@A@@B@@BB@@BBB@@DBDB@@@@BBB@B@BBDDB@@@BB@@B@DB@BBB@BB@DB@@BBB@@BB@D@BB@@@@@@@BABA@@@@@@@@B@D@BB@@@@B@@BBB@DB@@@@@B@@@BB@BB@@B@DA@@B@BB@@B@@DBBBBBB@@B@@@B@@@@@B@@B@@BB@B@@@@BB@@@BBBB@B@@BF@HBFBAF@L\\BJ@H@X@FDLCVBF@FBH@HFFBLDLDFDLDB@L@F@NCJ@H@FEFCHCDGFADAJ@FBD@DCHI@CDGDAHBBFD@TAD@H@JJNCHBHBLCFGLAB@@BBD@DBB@@BBABCFCDABABCDADADBDAB@BBD@@BB@BAF@BBBDDDBBBBBBDDFDB@B@B@B@B@BBBFBFBDBBBBD@BBD@@ABBB@BDBBBBD@D@DBDBDBBB@DBBB@@AD@@BBHDFBD@B@BBFBDBJBBBB@BB@BBB@@BBB@F@FDFBHDFBFBF@D@B@DBBBB@BDBBDBFBF@JBBBBBDD@DDDBBDAD@BAFCB@B@BAF@FBH@B@B@H@B@B@BAB@LAF@D@FBB@B@@AB@@AAA@C@@BCFEBA@ABA@@BCB@BAB@BBD@BBL@BBDBB@F@B@HAJAF@DAB@D@B@DEBAFCF@FCB@DABAD@QrETEB@JGLEJEH@HAHAFADEHAL@N@bONCNCD@@@B@DAD@B@@GBGB@B@DBF@D@H@F@FAD@BADAHD@ABAB@@@BAD@B@@AB@@A@A@@D@BA@@@CDABADA@BB@BAB@BCF@@@DCB@@@D@B@BABABABAB@D@BAB@@ABANNPLTLlZVFrRJdRbLhRhXXVV\\TT^P\\J^PzVDBVHBBLDLDTHJDFDFBFB@Y@ABABC@A@@@AAA@@@@B@B@B@@@B@@@@@@@AA@@B@B@D@@@@@AB@@D@@@@@@@D@@@@A@@A@A@@A@@B@@BB@@@@AB@@@@@A@AA@@@@BA@@@@BB@@@A@@@AB@B@@@@@@@@@B@@A@@@A@@@@A@@@@@@ABB@@@@@A@A@@B@@@AA@@@@D@@@B@@A@@@@AAB@@A@@A@A@A@@@@AB@B@B@B@@@A@AA@@@@@@A@@@@AB@B@@ABA@@A@@@A@B@B@BA@@@@B@@B@@@B@@B@@@@AAA@@B@@@@@@BB@@@BAA@@@@A@@@@@@@AA@B@@@B@@@@@@@@ABB@A@@@ABB@A@A@@@AB@BB@A@@A@A@BA@@BB@@D@@@@BBA@A@@A@@@@AB@@B@@@A@@BB@@@A@@@A@BB@B@@@B@B@@@B@@AB@@@@BB@@@@A@@@@@A@@A@@@@@@@@AB@B@@@AA@@@AB@@@A@@@@A@@B@B@@@@@AB@@D@@@@@@A@@@@B@@@@@@@AA@@B@@@@@B@@AA@@@A@@@@A@@A@@@@@@@@AB@@@@A@@@@BA@@@B@A@A@@A@@@A@A@BAB@@ABADC@@@AAA@A@@@EBA@@@A@@HED@@A@@@@@ABABABCB@@@@@HCB@@A@@@C@@@@DCB@@AD@FCD@DCB@@ADAB@B@B@B@B@@@@AB@B@@@@AA@@AB@@AB@@@BA@@B@@@B@AA@A@A@@B@B@@@B@@@BCB@@AB@@A@@@A@@D@BA@@@A@A@@A@A@@A@@@A@AB@@@B@@@@A@@B@@BB@@A@A@@@@A@@@A@@@@@A@@@BA@@@A@@@@@@BA@B@@B@BBBAB@@@AA@@@@@@A@@@@@@AB@@@@A@@BAB@@@BB@@@@B@B@@@B@@@@A@@AA@@@AA@@@@AB@@A@@@@@@B@@@@@@BBA@@@@@A@@@A@@@BA@@AA@@@BABA@@D@B@@BB@@A@@B@BA@@@@@A@@A@@@@@A@@B@@AAA@@A@@B@@@@@B@@@@A@@@@@@BB@A@@@@@A@@A@@@@A@@@@B@B@@@BA@@B@B@@A@@AAA@@@A@@@A@@A@@B@@A@ABAB@@@B@BA@@@@B@@AB@@AA@@@BA@@@@CA@A@A@@B@@@@@@BB@BA@@BB@A@@B@@A@@CA@AA@@@@@@@AA@@@@AA@@B@@@@@@@@@BB@@@A@@B@@AB@BAB@@AA@A@@@@@@AB@B@A@BA@@B@@@BA@@@@BB@@B@@AB@@@A@@@B@@A@@B@@@AA@@@@A@@@@AB@@@@ABA@@B@@A@@B@B@@@B@@@@A@@B@@@B@@AA@@@AA@@@@@@BAD@@@BA@@@@@@A@@A@@@@@AD@@@@AB@@CBA@@@@B@DB@AB@@A@@@@@AAA@@B@@AB@@BB@@BB@@@@@BA@@BB@@BA@@@A@@B@B@@A@AA@@ABA@@B@@@B@@@@@@B@@@@@BB@@ABB@@@AB@@@@@AA@@@@@@@@@A@A@@B@B@@@BB@@B@D@@A@A@@A@@@@@B@BA@@B@@B@@DA@@@AA@@@A@@@@@@@@AB@@@@A@@@A@@B@@@@@B@B@@@B@@B@@BA@@@@@A@@@@@@@@A@@@@A@@B@B@B@B@@@@A@@@AB@FAB@BA@AB@@@DB@BA@@@B@B@@@@BBA@BB@@@@@@AA@@AB@BA@@@@A@@@B@B@B@@A@@@@@@A@@A@@@@A@@A@@@@@@B@@A@@A@@@@A@@@A@@BB@@@@@@B@BB@A@@@@@AB@@@@@@A@@B@@@@@@A@@A@A@@@BAB@A@@@C@@@A@@@@AB@@@@A@BB@B@@@@AB@@@@@AA@@B@@@BBB@B@@@B@@@B@B@@@AAA@@@@@B@@@@AB@@AB@B@@@B@@A@A@@@@D@@@@A@@A@@@A@@@BAC@@@@A@@@A@@B@@A@@@@@AA@@@@@@AB@@@@@A@@A@@D@@@@A@@B@BAB@@@@@@AA@A@@A@@@@@AB@@@B@BBB@BB@@B@@A@@@@@@AAA@B@@@D@@@@@@B@@B@@A@@AA@AB@B@@@A@@A@@@@B@@@B@@@@BB@@@@AB@@@BB@@B@@@@@@@@BC@B@BBD@@A@@@@A@@@@A@@@AD@B@@@B@@@@@B@AB@@B@@@BA@@@@@AB@@A@@AA@A@@@@A@@@@@@AB@@@BAB@@@BAB@@@B@B@@@@A@A@@@A@@@@@@@@B@BABAB@@B@@A@@B@@A@BB@@B@BA@@B@@A@@@@B@B@@@@@AB@B@@@@BAB@BB@@B@@@@AAA@@A@BA@@B@@@@@@B@@@BB@@AB@@AA@@@@@@@@@AA@@B@@@A@@@@@@A@@@@B@@AB@B@BAB@BA@@B@BBB@@@@@@BA@B@@@B@BAB@B@@@B@@@AA@@BA@A@@@@B@@@BABCDAF@@AB@@AB@@@BBB@@@@@BCBA@AB@B@@@FBB@D@F@@@BA@B@@@@@@@@BBB@@@@AB@B@@@@@@BA@A@@B@@@@B@FAB@B@@@@@@B@@@@BBB@@@@@@@B@B@@@BA@@@@@A@@B@@@@@@BD@@A@@A@@AA@@@@AB@@@@BB@@B@@B@@@@A@@@@@@B@@@B@@@BA@@BA@@A@A@@@@@@AB@@@B@@BB@@@@B@@B@@@@A@@@@@@B@@@@@@@@AA@A@@A@@@AF@@BB@@@@B@@@@B@@@@@@@D@@@@B@@BB@@@A@@@@BAB@B@B@@@DA@@BAB@BAD@@@DAB@@@@BBAB@BB@@FA@@BA@@B@@A@A@A@@@@@@AA@@@A@@@@A@@@HAB@F@B@@A@@AABA@@D@B@BBB@B@D@B@B@@@B@FCBA@@B@B@B@@@HBFBD@DAFAB@H@B@DA@@B@@B@B@@B@@@B@DA@@B@D@@BBADA@@DABAB@B@BB@@BB@@B@BA@@@AB@BA@@@AB@AAB@@@B@DBB@BA@@@@@A@@@A@@@@@@DAB@DAD@BA@@@@B@@D@@B@B@HAD@B@D@D@@BB@@@JBB@B@B@@@D@BBB@B@BBBBBB@AB@@A@EBABCBE@C@A@AA@AAGCEC@@A@@A@@@C@C@A@@@AA@GCC@AAGEEAgSQMAA@@@@@AA@A@@C@@A@A@@AECc[B@@A@@BIBGBEB@MA@SAE@CDCDCDCFC@@@C@@@@HCCAZG@@AECCEEAOH@AAB@@ABA@A@@B@BBBB@@B@@@B@@@@CB@@A@@DBJ@F@B@D@BAF@FBH@JB@@RCB@JDB@DBB@B@BBDDDB@BBADDA@FDBB@A@@B@LFFDDB@@@B@BDDLK@@BBBBGHJ@DBDAPFBCA@AAB@B@@@BCDC@@@A@@@CAC@C@@BC@ABA@A@CACCE@AAA@CAA@E@ABADAB@BA@IAA@@CM@@CKCK@@@A@CBAUAAAC@@@HQ@EB@BCBCB@BCBAHGLOBMEA@A@@DCB@@A@@BC@A@ACE@@@AB@@A@@@A@AAA@@@ACA@@@CB@@A@@@@@G@C@A@ADCDCBA@@B@FA@CBA@AAG@EAC@AFALCD@B@BA@@@ABA@A@A@@DAD@@@BABA@CBG@AAA@@@@@A@A@A@CDABBB@FBBBDDBBB@B@B@BA@ABA@ADABAD@H@BADABAFAD@DEB@DAF@B@BA@A@AA@@A@A@ABAB@LAN@D@DBB@BAB@@A@ABABABAB@BAB@AA@@AAA@@A@AB@BADE@A@A@@AAA@AAA@@A@@@ABAFCDADCDE@ABA@C@G@@BA@AB@F@BA@@@CB@DCDCBA@@B@F@B@F@BCD@B@B@DDDBBB@@AB@BABA@@B@@BBB@F@HBB@@@@@B@B@D@BBB@B@BBBBBBBBD@JBB@BDBDB@B@DABAB@B@@B@@@B@@AB@@@@BB@@@@@@AB@@@@BBB@B@B@@AB@B@B@BBB@@BB@BBB@@@B@B@BCBAB@DB@@B@@A@A@ABBB@DBB@B@B@BABA@A@A@A@@B@B@D@DAB@DAB@B@FBB@BBD@@@B@BBB@@@B@B@D@B@FAFAB@BBD@BBD@B@@B@BB@@BB@@@B@BA@@@@B@BBBBBB@@BBD@B@@@@@FC@@DA@@@@B@B@DAF@DBB@B@D@@@@AB@BBB@DB@@DDD@BD@BBDBB@B@BBBB@B@BB@@ADABBB@B@@@@CB@@A@@@@B@@@B@BBBBBB@B@BBDBBB@B@DAB@@@DBB@@B@B@BBBB@BAB@DADBB@DBDFFDFBBDBBBB@AB@BBBBBB@B@@B@@@@@B@@@@@B@@@@@@@BB@BBBABAB@@@DDBBB@@BA@@@A@A@@@A@@BB@@BD@BBB@BFB@BB@@B@@ABAB@@@B@@B@@GHA@@B@@B@DB@@B@BAB@B@BBFDDD@@@B@B@@A@@@AB@@BB@@@B@B@@A@ABA@AB@BBD@@ADCB@@@@B@B@@BA@AB@@@@BBBAB@@B@@A@A@@B@@B@B@@@@BAB@@@@DD@@AB@@@BB@@B@B@@@@@B@@BBBB@@@@A@AB@@A@CA@@@B@@@B@@@BB@B@@@BAB@B@B@@BB@@B@@B@@AB@@A@@BB@@@B@@@BA@@@@B@@@@DD@@FB@@@B@@BBD@B@@B@@@@@@@B@@@@@BBAB@@@@A@A@@AA@@@A@@@A@@B@B@DBB@D@FABAD@B@B@BB@@B@@A@@@@AA@A@@@@B@B@@BBBDBDDB@@@BAB@@@B@@@@@AB@B@@@BB@B@@@@@DADA@AB@B@B@@@@B@BBB@@B@B@DAFAB@D@D@@@B@@@BAAA@@@AB@B@@@B@BDD@@B@@@BAB@@@@BBBBD@DBB@BB@@FABABAB@@ABAB@B@@@DDB@@@BA@A@A@A@@AAB@@@@@B@@BB@@BB@@AB@@C@@D@@@@AA@@AB@@@B@@B@@BD@@@@D@@@@A@@@AAA@@A@AA@@@@BAB@@AB@B@@BB@DB@@@AB@@ABA@@@ABAB@@A@AA@@@@@C@A@@@@A@@@A@@C@@A@@B@@@B@F@B@BAB@B@@BB@@B@@B@@@BAB@@@@CA@AAC@AA@@@A@@@@BA@@B@DBBBB@@@BA@@@@AA@AAAA@@AB@BAFA@A@@@@A@AA@@@@@A@A@@@AB@HC@@B@@@BB@BBBB@BD@@B@BBB@@@B@BAB@@@BBB@@BDB@@@B@@B@@@D@D@B@B@FDD@@@D@B@BB@@BAF@N^`DF@BPhAZA`[FAF@D@FABAHADA@ADCBA@GFEBCDEDCDCDEDEDE@KASAUAIAA@E@GAMAOAEbCPAFFHBB@BADPE@@DCLCBAJAFB@@B@HAFAFA@@DAFABABAJGDCF@BABADCJEJEHEHEDABCHADCDAFCBCBABEBC@EBE@@ZED@D@FAFABADBBAFAB@F@B@DBB@BBB@B@D@BBFBB@D@B@BBFBJDD@DHBBD@J@@BB@@@BDBB@@B@B@@@F@BBDABB@@@B@B@@@D@@@@@BB@@ABABC@@@@B@BB@@B@B@@@BBBB@@@@@@@B@@C@@AAB@@AB@@BB@B@@B@@@B@@ABA@@@@B@@@B@@B@@AB@@@B@@B@B@B@@A@@@AAA@@@@BA@ACA@@@@@A@@B@B@F@B@@@@@@BAB@@BB@@B@B@B@@A@@@A@@@@B@B@B@@@B@@@@@AC@@@@BA@@@@F@B@F@@@B@@B@@@BA@A@@@@B@@B@@@B@BA@@B@@BB@@B@B@@B@B@B@@@@A@@AC@@@A@@B@B@B@DAB@@@AD@@BB@@B@B@D@@@B@BD@BBBB@BBB@"],"encodeOffsets":[[126492,48087]]}},{"type":"Feature","id":"152202","properties":{"name":"阿尔山市","cp":[119.943656,47.177],"childNum":1},"geometry":{"type":"Polygon","coordinates":["@@lATAPGNAh@~JLALMBEFEFCCGKGIIIIEGGIFIFEFCHGJGHGPILGPGJEHKZaFEJGRKPEPENIJIHEPIJE\\IPKHIDELM@GSICAHOAIEIQAYGAKFICKGCS@MCWKOKYKWEKCKIEC@A@C@@AA@@@A@A@@CC@@EAAA@C@A@A@@HG@ADE@A@A@AAAAAAAAC@@BE@A@CAC@ABA@AB@@C@A@C@CBABABC@AB@BAB@@@B@@AA@A@CCAA@@@A@@BADAPFTHBBB@D@D@B@D@D@BABAAC@CDE@A@@@@@ABA@@@@@A@AB@B@BABBD@D@BA@@B@D@BBDAB@BAB@B@@ADABAB@D@BAB@@@@AB@@@B@@@B@B@@@@@B@@@B@BAD@FABBBAB@D@B@D@DAB@B@BAD@@AB@B@F@@@D@DADA@@B@@A@AB@@@D@B@@@@AB@@@@@B@B@BBB@@@BAB@B@DAB@BAB@@AA@@AB@B@@@@A@@@AB@@@B@@@@A@@@AB@@@B@AA@@@AB@B@@AA@BAACBA@@@AB@BAD@DAB@DA@@@@BAB@B@D@B@BABAB@@ABA@@@@B@BA@@B@@A@@BAD@@AB@@CB@@ABBBA@@@@@AB@B@@@@A@@@A@@@A@@B@@A@A@@@A@@@@@A@A@AAA@@A@@@AA@@@AB@@A@AD@BCBAB@D@B@BA@@@A@A@A@@D@@@BADADADABABABA@@DBB@BAB@BA@@BB@@BA@BBAFAD@@@D@@@@A@@@A@@@AB@D@BAB@@A@@@A@@@A@@BAF@@AB@@A@@BAB@@@B@@A@@AA@@BAB@BBB@DAF@D@BAFBB@B@DBBBF@B@B@DAB@B@@B@BBBBBB@B@D@@@F@D@@BB@B@@AB@B@@@BBD@B@D@DAD@B@@@BA@A@@B@B@B@B@@A@@@@@A@CB@DA@@BA@AF@@AB@@A@A@AB@B@D@@A@@@@B@BAB@DBBADABAB@BAD@BAB@@@BAAA@A@@B@@@B@B@D@@@@AA@@@@AB@D@@@B@@AB@B@@@BA@@DAD@BA@@@@AA@A@@@@BA@@D@@@@ABAB@@@AA@@BABA@@@@AA@A@@@@BA@@@B@@BAD@@@@@AA@@@@@@D@BAB@@AA@@@@@@A@@@@@@A@@@BAB@B@B@B@B@@BBA@@@AB@@B@@B@@@@@BE@A@@A@@@@@@A@@BA@@D@D@@A@@A@@@BAB@@@B@B@B@@A@@D@DAB@B@@BB@@@B@@@@A@@AA@@@@B@B@BB@@A@@BB@BBDABAB@D@B@B@B@@ABA@@B@@BB@D@@@D@B@@@@@BB@@DBDD@@B@@@@@BB@BBBB@@@BBD@B@@@BD@BBB@BB@BBBBBB@@@DBB@BB@@BDADB@BB@@@B@BB@@@@B@@B@@BBD@@@@B@BB@@@@@BAB@@BBB@@B@B@B@@B@@@D@@B@B@@@B@@B@@AB@@BB@@B@F@B@D@B@@B@@BBB@B@FDBB@@@BA@@@@@@BB@@BB@BBBAB@@@@ABA@@B@B@BBBB@@BD@@B@B@@B@D@@B@DB@@B@@AB@@@@@BB@BHBBBB@@@B@BAD@@@@@BB@B@@B@H@B@B@BD@@B@FBBCD@B@@@B@@@@@B@@@B@@@B@BBB@DAB@FBD@B@B@D@@BB@BBDBB@B@B@BA@@BA@@BAB@@@B@B@@@D@@A@A@A@@@@BAD@B@@@BA@@B@@@B@DBB@@ABA@@@@D@D@B@B@@@B@@A@A@@BAD@B@F@B@BBFAB@F@D@D@B@B@BB@@B@BBB@@ADAD@@AB@@A@@B@@@DB@@B@B@NBDBD@B@B@B@@A@AB@BAF@@AB@FABAB@BBB@B@D@B@B@BAB@DA@AB@@A@ABAB@B@BAB@@@DB@@B@DABA@@D@@AB@@ABABA@@BAB@BBB@BA@@B@@A@AB@B@@@DBB@@@BAB@BAB@@@D@BA@@@@@AB@@AB@B@B@D@B@BAFAFA@@B@@@B@@A@A@@@@@@B@@@D@@@D@FBB@@@B@@B@@B@@BBD@BB@B@B@B@BA@ABA@@BA@BB@D@HBHBLBDBD@FD@@@@@BA@@@@B@@@@BB@@B@B@B@BAB@BAB@B@B@B@DB@@B@BA@@@@B@BB@@BB@@@BB@BB@@BB@@@B@@B@@@B@BAB@@@B@BBB@D@B@@@@B@@B@D@@@@@@B@@@@@B@@@@@B@@@@@@@BB@@@@@@B@@BBB@B@BBB@@@B@BBB@D@D@DABA@@BABAB@@@@@BB@@BAD@BAB@BBB@@AD@@ABBB@@@@BA@@@@@@B@@B@B@DB@@D@@@B@@BB@@@B@F@FAD@B@BB@@@B@B@B@@BBBBDB@@B@H@B@B@B@@B@@@BAB@@@BB@DBB@@@@B@@@@A@A@@B@@@@BBBBB@D@FBD@B@D@D@@@B@@@B@@BD@BBB@B@BB@A@C@A@@@@@@B@BA@A@@@@@@AAC@A@@AA@AA@@CAA@@AAA@ACAA@@@AA@@A@CCAAA@A@AA@@@@CACA@@AA@AA@@AA@@@@BA@@@A@E@@A@@AA@@@@B@@AA@A@A@@BA@AA@@A@@A@@ABA@C@A@@A@@@@@@B@B@@@AA@AA@@A@@@@@AC@AAA@EA@@A@@AA@AB@@@AAA@@A@@@@@A@@@A@@@@@@AA@@@AAA@@@B@@A@@@A@@CA@@@@@AA@A@@@AA@@BA@@AAAA@@@AAB@@A@@@@A@A@@@@@A@@@@@@@ABADCB@B@@@@A@@@A@@@AAA@@@A@@@@A@A@AAB@@@@@BA@@@A@@@@B@@A@@AA@@@AB@@@@A@@@@B@@@@@@A@@BA@@A@BAAA@A@A@@@AAA@@A@@@@@@A@@@@@@@@@A@@A@@A@@@@@A@@@@A@@@@@@@A@ACA@@@@A@@B@@AA@@@@AB@@@@@BA@@B@@@B@@@B@@AA@@@@A@@@@@ABB@A@@AA@@BABA@@A@@AA@@A@@A@@BA@@AB@@@B@BABB@A@@@@A@@A@@@AB@@@@@A@AA@BA@@AA@@@AA@@A@@AB@@@AA@@@A@@B@B@@AB@@@@B@@@BB@@@@A@AB@@@@A@@@@A@@AAA@@A@@@@@@@AA@BAAAA@@@@@@@A@@@A@@@@AB@@ACC@CA@@@A@@@A@@AB@@AAA@@@A@@@@A@@@@BA@@@A@@A@AA@@A@@AA@@AD@@A@@A@@@A@@@A@@C@@@@@A@@@@BA@@@BB@@AB@@@@AA@@A@@@@D@@AB@A@AA@@@AA@@@@@@A@@@@@AA@@@A@@A@A@@@@B@AA@@@@A@@A@@@@B@@@BC@@@B@@BA@@@@AAAAA@@@BA@@@@B@AA@@@@A@@AA@@A@@@A@@A@@@@A@@@@B@AAAA@@@@@A@@@@@@@A@@@A@@@@@A@@@@AAA@@@@A@@@@AA@@@@@@@A@@A@@@@A@@@@@@AAA@@@B@@@@@@@AAB@@@@@AA@AA@AB@@AA@A@@@@B@DB@A@@@@CA@@@@B@C@@AA@@@@@BA@@@AA@@A@AGECCCCA@EA@@CAAA@A@C@C@ABADABCBAB@BA@@@A@ABA@ADCDEBABCB@@ABA@@@ABA@@BCB@BADA@@D@@@@@BA@AB@BA@@@@B@BAFCD@DAB@DAB@B@FADAD@BCBA@@@@CECEDIOFUAOGSCKDQLU@OCS@I@I@UCSGOIGDPEJ@BKA[BGCA@AJCFAB]FADLP@DSLCFEBM@EBKNIFE@GFIJGDCDDLABMJCFAJCDIFIDY@IBOAIEIBMHCFIBA@SGIBQHYFGDA@MOUAGCGKGGIAO@C@GEMAECECEAEBMDG@ECEG@MACEEACBIACOGGGGKCIDKCEIEGCCGCGGAIEIICAEDEAYYEAKBODSAACCEESGIEOCGGEQGQOCCD@Z@FCPUPKLGjODCBKFGLI@EGGBGDKDIDKAGGGCCAK@IAEIIIOGQBGHMBEDKDGDEFENGVUDIAG@@@@A@C@@@A@AA@@@A@@@@@A@@AAA@@@E@A@AA@@A@@@A@@BAB@B@@@BA@@@C@@@C@AAE@A@A@@AC@@@A@A@A@A@@@@@@A@@@@G@A@A@CBA@@@AAA@A@A@A@A@A@AA@@@@@AA@AA@@A@@@A@@@EAA@BA@@@@@A@@A@@A@@@@A@@@@@AA@@A@A@@@@@C@@@A@@AAA@AA@A@@AA@@@A@@A@@AA@@GAOBM@MBODM@QEWAQEOCaBYDO@CBKLE@SCOAMGQH[KMGIAeDEGIE[`AB@PABGBC@M@SFGDQFGBEBCDA@@@A@@@A@@@ABA@@@A@@@A@@@@@C@C@@@A@@@A@A@A@@@ABA@ABAB@@A@AB@BA@@@AB@@ABA@AB@@A@@BA@AB@@@@AB@@@@A@@B@@A@@@@BA@@@@BA@@@@B@@@@A@@B@@AB@@@B@@A@@@@B@@A@@B@@@@AB@@A@@BA@A@A@GBCBC@CBA@A@@@A@@BA@@B@@A@@BAB@BA@@B@@AB@@A@AB@@@@A@@@@@@@A@@@ABA@@@@@A@A@@@A@@@@@A@CBA@ABA@ABA@A@EB@BA@GBCB@@ABA@C@ABA@CBA@ABA@CBA@A@@BA@A@ABC@ABA@A@ABA@A@E@AB@@C@A@A@C@@BA@A@@@A@A@@@A@A@@@A@@@@@A@CDAA@AA@AAA@EAA@A@AAABA@A@A@C@AA@@A@A@A@A@AAA@AA@@@@A@A@@@A@A@@@AAA@AB@@A@AB@BABA@@@A@@@@@AA@@@@C@@BA@ABABA@@@EB@@A@AAA@ABC@A@AB@@@@@BB@@@@@@B@@A@@@AB@@@B@@ABAB@@CBA@A@CBA@AB@@A@A@@AA@CA@@A@CBA@A@ABA@@@C@E@A@@@@B@@A@@BC@A@@@@@@B@B@@@BA@A@AB@@@B@@AB@@AB@@@BA@@BA@@@AB@AA@@AA@@@A@A@@@A@@AA@@@AB@@@@@BC@@@A@A@A@C@C@ABA@A@A@@@@@@BA@ABA@A@A@CAKAC@A@@@@BABB@A@@@A@@@AAA@A@AB@@@@@B@B@@@BAB@@ABA@A@@@@@@BA@@B@@@B@@@B@@B@@@@@ABA@@@@@A@@AAB@@ABA@@BA@@@A@@@@BC@@@A@A@@@@B@@ABA@@BA@@@@@ABA@A@AB@@@BA@AB@@@B@B@@@@@BA@AB@@@@@BA@A@CBA@AB@BA@@@AB@@@B@@AAA@@@A@ABA@G@@@AB@@A@A@C@A@@@@BA@@@@A@@ABABA@@@@AA@AB@@AA@@ABA@A@@@A@A@AB@@A@@@A@@@A@A@@@AAE@ABAAA@@@@@CAA@A@AAA@A@A@@@@BG@A@A@A@AAA@ABA@@@@BA@@BABA@C@A@CB@@@@A@@@@@@B@@@@@@@B@@A@@@@@A@@@AB@@A@@@A@@@AA@@CB@@@B@@@AABA@@@A@@B@@CB@@@@A@A@A@AB@@C@@@@A@@@BA@@@@@@BA@@@@@A@@@@@BB@@A@AB@@ABA@A@ABA@A@@B@@@@A@@@@@@@@BA@@@A@@B@@@BB@@@A@A@@@A@BB@@AB@@A@ABA@AB@@AA@@ABA@A@@@@@@@A@@@A@AB@AABCA@@@B@@A@C@I@@@ABA@@B@@EBA@ABC@C@E@CBCBIFA@@BAB@@A@ABADAJADADEFAB@B@H@B@BADAFADABABABCBABABADABA@@BA@AB@@E@C@ABCBA@ED@@@B@@A@@B@@@B@@@B@@A@@B@BAB@@@BA@A@@B@@AB@@A@@B@@A@AB@@A@A@@@A@@BA@AD@@A@@BA@A@BBB@A@CBC@A@@BCB@@A@@@AB@@@BA@@@A@AAC@A@C@@@@@B@@B@@@@A@C@C@CB@B@@AB@@A@ADCBABC@C@@@A@A@A@@A@@C@@@@AA@@AA@@@AA@@A@@AC@@@A@A@AAA@A@AB@B@@@@CB@@A@@@@AA@@@A@@B@@A@A@AA@@AEB@@@BAA@@AA@@@@B@@A@@@@A@@CA@@CACBA@A@@@A@@@C@@@AAA@@A@@@@AA@@CBA@A@A@@B@@A@A@@@A@@B@BA@A@A@@@B@@BA@A@@@C@@A@@@@A@@AAA@@CAA@SDT]DKv`T@PWBYFUTQLIN]`UTK^HJGLBNPHPLecKPALQV_dafCDEZAF@@A@@@@@@@A@@@@@A@@B@@A@@@@B@@@@A@@@@@@@A@@@@@@@@B@@@@@@A@@@@@@@@B@@A@@@@@@@AB@@@@@@AA@@@BA@@@@@@@A@@@A@@B@@A@@B@@A@@@C@@@@@@@@@A@@@@@@@@@A@A@@@@B@@@@@@@@@B@@@@@@@@AB@@@@@@@B@@A@@@A@@@@@@B@@A@A@@@ABA@A@A@@@@@A@@BA@@@A@@BA@@@@@@@@@@B@@@B@@@B@@A@@@A@@@@@@@@@A@@@@@@@@B@@@@@@A@@@@@@BA@@@@@@A@@@@A@@B@@AA@@@B@@A@@@@@@@@@A@AB@B@@@@@@@@@@@B@@A@@@@@@@A@@@@@@@AB@@@@@@@B@@@@@@@@@B@@A@@@@@@@A@@@@B@@@@@@A@@@@@@@@@@@@@A@@@@BA@@@@@@@@@@@A@@B@@@@@B@@@B@@@@@@@@@@A@@@@@@@A@@@@@@@@@@@A@@@@B@@@@@@A@@@@@@B@@@@@@@@@@@@AB@@@AA@@@@@@@@B@@@@@@A@@@@@@@B@@B@@@@@@@@@@A@@@@@AB@@@@@@@@A@@@@@A@@@@BA@@@@@A@A@@@A@@@@@@@@B@@@@@@@@@@A@@@@B@@@@@@@BB@@@@@A@@@@B@@A@@@@@@@@@@@@@@B@@@@@@@@A@@A@@@@A@@@@@@@@B@@@@@@@@@BA@@@@@@@@@A@@@@@@@A@@@@@A@@@A@@@@@@@@@@@@B@@@@@@C@C@@@@@@@@@@@@B@@@@@@@@@BB@@@A@@@@@@B@@@B@@@@A@@A@@@@AB@A@@AB@@@@@@@@@B@@@@A@@@A@AA@@@BABA@@@@B@@@@@@A@@@@@@@BB@@@@A@A@@@@A@BA@@@@@@@@@@BA@@@A@@@@@A@@@@@A@@@A@A@@@@B@@A@@@A@@@A@@@@@A@C@@@@@A@C@@@@@A@@@@B@@@@A@@@@@@@A@@@C@@A@BA@@@@@AA@@@@A@@@@@@@A@@@@@A@@@@@A@@@C@@@CB@@A@@@@AA@@@@@AACBC@AA@B@@@@@@@@@@@@@@A@@A@@@@@@AA@@@@@@@@A@@@@@A@@@@@A@AB@@@A@@A@@@@@A@@@@@AA@@@@A@@@@@A@@@@@@@A@@@@@@@@B@@A@@@@@@@AB@@A@@@A@@@A@@BA@A@A@A@A@A@A@A@@@A@@BA@@B@@@@AB@@@B@@@BA@@BABA@@@A@@@A@@@A@@BAB@@@@@BB@@@B@B@@@@@B@@@B@B@@@B@@@B@@@@@@@BBA@@B@@@@A@@@AB@@@@@B@@@@@@B@@@@B@@@@@@@B@@@@@@A@@@@@A@@@BB@@@@B@@@@B@@@@@B@@@@@BB@@@B@@@BB@@@@@@@@BBA@@@@@@B@@@B@@@@B@@@@@@@@B@@@@@B@B@@@@@@A@@BA@@@AB@@@@A@@@@@A@@@@@BC@@@@@AA@@@AB@@@@@@@@@@BB@@@@A@@@ABA@C@@@A@@B@@@BA@@@@@AB@@@@@@@B@@@@B@@@B@@@@B@@B@@@BA@@@@@@@@@@B@@@B@@@@@B@@A@@A@@AA@@@@AB@@@@@B@@@@@BB@@BB@@@@BB@@@AB@@@@A@@@@@@B@@@B@@@@@@@@B@@A@@@@BB@@@@B@@@@@B@@@@@@@B@@B@@@A@@B@@A@@@@@@@@BA@@A@@@@@@@AA@@@@AA@@@A@@@@@A@@@@@@B@B@@A@@@@@A@@@@@@B@@@@@@@@@@B@@@B@B@@@@@B@@@B@B@@B@@B@@@@@@B@@@@A@@@@@A@@@A@@@@@AB@@@@@@A@@@@A@@@@@@@@A@@@@@A@@@@@A@@@@@A@@@@@@@@B@@@B@@@@AB@B@@@@@@BB@@@@B@B@@@@@B@@@@@@BA@@@A@@@@BA@@B@@@BB@B@@@@B@@@@A@@@@@A@@@A@@@@@@B@@@@BB@@B@@@BB@@@@@@BB@@@@@@@B@@@@AB@@A@@@@@@AA@@A@@@@@@A@A@@@@@@@@B@@@@@@@BA@@@A@@@@@A@@A@@A@@@@@@@AB@@@@@@@A@@@@@A@@@BA@@@@@A@@@A@@@@@@@A@@@A@@@A@@@@@BB@@B@@@@B@@A@@@@@A@ABAA@@A@@@@A@@@@@AA@@@A@@@A@@@A@ABA@@@A@@B@@@@B@@BB@@@BB@@@@@B@@@@@@@BA@@@@@@B@@@@B@@@B@@@A@@B@@AAA@@@AA@@A@@@@A@@@@@@@AA@AA@@C@@@@@@@A@@@@@@@A@@@@@@@@@A@@@@@@@A@@@@@BB@@@B@@AD@@@@@@ABA@@@@@AD@@@@@B@@B@@@@AB@@A@@@@B@@@@B@@@@@@BB@@B@@@@AB@@@A@@AA@@@@@B@@@B@@@B@@@@@@B@@@@@B@@@@@@A@@@A@@@AB@@@@@B@@B@@BB@@@@B@@A@@@A@AA@@@AA@@@A@@@@B@B@@@@@BB@B@@@@B@@@@@B@@A@@AA@AAAA@@@@A@@@@B@@@B@@@B@BA@@BA@A@A@A@@BA@@@A@A@@@A@@@A@A@AB@@@@B@@@BBB@@@@BA@@@A@A@A@@@A@@@@A@@@@A@A@@@@B@@@BBBA@@@ABA@@@@AA@@A@@@@AA@AA@@@A@@@@BA@@BA@@@A@@A@@@A@@@AA@@@@@CBA@@@@@@@@B@@@@@@@@@B@@@@A@@@@@A@@A@A@@A@@@A@@@@@@B@@@B@B@@@@@@A@@@@@AB@@@@AB@@@@A@@@AAA@@@A@@@A@AB@@@@BB@@B@B@@@@@@@@B@@A@@@@B@@B@@@BB@@A@@@@@A@@@@B@@@@@@BB@@@@B@BB@@@@@@@@@BA@@@A@@BA@A@B@@BB@B@B@BA@@BA@AA@@A@@BA@@B@@@B@DBB@F@D@@@B@B@D@DBB@B@B@DCB@@AB@@BB@@D@@B@@@B@B@B@@@B@B@B@BBBBBBDFBBB@@@F@D@BBD@DBD@B@B@D@B@B@@@B@@A@AB@@@B@@@B@BBDBB@@B@@@B@D@@B@BBB@F@@@B@@A@@BAB@D@B@@@B@F@D@D@DBDBB@B@B@B@@@@BB@DDB@B@@@B@B@@@D@B@B@@AD@@@B@@@BB@@@@B@@@@@B@@@@@@B@@@@@BB@B@@@@@B@@@@@BB@@BAB@@@@@B@@@@@@@B@@@@@B@@@@B@@@@B@B@@BB@@@@B@@@@B@@@@BB@@@@@@BB@@@@@B@@@@BB@@@@@B@@@@@B@B@@BB@@@@AB@@@B@@@@@@@BB@@@BA@@@@@@@@@A@@@@@A@@BB@@@B@@@B@@@@@AB@@@@B@@@@BB@B@@@@@@@@@@@@@@@B@@@@B@@@@@@@@@@@@@@A@@@@@@@@B@B@@@@@@@@@@@@@@@@A@@@@@@@@@@@BB@@B@@@@@@@@B@@B@@@@@B@@@@@@@@@@B@@@@@@B@B@@@@@@@@@B@@@@@AB@@@@@@@@@@@B@@@@@@@@@B@@@@@@@@@BA@@@@@A@@@@@@@@@@@@@@@B@@@@@@BB@@@@@@@@@B@@@@@@@BB@@B@@@AB@@B@@@@@@B@@B@@@@AB@@@@@@@@@@@@@B@@@AB@@@@@@@B@@@@@@@@@@@B@@@@@@@@@@@@B@@@@@@@@@B@@@@@@@@@@B@@@@A@@@@@@@A@@@@@@@@@@@@@@@@@B@@@@@@@@@@@@@@@AB@@@@@@@@@@B@@@@@B@@@@@@@B@@@@@@@@@B@@@@@@@@@@@B@@@@@@@@@B@@@@@@@@B@@A@@@@@@@B@@@@@@@B@@A@@@@@@B@@B@@@@@@@@@@A@@B@@@@@@@@@@@@B@@@B@@@B@B@B@@@@@B@@@@@@@@@B@@B@@@@@@@@@BA@@@@@@@@@@@@@@@@B@@B@@@@A@@@@@@@@@@@B@@@@@@@B@@@@B@@@@@@@A@@@@@@@@@@B@@@@@@B@@@B@@@@@@@@@@@@@@B@@@@@@@@@@@@@@@@@B@@@@@A@@@@@@B@@@@@@@@@@@B@@@@@@B@@@@A@@@@@@@@@@@@@@@@@@@@@BB@@@@@@A@@@@@@@@@@B@@@@@@@@@AA@@@@@@@@@@@@@A@@@@@@@@B@@@@@@@@@@@@B@@@@@@@@@@@@@@@@@@@@@@B@@@@@@@@@@AB@@@@@@@@@@@@BB@@@@@@@@B@@A@@@@@@@@@A@@@@@B@@B@@@@@@@@@@@@@@@@@@@@A@@@@@@@@@@@@@@@@@@@@@@@@@@@@@@B@@@@@@@@@B@@@@@@@@@@B@@@@@@@@@@@@A@@@@@@@@@@@@B@@@@@@@@B@@@@@@@@@@@@@B@@@@B@@@@A@@@@@@@@@@@@@@@@@@@@BA@@@@@@@@@@A@@@@@@@@A@@B@@@@@@@@B@@@@B@@@@@@@B@@B@@B@@@@B@@@@@@@@A@@B@@@@B@@@@BA@@@@@@@B@@@@@@@@@@@B@@B@@@@AB@@@@@@B@@@@@@@@AB@@@@@@@@@@@BB@@@A@@@@@@@@@@B@@@@@@@@B@@@@@@@@@@B@@@@@@@@@@@@@@@@@@@@@B@@@@@@A@@@@@@@B@@@@@BB@@@@@@BA@@@@@@@B@@@@@@@@@@@@@@@@B@@@@@@@@@@@@@@@@B@@@@@@@@@@@@B@@@@@@@B@@@@@@@@@@@@@@@@@@@@@@@@@@@@@@@@@@@@@B@@@@@@@@@@@B@@@@@@@@@B@@A@@@@@@@@@@@@@@@@BB@@@@@@@@@@@@@@@@@B@@@@@@B@@@@@B@@@@@@@@@AA@@@@@@@@B@@@@@@@@@@@@@@@@@B@BB@@@@@@@@@B@@@@@B@@@@B@@@@@@@B@@@@@@AB@@@@@@@@@@@@A@@@@@@@@@@@@A@@@@@@@@@@@@@@@@@@AB@@@@@BB@@@@@AB@@@@B@@B@@@@@@@@@@B@@@@@@B@@@@@@@AB@@@@@@@AA@@@@@@B@@@@@@@@B@@@@@B@@@@@B@@@@@@@@@B@@@@@@@@@@@@@@@@@@@@@B@@@@@@@@@@@@@@@@A@@@@@@@@@@@B@@B@@A@@@B@@@@@@@@@@@@@@B@@@@@@@@@@@@@@@@@@@@AA@@@@@@AB@@@@@@@@@@@@@B@@@@@@@B@@B@@@@@@B@@@@@@@AB@@@@@@B@B@@@@@@@@@@@@@@@@@@B@@@@@@@@@@@@A@@@A@@@@@@B@@@@@@B@@B@@@@@@@@@@@@@A@@@@B@@@@@@@@@@@@@@@@@@@@@@@@@B@@@@@@@@@@@@@B@@@@@@@@A@@@@@@A@@@B@@@@@@@@@@@@@@@@@@@@A@@B@@@@@@@@@B@@@@@@@B@@@@@@@@B@@B@@@@@@@@@@B@@@@@@@@@@B@@@@A@@@@@@B@@@@@@@B@@@B@@@@@@@@@@AB@@@@B@@@@@@@@@BA@@@@@@@@@@@@@@@@@@@B@@@@@@@B@@@@@@B@@@@@@@@@@@@@@B@@@@@@B@@@@@@A@@BB@@@@@@@@@@@B@@B@@@@@@@@@@@@@B@@@@@@BB@@@@@@@@B@@@@@@@@@@@B@@@@@@@B@@BB@@@@@B@@@B@@@@@@@B@@@B@B@@B@@@@B@@@@@@@@@@@B@@@@@BAB@@@@@B@@@@@@@@@@@@B@@B@@A@@@@@@@B@@@@@@@@AB@@@@B@@@@@@@B@@@@@@@@@B@@@@@@@@@@@@@@@@A@@@@@@@@@@@@B@BB@@B@@@@@@@B@@@@@@@A@@@@@@B@@B@@@B@@@@@B@@@@@@A@@B@A@@@@@@@B@@@@@@@@@@@@@@B@@@@@@@@AB@@@@@@@@@@B@@@@@@@@@B@@@@@@@@@@@@@@@B@@@@@@@@@@@B@@@@@@@@@@@@@@@@@@@B@@@@@@@@B@@@@@@@@@B@@@@@@@@@@B@@A@@@@@@@@@@@@@@B@@A@B@@@@@@@@@@@@@@@B@@@@B@@@@@@@@@@@@@@@B@@@@@@@@@@@@@@@@@@@B@@@@@@@@@@@AA@@@@@@@@B@@@@@@@B@@@@@@@@@@@@@B@@@@@@@@@@@@@@@@@@B@@@@@@A@@@@@@@@@@@B@@@@@B@@@B@@@@@@@@@@@@A@@@@B@@@@B@@@@@@@@@@B@@@@@@A@@B@@@@@@B@@@@@@@@@@@@@@B@@@@B@@B@@@@@@@@@@@@@@@@B@@@@@@@@@@@@@@B@@@@@@@@B@@@@B@@@@B@@@@A@@@@@@@@@@@B@@@@@@@@@@@@@@@B@@@@@@@@@@@@@B@@@@@@@@@@@@@@@@BB@@@@@@@@@@@@@B@@@@@@@@@@@@@@@@@@@@B@@@@@@@@@@@@@A@@B@@@@@@@@@@@B@@@@@@@@@@@@@@@@@@@B@@@@@@@@@B@@B@@@@@@@@@@@@@@@@@@@BB@@@@@@@@@@@@@@@@@B@@@@@@@@@@@@@@@B@@B@@@@@@@@@@@@@@B@@@@@@@@@@@B@@@@@@@@@B@@@@@@@B@@@@@@@@@B@BB@@@@@@@@@A@@@@@@@@@@@@@@@@@@@@B@@@@@@B@@@@@@@@@@@@@@@@@@B@@@@@@@@@@@@@@@@@@@@@B@@@@@AA@@@@@@@@B@@@@@B@@B@A@@@@@@@@@@@@B@@@@@@@@@@@@@B@@@@@@@@@@@@@@B@@@@@@@@B@@@@@@@@@@@@@@@@@@@B@@@@@@@@@@@@@@@@@@@@@@@@@@@B@@@@@@@@@@@@@@@@B@@@@@@@@@@@@@@@@@@@@@@@B@@@@@@@@@@B@@@@@@@@@@@@A@@@@@@@@B@@@@@@@@@@@B@@@@@@@@@@@@@@@@@@@@@@@@@B@@@@@@@@@@B@@@@@@@@@@@@@@@@@@B@@@@@@@@@@@A@@@@@@B@@@AB@@@@@@@@@B@@B@@@@A@@@@@@@@@@@@@@@@@B@@@@@@@@@A@@@@@@@@@@@@B@@@@@@@@@@@@@@@@@@@@@@B@@@@B@@@@@@B@@@@@@@@@B@@@@@@@@@B@@@@@@@@@@@@@@@@@@@A@@B@@@@@@@@@@@@@@@@A@@@BB@@@@@@@@@@@@@@@@@@@@BB@@B@@@@@@@@@@@@@@@@@@@@B@@B@@@@@@@@@@@@@@@BA@@@@@@@@@@@@@@@B@@@@@@@@@@@@@@@@@BB@@@A@@@@@@@B@@B@@@@@@@@A@@@@@@@@@B@@@@B@@@@@@@@B@@@@@@@@@@@@@@@@@@@@@@@@@@B@@@@@@@@@@@@B@@@@@@@@@@@@@@@@@@@@@B@@@@@@@@@@@@@@@@@@BB@@@@@@A@@B@@@@@@@@B@@@@@@@@@@B@@@@@@B@@@@@@@@@@@@@@@@B@@@@@@@B@@B@@@@@@@@@@@@B@@@@@BB@@@@@@@@@@@@@@A@@B@@@@B@@@@@B@@@B@@@@@@@@@@B@@@@@@@@@@B@@@@@@@@@@@@@B@@@@B@@@@BA@@@@@@@B@@@@@@B@@@@@@@@@@@B@@@@@@@@@@@@@@@B@@@@@@@@@@@@@@@@@@@BB@@@@@@@@@@@@@@@B@@@@@@@@@@B@@@@B@@@@@@@@@@@@@B@@@@@@@@@@@@@B@@@@@@@@@@@@@@B@@@@@@@@@@@@@@@@@@@B@@A@@@@@@@@B@@B@@@@A@@@@@@@@@@@@@BB@@@@@@B@@@@@@B@@A@@@@@@@@@@@B@@@@BB@@@@@@@A@@@@@@@@@@@@B@@@@@@@@B@@@B@@@@@@@B@@@B@@@@@@B@@@@@@@@@@A@@@@@@@@@A@@@@B@@@@@@@@@@@@BB@@@@@@@@@@B@@@@@B@@@@@@@@@@@B@@@@@@@@@@@B@@@@@@@@@@@@@@@@@B@@@@@@@@@@@@@B@@@@@@@@@@@@B@@@@@@@@@@B@@@@@@@@@@@@@@@@B@@@@@@@@@@@@@@@@@B@@B@@@@@@@@@@@@@@BB@@@@@@@@@@@@B@@@@A@@@@@@@@@@@@@B@@@@@@@@@@B@@@@@@@@@@@@@@@@@@@@B@B@@@@@@@@@@@A@@B@@@@@@@@@@@@@@@@@@@B@@@@@@@@@@AA@@@@@@@BA@@@@@@@@B@@@@@@@@@@B@@@@@@@@BA@@@@@@@@@@@@@@@@@@B@@@@@@@@A@@@@@@@@@@@@@@@@@@@@@A@@@@@@@@@@@@B@@@@@@@@@@A@@@@@@@@@B@@@@@@@@@B@@@@@@@@@@@@@@@@@@@@@@@@B@@@@@@@@@@@@@@A@@@@@@@@@@B@@@@@@@@@@@@@@@@@@@@@@@@@@@@@@A@@@@B@@@@@@@@@@B@@@@@@@@@@@@@@B@@@@@@@@@@B@@@@@@@@@@@@@@B@@@@@@@@A@@@@@@@@@@@@@@@@@@@@@@@@@@@@@@@@@@@@@@B@@@@A@@@@@@@@@@@@@@@@@@@@@@B@@@@B@@@@@@@@@@@@@@@B@@@@@@@@@@@@@@@@@@@@@@@@BB@@@@@@@A@@@@@@B@@@@@@@@@@@@@B@@@@@@@@@@@@@@@B@@B@A@@@@@@@@@@@@@@@@BB@@@@@@@@@@@@@A@@@@@@@B@@@@@@@@@@B@@@@@@@@@@@@@@@@@@@@@@@@@B@@@@@@@@@@@@@@@@@@A@@@@@@B@@@@@@B@@@A@@@@@@@@@@@@@@@@@@@@B@@B@@@@@@@@@@@B@@@@@@@@@@@@BA@@@@@@@@@@@@@B@A@@@@BB@@@@@@@@@@@@@@@@@@@@@@@@@@@@@@@@@B@@@@@@@@@@@@@@@@@@@@B@@@@@@@@@@@@@@@@A@@@@@@@@@@@@@@@@@@@A@@@@@@@A@@@@@@@@@@@@@@@@@B@@@@@@@@@@@@@@B@@@@@@@@@@@@@@@@@@B@@@@@@@@@@@@@B@@@@@A@@@@@@@@@@B@@@@@@@@B@@@@@@@@@@@@@@@@@@@@@@@@@@@@@B@@@@@@@@@@@@@@@@@@@B@@@@@@@@@@@@@@@@@@@@@B@@B@@@@@A@@@@BB@@@@@@@@@@@@@@@@@@B@@@@@@@@@@@@@@@@@@@A@@@@@@@@@@@@@@B@@B@@@@@@@@@@@@@B@@@@@@@@@@@B@@@@@@@@@@@@@@B@@@@@@@@@@B@@@@@@@@@@@B@@@@@@@@@@@@@@@B@@@@@@@@@@@@@@@@@@@@@@@@@@B@@@@@@@@@@@@@@@@@@@@@@@AB@@@@@@@@@@@@B@@@B@@@@@@B@@@@@@@@@@@@@@@@@@@@@@@@@@@@BB@@@@@@@@@@@@@@A@@B@@@@@@@@@@@@@@B@@@@@@B@@@@@@@@@@@@@@@@@@@@@@@B@@@@@@@@@A@@@B@@@@@@@@@@@@@@@BB@@@@@@@@@A@@@@@@@BB@@@@@@@@@@@@@A@@@@@@@@B@@B@@@@@@@B@@@@@@B@@@@@@@@@@B@@@@@@@B@@@@@@@@@@@@@BB@@@@@@@A@@@@@@@@@@B@@@@B@@@@@A@@@@@@@@@@@@@@B@@B@@@@@@@@@@@@@B@@@@B@@@@@@@B@@@@@@@@@@@@B@@@@@@@@@@B@@@@@@@BB@@@@@@@@@@@@A@@@@@A@@@@@@@@@B@@@@B@@@@@@@@@@B@@@@@@@@@@@@@@@@@@@B@@@@@@@@@@BB@@@@@@@@@@@@@@@@@@@@@@@@@@@@@B@@@@@@@B@@@@@@B@@@@@@@@@@@@@@@@@@@@@@@@B@@@@@@B@@@@@@@@@@@@@@@@@@@@@@@@B@@@@@@@@@@@@@@@B@@@@@@@@B@@A@@@@@B@@@@@@@@@@@@@@@@@@@@@@@@B@@@@@@@@B@@@A@@@@@@@B@@@@@@@@@@@@@@@@@@@@@@@@@@@@B@@@@@@@@@@@@@@@@@@@@@@B@@@@@@@@@@@@@@@@@B@@@@@@@@@@@@@@B@@@@@@B@@@@@@@@@@@@@@@@@@@@B@@@@@@@@@@@@@@@B@@@@@@@@@@@@@@B@@@@@@@@@@@@@@@@@@@@@@@@@A@@@@@@@@B@@@@@@@@@@@@@@@@@@@@@@B@@@@@@@@B@@@@@@@@@@B@@@@@@B@@@@@@@@@@@@@@@@@@@@@@@B@@@@@@@@@@@@@@@@@@@@@@@@B@@@@@@@@@@@@@@@@@@B@@@@@@B@@@@@@@@@@@@@B@@@@@@@@@@@@@@@@@@@@B@@@@@@@@@@@@@@@@B@@@@@@@@@@@@@@@@@@@@@@@B@@@@@@@@@@@@@@@@@@B@@B@@@@@@@@@@@A@@@@@A@@@@@@@@BB@@@@@@@B@@BB@@@@@@@@@@@@@@@@@@@@B@@@@@@@@@@@@@@@@@@@@@@@@@@A@@@@@@@B@@B@@@@@@@@@@@@@B@@@@B@@B@@@@@@@@@@@@B@@@@@@BB@@@@@@@@@@A@@@@@@@BB@@@@@B@@@@@B@@B@@@@@@@@@@@@@@@@@@@@@@@@@B@@@@B@@@@@A@@@@@@@@@@@B@@@@@@@@B@@@@@@@@@@B@@@@@@@@@A@@@@@@@@@@@BB@@B@@@@@@@@@A@@@@@@@@@@@@@B@@@B@@@B@@@@@@@@@B@@@@@@@@@@@@@B@@@@@@@@B@@@@@@@@@@@@B@B@@@@@@B@@@@@@@@@@@@B@@@@@@@B@@@@@@@@@B@@B@@B@@@@@@@@@@@@@@@@@@@@@@B@@@@@@@@@@@@B@@@@@@@@@@@@@@@@@@@@@@@@@@BA@@@@@B@@@@@@@B@@@@@@@@@@@@@B@@@@@@B@@@@B@@@@@@@@@B@@@@@@@B@@@@@B@@@@BA@@@@@@@@@@@B@@@@@@@@@@@@@@@@@@@@@@@B@@@@B@@@@A@@@@@@@@@B@@@@@B@@@@@@@@B@@@@@@@@@@@@@@@@@@@@@@@B@@@@@@@@@@@@@@@@@@@@@@@@@B@@@@@@@@@@@@@@B@@@@@@@@@@@@@B@@@@@@@@@@@@@@@@@@@@@@@B@@@@@@@@@@@@@@@@@@@@B@@@@@@@@@@@@B@@B@@@@@@B@@@@B@@B@@@@@@@@@@@@@B@@@@@@@@@@@@@@@@@@@@@@@@@@B@@@@@@B@@@@B@@@@@@@@@@@@@@@@@@@B@@@@@@@@@@@@B@@@@@@B@@@@@@@@@@@@BBB@@@@@@@@@@@@@@@BBB@@@@@@B@@@@@@A@@@@@@@@B@@@@@@@@@@@@@@@@@@@@@B@@@@@@@@@@@B@@@@@@@@@@@@@@@@@@@@@@@@B@@@@@@@@@@@@B@@@@@@B@@@@@B@@@@@@@@@@B@@@@@@@@B@@@@@@@B@@@@@@@@@@@@@@@@@@@BB@@@@@@@@@@A@@@@@@B@@@@@@@@@@@@@@@@@@@@@B@@@@@@B@@@@@@@@@@@@@B@@@@@@B@@@@@@@@B@@@@@@BB@@@B@FAD@B@H@DBF@D@B@BBBD@@BBD@DBB@D@D@B@JDDBHBDBDB@@B@BBB@B@@@B@BABA@AB@DADAFEBAB@FAJAHAD@D@DADCFADADC@@H@DAB@BA@@B@BA@@B@DA@@BA@ABA@AB@ZFPHPNLFXB`@JJNFTLTLZTNBNCRHLHPFRDXCJ@FFNRNPRHPKHGD@L@RJJPJF\\PFLJF`KNOda\\BNICICGDM^IjETGRCdU\\MTALEJELCTBTALCLEFGHGFCLAHAF@"],"encodeOffsets":[[123381,48693]]}}],"UTF8Encoding":true}