{"type":"FeatureCollection","features":[{"type":"Feature","id":"150422","properties":{"name":"巴林左旗","cp":[119.391737,43.980715],"childNum":1},"geometry":{"type":"Polygon","coordinates":["@@HAjFTBPE~uZDZJXXZL\\BNDPFZBjPD@B@B@@AB@BAB@@AA@@@BA@CBAACBA@@@AACB@@ABA@AA@@A@@BC@CACB@@CBADABA@@@CB@@ABABA@A@A@A@A@A@AA@@@BAFC@ABABABABCBA@AAA@CA@@AB@DA@AB@@A@ABADA@@B@FAB@@ADA@AB@DA@A@A@ABA@@BCD@@@DABA@AB@@ABABA@A@AD@B@B@BA@AAA@@BA@EBC@CAA@A@A@A@ABCB@REVGB@@@HDBBB@B@D@D@D@D@FBBBB@B@@@B@BBB@FBB@J@BBB@D@D@B@B@B@@@AABA@@EE@A@AB@@A@CFSZOJWTQFOKQIM@YDMCMRUNORQNM\\GHMJQFUN[VWO[AUDMTSvsMG}IBOIMGMNMEMKIQMWGBOGYA]@[DMHOX]J[NKDW@SFURYHSLOJKD]NWbGPIVSLWAKDOKKGKCSKqEK@M@I^QDg^CPGAU^}NGPEJGFCBG@IAKAC@EDIHILGRGHANEPKDAF@F@DA@@@A@@@A@A@@@AB@B@@C@CA@@AC@AA@@@A@@BC@A@@AAAACA@ADC@@@ACC@A@@BC@A@A@AA@ACA@AADAB@FIB@BA@@@@@@@A@C@A@A@@BC@A@@@AACA@@@DI@A@C@ABCNQ@ALKBAFEDEDALIBABBRBFGB@BAPFJ@HIDENBB@DKAOQC@@DEK@ECGAAA@@JCDAB@NOWKGC@A@@@ACE@A@ABA@@@A@@BA@C@A@AAAJICCACGAA@AAMAA@ECOCC@SEEAGCCAMGOK@@@AAC@@CCACEGAAGEAACAGA@@AA@@BA@A@A@@A@@AA@BA@@BA@A@@AAKO@@A@BBA@K@M@ACAKBUHSHAHELGJEJKJQBK@IBGAGAEEECEEGyMSAMIMQMOK@OBMHQBEFELIFGDGFGDI@IFEDGHIBIDGBGFCFIHKBIFQFKJGHAHCLALEJCJGJCFGJABAFABCFABAH@B@BA@ABAB@FALAH@@A@C\\AD@@CBA@ABAB@@AB@@A@@@E@@BA@@BA@G@A@ABAB@@A@A@A@A@AB@@@@GBMB@@AB@BCDADAB@@@B@B@B@@@B@B@@@BABAB@BABA@EFABBBA@B@A@@B@@BB@BC@@@@BA@A@E@A@ECA@A@AAAB@AC@C@BCAA@A@@@A@A@@AA@AA@A@@AA@@AAAAACC@A@A@AAA@@CCFUOK@[@CJMFGAK@K@EOGAA@Q@A@@AAA@CAA@AA@@AAA@A@A@A@A@AAA@@A@B@B@@@D@B@@@B@BBBGLKAO@SAQAQ@SCOCKCKIGEEAIAG@GAIAEAECE@IBGBGBGDODIDAACAA@@@A@A@A@G@AAA@@@GBA@A@A@A@CDA@G@EHA@ADADADAAAACAAAC@@AC@EBABCDABADABADAB@BAB@@C@A@AAAAAAAC@A@@@A@@@C@@A@@ACA@A@CAAAAC@A@@AA@A@A@CB@@ABAB@BA@AB@BEDEFADABCBCDCDAD@BBBEBIBmPOH[RVLHDCDGFob@BAB@@CB@BABAB@@ABA@GBA@@@AB@@BD@B@DAB@F@BFFDDBBDBBB@BBB@B@BAHAHJNOLQNOASLBF@HBD@FBD@BAB@DCN@BAJAHCNAF@FAB@B@@BB@BB@@DBB@@DDBDBBABEBEDGDQHKDWLGDYLABA@A@A@C@AAAA@@A@AAA@C@C@AAECAAAAA@AAA@qzgPABqDWD@NDZBTDRBHBHDJLLGXUTQZFPHNLHOhQJ{D_IMP@NDPHNH\\YPET@LGPDN@VCPOJMNGJ@B@@BB@@BBBB@D@B@B@B@@AB@B@B@@@B@D@@ABABAD@D@@ABA@EDABA@@@A@CB@@AB@@A@CBA@GDAB@@A@@BAB@BA@A@AB@BCD@@AB@@ABA@@BABABC@AB@DCH@BA@EB@B@@AB@@EBA@ABA@EBA@AB@B@@@BC@AD@@ED@@@B@B@@CB@@@B@BADAHAB@@CBCBA@C@ABA@AB@@@B@@FDNBFDDF@FOVCFAFQNEHAFFNADQFCD@FDDFRBDLDHFFDDFRD@F@DBD@BB@@D@@BBB@BB@@@@@DBBB@BB@BB@@BBBDBFBHDDBBB@@BB@@BBDD@B@B@BBBBB@HDFBF@DBB@F@BAB@BCB@@@BBF@BCBGH@@@BADCD@BAB@B@BA@@DA@ABAB@B@@@B@B@BBB@@@D@D@DAD@FAB@BA@@B@@@B@BA@BD@BBB@BXVRHX`PLXFNTP@TCZBJNPFXDZFJLLHPJ\\BZH\\NRRDNAbHPFPHj@B@B@@DBBB@@B@ADCB@B@@BB@D@@BBBB@@BB@BBBDBBB@B@B@@BBDFBB@@@B@BA@ABA@@BBD@BAB@BBD@@BBBBB@@BAD@BBBA@A@@@A@CBCBCFAB@D@B@B@BA@@BAB@BA@A@A@AB@B@@@@A@K@GBA@@BAB@BBB@DA@@D@@@BBHBB@@ABA@AB@@@DABABCDA@@@A@@AA@AB@@ABA@ABA@C@A@A@ABABA@AB@BAD@@ABC@@@C@@BA@A@@@AB@DA@@@ABCAA@ABA@ABC@A@CAA@CC@@A@@@AB@B@B@BBBDDBB@BAB@@@B@@BD@@@BCBBB@BBDB@BBFBB@B@DAB@D@@BB@@BDB@@BBBDB@DB@BD@BBB@D@D@FA@@B@J@B@BBDB@@@@BA@AB@BAB@FABA@A@ABAHEBAREREB@PBD@F@LAL@HAD@FCD@DAF@F@B@DBD@B@@AB@B@B@DBDBB@B@B@B@BAB@BAB@BBF@B@D@BBB@@B@D@B@BAB@@BBB@FBB@BAB@B@B@BB@BBBBBHBBBFB@@B@DAB@DBDAB@B@DBD@B@D@B@B@BBFBHDD@D@JAB@@BB@@BB@B@B@B@BAD@B@B@D@B@DBB@DB@@B@@BAB@@@BBBBB@D@B@D@@@@CBGBEBC@EBC@OAQB@@@@@BD@DB@@BB@@@@ABB@@@BBB@F@B@@@BB@@@B@D@BABABAB@BAFB@@@D@HAF@HAXALBH@D@V@@@FJFN"],"encodeOffsets":[[122040,45847]]}},{"type":"Feature","id":"150402","properties":{"name":"红山区","cp":[118.961087,42.269732],"childNum":1},"geometry":{"type":"Polygon","coordinates":["@@@ABAACBA@@AAAA@@AAA@@AAACAAAAA@@AA@A@@CAC@C@DCBAB@BA@@@A@C@@B@@AA@@@AAA@AAA@A@@@A@@@A@E@@AA@A@A@A@@@@A@@A@A@@@@@AA@@A@@@@@@@@@A@A@@BAACBA@ABAB@@ABBFK@A@@AAICB@F@B@B@BI@AAA@@@C@@@D@@C@I@@@BI@@@AA@@@@C@@AA@JCAD@B@@B@@CBA@@BAD@@BH@ACC@@@@@@@EB@AWBKA@EC@CAA@@@AAAAA@@ACC@BWF@AA@ACACKHCEKBAEOBAAC@AAK@AEDAHAAA@@@CAEAA@@CCA@AE@@@A@@CAA@@@@CI@CBE@A@AC@AA@AAE@A@C@AA@A@@@@BA@@@A@@AA@@@@C@@@BABABB@@D@BBBAF@B@BA@@@@A@CAA@@@@CF@D@BAD@@@@AB@BAB@FA@@B@@@@B@@B@@BBABA@@B@@BBB@@B@B@@@F@HAFCRE@@@@@D@@@B@@@@FCB@B@@AB@DAD@F@B@@@B@DADAB@@A@@AAA@BA@@@AA@@A@@A@@A@@@@@A@@@AAA@@@A@@@@A@@AAA@@@AAEB@@ABAB@BA@@BAA@@@CA@@@A@@@AAA@@@@@@AAA@@A@ACA@@@A@@AAA@C@@@@A@@BA@AB@BA@AB@BA@@@@@A@@DAF@BAB@DEBCBA@@DABAB@BAA@@@@A@@@@A@EA@@@@@@BADAB@DABABA@@A@@@@A@@@AB@@AB@@@@@@A@@BA@A@@B@@AB@@CB@@A@@AA@A@@@@@AAAAAAAAAA@AACA@A@@AB@B@@A@ABABA@C@@@@@CD@@A@@@@@@A@@AA@@BEB@@A@@@@@@C@A@A@C@A@A@A@@@@@@ABA@@@@@@AA@@@ADC@@C@@@@@A@@@@@A@BC@@@@@A@@A@CB@BA@CAA@@A@ABA@AB@@A@E@A@@@A@@BA@@B@@AB@@@@A@@AA@@@A@@D@BAFEB@BA@@@ABABC@ADA@@B@B@@@B@@ABAA@@A@@B@@@@@@AC@@@AA@CAA@@@@@A@AAAA@@@A@AAA@A@AAA@@@@CAAA@CAA@@@AA@@@@A@@AA@@@@@@@A@A@A@@@@AA@AAA@@@@AGBC@A@@BA@AB@@A@@@@@CBC@A@@@EB@@CA@@AA@A@@@ABA@@@@CA@@@A@AA@CAAAAC@@@AAAAA@@C@@AA@@CA@AAC@C@EBIBC@AAA@@@CE@AAAC@@AA@ACA@@@AA@@AA@@CBE@@CAAA@@AC@AA@A@AGEAA@AAC@@@A@CAC@AAC@AEACCAA@@AACAA@@@@A@@BA@A@@@AAAAA@@AA@AA@CAA@CC@@ACA@@@@@@BCB@@@@A@@BA@@BC@A@C@C@A@A@AAAAA@A@@AA@A@@@A@C@CAA@AA@AAAA@@@E@A@AACBA@CAC@@@A@AB@@A@AAAAEAA@C@A@C@AB@@@@A@A@CB@@@@@@CDEFABCFABA@BB@B@BA@@@A@@@A@@@@B@@A@@AA@A@@@A@CCCBCBC@AD@@@BB@@@B@@B@B@B@@@B@@@B@@@BC@IB@@@BA@A@@@AAA@@@A@@@AB@@@@AAABA@ABA@CBABA@AB@@ABABA@@A@E@CMFIBEDCAID@@BBCBAB@BB@BBA@@B@@@B@F@@@@BDBB@@AB@@B@DBB@BB@@@@CDA@B@@@D@B@B@@@B@@@BB@@F@BB@@@BE@A@@B@@@@@@@B@B@@BB@@DC@@F@@@@@AB@@@@BBBB@@AB@@@BFDBBG@CBC@@B@@BBC@A@B@@B@@@@DBDB@@AB@B@@A@A@A@C@@@DBB@B@BB@@BB@@B@@BD@@@@B@@@B@@@BA@@@ABA@@@A@@B@@@BA@A@@@A@@B@@A@AB@@@@ABA@@A@@@@@@A@A@AB@@@AA@@@@B@B@@@B@B@@@BBAB@@@DA@@@@LCBA@@BA@A@@B@@@@@BBDD@@B@B@B@B@@@@BB@@B@@@B@B@BBB@DBBB@@B@BA@@@ABA@A@iKAFBBB@@BEDBXAPFF@@@@DDLPRVB@BBC@TZFF@@@@RTNPXJ@@JHFH@@ABC@A@ABC@EBCD@@ADCB@@ABCBEBA@ABCB@BEA@DB@BBA@DBBCBBDA@@B@B@BBB@@BDDDD@FBBDDDDBDDDBBBBDBBBBB@BBBB@FBFBB@FBHDBBDDBBHFB@@BD@B@@@@@BD@DBB@B@BDBBBDBD@B@BBBBBBBBB@ABABC@AB@@@@@B@@@@A@A@A@A@AB@@AB@@AB@B@B@B@@@BEB@B@@CBABC@ABA@ABABAB@B@D@BA@CBA@A@ABA@CBA@A@ABCBA@CDABED@@A@C@A@@@A@@BA@@@E@ABA@AB@BA@A@@B@BA@CBE@CBCBAB@@ABC@@@@B@@@BBB@@@B@@@BBB@BBB@@@B@@@@@@@@@BBD@@BB@@A@@@A@@@@@@@BDB@@A@@@@B@@@@@BA@@BA@@BA@@BA@@@@B@@@B@BA@@@@@@B@@@@@@@@@@@@@@BAB@B@@@@@@@B@@@B@BA@C@C@@@@@@@@B@@@@@@@@B@@@@@@@@B@@@B@B@@B@B@B@BAB@B@B@B@B@B@@@@@@@HEBB@@EDB@AB@@CDID@AEFB@@@@@BA@@BA@@@@B@B@@@B@BA@@B@@AB@@@@@@@@@@@@@@@@@@@@@@@@@B@@@@AB@@@B@B@@@B@B@@@@@B@@AB@BABAB@@A@@@@@@@@A@@@@@@AB@@@@@@@@@@@B@@@@@@@@@B@@AB@@@@@@@B@@@@@BAB@@AB@@@BADAB@@@@@BAB@@@@@@@@@B@@@@@B@@@@@@@B@@A@@B@@@@@@@@AB@@@@@BA@@@@@@B@@@BA@@B@@@B@@@@A@@@@@@@@@@B@@@@@BA@@@@B@@@@A@@B@@@@@@@@@@A@@A@AA@@BA@@BAB@@A@@B@@@BA@@B@@@@@B@D@BBB@@@@@@B@@@BA@@@@B@@@@BB@B@@@@B@@@@@@@@B@@@@@@@@@@@@@@@@BB@@@@@BB@@@@@@@@B@@@@BBD@HAJ@D@F@J@DBD@@AB@DAF@P@DAD@D@BBB@H@B@B@D@HEDAD@D@FADBB@FCDAD@BADABAD@DAD@D@LAPCDAD@D@B@D@D@FAFAD@B@DBHABADADBF@B@DBDBF@D@H@BDJ@D@HBDABBBDBBJBD@DAD@D@B@B@H@D@BBDBF@D@@DB@D@D@F@DBB@BAB@BB@@BB@@FBB@B@BAB@@@@@@@@A@@B@@A@@BA@@@A@C@@@@BA@@@@@AB@@@B@BAB@B@@AB@@@BAB@@BB@B@B@@@B@@@"],"encodeOffsets":[[122044,43334]]}},{"type":"Feature","id":"150404","properties":{"name":"松山区","cp":[118.938958,42.281046],"childNum":1},"geometry":{"type":"Polygon","coordinates":["@@HAHALEHAPCR@TCLALANCJCN@PBT@T@LAPAPARBHBJBHBN@L@NARCNDHBNFLFFDJDLFNHNHTJTFJDPHRBNBLBHBNDLBRBR@TAXAR@T@PBLAJCLCNIVMRETCVEXCZAVCRCTAVCZCXCPCNCLATEPALANCRAJAHAJAHCH@HDHBDBDFHDFFJBNDPBJCHAFGBCBGDEHIHGJ@LBLDJDHDFBF@HCHALAHEHCHCHCJAH@HBHDHFJJJFJ@RAJEBGBIDIDGJIHGLCLCXANAJCJCLAH@HDHDHFPFLDN@P@NBTANANEJGHILMLMNIHCJELCJEFCHGDIFCNGLALBJBHBJDLBH@HAH@HBJDNHNDJBJDJAFALABCDEDEFEPALBPHJBH@F@JANELELELCLEN@J@N@FABEBC@EEEKAGAM@IAGCKEIICIBM@KAEAGDCTCFBLDJFJBLBN@RATBZ@NALBJ@L@HBFBJFHDJBLDN@LBP@LBLDNDHDJFJDJFJHNLJFNHJBJDLDLDLLDDBDFJHFBDBFBJ@HBDLBJALBLBPBPBLBJAJ@JABCFG@GAKAGDGBCHCJCL@PBPHHBFFFHB@B@B@B@D@FDF@DBB@BB@D@B@L@HBB@HDFBHBB@HAD@B@D@BDBBB@B@BADAB@BBB@@DBDDBDB@DBD@B@BBB@DDD@@@B@@@BAB@B@D@B@BADAD@B@B@@@BBB@DADDFBFBFDDHDL@@DB@BBFAB@DA@GBI@I@IBC@CDGLINGLGHGHGHCJALCNAJBH@F@JDFHJHDHDVDJDJ@H@L@LBLFLFHHHFDFDBJ@FCJGHETCRCPAPAJAFADGDI@I@MDK@EAG@GDIFGJEPGLCPCREXAZAJ@J@F@J@PBPDPDN@LFLHFHHNFPFBRDNCNCNCHGDIAMGOGIIMCCEI@CFEHCNCLANGHCDEDEFGDEDABCDCBADEJKDEAEBE@C@EAAAAACACAC@C@A@CCCGKACAA@C@C@A@CAAAC@AAA@CCCAAC@ICA@AEAABCCAEEGIEGCCCACACBC@A@@@AA@AA@A@AB@@AAAAAACAA@C@CBEBA@CAA@AAAA@@@CAAEACCCACAAAAA@@AA@C@E@CBCBGBAB@@ABEBGBC@E@AAO@IAGKGBKCG@EIC_BQEWWUWQKEH@BIFACA@@@M@_J@AA@EGS@@B@B@@C@A@@A@@@A@@@A@A@ABAAC@@@@@AACUFEBaHuI@BCLCHAD@@ABCH@F@DABBBCBIBE@I@@CgGC@MAA@A@A@@BBD@BGCAAB@GE@@GA@A@@AA@@BCD@BCCA@@@A@@@IBACSAGAK@@DABABAB@@AF@AA@@GKCEWAEBCEKDGDAJYJ@BCLE@A@C@]HCM@@@A@A@AGAC@E@CBCBEFADEBABE@CAE@CBC@E@C@AC@@AA@@CAA@CBC@ABGBA@A@A@B@@A@C@AA@@A@ABA@ADA@@BAPBD@AAAC@@@AA@CAAAC@A@C@@AA@@A@@AAAAA@AA@A@@AA@@CAAA@@@ABA@A@@CC@@@C@C@@BABA@@@@AC@ACAA@A@A@AA@@AA@@@A@A@A@@@ACAA@AA@@@AB@@@CE@AEKA@AACAA@AACA@AA@AAAAECAA@C@@@A@@A@@@A@A@A@@AA@AB@@A@@BA@A@ABA@@@A@@B@@@@AB@@@@@D@B@@AB@@@BA@@@@B@@@@@@A@ABA@A@EA@@AA@@AAA@ABA@CAE@C@C@A@@CC@E@CAAAC@G@A@A@C@C@CBC@IAAAACAACBGAC@I@ACG@C@E@CACAA@E@CACBABGBCAA@C@EBEBC@C@A@C@C@CBODKBC@C@CBC@ABCBABC@CBEDA@CAEBC@C@CBGFC@A@A@G@A@AAC@C@CBO@E@CBA@@BC@CAI@E@C@I@GBC@AA@@@@@A@@@@@@A@@A@@@@AA@@@@@@@@@@@@@@@@@A@@@@@@A@@@@@@AAA@@@@@A@@B@@A@@@A@@@@A@AAC@A@@@@@A@@@AB@@A@@@@BA@AB@@AB@@BBB@@@@B@@@@@@@@A@@@@B@@A@@@@@AB@@@@A@@@@@@@@@@@@B@@A@@@A@@@AB@@A@@@@@@@AB@@@@A@@B@@@@@@A@@@@BA@@@@@@@A@@@@@A@@@@@@@@@A@AB@@@@A@CBAB@@A@@BA@AB@@@@A@@@@@@@A@@BA@@@@@@@@@A@@@@@@@@@@@A@@B@@@@B@@@@@@@@@@BA@ABABA@@BA@@@@@A@A@@@A@A@@@A@@B@@A@@@@@@@@@@@@@@@@@@@@@@@@@A@@BA@@@ABA@@@A@A@@@@@AB@@AB@@@@A@FE@BJCDC@@BAA@FC@@AAGF@@@@@@A@A@A@A@A@A@ABA@A@A@@@@A@A@@@A@@@@@@A@@@@@@@@@@A@@@@@@D@D@B@@A@A@@@A@@@@@@@ABA@A@@@@@@@@@@@@A@@@@@@@ABA@@@A@@@@@AB@@AB@@AB@@AB@@@@A@@@@@@BA@AC@@@@@@B@@@B@@@AA@@AC@A@@@@@@@@@A@@AA@AAA@A@@@A@@AA@A@@@A@@D@BA@@BADADAF@DAB@@A@AB@B@@ABAB@BAF@@@B@@AB@@@B@D@B@@@FCBADCB@DABAB@B@DAB@BAB@B@DAB@@A@C@ABABABAB@BAD@BADA@@@AFA@A@@@A@A@ABA@@BA@@BAB@B@B@B@@@@@@A@@@@BAD@BABAA@AAAAAAAAA@C@CAAACA@A@AAA@CAC@@@@A@C@@AA@GEAACCAAGCEAA@EAEAA@AA@AAAAACAAAAACCACCCCCAA@ECCCC@AA@AAA@A@@@CBAAADCAAB@BCBA@C@@@@@CA@@A@GBC@ABABA@C@AA@@@@@@@@A@A@@@@AABSEG@CA@@@A@@A@E@C@E@A@@AE@A@AA@@AAA@AA@CAA@@EA@AAA@C@@@@B@@A@AAA@CDE@A@A@C@A@@@@GBE@E@A@G@A@C@AA@@ACAA@ABABAB@HAH@D@DAD@D@BA@@EAA@CCAA@AA@AAA@AAECAA@A@@@AB@B@@@B@@@@A@A@@@AB@BABCC@AC@@C@@AA@A@@AA@I@E@CAA@AA@AAAAC@ABAB@@A@@CA@AACAABAB@@@@AAE@@A@@AEAECGC@@@@@A@AA@CAA@A@@@A@ECA@EECAEE@AAA@C@C@A@@ECAACG@GBG@GBKAICGEAIAG@GBIDMFMBOHUBSDS@[CWCQGQIMGIEKIIEMEIEIECEECEIEMOIKCCBCFAH@JDN@J@LEFG@ACCCECKCICSMG@E@AFFJLFPJFF@FIBMBCHGFIDODO@Q@OAOIUISIMEOCQAOBKBKDMFSBU@QBMFMLGJKJKFOFODSGIEOESEUASBU@K@MAKEGGCI@E@C@EQLGBE@KBMCKAKCEEKG@EBGBEHIBEBICMGMCCIIEGICKAIAM@KBO@EAG@IBI@S@UBK@KDEFCH@DBDDFFBPDDAHDFBFDBD@DCF@HF@FAHAFBDDBF@F@F@B@JEHCBEDIFKFQFOFODMBMDGDEFAHCFBF@HBDHLDLFJJNDLDLBJAFCHEDEFIHKFODSDSBSFIDGBKFGBEHEFGJGFGFMHKDOHKBODIBGFCHCJ@HDDFFJDJDPFPHNDRDPDRHRJNJJJHJDJDFEFCFEDGBEBGDEDIFIHGJILGHEJCHCHAL@FBFBFFFHHHHFLBH@HEHELEJIJMLMLOJSNOJMHKHIHGLKNIJIFKHIJSLSNOLQLKJKJCDINENEJGLEJONKLMNMLOLKHMBMHILGPAJBJHFHNFHFDHFJDFDJHDHBHBFDDFD"],"encodeOffsets":[[120661,43668]]}},{"type":"Feature","id":"150423","properties":{"name":"巴林右旗","cp":[118.678347,43.528963],"childNum":1},"geometry":{"type":"Polygon","coordinates":["@@K@Q@UAK@KAKEOCQEOAKCKAOASEMASCMCQCMCMEICIEMIIEIAOAOBO@O@SASEOEKCOEICE@SAOBIAKAIAOEMCMAKAKAIAIAICOGOEMEOCMCUCSCOAUAQEQGGCGCGEIAEAM@K@KAI@GACAICMAO@KBKBGDEFCDIFIBG@O@MAUEQAMCS@K@IDGBIDMBQ@KBQ@SBWDQBQ@S@S@KCIAMAMCOBIBKFQBGAOE[@Q@UCSCUEMEIGGMGEIEMGKEIEICICIAMAK@OAM@KASAMCOAICIAK@QAMAI@KAIAM@MBSDQFKBKBO@KBIDMFKBEACEMAMBMBMBKDODMBODMBODOAMCQCMAM@KCMCQAM@QBS@S@K@K@QFQHYFQFYFOBKBQFSDWFUBO@_@QCMAQASAQAQ@Q@S@M@S@IBIDMBGDEDEDEFEFGFKDIDI@G@G@C@@J@B@BWR@F@FCBUHYFC@NLA@GHIFIHIFKJQPGHGHKLQTILOPILKLM@KDM@O@SDIHGJCJEFCFKFIBKDMAO@OBUDUBMHELIJMFKDOHMAMCCEGEIEQEOASBUBMFGJEDEBG@EAECECIIE@G@CFCJCJDL@JDJBLDPBJ@J@HEPYPIT@VFLCHLTB`FJRJjLTHPRrH\\ZFFN@JEbOT@VNNDIZBlAGB@@A@@@IFGDBBEBIHGFGFIHPJCFEDkfEFPHBD@HCBGHEFITCFGLCDABCDADCJAHBDKRGZYLKROZUPDXINUHDTUJPRE\\JJ@LWbBHBFMLBTOHENJZcVGL@FAD@HBFBH@FGJEFKFGFADEPABADAFCFPJFBDBFBBBANGNNBDAHCJAPCRIFCBCACCE@EAIGMEIBEBEJBLBLFLBFDJHHJFJLJNFFBDDDFDBF@DBDDBF@FBBBBDBLCNENEFADAB@DCDA@ALIBA@@B@JBB@D@B@D@NBTFNDTFZF@BBB@@FBF@D@BABAB@FAB@ADE`CRCPANAHAFAHAH@BCBGBCBABE@CBCBEBABA@EDABCBABODU`]ZW^JLATANORE^SXWTUV@N@NKVEXFNGLEFCD@FCDIBECM@EBCDCDGFCDGDABIDCBADEBC@CBCBEB@B@BBF@D@FABABABAB@D@B@DBB@@AB@@@@DDBBBB@D@D@BBDBB@BA@EJABC@A@AD@@ABAFABABEBA@AB@B@DBB@BABA@A@@BCFABABA@@@@B@BDDBBDBB@B@B@@@FFHFB@BHBB@BD@DBBBF@FB@BB@ACBA@@B@HAFCD@FAJANCD@N@FALAL@DABB@@ABAB@@@B@B@@BBB@D@FADCB@D@F@HAFADCB@DABADC@AB@B@D@BBBAFAZF`N\\CROTEVH\\NHPRTJNXFPE\\JDJBNEL@NBPFTX@VDHJRDXBXDVDJJDPARANRHVD^FHJJPJNJJZDZANGJS@QP@hHXFdHDABBDFBBD@BBFBVDHBLDBBDBBBB@D@HBH@B@BAHCHCBAB@F@JA@@BADCBCBABAB@BBH@@@BA@A@AAA@AACB@@A@A@@@AB@@ABA@EBC@C@C@C@@AA@A@A@A@@@ABABAB@@CB@@A@ABA@ADCBC@A@@HGDA@AAE@A@@DA@ABA@A@EAA@CAECE@GAAAA@A@A@ACCAA@@AA@@AACAGCEACAAA@AA@@AAAA@AA@C@@@@AAA@AA@@@CA@@AAC@C@EQCCEECGEKCACEQCC@EDCREBCEMBEFGRMBEDEPU@ECEECMAEC@@@A@@BAB@BAD@B@DADA@@BABGBC@A@A@@DA@@@A@A@@FC@@BCD@@A@@@ABAB@FAB@BAB@FA@@BA@@@AFAB@@ADG@CBAD@BABA@AB@BA@@BA@@DC@ABAB@B@@ABA@AB@@@BAHCB@DAB@@@BA@@DAB@@@B@BAFCB@BA@@@CBCBABA@@@C@A@@@A@ABA@@@A@A@A@CAAAA@@AA@@@AHINMPIDO@UCMHO@KFSZOG[GMCO@MNO`J|CRIPgKGGMEORYVSHWKKCIAGAGCQASCY@MXCrCBAhOryB@BBB@BBBBFDBBD@D@B@BBB@@@BBBBD@B@B@B@BAZKHCXKLCRGHCFCFABAAAACCC@@AA@CA@@AAA@@@ABA@EBEDMBGBI@ADM@CBA@AAC@EAC@GAETKPBRMPKIMBGBG@A@AAA@AAACAAACCEE@A@EBA@C@AAC@@BA@@B@HAB@BA@@BABA@ADA@@BA@ApaHEDCGCUK\\QPGnOJAFAAA@ABCDCDCDABABCFEFC@ABAB@@ABABA@@DAB@B@B@@BB@D@BBBB@D@BDB@BB@@@@D@@@B@@@BBDBBBBBBB@D@@@BA@ABABCBABCBADCBAFAD@@BD@BBDBBBBBBCBCBCB@FGH@B@DCB@B@B@B@HA@@B@BBH@B@B@B@@@B@DBBBJCPCHCHAHAJAF@FDFBJBHBH@JBFBHFLJLDPDTDR@RBTBP@LBHKAA@A@A@@@A@C@@@A@A@BB@BBB@B@B@B@B@BB@@BBB@DBB@BB@@@B@RBBPH@F@LBLEHIN@D@\\PLEVDD@@BB@B@B@BDDBBBB@BB@@BB@B@@BBB@@@B@B@@@BBBADD@D@@BBABBB@B@FDB@F@B@B@@A@@D@@AAA@@@AB@A@B@AABAFEB@BA@ABABA@A@@@A@A@@@A@A@A@@BABCDC@ABA@@NAHA@@@@BAB@B@B@B@@@BABAB@H@B@@AB@@AF@@@B@@@BA@@BABAB@DA@@BCD[B@@@BGBK@EBABAB@@A@ABGBADEBABEBAHIDEHIDIFIBKDKBGHGLIREJELAJGDEHEHAJCJAHGFCJEJ@HCHEHCJEFKFERANGPAL@NPNRNIHAJCLKJGPIRGNEPCNCLCNAPAPAR@R@N@NCTAZCJ@LBPAP@N@N@TDPB^FNDLFJDNFPBXAHACe@KBGBURSNUrVLFlQ^IreEE\\MEO@@AGOBCGM_@GBQBKQQOMYWFCXO|eJEPCJSHMBEBIDK"],"encodeOffsets":[[122961,44412]]}},{"type":"Feature","id":"150403","properties":{"name":"元宝山区","cp":[119.289877,42.041168],"childNum":1},"geometry":{"type":"Polygon","coordinates":["@@@AAA@AAE@C@C@EACAC@A@C@CCEGKEICCCAEEKEGCAACAA@@@AA@@CAA@AAA@AAC@IEC@AAC@@@EAI@CAAAAAIQ@AACA@CAE@C@E@CACCACAAA@CAC@G@I@IAI@EAGCGCCACACA@@A@A@@AA@@@A@A@A@@BA@@@ABEBCBA@E@@@A@C@A@AAA@A@@@A@@AA@@@@@A@A@@@@AA@A@@@AA@@@@@@A@@@CACCA@AACAAA@@@A@AEEEGECGEGCGEEEEAEAAACAG@MAKAEAGCAEAEAMAGAGCGEGGCCCGGEEECCCACACAGAGACAAECGACAAA@A@A@AFCHADAB@@C@A@A@ADAF@LBF@F@D@B@DC@@B@B@@@B@BAD@B@B@BA@AB@AAAKAA@ABCDABAD@B@BA@C@A@ABADCBA@A@CAC@A@CBAFADAL@D@DADADABABABA@A@A@@CCCC@AAA@C@E@C@C@@BABAB@DABADCBABCBAB@DADAB@B@DAB@D@B@DBDBB@D@F@F@@@F@D@B@BBD@BAD@DABCDAFEFCDCDADAB@B@BBB@B@DCB@@A@AA@@A@@BABC@ABC@ABAB@FCBABC@A@AAE@K@A@@AAAACAAEAC@C@E@E@@@AB@BAB@@ABAB@@@BA@A@G@@@AA@AAAA@A@@@ABA@C@@AC@A@A@@@@CAA@@ACA@A@@@@@A@@@@@A@@BA@@@AA@B@@A@@AA@A@@@@@A@@@A@A@AAEACCECCAAAAA@@ACCKOAC@AAAAACAAAACCCACAAAAAACACCA@AAA@AAAA@AAA@@AAC@CAA@A@AA@ACA@AAAAA@@@A@@@A@@A@@A@@@A@@@@@@@A@@@@BA@@B@BCBA@CBAK@g@[BMHALDNBJDNA@C@C@CB@A@@@@E@@@@@BA@@A@@@@@ABA@A@@AACEB@@ABA@ABA@ABC@E@A@@@EA@AA@A@CBMBE@SGEK@EBS@ECGIGCEGC@A@C@AAAA@AACCAAA@A@AAAAAAAGE@EAC@E@A@@@E@@@@AAACBA@C@A@@@E@A@ABCBAB@@@DABA@@AGCQDG@SAICCACBCFA@CBCAKAI@EDUVADFNBJCN@DHBVA\\AFBZDJ@HD@HDHNBJEHCFAHDNLDLBF@HIDOBGBCHAPCJCBLDFDB@@@@BC@CBA@@@@BA@CBCB@B@@CB@@ABCB@@@B@@BBBBDB@@A@CBA@ABA@A@A@A@CDA@@B@@@@A@ABABABEB@@A@AA@AA@A@@A@ABA@CABADABABABCHA@ABABC@G@EBI@C@EBA@@@@@BA@@ACBA@@@A@AA@@@IEMIGGOIIAUAKJOXGJGFAF@LBL@DEDS@GBGHANCBADB@@DB@@BD@@@BBBB@B@@BDBBDBB@@B@B@@DB@@@@AB@B@@@BBB@@DB@@FA@@B@D@DA@@@@B@@@BAB@@AB@D@HA@B@@B@BBB@@B@@B@B@B@@@@@@@B@@BB@@@@@BB@@B@DBB@BB@D@@B@BBB@B@BBB@@@B@BB@B@B@@@@BB@DBB@@D@@B@@@@A@@@@BB@AB@BA@@@A@A@@@CB@BADAB@B@@ABA@EFABC@@@@B@@BB@@@B@@A@@BA@@@AB@@@B@@@B@F@BA@@BAB@B@BB@DBB@@ADAB@@@@B@@@@ADB@@@@@B@@@@@D@@@CD@B@@BB@@@@@@AB@B@@@@B@B@B@D@B@B@D@@@@@@@@BA@AF@@BB@@@B@@@@B@@@DC@@@@D@B@BABAB@@@@ABA@@@BDBBBB@BBBBBBBB@B@@@@@BBB@@@BA@@DA@@BA@@@@BAB@@@B@@@@A@@BA@@B@@@B@@B@@@ABABCBA@CBAB@@@@@@FBB@@@@@@B@@B@ABA@ABCB@@ABADCFA@ABE@CB@@@B@@@@ABA@@BABA@@BAB@@@B@@D@B@BB@@@B@@DB@B@BB@BB@@@@@@BB@B@@@B@@DB@@B@AB@@ABA@AB@BA@BF@B@@BB@BB@@@@@@B@@BB@B@@@B@@@@@BB@@@@BB@@B@@ABB@BB@@@BA@CBCBA@@@A@E@C@CBA@@BA@A@ED@@@@@A@@@C@@@@QFEDGBE@@@A@A@@@AA@AA@@@ABAB@AA@@@@A@@A@@@EBA@ABA@@B@@C@ABC@E@@D@@B@DBB@@@@@ABA@E@ABAAC@@@AAABAB@@D@@@@@BB@@@B@@AB@@@@@BBBD@B@F@BBB@@BBDB@F@DAJ@@D@@B@DB@@@B@@BFB@DD@@BBBF@D@@BBGBCBBFL@BBD@BBPABFLADFLGBDBDB@@BXE@ADD@BB@BBBB@@B@DBD@@FLBXA@BFA@@@@@@D@BDG@@AC@AB@@AB@DA@@@@ABCIDB@@BD@@@@@BB@@J@@A@@@J@DC@@@D@@@B@BBJ@@A@A@A@EDABJ@BB@L@AEBA@@BABAB@DABB@AB@B@@@@@@@@@B@@@BB@@@@B@B@@@@B@@B@B@B@B@@BF@B@@@B@@@B@B@BBB@BB@@B@@BA@@@@D@B@@ABA@ABCDD@D@DB@@@BBB@@BBBBDBBB@BB@BB@@BBBB@@ABBDAB@B@B@@@DBBFDBBBBB@@BDBBBB@DBBBB@FL@BDF@@A@@B@@BBB@DB@B@@@B@B@B@@BB@@BBB@B@B@DB@BBD@@@@ABAB@@@D@D@@DD@@@BAB@B@@BBDB@@BB@@@BBBB@BBBB@@@BB@@BD@B@D@BBDBB@@B@@BDBBC@OAAB@@CB@BAB@B@BB@@B@D@BA@B@B@B@HABAD@DAB@DB@@BB@@BDD@F@D@DAF@DBF@BAFABCFEDADAF@D@HB@B@B@B@@DN^GD@B@F@DK@AZIBIHCLCDFFAXBDFHL@@BBE@@BA@ABABCB@@BLBHDTAB@J@@@B@@DBADC@AD@@BB@@@BHB@@HFA@BBHD@AAC@AB@B@B@NBD@hH@DJ@F@JADAAABA@C@EDGBA@@BCDGDK@AvJbGFAVEBD@B@@@@BDAB@B@B@B@@@B@@@BB@D@@@@A@AT@FHB@@B`IN@@@B@BDJE@AFGGEAGCEBA"],"encodeOffsets":[[122371,43406]]}},{"type":"Feature","id":"150421","properties":{"name":"阿鲁科尔沁旗","cp":[120.094969,43.87877],"childNum":1},"geometry":{"type":"Polygon","coordinates":["@@ĺmlGVC`{B@BA^Qx_BAJCPIJEDCHABCFCFCBABAB@@CB@@AB@@@@@B@@B@@@@@@B@@@BA@A@@@BB@@@@@@A@@@@@@@@@A@@B@@B@@@A@@@@@@@@@@@@@@@@@A@@@A@@B@@A@@@@B@@@@@B@@@@AA@@@@@@@@@@@@A@@@@@@@@B@@@@@@A@A@@@@@@@@@A@@@@B@@A@@@@B@@@@@@@B@@@@A@@@@@@B@@@@@@@@A@@@@B@@@@@@@B@@@@@@@@@B@@@@@@@B@@@B@@@@AB@@@A@@@@A@@B@@@@@@@B@@@@@@@@AB@@@@@@@@@@@@@B@@@@@B@@AB@@@@@@@@@B@@@@AB@@@@@B@@@@@@@@A@@B@@@@B@@B@@@BA@@@@B@@@@@@@@@@@@@@AB@@@@@B@@@@A@@@A@@@@BA@@@@@@B@@A@@B@@@@@B@@@@@B@@@@@B@@@B@@@@BBAB@@@B@@B@@@@B@@@@@B@B@@@@@B@@@@@B@@@@A@@@@@@B@@@@@@@B@@@BA@@@@@A@@@@@@@@@A@@@@B@@A@@@A@A@@B@BA@@B@@@B@@@B@@A@@D@@AB@@@@A@@@A@@@@@@BA@@B@BABA@@B@@@BA@@@@@@B@@@B@@A@@B@@@@@B@@AA@@@@@@@BA@@@@BA@@B@@@@A@@@@@@@A@A@@@@BA@AB@@AB@@A@@@@@A@@@A@@B@@AB@@@B@@@@@@A@@@@@A@@@@@@@A@@@@@A@@@@B@@@@@B@@@@@@@AA@@@@@@B@@AB@@@A@@@B@@A@@@@@@@@@@@AB@@@@@@AB@@@B@@@@@@@@@@@B@@@@AA@@@@@@@B@@@@@@@B@@A@@@@@@AA@@AA@@B@@@BA@@@@@A@@A@@A@@@@@A@@B@@A@@@A@@BA@@@@@@BA@@@@B@@@@A@@@@@AB@@@@@@A@@@@@@@@@@@@@@B@@@@A@@@@@@@@@@@@@A@@@@@A@@@A@@@@B@@A@@@@@@@AB@@@@A@@@@@A@@@A@@@@AA@AB@@@@@@@B@@@@A@@@A@@@A@@@@@A@@@@@@@AB@@AB@@@@A@AA@BAAA@@@@@A@@@@@@B@@A@@B@A@@@@A@@@@@@@@@AB@@@@@@@@@@A@@@@@@@@BA@@@@@@@A@@B@@@@@BAB@@@@AB@@@BABAB@A@@@BA@@@@B@@@@A@@@@B@@@@AB@@@@A@@@@@@@A@@@@@@A@@@@AB@@@BA@@B@@@@@@A@@@@@@@@B@@A@@@@@@@A@@B@@@B@@@@@BA@@@@@@@A@@B@@@@@@@AA@@B@@@@A@@@@B@@@@@@@@@@@@@@@@@@@@A@@@@@@@@@@@@@A@@@@@@@@@A@@@@@@@@B@@@@@@@A@@AB@@@@B@@@@@AB@@@@@@@@@@@@@@AA@@@@@B@@@@@@@@@@@@A@@@@@@@@@A@@B@@@@@@@@@@@@@@A@@@@A@BAA@@@@@@@B@@@@A@@@A@@@@@@@@@@@@@@B@@@@@@@@A@@@@@@@@@@@A@@@@B@@@BA@@@@@@B@@@@@@A@@@@@@@@@@@AB@@@@@@@@A@@@@@@BA@B@@BA@B@@@@B@@A@@@@@@BAB@@@@@@A@@@@@@A@@@@@@@B@@@@A@@@@@@@A@@@@@@A@@@@@B@@A@@@@AA@@@@@@B@@@@AA@B@@@@@@@@@@@@A@@@@A@@@@@@@@A@@@@@@@@AA@@@@@@@@@@@@B@@@@@@@@A@@@@@@@@@A@@@@@A@@@@@A@@@@@@A@@@BA@@A@@@@@@@@@@@AA@@@@@A@@A@@@@@@@@A@@@@@@@@@A@@@@@AB@@@B@@@BA@B@@@@@@@@@A@@B@@@@@@@@@@AA@@@@@@@@@B@@@@@@@@@@@B@@@@@@@@@B@@@@@B@@@@AB@@@@@B@AA@@@A@@A@@A@@@@BA@@@@@@@@@A@@@@B@@A@@AA@A@@@A@@@@@AB@@@@@@@@@@@B@@@@@B@@@@@@AA@@@@@@@@@A@@@BA@@@@@A@@@A@@@@@@@A@@@@@AA@@@@@B@@A@@@@@@@@@@@AB@@@BA@@@@@AB@@@@@@@@@@A@@@@BAB@@AB@@@@A@@@@@A@@B@@@B@@@@@BA@@@@@@@@A@@@@A@@@@B@@A@@@@BA@@B@@@B@@@@@B@@@B@@AB@@A@@@@@A@@@@@@@A@@@@B@@@@@B@@@@@@@@A@A@@@@@@B@@@@A@@@@@@@@BA@@@@@@@@@@@A@@@@@@@A@@B@@A@@@A@@@@@A@@@AB@@@@@@@@AB@@@@@@@BA@@@@B@@@@@@@@@B@@@@@@@@@@A@@B@@A@@@@B@@@@B@@@@@@@@@@@@@A@@@@B@@@B@@@@A@@@@@@@@B@@@B@@@@@@AA@@@@@BA@@@@B@@@@@A@BA@@A@@A@@@A@@B@@@@@@@@A@@@@@@B@@@AA@@@@@@@@B@@A@@@@@@@@AA@@B@@@@@BA@@@@@@BA@@@@@@A@@@@@@@@A@@@@B@@A@@@BB@B@@@@A@@A@@@BA@@BA@@@@B@@@@@@@@AB@@@@@B@@@@BB@@BB@@A@@@@@A@@B@@@B@@@B@@@@AB@@@@@B@@@B@@@@@B@@@B@@@@@B@@AA@@@@@B@@@@A@@@@@@@@@@BA@@B@@B@@@B@@@@B@@@B@@@@@@@@AB@@@@@B@@@@@@@@@@@@@@@B@@@@@@@B@B@@@@@@@@A@@@A@@B@@AB@@@@@B@@@@@@@BB@@@@B@@@@@@@B@B@@@B@@@@@@A@@@@@@@AB@@@@@B@@BA@B@@@@@@A@@B@@@AAB@@@@@@@B@B@@@@@A@@A@@@@B@@@BB@@@@BA@@@@@@A@@A@@B@@@@@B@@@B@@@B@@@@@@BB@@@BA@@@@@AB@@@@@B@B@@@B@@@@@@@BA@@@@@@B@@@@@@A@@@@BA@@B@@@@@@A@@@@B@@@B@B@@@B@@AB@B@@@B@@@BB@@@@B@@@B@@@@A@@@@@@@@BA@@B@B@@@B@@@B@@@@@@AB@@@@AB@@@@@B@B@@@B@@@@A@@@@B@@@@@B@@@@@BAB@@@@A@@@@@AB@B@@@@@B@@@B@@A@@@@@@@A@@@@B@@B@@B@@@@@BA@@@BB@@@@@B@@@@@@@B@@@AA@@@@@@@@B@@A@@@B@@B@@@@B@@@@@@B@@@@A@@@@B@@@A@@@@A@@BB@@@@@@B@@@@@@@@@@@@@@@@@@A@@@@@A@@B@@B@@@@B@@@@A@@@@@@B@@@@@@@@@B@@@@@@@@@@@@@@AA@@@@@@@@@@@@@@A@@@@@@@@@@B@@@@@@@@@@@@@@AB@@@@@@@B@@B@@@@@@@@@B@AB@@@@@@B@@@A@@B@@@@@@@@@B@@@@@@@@@A@@A@@B@@@B@A@@@@A@@@@@A@@@@@@@@B@@@@@@@B@@@@@@@BA@@@@@@@@BAA@@@B@@A@@A@@@@A@@@@B@@@@@B@@A@@@@@@@@@@@@B@@@@@B@@@@@@@@@@@BA@@@@@A@@@@@@@@@@@@A@@A@@@@A@@A@@@@@@B@@@@A@@B@@@@@@A@@@@BA@@@@@@@A@@@@@@@A@@B@B@@@AAB@@@@AB@@@@@@@@A@@B@@A@@@@@@@AB@@@B@@@@@@@B@@@@@@@@@@@@A@@B@@@B@@@B@@@@A@@@@@@BA@@@B@@B@@AB@B@B@@B@@B@@@@@@@@@@A@@@@@@B@B@@@@A@@B@@@@@@@B@@@@@@@@@B@@@@@B@@@B@B@@@B@@@@@@@@@@A@@@@B@@@@@B@@@@@@@@@@AB@@@B@@@B@@@@@@@@@B@@AB@@@@@@@@@B@@@@@@@@@@@@A@@@@@@B@@@BA@@B@@@@@@@B@@@@A@@@@BA@@B@@@@@@B@@BA@@@@@A@@@@@AB@BB@@BAA@B@@A@@B@@@@@@@@@@@B@@@@@@@BA@@B@@@AA@@@@B@@A@@BB@@@@B@@@@A@@@@@@B@@@@@B@@@@@@@@@@@@AA@@@@@@@@@@@@@B@@@@@@@B@B@@@@@@@@A@@@@BA@@B@@@A@@@@A@@B@@@B@@@@A@@B@@@@@B@@A@@@@@@BA@@B@@@@@B@@@A@@AB@@@@AB@@@@@@@@@B@@@@@@@@@@@@A@@@@B@B@@@@BB@@A@@BB@@@@B@@A@@@@B@@@@@@@B@@@@@@@@@@A@@@@@@A@@@B@@A@@@@B@@B@@BA@@@@@@@@A@@A@@@@@@@@@A@@B@@@@@@@@@@@B@@@B@@A@@@@@@@@@@@AB@@@@@@@@@@@BA@@@@A@@@@@@@@@@A@@@@@@@@A@B@@@@@BA@@@@B@@A@@BA@@@@@@@BB@@@@@BA@@@@A@@A@@@@BA@@B@@@@AA@@@@@BAA@@A@@@@@A@@@@@A@@B@@@@@B@@@@@BA@@@@@@@A@@@@@@B@@@@@B@@B@@B@@@@@B@@A@@@@B@@A@@@@@@B@@@@@@A@@@@@@AA@@B@@@B@@@@@@@@@@A@@@@B@@@@@@@B@B@@@@@@@@@@@@A@@@@@A@@B@@@@@@@@A@@@@@@@A@@B@@@@A@@B@@@@@@@@A@@@@@@BA@@@@@@DA@@@@@A@@@@B@@@@@B@@A@@@@@@@AB@B@@@@@@@@@@@@@B@@@@@@@@@B@@@@@@@@@BA@@@@@@@@@@B@@@@@@AB@@@@@@A@@@@A@@@@AB@@@@@B@@AB@@@@@@@B@@@@A@@BB@@@@@@@A@@@@@@A@@A@@@@B@@@@@B@@@@@B@@B@@@@@@B@@A@@@@@@@@B@@@B@@A@@@@@@@A@@B@@@@B@@@A@@@@@@B@@@@@@AB@@@@@@@B@@@@@@@@@@@@@B@@@@@@A@@@@@@@@B@@AB@@@@A@@B@@AAA@@@AB@B@@@@ABA@@B@@A@@A@B@BA@B@@B@@AA@BA@@@A@@@@BABB@A@@@@@AB@B@@B@AB@D@@A@@@A@@@@@ABA@@@BB@@@B@BA@@@@@@BA@@B@@BB@AAB@@AB@@BB@@@@@B@BA@@BA@A@@@@@@@ABB@@@@@@@@B@@@@@@@@@@@@A@@@@B@@@@@@@@@@@@@@@@@@@@@@@B@@@@@@@@@@@@@@@B@@@@@@@@@B@@@@@@@@@@@@@@@@@B@@@@@B@@@@@@@@@@@@@@A@@@@@@@@@@@@@@B@@@@@B@@@@@@@@@@@@A@@A@@@@@B@@@@@@@@@@@B@@@@@@@@@@@@@@@@@@@@@@A@@@@@@@@@@@@@@B@@@@@@@@@@@@@@AA@@@@@@@@@B@@@@@@@@@@@B@@@@@@@@A@@B@@@@@@@B@@@@@@@@@@@@@A@@@@@@@@A@@@@@@B@@@@@@@@@@@@B@@B@@@@@@@@@@@@@B@@@@@@@@@@@@@@@B@@@@A@@B@@@@@@@B@@@@@BA@@B@@@@A@@B@@@@@@AB@@@@@@@@A@@A@@@@@@@BA@@@@@@@@B@@@@@@@B@@@@@@@@@@@BA@@@@@@B@@@@@@@@@@@@@@A@@@@@@@@@@@@@@@@@@@@B@@@@@@@@@@@@@@@@@@@@A@@@@@@B@@@@AB@@@@@@AB@@@@@@@@@@@@@B@@@@A@@@@@@@@@@@@@@@@@A@@@@B@@@@@@@@@@A@@@@@@B@@@@@@A@@@@@@@@@@@A@@@@@@@@B@@@@@@@B@@@@A@@@@@@@@@@@@@@@A@@@@@@@@@@@@@@@@B@@@@@@@@@BA@@@@@@@@@A@@@@@@@@@@@@A@@@@@@@@@@@@@@@@@B@@@@@@@@@@@@@@@B@@@@@@@@@@@@A@@@@@@@@@@A@@@@@@@@@@@@@@A@@@@@@@@@@B@@@@@@@@@@@@@@@@A@@@@@@@@@@@@@@@@@@@@A@@@@@@@@@@@@@@@@A@@@A@@A@@@@@@AB@@@BB@@BA@@B@@AA@A@@@@@B@@@B@BB@@@@@A@A@@BAB@B@@@@A@@D@@@@@@AA@@AB@@@BB@@@@B@AAA@@A@@@@BA@@B@@BB@@A@@@@@@B@@@B@@@B@@AA@@@B@@A@@@@B@@B@@BA@A@@A@@@A@BA@B@AB@@@@@A@@@B@@@BA@@@@@@@A@@@@B@@@@A@@@@B@B@@@@@@AB@@CA@@@A@@@B@@A@@@AB@@@B@@B@@B@B@DADA@@@@@@@A@@@A@@B@@@BBB@@AB@B@@A@@@@A@@A@@@@@@@@A@BAA@@@@A@@@@@@@@@@A@@@@@@@@A@@@@@AB@B@@@@@B@@@@@@@@A@@@AA@@@@@B@@@@ABAB@@@@@BB@AA@@@@@B@BA@@A@@@A@@@@@@@@A@@@@A@@@@A@@B@BBB@@@@AA@@@@ABA@@@@@@@@B@@@B@A@@A@@@@A@@@BA@@B@@@@A@@B@@@@@B@@@@@@@CA@@@@@@@@@@@@@A@@AA@@@@@@B@@A@@@@AA@@B@@@A@@@@A@@B@@@@@@@B@@@@A@@ABA@@AB@@@@@BAA@@@@@@@AA@@@@B@@@@@@@@@@A@@@@@A@@BB@@@@@AB@A@A@@A@@@A@@@A@@A@@@@@AD@@AA@@BAA@@@A@@@BA@@B@@@B@A@BA@@@AB@A@BAA@B@@A@@@@AB@A@@@A@@@@BA@AB@FAD@BCBA@A@@@ABE@ADEBCDEBC@@B@BCDEDABCBABAB@DCFC@@DAFAHCFCFADAFADAHADAD@B@@AB@DAFABAB@LEF@LADAB@DBD@DAD@B@FBB@@@@@BAA@@AAA@A@AA@@AA@@AAA@@AA@A@@@AA@A@@A@@@A@@AACA@AA@@AAA@@AA@A@@@@A@@@@AA@AAAAA@@@A@@A@@AA@AA@@A@@@A@A@AACAC@@@AAA@A@@BC@CBABA@AB@BA@AB@BA@@@AB@@ABA@AB@@@B@@@B@DBB@B@B@B@@@B@@@B@BBB@BBB@@@B@B@B@B@BAB@@@@@B@@AB@@@@ABA@A@A@C@@@@BA@@B@B@@@@@B@@@@AB@@@B@B@@@BA@@B@@ABABA@@BA@@B@B@B@BAB@@@BA@AB@@A@A@ABC@CBC@CBC@A@A@A@@BA@@BA@AB@BA@@B@HA@@D@@@DA@@B@B@@@B@D@@@D@B@B@@@@@B@@A@AB@@A@@@AB@B@BAB@@@@@@A@@B@@AB@B@@@@ABA@@B@B@B@@@B@@@@AB@@@AA@A@ABA@@@A@@@ABA@@@A@@BC@@BABABA@ADAB@B@DA@@JAJADAB@B@D@BBD@B@D@BAFABABAD@@A@A@A@AAA@C@ABABCDAB@B@DBB@@@BABAB@DA@@BA@@@A@A@@@A@@BABA@@@@@A@AAA@A@A@@@@@@@AA@EA@@@AA@@@@@@AA@AAAA@@BA@AB@BA@AB@@AD@BAB@B@D@B@@@@@B@@@BCDA@AB@@AB@BAB@@@AC@@@C@@BA@A@@@@@@BAB@@@BAA@@A@@@@BA@@DA@@GAFEAAADIC@@DCKABACA@AHDDCB@DB@ADADCBBBCCCBA@AC@@ADA@@LG@AEBAAAB@@EC@@JEScxwI@@@@BA@@@AAAAAA@AA@@@@@@BA@AB@@CAA@@AAA@@@AA@@@@@@@ADABA@@@@@A@A@@@A@@BA@@@@BC@A@C@C@A@@@A@@B@@@@A@@@@@AB@@@@@BA@@@@@@AC@C@@@@@@BAB@B@@@BA@A@A@C@A@@@AB@DA@A@ABA@C@@@AB@B@DA@@@@B@@A@ABA@@BAB@D@B@B@B@@@BABA@@B@BA@@@@@A@@B@@ADADA@AB@@ABABADA@@B@@AB@@@@@AA@A@@@A@@@A@@@AAA@AA@@@C@AAA@A@B@@ABAFEFGFGFEFIFEBCBABADCDAFEDCHGFEJGDCBCJBH@L@B@JAD@J@BADCHEDCDCFCBA@@B@F@HBD@B@\\F`DJBXFPDBA@CBA@ADGBABCBCDG@@BCBADIBA@@H@H@H@J@B@DAB@HAH@F@LAB@D@BBB@BBD@B@@@F@D@BBD@L@H@LBDA@@BAHGFGDEBCB@AC@AAOAQAUAIXAhCJ@BMBM@ABKBID]JKLOXIzUS_ASuM]gAsx@@JIHIFGFEFGFEHIFEDEFGHG@@BARUFQLI@LO^UF@QUI@AAA@K@]tYrYJILMLIbaN_^QJENKDALKVUfMJODEHKPUBA@@BABADEJKbDBEBCBA@AAAAAAACAEAECGCEECCAA@CAAAACAAAA@A@C@E@E@E@CCCCACAC@CBC@C@AAACAGECACAEAGAIAE@GAE@CAAA@@A@AACAGACCGAI@IAGAEACAAAA@A@EAI@CAA@CCGCMGCAA@@AA@CAEACCA@CAECC@CCCAIEEAGECCECCCCAAAC@EAE@CBC@EDEBCAC@MEGCCAE@G@C@C@CA@A@CAAAAAAGEC@EAIAIEGCCGQGCEIMECEAG@G@A@CAECGCCAACACGEAACCAE@CBCBAAEAKAAAC@CBEBG@AACECEAGIEEGCCACCGGGAEAI@GACAEAEEEEKEKEEEGEKEEAgFKBKBQ@KAQ@KAIAECMEGEECKEKAG@I@E@IBI@GAGAOIKIMIIEKAKCECAAE@GCIEECCEYEQEUCM@IBIBC@OAMAKAG@E@C@EDA@A@MDEBIDKFKFMHCBIFGBO@IAQ@UAMAMASAUCOCKBK@Q@WEM@M@Q@MBQ@O@OAIAIAKAQEKAQEIAK@I@CLAJAFGNITODIF{fWPEDZXPNRRALAR@HN`DHPABH@@FP[NFFqf]JkRKEqUMVQTAVAH@LDfGBWBOAMEICKEMC]EOASCM@M@O@OBKAI@YDSBMDM@Q@Q@OBOBMBKDMDODMFQHOJIHKLIDGBMJNJTBzNFHDFFFBFBHAH@JALIRILIFKHGFGBGTAVBLBDN@L@B@AAB@@@LPBB@@@BAB@@ABB@@BB@@@@B@BAB@@BB@@HBDBBBHFBBFHBDDD@@BD@B@@PLNHDBHDFBTFD@PDFDB@NBBBB@HBBDDDIJBB@B@B@DAB@@@B@@AB@B@BDF@B@@@BHDXLMPA@CBID@@BBHBFDL@CF@@RDBPCLA@MACFGJI@OEABA@EHQAAAABKJCBCFEFABKL@BMRAD@B@D@BCJ@@B@BD@B@@@BAD@@@B@B@D@B@@@@@@ABA@EJA@CBBBB@BDB@@B@B@BAD@@@BDD@B@@CD@BDBBBBB@@@BAD@@@B@@BBD@@BB@@D@DA@A@@B@@@B@B@@@B@@CBE@E@CBOLMFGBQHKHGJCJ@FBDBL@JAHEDIHOFMH]~BVOH]DCh]R@J@NFLLrDTHLLLCPBLKXUTOJaHMXC^ILKPGTQZEV@TCXMLI\\W^GPCN@\\B^HZAPXHRNLJFNMNHNJNAP~JNHutSTCNBVP\\UXM\\EVIRGN[HMNQRMPQVDNCN@ZJNLREPSRIXYPET@D@BA@@B@BFF@@ABBB@@A@A@A@C@C@A@AAI@A@EAA@AAA@@@A@A@AAEAC@C@C@C@A@A@AAGC@@A@UHQFA@AD@B@B@B@BBB@DAD@FAB@@BB@BABA@A@C@@B@BABAB@BA@@BABCB@@C@AD@@AB@B@B@BCBA@@BCB@BA@EBA@@@CBAB@B@BA@@BCBA@@BB@@DBB@BABADABABAB@BEDAB@@B@@B@B@B@B@B@BABAB@BA@@D@@ABCBAB@DA@BD@DAD@@@BB@@BAB@BA@BD@B@@ABBDAB@DAB@@B@@BA@ABA@@BA@A@C@iOYAOEMC[AYKWWYIYC}vOFSAiEGBDD@B@@BD@@ABKBGDC@ABA@@D@DABABADA@ABADABCD@B@@@BABCBABCDA@@B@BAB@@AB@BA@AB@B@@BDBB@B@@ABAB@@@B@BBBBB@B@DAB@BBBAB@@ABEBADA@A@AAAAA@@@A@AB@BA@@D@@A@A@A@C@ABA@AB@BA@ABA@AAEAA@A@@BA@CBCDABCBAB@@ED@B@BA@@B@@A@A@A@E@C@A@AB@@@B@BABA@C@A@@@A@@B@BABCBA@CBCBA@A@GD@B@@BB@BBD@BCBGDEDC@@BAF@B@BBB@BB@BB@@AB@BBBBBB@@DBBAJ@B@B@@DBBB@B@B@BA@@B@B@B@@AB@@@@DF@BBB@B@@DB@@BB@B@B@B@B@B@B@@@DA@CBA@AB@@@B@BA@@@BD@BCDAB@BB@DD@B@B@BBBBB@BBBBBDBBB@@BADCHELGDBDAF@DABABADCBADAD@F@H@HAH@DBHDNBFBHBFAB@FAFAF@DAD@F@JBJAD@FABAFAB@DA@@D@D@FAJ@DAB@DADABAHABAB@D@HAD@H@B@@B@B@DD@BBBD@@@BCHAB@BBB@BBB@@@B@@@BBBB@AD@D@@BBBB@@ABEBA@CBCBABAB@BADAB@BA@@BA@CAC@AAA@CBA@@@@B@BABA@CBA@CB@BCDADA@A@@@AAECAA@@C@CBABA@AD@BCBABABABABAB@BAB@@A@A@C@A@@@@@BBDB@@@B@BDB@B@BAB@BCBA@@@@BB@@B@@ABBB@BAD@@A@CBC@C@AAC@@@A@@@@BB@@BADABBBABEFCBCB@@ABB@@@BBFB@@DB@@@BBB@BAB@BAB@@@@@@DJB@BBBAB@@B@@@B@B@BDDBBBBDBB@@@DAVKB@HADADABADABAFAB@FAB@BCDCB@B@B@DDB@DBF@BBDBH@@@B@AB@BABA@@B@D@BA@@BBB@@FB@@@B@BDD@@BB@BBB@@B@B@@@@@@@@@ABAD@B@@A@ABA@IHABA@@@AAA@IAA@KBCBIDCB@BA@@@@@BB@BB@DBDBDDF@FDB@BBD@BBD@DBHBKDCBCDCBA@C@A@A@A@@@A@A@A@@@CB@@A@@@@@CC@@A@@@C@A@@@CAC@C@G@@@@@@@BD@@@BA@CDA@AB@DADA@@BA@CDGHEFEDA@CDGDCB@DAB@FABBFBLBDBPB@FHLLFHFHFDBDFFBBB@DDDF@F@@F@BBB@BB@BDBBB@@@B@BB@B@BB@@B@@B@B@@BBBBDB@@@BBB@BBBB@B@B@B@DBD@BDB@B@@@B@@A@ABA@@FCDA@ABADABAD@D@BAJADAF@BABAB@D@DAB@FADAB@D@DADA@@D@BAB@@AB@B@BAB@BA@@B@DBB@@AFAD@@@B@@ADABA@@BAB@@ABAFA@AB@AC@ABA@C@AAAAA@@BADC@A@@AC@AAC@@@AB@@ABA@A@@B@@@@EA@AA@@@A@@F@B@@ABA@A@CAC@@@@B@B@DAFBD@DABABAB@@@B@D@D@D@B@@@B@@@J@B@@@@ABABA@@DAD@D@@@B@DABC@@D@B@@@DAB@B@D@DBBB@@AD@@@BBB@@@BBB@@HBBBJDBB@@BB@@@DBBBBBBB@@@BB@@BBB@B@BB@@@B@@DBB@@B@@@B@@BDBBB@@@@BAB@B@@@D@DBBBBBB@@@D@BA@CDAB@BAFAB@D@@@B@@@BA@@B@B@BBB@@AB@B@B@B@@@D@@ABCBCFABCDABADADAB@@BBHBHD@@@@AD@H@BCD@@CBEBCBABCDABA@CBA@C@EBC@@BA@ABEDABA@@@C@A@CAC@A@@BA@A@A@@BA@A@AB@@AB@@A@ABA@ABA@ABA@@BA@@@BB@B@B@@@@@BA@A@A@AB@BA@@@@B@@@B@B@@@B@BBDBB@B@DBB@B@D@DBD@@BDBB@@BBB@B@B@B@@@BBB@BB@BBB@D@BBB@B@B@BAB@DAD@@@BA@@B@B@BA@@B@@@@B@B@@@B@@BB@@@B@@@BBDBBBDBDBBBDBDBBDBJAD"],"encodeOffsets":[[122202,46339]]}},{"type":"Feature","id":"150429","properties":{"name":"宁城县","cp":[119.339242,41.598692],"childNum":1},"geometry":{"type":"Polygon","coordinates":["@@@@@A@AACAAAAACCCACAAACAC@A@A@@B@@ABA@AB@AA@CAA@E@A@A@@AA@C@AAI@CCGACCAAACCCAAAC@AAAAGCAA@A@AA@AAA@AA@A@A@AAAAA@C@A@@@@@C@ABADEBADCDADAB@B@B@BAFABAFAD@BADABABA@AAAAA@AAA@A@AAAA@@A@CAEAAC@@@AAC@@AA@@AAACACA@ABABAB@B@B@D@DBB@B@B@BABADEBABCBE@C@A@ACAGCEACAAAAA@@@A@AAAACAAEC@AAA@CBC@A@ABADC@A@ADA@ABAAA@@AA@A@@BCDABABC@ADADEBA@C@CAAAGBC@A@@@@@CBA@CAA@AA@CAA@@AA@@A@A@A@@@A@A@@BAB@BA@ABA@@@@@AAA@AAA@A@A@@DC@@@@@A@@@A@@@ABA@A@@B@@@B@B@@@B@BB@BB@@B@@@BB@@@BBB@B@@A@@@@B@@A@@B@@B@@B@@AB@B@@@@@@@@A@@@@@@A@@@@@@AAA@@A@@A@@BADABAB@BA@@@C@A@@BADAB@DCDADEBABCBAAA@@@CBAB@@@DABAB@@@@AB@BAD@DADADABA@@D@H@D@D@BAB@@@@A@@BAB@@AL@B@BA@AB@BAB@@AFED@H@BAB@D@B@B@B@FCDC@@F@B@JCFABA@@BADI@@@A@@@@@AC@@@A@EAC@A@@ABAFCBABCB@DC@C@A@A@A@@AAAAAAA@AC@@E@ABABA@ABA@CBCB@@@AAAAA@AA@CD@@@A@A@@KB@@EB@BAB@@@@A@A@A@A@@AA@A@AAA@A@A@@@A@A@@@A@AB@@ABA@@AC@A@A@A@A@A@A@AB@@A@A@@A@@@@@ADCBABC@AB@BC@@BA@@A@@AA@A@@@C@A@@AA@@ABA@@B@BADA@@@@@AAAA@@@AAA@AA@@@A@@B@@@@@B@B@BA@@BB@@B@@A@@@AAC@@@@@@B@B@B@B@BC@A@A@AB@D@D@B@@ABA@@BA@@BABAB@B@@A@@@A@@@A@@@@AA@A@A@@@C@A@AB@@@@@D@BB@@@A@@@@@A@A@@BBBBBB@@@@@AB@BA@@@@DBB@@@B@@@@ABA@ABA@AB@BABABABA@ABAD@@ABC@@@A@@BC@A@AA@@@A@A@A@A@C@@@A@DGDKDK@KAE@GCEAAEAMCMGKIEICQAI@@BAAC@@@A@AB@@ABA@@@A@A@E@AB@BAB@@A@A@A@AAAAAAAA@A@CAC@CBCBKIIEIEMAOAGAOCK@M@GCAABGFEPGLCJEFCAGCICCECEACCBE@CFGDGHKDIDICICGAEGACAEDCDCFDH@FAH@FCBE@ECCCAKAGCICCGCMAMAMAI@K@KBKBKACAEEACAC@CKCG@K@MEICCE@EBIAOACCEGCE@E@EDIDGBIFMDKDKDOBI@IAIBM@MBKAK@QCOAIAMDMBO@I@IASBMBUBIDKDOFIBIBI@IAS@M@I@KDIBEDEFIFGBGEGMGCECI@G@K@GAG@GAKAK@KAMDMHIHGFGHEHEJKLINEHCJAJCHDFHPBF@DADEBG@CAEAGCEAMCMCMEWGMCI@KCI@ECAIAIAMGOECIAMAMAKBKDMDMDMDKFQFONKFGDIBEAMBOAQCIAI@KAOBQ@ODO@MBMFIBI@C@G@MAOCE@K@K@GBGDGBGAI@GCGEEAICE@E@OAK@I@K@SAICO@KAMAOCGAICCAGAECCG@G@ECCACEEIEGAMAIBGDIFGFKHIJILIJCJ@J@H@J@JAH@J@HJJJHFFBDAFCDGDGDIDCH@DBLFPBL@JEHEHEDIHEHKJKFMDGBIDIDMFOJQBIDCH@HDDJDL@J@HBHBDFBFFJHHDFHJJJBFAFCJEJEFCNEH@J@LJLHBBD@FAFF@JBLBHDJBHDLDPHJDJDLAJALCRCTC@@@@DAR@NALBL@NDNDPFHDHHFHBJBJ@N@JEHBJBFHJHDHFLFHFDDDJBJ@JAJ@HDHBNDLDFJFJDJBNBPBJBRFDDJFLFLFDDLHJFJBH@FCJ@NBLFRHNHNHJHHHHHHNFLDJBHBDFLFJJHJHBDBJBHBL@NDLFHJFJHLBNALCHCL@HAJ@LDLBJDLHLJJFPHRHPBVFL@LDHBLBR@NANCNAJBRBL@NBRBP@RBFERCRBR@JBNDLFFBHDPJTHTFNBHDLFLFVFHBNALAREPGNILIHENMNIJGHEZLRBFD^@ªMVFRJh@XJ|GXMNCZBfC\\NPBHBVB"],"encodeOffsets":[[122191,42858]]}},{"type":"Feature","id":"150424","properties":{"name":"林西县","cp":[118.05775,43.605326],"childNum":1},"geometry":{"type":"Polygon","coordinates":["@@DAJCBAHCDCHEDCDCFAN@FDJADC@EDCFEHKEMFWLU@M@MVUXSTWF]PQBMBSIKX]^YV_PCBADABAFCB@BAFADADAF@BADAHADA@ABGBGBEBGBMDODQF_BCA@EBA@ABABC@E@EA@@AA@AYESEMCSEMAC@A@C@A@IAA@@@ABKJ@BCBCDA@CBEBMFMFKDCAAAAA@EAECCCAE@CACECCEAMEKIEIGIIGECKAKEKAIAAFAFFJHNBJ@FDFBDADEDQJODIBGDCBMAHMBMAAEACAEAOIDEBEBCBAFOBCHELEFEHI@EAGAE@GBC@EHKdUIYFMPGASNKAEAGXa@KIIF[OQVICSVGJMCWVOPYLQZKHYLQACBGDIBCDCBADCHKDEJSFEHGDA@GACOGFEleFCDEOIJGHEHEJGFAAAHCJE@@B@@@HAkBYAJMCUMS@aPIFM@EE[YqGOQSGiKQIEIA_KSDGEK@UJSZOFO@G@IAICOAKCI@ICKDIDIDEH@F@JJFDFDFBH@FAFCHINEVATAPBRFJFHFDFNDNBPGLCNEJIFKNGVAVCPAP@NBLCJALEDEFEDIHIJGTCP@N@LCN@LKJKPOJKRSLKHGHGROLIJEJGJEHGB@MKD@ZEVGDA@E@EXQ@A@A@IK@SBaFSBIBM@KAKA³OQAJVA]PIH]DuKDWIme}KY]AOEY@}NCFDFBDBFHR@L@HAFELGLSPKLEDGLEL@H@LJPFHBF@HADCDGBI@OBEDEHCHAHCHCHEHGNKLEFGHGDI@KCMGECKEOAW@SFKHAHAJBJBJAFELGBIBIFCDCFDHAHALAFGFKDIFMLCFAF@F@FBHBFDJFPHJDJDF@B@D@D@F@@AB@@@@B@D@@ABBB@@@@BBB@@DBB@B@B@B@B@H@FBFB@@DA@@B@@B@@@@B@BBB@@BCD@@@BB@BB@@@B@D@BBB@B@B@BB@D@B@@@@@BDBD@B@@@B@@BB@@B@@BA@UJ@@@B@B@@EA@@ADAFCAAHCLDDDBD@FB@B@L@B@BEBA@@BAB@@@BBB@@@@C@@@EFCDA@ADCFA@@DAB@@@BABB@GJGHGLELIPGLCNCHAL@H@HAJCHCHIFEDEDIDKDIHGHIHELCJCHAHCLKRGHGDEHGHCFCPAFBHAHAFAJ@LAJEHGJIDGDGDIHIJGJGLCPCJAHAHFJDBBFAFEFEBG@GBE@GBGDCFEFGLGPEHCHCHEFCLEFEDIDEDGBGDIHGNAH@J@HAHANETCHCJCJEPADCREFIRMRGFCBQDIFIDCDEDCD@DFFBDAB@FAB@DBDDBBHBCDEDABAHCDAFAFAFAB@RAD@D@BBB@D@DAJADAHC@@DCB@DCB@BABBR@J@B@B@FADABA@@B@@@D@B@@@@BBBB@B@D@B@@CB@F@BBD@@@B@DA@BB@BD@B@@DBJFJBD@FBB@DAJAD@B@DAJ@FAN@B@BBD@DBB@BB@@BHABABABA@@B@@@BB@BD@B@@@B@BBB@BDBB@D@@@DBBBH@DB@BBBBBADNBLJHJHPfJbFLLBL@THNRJbZjPbI\\GjA^C\\Q^B^F\\CTEPETLNR\\HRHVTNHRGNCZNXNTXJTOR@PNDJHRBBAF@B@BDDDB@BB@BBBBBB@DCF@@BBBBB@B@F@B@BB@BBDDBDDDDDD@BBBB@DBD@D@B@B@B@D@BB@@B@@@BA@ABA@CAA@AAA@AAA@A@@DAFCD@PANQXFHF"],"encodeOffsets":[[121100,45304]]}},{"type":"Feature","id":"150426","properties":{"name":"翁牛特旗","cp":[119.022619,42.937128],"childNum":1},"geometry":{"type":"Polygon","coordinates":["@@D@H@H@J@JCLCHEFEFEFCFCHCNAJCJAT@N@T@R@R@RBTBRBNBRD`@P@VAXETCRELAPAZEREZERGREL@L@T@T@RAN@RBNDLDN@NBRDNDPBPCNAPCNAPCLCNANANANBDFFBLANEJCLAP@LALARETCNAN@JBLBJ@NBRBL@JBJDPBNDTBLBN@PBL@NBJBJDJDJFLFNHJFHFHNJHNFVFTDVDR@\\@PFHBRALEJAPANDNBJBLDT@T@R@RAXCTAR@LAR@NAJCHAJCL@T@NDRBVFNBP@H@JAJEDCFEHCLALAP@NBJDDBHBJ@LBL@N@FBJBHFHDHDRHRFVBPBTDVDNDPDNFPFPHJDJBJBLBLBNBNDPFJBLBJBPATBF@JDPFLDPFTFTBP@P@PAPBJBJFNJJFJDNFNDRDNDTDNBTFPBLBLDPBRFPDLFLBL@VBR@L@J@L@JBRFLBRFLBJBJBPBP@R@NAR@N@N@XFR@L@LAPDVDTBNBNBVBR@JBP@HAJEDANGLELEJCFANCB@B@FCD@F@H@LBNBPBD@JAJAN@VDRFZFFBF@L@VAF@JAJBL@LDNDF@J@F@DADAB@D@J@F@D@DAF@D@DBRBJDH@FDDBF@D@H@B@D@DCHADAF@F@FBPDVJRFNFNBN@H@F@F@DBFBF@FBHBD@B@D@D@B@B@D@H@B@DAD@D@F@J@HDLDNJHDH@LBH@HBH@HDLHFDJ@H@H@D@B@HDFFDDDBDBB@BADCFEDAD@D@BBBFBBHDFDFDHBH@HDB@AAAAAAC@AA@AA@AA@@@AAA@A@@CGAC@C@CAC@CAA@ACAC@CAG@CAC@CACACC@@CAE@CACACAAAAAAAAAC@AAC@AAAAAAA@@AEACACAACACA@@AA@@A@@A@@AA@@@A@@@ACAE@AAA@CAA@C@C@AA@AAAAA@A@A@A@@@A@AAICCCA@@AAACEACACACCCCAAAC@CAEACAAAA@@A@C@AB@@A@AAA@ACAACAA@AA@@A@@@A@A@@A@CACAA@@AA@@@C@A@A@@A@@@@@A@@A@@@AA@@@@AA@@@@A@@@A@A@A@@AAAA@@A@@@@@A@@CC@@@A@@@A@@A@@AA@AA@AA@@A@@@A@@@@@AAA@@@A@@A@@@A@@@A@CAAACAECA@@A@ABC@A@@@A@@@A@@@@AAA@@AA@@@@@@AA@A@@@A@A@@@AAA@@@A@@A@@@@CAA@A@A@@@A@A@A@AAA@C@AAA@AACCAACA@AAA@AA@AA@@A@AA@A@@@@A@A@@@A@A@CBA@AB@@AAA@@AAC@A@A@A@A@A@@AA@AA@AA@@@@AAAAA@AAAAA@AA@AAAAA@AAA@A@A@EAEACCC@@CCCA@@@AAA@@AAEA@@AAA@@AA@@@AA@A@@@A@@@A@@AA@@@@@A@@@@AAAAC@CAA@A@A@@@E@AAA@@AAAA@AAA@A@@AA@AA@@C@A@A@E@AA@@CAACAAAAAAAA@@@A@A@A@AAA@A@@AAA@AAC@CAAAAA@@AA@@@@AA@@@@AA@@AA@@AAAAC@CAA@@AA@@A@@@AAA@@CAA@E@CBE@EBC@CAA@CA@C@A@ABEBABAAA@AAAAAEAC@C@C@@AAA@A@AAA@A@A@C@G@AAAACAA@CACACAC@A@E@A@A@A@AA@@A@@@ABA@AB@@A@AA@@AAA@@CAC@CAC@AAEAAAA@EACAA@AACA@AAA@AAAAAECEACAA@CAA@G@C@A@CAA@CAAAA@@ABA@C@C@@ACAAACBA@ABAB@B@B@DBDBBBD@B@@@D@B@DABA@@@A@A@AA@C@A@A@AAA@AA@@A@A@AAC@A@AAA@@@@@@A@ABA@@@A@@AAAAA@A@ABABA@ABEHA@A@@@@@CD@BAAACAA@AAC@@A@CBCDDFBDGFEAEA@AA@AAAAAACA@ACCAABC@AAAAACCGECCA@@AA@AAAAA@@A@A@C@C@AAA@@AACAAAA@@AAAA@@@AA@@AA@AAA@CBAB@DG@A@@@A@A@ADGD@BADADAB@B@@C@A@A@CAA@C@AEC@ACAACACACAA@AB@@A@A@A@@@A@@@A@AA@AAAA@@@A@AA@@AA@@A@@AA@AA@AAC@A@A@CACAAA@@AA@@@@@@CACAABAB@@@@ADCBADCD@BA@A@CAAC@@@IECA@A@C@A@CAA@AAAACACAC@BABABA@ABC@ABA@A@A@@@@AAA@A@A@@@A@@AAAA@@AAAA@A@C@C@C@A@C@C@A@AAA@AA@A@CAE@CBCC@E@AACAA@AA@A@AAA@@AAAAA@AA@ACAAACAC@AAC@@AA@@@AAEAEAE@EAG@CBA@ADC@C@A@ABC@E@GDEBIDOFW@aMUBY@DYQL]DYAETMEWOYLSLYFMPgD]H_FSREHFTOFUMYE{BuSiBKA[UEaYuJcoWGQJa@OOKG@QNSECGJKP@FCFS@KIKSC_HWBMCCGDsAMI[UOQASa[KCGCIICKCIDIBKJMJOHIHEHCDCJIFIJGPIJCLELIJKFKBKAGCEGIMGKEQEICMCMAECGGEKGIKIIGKEKESCIAKBCACFABCDADCBCFEHCFCFGDMHKBMDGDEF@DFJDDJNHJHPBNCJGHMDMDMDQCEAEOGMEGKGKEM@OCOCOAI@E@I@I@YBWBQFODKDOHIFEHCJ@HBH@FCL@N@JCJCHEBIBOBOBQDSDGFIHEDI@CACEGEGGKEKEKAK@G@I@ICUCGCGCGICE@I@EAGBIDMBKDIHGHGHGHKJMHKDCD@JAJ@J@HAB@@CBAAE@ACA@@CKCGECEAEACCCBA@AA@@A@A@C@CBABA@C@A@A@AB@@A@@@C@CCA@AAA@C@CAA@ACCCCA@@AA@ABABC@A@AAACA@A@C@ABC@GAAAGCE@GAA@G@K@A@CAAA@CAE@ECC@A@A@A@A@EGEEGAOGOAK@IDGDADCHBHBL@HEHADIBI@IBKAOAOAKAKAIBKAAC@GAIAEACGEEIACCCKKKCKCICIAMGIEMKIGIEICIEGCMCKCKAO@KAM@KCIAGCIEEAGAK@I@KAMBY@SAQBM@KAIAIEKCEASDCDBHBF@LANDJJJLFHDJBN@HBLBFF@FADAFEBM@I@M@KFKDKFKFMFIBE@G@IAOGKAOBEFCFCFADKBEBIBICIAMCMGICGAG@GBG@KAICGAIAKAKBMHEDCJGHEDIFKDIFGDMJKNKNGJIHMFMBSBMAO@M@KCOEGEGCGCG@KBIDIDMBWBKDKDGHIJCHCJAJAHIFQBI@IEIIGEGCGAG@IBGDGDGDGFKBGBGDE@EAGCICKCKAI@GHGJCFAHADEHGBIDOAMCIAEEGCCECAGAGCG@GDIBGBIBQBMDKBOBSFKBMDODWDYDUDSBQDUDYBWDUFSDQFUNMJKDIDKBOAS@Q@WBSBQ@QAKAMCGAKAMAQAOGICSESIMGMGKEICECKEMEGAMCQDMBK@M@GAIAGAQAOBOBKBS@S@OAM@IDMDKBKBSDQ@ODGBKFGBGBDH@JBJFFHDFBJ@HAJAH@HBHDHDHFHJJHRNNHLFJFPJJJHJLJJHHPHJLJJHNFFFJJPJNPLFNHRLRJTFPDTDXBVDTBVFNDNJPJLBTDNHHFFDFDLJ`AbRlH\\VNRn~^@TSRGFKPELB`ZNTB`GXBZER[pybOVJTCNXlRN@N`XA^DDNJDDFF@F@D@D@HADDHBBBH@HBH@HBH@FEFGHIJGHEFEFEHEDALCNAN@RADCFAFEFCH@JHFFFFFFDBFHHFDBFBFFHDDFDDBRBL@PBP@HAF@DAHEH@HAH@LBNDLDLHHHFHDFFH´PLBLBN@JATAbETAL@"],"encodeOffsets":[[121427,44311]]}},{"type":"Feature","id":"150428","properties":{"name":"喀喇沁旗","cp":[118.708572,41.92778],"childNum":1},"geometry":{"type":"Polygon","coordinates":["@@HGHAT@FC@CAK@KBEHEHIPWLIVBJBPJHHNJJF@@B@@B@B@@ABBD@@AB@@@@B@FAD@J@FAH@D@BABAB@DGBABABABCBA@DAB@B@BB@B@@BBBB@@@FABABABAB@@@@@@AB@DCB@B@B@B@BAB@DAB@@@CAAAAA@@@A@@DABA@@DA@@@ADADAB@@A@@B@DAD@@A@@A@ECKCDADIBODGHAPAJC@GAECKMKGCEBGDIFMACG@GGCI@YCEA[BUBGA@CDMAIEMBCVUFCJ@LBDBDAB@DEDADBJDTBH@RCHD@BB@BA@C@@BADABAB@F@@@B@D@B@DABB@B@@F@@@B@F@D@FBF@BHBBBBBBB@B@BBDDBBB@BB@B@D@BHDDFJHDH@FAT@FFLTHF@NADAB@B@@BFB@@B@F@D@BAB@BAB@BA@@FABD@BB@B@BA@@@@B@@@AB@@@@F@@@@@@BDAD@D@B@CMAICMBKNG\\Ah@L@@ABC@A@A@AAA@@@A@@@A@@@@@AB@@A@C@@@AA@@@AA@@@A@@@A@@A@@@@AA@@@@AA@@A@@A@@A@@AA@A@A@@BA@@BA@@BA@@@A@@B@B@B@@A@@B@BBB@@AB@@@B@BAB@BABABABA@A@@@@@AB@@A@@@A@@@A@@@@AA@@A@@@@AA@@AACCA@@@A@@@AA@@AA@@A@ABC@ABABA@A@AAAAEA@@A@A@AA@@@@A@@A@@A@@AAAAAAA@AAAAA@AA@@@@@A@A@@BCBA@@BAB@@@@ABA@AA@@A@A@C@@BABABAB@BAB@BA@A@A@AAC@@AA@AAC@ACA@AAAAAA@AA@@@A@A@A@@@ABA@@UAGAOA[MeDYAMDWN{HWIg@QIUE©N]@ECQAYKGFIHMJMNGFKJMJOHQFKBMBGAUEKEKEGCMASESGOIGCEAKEMCIAQ@QAQDEFQAO@QAMAK@QAIAMBMDMBQ@KAGAKCK@UEOAQGOGIEKIKGICKAKCI@GBK@GDKDMBKAIGIEEGCK@MAKAGAIACIGIGEIEKACAGCIEKGMGGGGIGMGMGQGKEMAI@EDG@IAIEKGCCKEKEIECCQEIAOAMAIAICIECECKAMCG@GBI@IAICICCGEKEGEGCGIAEAIFG@I@MAIAIEGGGGCOEMCMCK@KAMBQ@CB@@@@SDQDKDIBKBICICOGKCGCIAGCKAIAE@EACFKBECCCECK@KBE@AFEFGFEBE@KBG@MBIBMDKFIFIHKLEPCPANFPFP@JAHGJGHIHKJQJIFMDKBKFGFBDELEFAHBH@N@N@HAFCHEFKFIDEFCFCLAHBHDJDLBNDLBH@NBFFHFPLNHJJFJFNBLBVAPATBNBL@LALCJIDGFIBGAI@IDKHININIHANALDLDJFJHFLJLFNDLFJ@HBJDHDJFLHLNJJHHJDH@JALCHB@BB@B@@BB@@BB@BBD@@BB@BCBABAB@BABA@ABCBA@C@@BA@A@C@@@A@CFABCBCDABEFA@ABA@ABA@CBCBAB@@@BCB@@@B@BA@@BEDCBCDA@C@@BBB@BCBEBABA@E@@@A@@BABEBCBID@@@BB@@BE@ABC@@@DBBJ@B@@BD@B@@F@HBB@DBDBD@HBB@JDB@DBDBFBD@DBD@@@@D@D@@@BGBAB@BA@AD@B@@BBBBB@B@@@BB@@@DBBB@@BD@@@@B@BDB@B@@AB@@CBA@@B@@@BADBB@H@D@BDDBF@BDBDB@@@B@@@BBD@B@@AB@@C@A@AB@@CBC@A@@@CD@@ABA@@BA@@BAD@@A@@@AB@@A@BF@B@@AB@BAB@@AB@@AB@@A@A@C@@@A@@@@@A@@BMDI@E@IAK@IBIFEFEBIDABCFDDF@JBH@R@NBVDJFHDDFAH@BHDBDBBB@DDB@@B@B@@@BA@@B@@BB@B@@AD@B@BCBADAB@@A@E@@@CB@@EB@@AB@BA@A@A@@BA@@B@@BB@B@@ABABCBABABABABAB@D@@BB@D@@@B@BA@@@A@ABCBA@@B@@A@CBA@A@@D@FDJHHLFNBL@V@TAVBTFPFJFTHPCPELELIHINKNERAV@TANELCLAPARBPDNFTJVJPJPBR@P@PCJCHEDGNAJA@EEEOIKEEIBEF@H@TNJDLDFDDDBDH@FE@K@ICM@IBGDEDALDPJFNFJFDDFJFJFNFJFLJJFNHRJRHXD\\DT@TCVAPGNANEJCHAH@JBFBDHBJAL@HAH@HDHBBFD@@@B@D@DBB@BFFDBFFB@FDB@@@B@B@DBB@@B@B@@@@HDFDFB@BB@@@BF@B@@A@ABBBBD@BDB@@@BA@AB@BBDBB@BBBB@DBF@J@B@@BB@B@@BD@@@BDD@ADABA@@B@@@B@B@@A@@@A@A@@B@@@BBBFDBBB@BBB@@BBBDDB@FB@@ABC@C@CBC@G@GBA@ABAB@BBBBD@@BBD@B@H@B@F@F@HA@@@@@B@D@B@BCF@DBB@B@BA@@@@@@DBB@BFB@@BB@DBBB@BB@@BBB@F@@BB@F@D@F@B@@@@B@@DBH@TFBA@B@@B@B@@@@@@@@@BBD@B@BABAD@HAB@@@DB@@@@D@B@DA@ABAB@AAA@@CFB@ADABAB@FADABA@@DABC@@DCFAD@BAB@D@BA@@EGIG@@WIMOQS@@@@EESYD@AAA@QUKOCC@@@@EEBOAWFC@AA@AABEjLB@B@BA@@B@@A@AA@AA@CAA@A@A@A@@@AA@@A@@A@A@A@A@@@CCAA@@@@A@@@@BAB@@ABKD@@@@CB@@A@AB@A@@@A@A@@@A@A@@B@@B@@BAB@B@@@@@@@@BB@BA@@@@BAB@@@@AB@@@B@B@@A@@@AB@@@B@BA@@B@@A@@@A@@@A@@C@@AA@@@AA@@AAA@A@CA@@D@B@B@B@@@@ABA@@CACA@@@@@AA@B@D@AA@@@AD@DAH@AAEC@A@@BA@@AAAA@@@@BA@@@@E@@@CD@@AA@@@A@A@@@@@@@AB@F@@A@@AAE@@@AA@@A@@@A@A@C@@@A@B@DC@@@@AAA@CAA@@@BA@@AAAC@@@@@E@A@@@AB@AAA@@ABADAAA@@JCDBFCJANE@D@F@BB@BABA@@BAB@BADAB@BAB@BABB@@@@BA@@B@@@B@BB@@B@B@@A@@JAD@@A@@@A@@@A@@@A@A@AA@@@A@@A@@BCD@DADADDB@@@B@B@@BB@@@@A@@B@@@B@@@B@@A@AAAB@BADEBAFEDC@@@@@@DAB@B@@@@@BAD@B@D@B@FBBBBBB@@@BAB@@@D@DBB@DABBB@F@@@B@BB@BBBB@DBD@B@@@B@B@@BB@B@BBBBB@B@D@D@B@D@@AB@@AB@@@@@DA@A@@@@B@BD@@DDB@DBB@@BBB@@BBBB@B@@@BAB@@@B@@B@DBBB@@BBDDFB@BBD@BBD@D@B@@BD@BBBHF@B@BBBD@@BB@BB@DF@DA@@BB@@BB@@B@BDB@@BD@BB@BDF@@B@BBD@JAFAD@D@BBBCDABM"],"encodeOffsets":[[121899,43089]]}},{"type":"Feature","id":"150430","properties":{"name":"敖汉旗","cp":[119.906486,42.287012],"childNum":1},"geometry":{"type":"Polygon","coordinates":["@@ABADBDAB@@BF@B@B@@B@@B@@@@CB@@@@@BEDEDEH@@B@HB@@@@IBAB@@@@@BB@BBFD@BBB@@@BB@B@DDBB@@@@EDABA@@@@B@@BD@@@@BB@AB@B@B@@@BB@@@@ABAB@BA@FA@@@B@BBBAFBD@@JBB@B@@B@B@@@B@B@@BBB@B@@BB@@BBBBB@@@BDB@@@@A@A@A@KAC@@@@@@BAB@B@@@@@B@@@@CAABA@@@C@@@ABABA@@@@BB@B@B@BB@@@BA@@@@BFBHB@@BBBB@DAH@B@BBF@@@@@@@@BB@DB@BD@@A@@@AB@@@B@BBBABAB@BAF@B@DAB@BB@@BFFDDBBBB@BABA@@@CC@A@A@@AA@@C@@@ECAAEAA@EAKA@AA@@A@@A@@@@@@@@@AB@D@H@BC@EJCJENALETELIDGFCBAFEH@HBJ@LALCHILMHKDIBKDEDCDCFAFDDBDDLDJ@FAJAFCHBHALCLEFAFGFEFIDKDKDABCDBFDFBJALAFEHCDIBGBIFEDGFEHAFFJDFBFEJKBIBGHCD@F@FALENGJKLKHGDIFMFEDCFAHAN@HDFBFCJCHCDAHBFBH@F@HHHJNFLHJBLBNAJALAL@LAHEHEDI@K@IAM@Q@SAE@@@C@ABC@E@IB@@@@AA@CAAIAA@EDC@ABA@CAAAA@EA@@A@@BE@@@A@@B@@DB@@B@AB@@@@A@C@CAA@A@AB@@E@EAE@ICA@@BA@@BA@BB@@@D@BABA@ABE@ABABA@ABA@A@AAC@AAE@A@C@A@@@AB@@@BBFDB@B@@A@@B@@AB@@EAGAA@CAGCCAA@@@@BAFAB@@AAA@A@CDADABE@C@@BC@CBEFA@BDB@A@@@C@@@ADA@A@A@@@@@@@@AAAA@@@A@CD@BCAG@GAA@CBC@ABC@CAA@CAA@E@CBA@A@@@AB@B@B@@ABABABEF@B@@ABA@A@C@@@CDABAB@@A@ACA@ABA@@ACAA@C@@BABABAD@B@D@B@D@D@BABABAD@BABA@ABABC@@B@@B@DBBB@@@@A@CBC@EBA@C@E@E@@@@@@@A@C@A@AAA@A@ABAB@@@@@D@@@BA@@@@B@B@B@@EAAAIEIF@@@BBD@@BB@BB@KLCCAAAAAA@@CBA@@@@@@C@@@@EB@@A@@@@@@D@BAD@@C@C@GAGA@@A@AB@B@B@D@@BDDD@DB@BB@@AB@B@BB@BB@BFHB@FD@@BDDBDB@@@@@BCBAB@BAB@BBBD@DBB@H@BBDBDFAB@@DDFBAD@B@D@@BH@D@D@FBD@B@B@@CD@@@@BD@BA@ABA@GBA@E@C@CBC@ABA@ABA@C@A@A@ABAB@@A@AACCA@@@@@A@@@MLIDKFGFCFGFCBIBEFABDFBHHFRLVXXXRF`AJD@FDHALLHBH@JBP@B@FADAHAF@BA@ABAHAD@D@F@DBB@@BBBBDBDBDDFBBB@D@@BBBBB@DBB@FADAD@B@DBBBBBBB@@BAB@B@@BBB@@B@D@DADBDBDDFHHJFFDBADBBBFB@JDD@BBDD@DBB@BBDBB@D@B@D@DBBBDHLDD@D@B@DBDBDBDBBBB@F@DAFBFCFILDBLAJBTDLFLFJHLJHJFLHHFDNBNDJDRFLFNHHJDFBHALELILKJKFIDOJIHEJIJCDGDGFGJIPINALCJDJDLJJHDLDb\\TRBVPJ\\BNCtDHNDXA`GTDJL@LETEDO@ILDHTFRMH@PL@PIbHRpXIdZvFb\\VLBjAvT|AZFVNPEESFGTQ`E^GhCNOZETKZKXPNFFSZB^CRKCZZ@VAbNX@PEJCFAHCF@D@BAB@D@D@BCB@DAH@FBF@FBFBBB@@B@@BD@BBD@DBBBDB@BBBB@BBBB@@BB@B@BBBB@DBBBF@D@AD@DBF@D@BBBB@BBB@D@D@B@D@D@D@B@B@BB@BB@BB@BB@@@B@B@B@BB@@@@@B@BAB@BAD@BABABABD@DBDBBBBBB@DBB@D@B@B@FD@J@@BDDBB@B@@ADCBCDABC@@@@BABADBDB@@@@@@BB@@BBDBDBB@B@D@BBB@@BBB@@@BB@@BB@@B@B@@BBBBB@@B@B@@@B@@@B@B@BA@@BBBBDBDBDDBDCBAHGBCJODGBGDE@@@@LSDGDG^BP@ZBN@K[ISCEGMCEAEIQACDCJKHIHKFGSICCEGGKCGAA@CCI@@@ADCDADCJCFCHEB@B@FEJEECGCCA@@@C@A@AAAB@@@@A@@@ALFDBBA@ABMBG@C@EBG@CBA@@JI\\SV@CB]BEjy@@JODMBIBA@AHMBADEFGBGFMHQ@C@ABC@@@CBC@CBEBEBC@ABA@ADCBABCBCFCDCBADCBCDCBEBA@ADE@ADEBCBC@ABC@ABADCDAFGBI@EB@@A@@B@B@@@B@@A@CB@@@D@B@@BB@@BBB@BA@@BA@AB@@@BA@@B@@B@@@B@B@D@DABAB@@@B@B@@@@BFC@A@A@C@@@@@A@@@I@AMBC@C@CA@@AA@A@AB@@AB@B@@@DALADA@E@CBI@EBE@A@A@@@AC@AA@@@A@C@ADEDEDEDGB@CE@AJAVABAB@@@@@@@B@VIFM@A@@@@@ACEIOHEFEDEDCBAHGTUk@UHCHCFIDE@AD@BBFAFAD@B@D@DCB@F@B@@C@AAEDA|_TIfMXKB@XI@CAI@E@E@EAK@A@IBAHAPCHAPCXEAAAA@CAA@AAA@@AAAAAAAACACC@@BCBCBCBABAB@JENGLEFCPIXMHCB@@@@A@@@A@@BA@ABAFC@AB@@ADE@ABC@ABAB@DAJC@@@@@A@@@ADA@A@@@@KGA@MG@@A@@@BAB@BAD@@@BABABABADCDAB@B@HAH@FAD@@@HDBBDBDA@A@@@A@A@@@@@A@@@@AA@@@@@@@@BA@@DA@@@AB@@@@AB@@A@@@AA@B@@@AABA@@B@@@BA@@B@@@@A@@@@@AA@@A@@@A@@@@@@@@B@@BB@@@@@B@@@@@@@@@@A@@AA@A@@@@AA@A@AA@@@A@@@A@@@@A@@@AA@@@@A@@@@B@@AB@BBB@@A@@@@@AAA@@A@@@A@@@A@@@@@A@A@A@@@A@@BA@@@@@ABA@@@A@@B@@A@@@ABA@@@@BA@@@AB@@AB@@A@ABA@@BA@A@A@@@CAAAA@@@A@A@ABA@@@@@@@@B@@BD@B@@@@A@AB@@A@AA@@AC@@AACCAAA@A@@@@@CB@BA@@@A@CAA@CAA@EAA@A@ADABA@ABAB@@@@AA@A@@@AAEACA@AEAA@CBABAB@@@BA@A@@AAEE@@@@@@@@B@D@KEOAQA[OYBQFO@OBO@OCGMKKKIOCMAUEOSQIWKUIMCMISKSIKBQDMHeLQMOQOGQIOAMCWISGSIUMYGQIKKDMJGLEB@@BB@B@@@B@@@DDBBB@BBB@BAB@B@B@@@BAB@@AB@B@@AB@@A@@@AAAAA@@AAA@A@@@@@C@CAA@@A@@A@CBE@DCDEDC@ABAFE@AB@@A@@AAAA@A@A@@CACCC@AA@@AA@@A@A@C@A@A@AAEAAAC@A@A@A@A@AA@A@@AAA@E@@@AAA@@@A@@BA@@@@@A@@A@@A@@@A@C@AB@AA@@@@A@C@C@@AA@@@C@ABCBA@C@@@A@A@@BA@EB@AC@A@A@@@ABA@A@@@CCI@@@A@@BABCBA@@BABC@@@AAAA@CCCAA@A@C@A@@@AA@AC@@@AA@AA@AAA@A@C@E@ABA@ABA@AAA@@@@AAACC@@AA@AA@ECCACAA@A@C@AA@@@@B@DA@@DAFCBAB@@A@A@@@A@AB@@ABA@@A@@@C@AAC@C@CAC@A@@BA@C@G@E@C@ABA@CBE@EBEDCBCBIDCBA@@@C@AAA@@A@C@@@@AAA@A@@@AA@ACAE@C@A@ACAAA@AC@A@@A@@@CAC@@@AA@@AAA@C@A@A@A@ABABA@A@A@C@A@AA@ABAB@BC@AAAB@@AB@@A@@@ACA@AA@BA@ABA@@@@AAA@AACACAA@A@ICECAAA@C@AA@@@@@AEAAC@@AA@ABABE@@@@@EAA@@BA@@HAB@BAB@@A@G@@A@G@A@@AA@@CAAACAACCCACACA@@A@@@ADF@@BD@@BBB@@B@@BBD@@@B@@@@A@A@@@BD@B@BA@A@@AA@@AC@A@@AAB@@AF@@AB@@GAA@@@CAE@@EAA@@CCAAAA@AC@BA@@BCBC@@BA@@B@JA@@B@@@@@@A@@A@A@EAC@A@AA@@A@@@@DAD@BABABA@@DA@@@AB@A@@ABA@AA@@@A@@BA@AA@@@C@@AA@@A@@@AACAC@A@@BA@CBA@ABA@@@@@AC@AAA@A@C@@AA@AAA@@@@AB@DABAHAFAFABABBD@BBB@D@B@DAD@HCB@BCBA@CDABABAB@B@B@@A@@@@CCA@E@EA@@@@AACE@AA@@@A@@@IBEBCBC@C@K@C@E@CBE@A@C@CAABCAAC@@OOYOGIEIIE]E[CIK@M@QIKMMOIIKGIKKIIQOOMCICKBIHWFQNO@@AACAECAA@A@A@@C@AACAAAAAAAC@AAAAA@CAA@AAA@EE@A@A@@AAC@@@EE@A@@@ACA@AA@@AKEYBW@QHWFGD@@@@EDA@C@A@@@@@@@A@A@C@A@@@@@@B@@BD@@@B@@@B"],"encodeOffsets":[[122918,42715]]}},{"type":"Feature","id":"150425","properties":{"name":"克什克腾旗","cp":[117.542465,43.256233],"childNum":1},"geometry":{"type":"Polygon","coordinates":["@@EBKJOBIASISGWGWGOGG@AAWKGEA@ICG@GCGAA@EA@BA@EDA@C@C@@@UEoNEBO@mDIJILA@YDA@O@]@KBABKFICMECCCE@@@@@AA@@@@A@@@@@A@@@@@A@@@@@A@@A@@A@@A@@@@@A@@@@AA@@@A@@@@AA@@@@@@AA@@@B@@@@@B@@AB@@@@@@@BA@@A@@@@BA@@@A@@@A@@@A@A@@@A@@@@@@@@B@@A@@@@@@@A@@@@@A@@@@@A@@@AB@@@@@@@@AB@@@@@@@@AB@@@@A@@@@AAB@@@@A@@@@@@@A@@@@@A@@@@@@@@BA@@@@@@BA@@@@@@@BB@@@@@@B@@B@@B@@@BB@@B@@@@B@@@@@@@@@@@@CAA@@@A@AAA@@@A@@@A@@@@@A@@@C@C@C@C@CAA@A@C@A@C@A@@@ABABA@@BA@ABA@A@C@ABE@@@A@@@A@@@@@A@@@A@@@@@A@A@@@AAA@@@A@@@A@AAA@A@AAA@@@AA@@@@AA@@@@@@AA@@@A@@@A@@@A@@AA@@@@@AA@@AA@@AA@@@@@@@@@@@A@@@AAA@@@A@A@@@AA@@A@A@@@A@@@@@AA@@A@A@@@A@@@@@CAA@@@A@@@A@A@@@A@@@A@@@@@@@@@@AB@@@BA@@@ABA@@@@@A@@@@B@BAB@@@@@@@@A@@B@B@@@@AD@@A@A@@@AA@@A@@A@@A@@@@@@@A@@@A@@@@@A@@@@A@@AA@A@@A@@@@A@@A@@AA@@@@@A@@A@@@@A@@A@@@@@@AA@@@@AA@@@@ABA@@AA@@@C@@@@@@@AA@AA@@A@@@A@AA@@AA@@A@@A@@A@AA@@AAA@@@@@AA@@A@A@@@A@@@A@@@@@@A@@C@@@AA@@@A@@A@@@A@@@@A@@@@A@A@@AA@A@A@A@@@@AA@AAA@@A@@A@@@@AA@@@A@@AA@@@@A@@@@@@AAA@A@AA@@@@A@@@@A@@@@@AB@A@B@@A@@@@@A@AA@@A@@A@@A@@@A@@@@@A@@@@@A@@@A@@@@@@@@@A@@@@AA@@@@@@@@@AAA@@@A@@AA@@A@AAAAA@A@@@@@@@@A@@BBB@B@@@B@B@@@B@B@@@B@B@@@B@B@@@B@B@BB@@B@B@B@@@B@@@B@BB@@B@@@B@@@B@@@BAB@@@BAB@BA@ABA@@@A@@@@@A@@BA@@@@@A@A@@@@AA@@@A@@@A@@@AAA@@@@@A@@BA@@@@@A@@BA@@@@@@BA@@@A@@@@AA@@@A@@@@@A@@@@@@BA@@@A@@@@A@@@AA@@@@@@@@@@@@@@@A@@@@@@@@@AAA@A@@@AA@@A@@@@A@@A@@@A@@@A@@@@@A@@@@@A@@@@AA@A@@@@BA@A@@@A@E@EB@@AA@@@@@@@A@@@AA@@A@@@@@@@A@@@@A@@A@@@A@@A@@@@A@@@A@@A@@A@A@A@A@@@@@A@@@A@A@@@@AA@@@@@@AA@@@@@@@@@A@@@AAA@AA@@@@AA@@M@A@@AA@@@@@@@@@AA@@@@CB@@@@@@A@@AA@A@@@@@A@@BB@@@@@AB@AA@@@C@@@AAA@@@A@ABA@@@A@@@A@@@A@@AA@@@A@@@@@A@@@@@C@@@@@@B@@A@@@AAA@@@AB@@A@@@A@@@A@@A@@A@A@A@@@@@A@@@A@@@A@@@ABA@AAA@@BA@A@@@A@@@@@@@AB@@@@@@A@@@@A@@@@A@C@@@A@@@A@@A@@AB@@@@@@@@@B@@@@@@@B@@@AA@@@@@A@@A@@A@@BA@@@@@@@@BA@@@@@@@@@@B@@@@@@@@@@@@A@@@@@@@A@@BB@@@@@@@@@@@AB@A@@A@@@@@@B@@@@@@@@@@@B@@@@@@@@@@@@A@@@@@A@@@@@A@@@@@@@B@@BA@@@@@@@@@@BA@@@@@A@@@A@A@@AA@@@@B@@@@@@A@@@@@A@@@@B@@A@@BAAA@@@BBA@ABC@@@A@A@A@@@A@@@A@@A@@A@@@@@A@@B@@@@A@@@@@@@@@@B@@B@@@@@A@@@@@@@A@@@A@@@@@@@@@@@@B@@@@@@@@@@@@A@@@@@A@@@@@@@BB@@@@@@A@@@@@AB@@@@@A@@@@@@@AAB@@@@@@@B@@@@@@@BA@@@@@A@@@@@@@@@@@A@@@@@@@@@@B@@A@@@@@@@@@@@@@@@A@@@A@@@@@@@@@@BA@@@AB@@@@A@@@@@@@A@@A@@@@A@@@@@@@@@@BA@@@@@@@A@@@@@AB@@@A@@A@A@@@@@@@@@A@@B@@@A@@A@@B@@@@@@@@AB@@A@@@@@@@@@@@@@@@A@@@@@@@A@@@@@@A@@@AA@@@@@@BA@@A@@@@@@@@A@@@@@@@@@A@@B@@@@@@AA@@A@@@@@@A@@@@A@@@@@@@@@@@A@@B@@AA@@@@@@@@@@@@@A@@@@@A@@@@A@@@@@@A@@@@@BA@@@A@@@@A@@@@@@@AA@@@@@@@@BA@@@@@@AA@@@@@@@@@@@AA@@A@@@@@A@@B@@A@@@A@@@@@@A@@A@@@A@@@A@@@@B@@B@AB@@@@AA@@@@@@@@@@@A@@A@A@@@A@@@A@@@@@A@@@A@@A@@@@AB@@@@@AA@@B@@C@@@@B@AA@@@@@@@A@AA@@A@@@@A@@A@@@@B@@A@@@@@@@@@@@A@@@A@@@@@@@@B@@@@@@A@@@C@A@A@@@@BA@@@C@A@A@A@A@A@I@A@A@A@A@AA@@@@A@@@A@@AAABA@@@@@@@@AA@@@@@@A@@@A@@@A@AA@@@@@@@@@A@@@@@@@@A@B@A@@B@@@@A@@A@@@@@A@@A@AB@@@@B@@B@@@@@B@@A@A@A@@@A@@@@@@@@A@@@@@@@@@@A@@A@@A@@@@@A@@@@@@@A@@@@AA@@@A@@@@@@@@@A@@@@@@@@B@@@@@@A@@@@@@@A@@@@@@@@@@@A@@@@@A@@@@@A@@@@@@A@@@@A@@A@@A@@BA@A@A@A@@A@@A@A@@@@AA@@@@@@@@B@@AB@BABA@@A@@@@A@@@A@@@@@A@A@@@AA@@A@A@C@@@A@B@@B@@A@@@C@@@AA@@A@@BA@@@@@@@A@AA@B@@AA@BA@@@AAA@@B@@@@@@A@@@@B@@A@@@@B@@@BA@AAA@@@A@@@B@@B@@@@A@A@@@@@@AA@ABC@A@A@AAA@C@AA@@A@@@A@@@@B@@@@@@B@@@@@A@@BA@@@A@@A@@A@@@@B@@@@@@@B@@A@A@@@AA@@@@@@@B@@@@AB@@@@@@@@@@B@@@@@@@BB@@A@@@A@@@C@A@@@@@@AA@@@@AAB@@@@A@@B@A@@@AA@AB@@@@@@AB@@@@@@AB@@A@@@A@@@@A@@@@@@@@A@@@@@@B@@A@@@A@@@@@@B@@B@ABA@@@@A@@A@@@@@AB@@@BAB@@@@@@@@@BA@@AA@@AA@@B@@@@@@A@@BB@@@@@@B@@B@@@@BA@@@A@@@@@A@@@@@@@@@@@@@@BAA@@@@A@@B@@A@@@@@@@@@A@@B@@A@@@A@@@@@A@@@A@@@@@@@@A@@B@@@@@@A@@@@AA@@@@A@@B@@A@A@@@@@@A@@@@@ACA@@@@A@@A@@C@@C@AA@@A@@@@@@@@AA@@@@A@@A@@AA@@@@@@@@B@@@@@@A@@@@B@@@AA@@@@@@@@A@@A@@@@@@AA@@@@A@@@@@AA@@@@@@BA@@B@@@@@@@BA@@@@@A@@A@@@@@@@A@@@A@@BAA@@@@@@A@@@@@AAB@@@BC@@A@@@A@A@A@A@A@A@A@@BE@A@A@A@@A@@@AA@@@AB@@@@@@@@A@@@@@@@@@@@A@@@@@@@@@@@@AA@@AD@@@@A@@@@A@@@AB@A@@A@@@@@@@A@AB@A@@@@A@@@AAA@@@@BA@@@@@AB@A@@@@@@@A@@@AAB@A@@A@@@A@@@A@@@@@@@@AAB@@@A@@A@@@@@@@A@@@@@BB@@ABA@A@@@A@A@AB@@@@A@A@@@@AA@@B@@A@@@A@@B@@A@C@A@@@@@A@@A@@@@@AA@@@A@A@ABA@@@A@A@@@@@A@A@@AA@@@A@A@@@@@A@@@A@@@@@AA@@@B@@A@@A@@A@B@AAAA@@@@@A@@A@@@@A@@@@@@@AA@@@A@@A@@A@@@@@AA@B@@@@@@@@A@@@AA@@B@@A@@@@@A@@BA@A@@@A@@@A@A@@@AA@@@AA@@@@@@@A@@@@@@@A@@@@@A@@@@A@@@@@@@@@@@@@@@@@@A@@@@B@@@@A@@@@A@@@@@@@@@@@@A@@A@@@@@@@@@@@@@@@BA@@@@@@@@@@@@@@@@@@A@@@@A@@@@A@@@@B@@@@@@@@@@@@@@@A@@A@A@@@@@@B@@A@@@@AB@@@AA@@@@B@@@A@@A@@@@@@@@@AA@@@@@@@@@@@@@@@A@@@@@@@@A@@B@@@@@@@@A@@@@A@@@A@@@@@@@@@A@@@@@A@@@@@B@@@AA@@@@@@@A@@A@@@@@@@@B@@@@B@@@AB@@@@@@@@A@@@@@@A@@@@A@@@@@@@@@@@@A@@@@@@C@@@A@@@@B@@@@@@@@A@@@@A@@@@A@@@@BA@@@@@@@@BA@A@@@@AA@@@@B@@@@@@@@@@@@A@@@@@A@AB@@@@@@@@A@@A@@@@AB@@@@@@@@@@@@A@@@@A@@@@@@@AA@@@@@@B@@A@@@@@@B@@A@@@@@@@@A@@@@@@@A@@@@@@A@@@A@@@@@@@@@@@@@@@@B@@@@@@@@@@A@@@@@@@@@@@@B@@@@B@@@@BAA@@A@@@@@@@A@@@B@@AA@@@@@@@@@A@@@@A@@@@AB@@@@@@@@@@@BA@@A@@@@@@@@A@@@@@@@@@@@@@@@@A@@@@@@@@@@@A@@@@A@@@B@@A@@@@AA@@@@A@@B@@@@@@@@A@@@@A@@@@@@BA@@@@@A@@A@@@@@@@@AA@@B@@AA@@AB@A@@@@A@@@A@@@@B@@@@AA@@@@@@@@@@@@A@@@A@@@AA@@@@@@@@B@@A@@A@@@@@@@A@@@@A@@A@@@@@@@@AA@@@@@@@@@A@@@@@A@@@@@@A@@@@@@@@AAABA@@ACB@@A@@@@A@@@BA@@@@@AA@@@@@@A@@@@@@@B@@@@A@@@@@@A@@@@A@@@B@@A@@A@@AA@@AA@@@@A@@@@@@@@@A@@AA@@B@@B@@@@@@@@@A@@B@@AA@@@@@@A@@@@@@@@@@@@@@@BA@@A@@@@@@A@@@BA@@@@@@A@@@@@AA@@@A@@B@@@@A@@@@@@@A@@@@@@@@A@@@@@@B@@@A@@@@@@@@@A@@@@@@A@@AA@@@A@@@@@@@@@@@@@@@@AB@@@@@A@@@@@@A@@@@@@@A@@@@@@@@@A@@@@@AA@@@@@@@@A@@@@@@@@A@@@@@@@@A@@@A@@@AA@@C@@BA@@@A@@@AA@@@@@@@A@@@@@@@@@A@@@@@@@@@@@@@@@A@@A@@@@@@@@A@@@@@@@@A@@A@@@@@A@@A@@@@@AA@@@@@@@@@@B@@@@@@@@@@A@@@@@@@@B@@@@A@@@@@@B@@@@@@@@@@@@@@A@@@@@@@@@@@@@@A@@A@@A@A@@@@@@@@@A@@@@@@AAB@@@@@@@@@@@@@@@@A@@@@@A@@@A@CAA@A@@@@@A@@@A@@@@@@A@@@@@@@AABA@@A@@@BA@@@@@A@@A@@A@@@AA@@AB@@@D@BADBD@@@D@DDD@@@D@FBB@B@@@DB@@BB@BBFBB@B@BBAB@@AD@BBDBB@BDB@B@DBB@H@@BFBBABB@@B@@BD@B@B@@@BADAB@DABCDCB@BCBCFABCDABEBAB@@ABCD@B@B@@AB@BAB@@ABABAD@@ADABCDC@@B@BADBB@BBBBBBBB@DB@@@D@@@DCD@BA@@BAF@F@@AB@BABABABBBBDB@@B@B@DALN\\DF[F[HSOMZM@WBE@RVyteCUBgDQDeJMBMBYD@ESMIESMDKISCGGDwhALAP@LAB@J@XWGUEqOGNGNTPJHZVBBNbBBBDDZ@DZfZjJ\\JVN`ZVKClH`BD@BBZ@PBN@HB\\@RIlALA@GNEHGJEJIJGHINOJOJSJQJKHQFGDQDOJIDC@[LMFKDIDgPYJJVK\\HTQJj_HatOBYDIfov[JBZ@LBZBNTBHzD`X@HDRFnPdDFHRHNbPDB`RHNHVLdRhVZPx`VTALChFZDPBLFXV`@@@H@BADºXlEIXKDAJCHC@@]fPJu¶NR@DABCHADAJCH@D@FBJ@LBBB@FBBB@@@@AB@B@@DBD@NAJAD@@BDDBB@@B@B@FAD@BB@BBB@DBBDDBBBD@B@B@@CB@B@B@B@B@B@@@@FBBB@@@BA@A@@BA@@B@BBBBBBB@BDBHBHBDB@@BBB@D@@BBBCDADAB@BBBB@CDRDPVEZR@lj\\^FFfGFQHKHG\\QCNAJRFZJLFKRSbLTHPFLEFOTPTBDPV`PBXU`]J\\@@G\\GbCL^RJD`XVPHF^^Z\\LPPRHJ`bPRJNjlPPPTBBZDDzfTNJ@TBDLBtBDRB¾H¦FT@bIp@ZGD@`B@AD@@AB@DABAFEBAFEBAB@B@BABA@@BABADC@@@EB@@AB@BA@A@@BA@@@ABA@AB@@@@@B@BABA@A@@B@@A@@B@@@@A@@@A@@@C@@@@@AAACC@@@AB@@A@@D@FCD@@@B@@@D@BA@@D@B@BA@@@@@A@@B@@@@@DA@@@AB@BA@@B@B@BAB@BAD@B@B@D@B@B@BAB@B@@@BA@@B@D@B@BAJA@@@@B@@@@AB@@A@AB@D@B@@AH@@@@AAA@A@@BC@AB@@AB@DAXGVOO]@@@@EICCAA@@@@@A@@DA@AB@D@BAB@@A@@@A@A@@B@@ADABCBAbLBANGDAFCB@BABAFGDEB@B@D@F@D@@AB@@ABA@AB@B@@A@A@ABA@@@@B@B@@@B@@AAAAEA@@AIA@AA@AAAA@@AAGA@A@K@A@A@@AAECAACIACAG@AAAAAGAAAAAAEA@@CBC@AA@AA@@EAA@CACC@@AA@A@@BCAGCAAC@CBA@EBAACEE@CDCFCDCJCJERCDAHENQJQFEDQBCFODIDIDGFSBMBG@G@IBGHMJGHCHAFCJCFCFEDKFEDGDGFGHOHKFEDEHCHAF@HAH@FAFEBEAECAEIBGBGDIDOHKHIJIJGHCHCJCHIFGBI@KBIBEBGAGBEDODEHGFGHCHGLQDKBGDGDIFKJGHGJGLCJCFCFCJEDGDGBI@G@GBKDGDMHKJOFKHKHGHIA@BA@A@@BA@CB@DEBCB@DCFE@@D@@@@@AA@A@@BA@AB@FA@A@A@K@AEAC@CACCDKBGDBBEBC@@FB@@@A@A@@VIB@@AA@@@AA@@@A@@@AACAC@@@@A@C@A@@A@A@AAA@A@C@A@@AAA@@A@@DC@AA@AAA@@@@@@AA@@@CB@@EAEAG@A@A@A@A@A@CA@@AA@A@@A@AA@BC@A@@@@@BA@@@E@C@C@ACECIGIEOCIAEAG@E@EBEDENKJELCHEBEBKBGCGDEDCJEJAHAFKBEAIAIBIBGLGTEX@PBLFFDNHLDJ@HCHGFELKHMFGDGDGBGDGFGFCPAJ@HADCBC@GAEEGIO@K@GFKHKFCLKTOHKFKBE@G@KGQAEACCEDE~MZ@PF^BZ~LnfXJCvL^CJG^OBUIRBEGCEEGGGKGKCMCKAG@GBG@GFCBE@GBO@OAK@QACAECCCEGAEAEECGGAEECEEEEGE@IDGFEBEDEBC@QBMDMBKFCFGFEFEHGJIHGFE@EAG@GAG@GAGAACGBC@G@C@C@EEECCMICCB]_W@MQMWkDMISPUza\\oFQAYHWA_MS_YKAOFELQHST]@}mMQ[UkGaQ_BKIECECGEMGSCKAOIMIMCUESAUCWASCOCSEQIQKMGKEMOOIIIEEMEIGKIGIGOIGKIGIIIOIIEKEMGQMIGGIGEGCGCGAG@IBGBI@EAGCEEAI@ICGECCCAEAGCGIGECICGEECEG"],"encodeOffsets":[[120629,43636]]}}],"UTF8Encoding":true}