{"type":"FeatureCollection","features":[{"type":"Feature","id":"152501","properties":{"name":"二连浩特市","cp":[111.97981,43.652895],"childNum":1},"geometry":{"type":"Polygon","coordinates":["@@FbFíĝeÅGwDeTwYªÇ¹Ç]oĕ±éUO¥ekƬZÜ ąÄÙmÕd­NsFXHN@FIJdY@[S]B¥bd«~VDXTxZJZTHTAGBT@TJf|~²@DF@XL\\JhL\\DJXVzH`C|ApPA~KB@DBhEfEBAJELEBA|cHELE@CFMBEFOBGH@hCpALAVEHA\\ETEHAH@HANCJARChIRCDA°YVCNCjGtIZGbKHC"],"encodeOffsets":[[115109,44718]]}},{"type":"Feature","id":"152502","properties":{"name":"锡林浩特市","cp":[116.091903,43.944301],"childNum":1},"geometry":{"type":"Polygon","coordinates":["@@@@A@@A@A@@AAA@@@@A@@@@@A@ABA@@B@B@@C@@AABA@AB@BA@A@@@A@A@ABA@@BADA@@BA@@@A@@B@@@@A@@B@BBB@@A@AB@BA@A@@@AAA@@BAB@B@B@@@@AA@B@BAB@@@B@@@B@@@@@BA@@B@B@@@@@B@@@@@@A@@B@@@@BB@BA@BB@A@BB@@@@BA@@B@B@@@@B@@BA@@A@@AB@@@BB@@@@B@@@@@@AD@@@@@CA@@@AD@B@@AB@BABA@@@@@AB@@AB@BBBA@@A@@@@AB@@ABAAAB@@AB@@@B@@@B@BAAAB@@@@AB@@@DB@@B@B@@@@@@AB@BA@@B@@A@A@@AA@@B@B@@@B@@AB@B@B@B@A@AAA@B@@@BA@@@A@@@@BA@@@@B@B@@@BA@A@@@A@AB@@@@AE@@@@AB@@A@A@@@A@@@@@A@@@ABA@@BAA@BA@BB@B@@A@@@AB@@BB@@C@@@@@@BAA@@@@ABA@@B@@@@A@@@@A@@@@A@@@@@@B@@@@@AA@@@ABBB@@A@@@@A@@A@@B@B@@AB@@@@CB@@@@B@@B@@@B@@@@AB@@A@BBADA@@@@AA@@@@@A@AAA@@B@@@@A@@B@BABA@@@A@CBABAD@BAB@@@A@@@@AB@@@B@@@BA@@BA@@B@@ABB@@BA@@@@AA@@@@@ABB@A@A@@@@BA@@@@A@@A@@@@BAB@@@B@B@@A@@B@@BB@@@B@@@BABA@@B@@@@AB@B@@@BAB@B@B@@ABA@@B@@@BBD@B@@B@@@@BB@@@@DABBBADBB@@@@A@@B@@@B@@@@A@@B@BA@@@ABB@@@@BAB@B@BA@ABABAB@@ABC@A@@BA@@@AAAC@@@CCACBA@@@@@AB@BA@@A@@A@@@@@@@AA@BABA@C@AAC@@@C@A@@@@B@@@B@B@@A@@@@DCB@@AA@CAC@A@@A@@@@A@A@A@@AA@@A@AA@BCDGBCDGBE@AAA@AAEAI@A@A@C@@AA@AAA@ABC@@AAAAAA@A@ACA@AA@BAAA@@BC@@A@@A@AB@@@@AA@AA@C@@CAAA@@A@GC@@AA@@@AA@A@A@A@@@@A@@@@A@@A@@AA@@@A@@@@@A@@A@@AA@A@@@A@AA@@@AA@AA@@@@@A@@ACC@@A@@AAA@CAAAA@A@@@@AB@@@@@@@@ACCKMEEUWCCAAGIEC@CEO@@GG[aEIAAEMGKEIEKEECGM[GKGMOWCG]q_wQaEGJGzqROhaTMBC`_\\[\\[JILKPOPO^[rqZYBAHWFOHSHS@AAIAYASAO@KAG@EDOJwQdEfXXBXBxFdGJOHKHIJK^edoRWT[LOVSXSVSjcXUnHPRBpX[^IV_AW_OOUACOSPSFEEKGOKSTaLQKEYIQEBIDMRH[LGRGHEeEE[]ki@YQUFOQCDCA@AA@ABABCDCAA@AC@A@AA@@CAGAGACA@AAAAAAA@A@AB@@AB@B@@A@@AAEA@@@@@A@A@A@A@ADA@@@A@AACAACCAA@CAA@AAAC@EBA@A@@@AACC@AC@IBMBC@CA@@@ABA@@@@AAEAA@AA@KAI@E@CDGBIBCDGBA@CMQvµOIe^@@GDIDCBWLJkF¹WBC@A@G@@U_EWAKCOEYDgBKUSw_YOgUcQUKMGQG_CAaOGMGQCEOcEmCQ@G_WyCAGSAMAY@KAY\\IpuJeZCPAbs`GiWYMJEJS@iFMRi@DVS@P^Nd_JiLIBÍHg\\fDBNLJHPLJFFFDHX|HR@DDFBJDHFTCBIJA@gRWDA@IREVCFGNGJCLCHCREVCJIXAFAHAN@F@H@T@LCRENI\\@HAT@H@D@H@DDHFNDLFRDTBPHrBDT¦b[J[LIFSzADKTaVaVIHnUNGFYPq`¯Y`WHMFqTOFOFYJS@]CaAK@@AAGCKAE@BOPGJCDEFSXEFMPUZA@AB`KDEDaP]NPZFJYBWBñJ«T@pEXfXfLRNV]dOPW\\@@PTDHHHHJHJX\\BDHJLNHHHHHHTT\\\\HHDBbFHBF@TDD@BDH@JNHNT^T\\`VZXLHB@B@FAhNXFRĖQ^xcXOJeXGFED@BA@Q`GLAXM`STWVQjO^UdKZADBB@DEPABQVBJR|ILinGBPPNLZFRCZ@LTGTBTLHB@@DBBD@BBBBDBB@ABCTFJNXP\\HNbFDBBb|XlFLHJfFL¢PJlhXJTXHJTLzXPGXFPFJHPDDEb_ROZWHGHGPOvwZWjgLKDC`WzehS_\\B|HzHJDfRlR~ZCJMtNJVPXR\\TtZrZNL@hBP@LRJNZCÚWKhEj@v@BA"],"encodeOffsets":[[119232,45944]]}},{"type":"Feature","id":"152523","properties":{"name":"苏尼特左旗","cp":[113.653412,43.854108],"childNum":1},"geometry":{"type":"Polygon","coordinates":["@@ADKh}kzq[be\\{nOJKJg`OJQHUD]F_P{Vi\\g\\_dKNGXEHWNKNYZMPQdQdKrCPAVDZQ\\gf_ROD¯^CPU|X\\xR^JTd~LZfRdPtXNfRRVAPICTAVPhb`~LFANLXZlt~LPlx^`^npHR\\`X^JRXPr` zr\\N~X\\JzZvR®H^Do¦A^A¾C¾AÀCAfP\\DTEqqPIna^cNOr{\\a_ªm|YxQºaSXG´B~AtI¢QT@bG~Q ]^CECV@dAC´E®EZAChA~CCCRuBEFUDQJiFUDYD]F]BGBAZQJEHGHCPKDSD[DOShEdOLETGNEBAFENG`ULGHEfYLG@@FINODGDEBCHGJETGDO@M@KBIFI`QLGJGBQBIFIHWFKL]FIHILKNGLKLKsXOjYv_PWªÍjyX]HKR]bsFCZK^K¨oJKNObcQcveRKJaBCVMAA@MBA@GCCAIEKEE@E@AFCPK`K`UPIdO\\MLERKNI\\S@@@@JEHGHGHKDOJIJIPUJKDMBCB@B@ROPIHE@@jNXHdJB@JEFA@AAMEYCMGcFKHKDGBGBKDIBGAGAGAIDEDEHEFCF@JBJAH@HCDCFE@GFK@CPSHKBAHKBEL]PoHUh_FOLYPITKfU\\q@@FCDEDEDWHSBEDEHGFEHIHEFGRQ\\WvSHCveFEDARKHQHUNeHFBB@@BB@B@@AB@@@@@@ABA@AB@@@D@BAB@BBBBD@@B@B@D@BADAFEDAFCDAB@FAH@D@DBFBD@B@BBFBLFB@B@DCDADAB@D@@@BB@@BA@@BBB@@A@@@ABA@AA@CAA@@A@CBCBE@AB@@AAA@@@AB@@A@AFA@@@@@ABA@@@@EC@AAAB@^_FCPODADCXWBPSFGNKPKvgLoTQ^WJGBAXSZUVQRMLIPMDADCTOf_BADADABAB@tEfO\\QPSNSXWGGIGKCICQCSCSCUEAA@AEASKICYQGEAKEiMMGMCQEC@EAOCsOkKSEWGYE@@Y]_MWIEASASCM@SCQEECKQ@IBIAIKKGEE@IGCCGCKEGAG@GAIIGICGCKGICEGAIAI@ODKBI@GBG@ICGCECCEIAGCW@GAKAKCQEIAGAKAOCMEKAMAI@GBK@ECKEsIC]OaQUG¥auw_ģUyGkEYCALAFCJAFLPDHRZCFejADZEDMFGD_NQHADCHEJGNKVEJKVSBwDBBFDZTJHLHHF{^A@HPBDR`BBAFENIXNLFF^V@B@B@BCVODT{PaH@@@DAHALALCLABYRKHKH{jMH_TC@E@EHABIREFOM^EBIrAPAFQp_dQPTdKFrQJWP_RNHLLSHsNQX]f]pSd]nglm^qXkVeRYBaACAE@A@MACiAsCsCA@WKA@[DGF_LeF_@[DUJUJED`®ƇV«_sDQ@MBũR¿poAE@G@CE@S@c@UAY@SAUB[D_DI@³NxMDãvaLGDaLYHsJiHMDUD¯ZCBQDgJQDIBMDGBG@GBSF[FGBUFKBoBgDG@AHEPAFEN@DKFGF{dABKFIFABeFgFCAA@}LOB"],"encodeOffsets":[[114655,44853]]}},{"type":"Feature","id":"152522","properties":{"name":"阿巴嘎旗","cp":[114.970618,44.022728],"childNum":1},"geometry":{"type":"Polygon","coordinates":["@@OCIGOEWEOHyWSKGISWWIkgI¡OEKeGIEKWka{AAECaGMO[MWEIDSBAA@CAAAAAC@AA@CA@KGASHSKSY@QDYEMKOOHAjmJKQ{AIRUBAFO@CAABCLYVcP]RiXUTSN_BWHKR_B@@AFCHEfWPIdWwR]QĕWEgMEBA@A@KGYW_US[S]GMIMG@ACC@SCE@GAaECAGG[[SSGGGGGGKMGIACW[GIGIGGCGOS@@X[PO^cMUKQWeWeF@o¬SòIXAZAEIOY^MbOFCLC_BAB@VYNOFETWFEDCHIPO@ABFDLBH@BL@bB^DT@ZIPEPErSNEXGZ_°r_ZOHEVMmJGbUbULSBCTyJE\\K\\Ia¥SACGqAOCSEQCKEMCG@C@G@C@GBS@GJ[FMDQ@K@S@G@EBMBGBEJWDIFUDQDGDKHIHMDEFUJQB@XChQB@JIDAESCGAICE@CGQW{CGEEIEOKIGMKCAweECS@CKF_JSBU@cK[EUCQCwCsjONQNQOWAGsCQAI@OAMAG@uDE@]B­DkC­MYAUCIAQCwIAB¡J[BkBcD]SGA@A@ÑEAAEBWXMTOT[RePsFA@ABCBCBABe`SPCDCBONKJQNURYVWTABIH]XSRKpuhOLMLEHOTAWXCDCBOPED]`A@BB@BFD@@@@AB@B@@@@EB@B@BA@@B@@BB@BA@@BAFAD@D@BB@DBB@@BAB@B@@@BA@AA@@AB@@AA@@C@A@CBCBCDA@A@KEEAAAA@C@EACAC@G@EBA@CBEDCBEFCBABC@A@A@@@ACAA@ABA@A@C@@BAB@BA@@@@@@BA@@@AAA@@AAGEMfGVGRQLCBEFufGDuT[XQREHGFGJEFGHCFAFGTCXCFCFED@@[reVSLOJKZEPg`GVOpK^AFGLABGLOT@DEL@HEFCDGDG@IBIAE@EDGFCFCFBJBHBHAHCJALAHCHGLELHdDNFZBN@BEBIFA@cIWGiM@@GFOJQPA@A@ADCNILOVIJIJCPGLGHGHIF@@@@[TMJQLKF[NcPOJ_V_LOLED@B@FFFFLBJDD@HAB@NBBUNADIbQLufRdadMPIL§p]LYLEDatQ^GLW^iz©ÎOXu`iZWPtKLKLMHKLGJEJK^ELGXEJAJARIHKH_REJAJ@L@NCPSHIFGHADCFCHMPEJ@@KHeZGFKH_VMHEFABMFSHKFcPgFTCPC\\CTOLGDGHIFYRABAHE^C^CZEVIjCREVAFQvDDF@lO^UdC®QhE~\\¨||PL`VZRRLxPlH\\FFNZHPJ@TJJZLBP@LHD^AvBvPjAXJHZ@v^tV~|XR`HPZ@ļÐhT\\FXXb^tbrd\\`zfhThTnJhN¦b°X®\\Rŀ¦c`GzGTATDHR@´L´L~BV@XoAKbiJ]BQJEJQHMJSB@PGXMNGRIfU^]po^_DCAÁAKBADAB@B@@A@@@KFERKFQVIREJGNQR@NCJK\\MLAdYDI\\_PU\\_HGFGDC`KYlMhMXIHAhU\\MZMv[HCxU"],"encodeOffsets":[[118517,45955]]}},{"type":"Feature","id":"152524","properties":{"name":"苏尼特右旗","cp":[112.65539,42.746662],"childNum":1},"geometry":{"type":"Polygon","coordinates":["@@^NfRvN²^~NhHxL¬} c¦a^A\\TZ@cJI@EGMWtE®MÖcÚnĆÃYÛlƫ¦fPêVĖ²p^ºÈ©ÈxZSCfHxfÆĞEîaEbKäuNCw´MJ@`C\\CVATBZ@VBd@T@F@DH@F@pBÀoŪQNAR@tC¬`ƈU_­FCVIVI\\C`@fE`KHE\\CB@XLB@tDtDjB DNBB@F@DBbBZAfQlUrWn]hk^mTc^o^eRWtMTGKKMG`QXORIqLEScRO`cRoBEBOJqFA]PNFEJQBAFGF@D@`SNG|iLGLGZQBADKBKBKBG@C@@bG|OSPCDU@A@A@A]UEEMKJWFMBEAAQ_ACGOB@|]GEKGIGYSECAAxCTALUFILUHMFIDGBCRG`MHCNEFCYBCfiDEQYCGKOBEDIBEBKZDlFzHMGiSOCIAOGMCIGGEQKMIQIKMKEQESAOAI@M@O@QAUEMEKGIGUQIIKEKGGCICWOEsQ@AWMSEUMSS_W]QQGUOUYMWa]OSEMGOGEMCQGQS]cqcKAOBEBGFADIHU@[AiC@AIIEEOOSWEEKKGISQWW]MIC[K[QIGCA[BA@GGSQGEGE@@PYBC[IIIEQ@QXWBSS_YWSOSEYGG@BGAmMC@EmEeAMQCYCMQMOBQBGAA@AUiIBQIGEOGIGEC[OKICCMKCC[[QKQQE_MUWUUO[O[O]O[K]OYQCACAICQI@AJEEKfC@IDQQMmA[VSMCA{YOB_lCFABAZONQNkD[@IBSDIBWHWF@@EBEDCDGFYXMNOTOPOZMRGLMREDMRGFUXWZuHC@YLSJSJIDABA@_DHo®WvK^M^}^mXBFLZHLDHDJFJA@MLkZEBSLA@mLuL_HMBGDoJN]FkJOB}LIBGDKJOHOLYP]Tm`o^UP[RcZEDEBYJwTQHqRDdBLSHgL]JXeLsRKDQFQDKDCZ@LUVQVEFyGJafipMTgxMT_nUdU\\GNADABAJAN@B@DAPAB}EJKRILOXU^MTGL[fGLMRIP\\CBcNXEDEBEDCBKJIHUP[VgjORej_`Y\\afSVINKJGHKBK@c@DO@BO@KHGD[PEDu^ULOJKFwbULaTfGNW`IPGLOXOXgGLAF@H"],"encodeOffsets":[[113819,44422]]}},{"type":"Feature","id":"152525","properties":{"name":"东乌珠穆沁旗","cp":[116.980022,45.510307],"childNum":1},"geometry":{"type":"Polygon","coordinates":["@@@A@@@@@CCAAA@@CAEBAA@@EA@AA@E@E@@@@@BA@A@A@AA@CGAAA@AAA@@A@AAAAAA@A@AAAEA@A@C@CACAA@@@BAAA@A@ABABAD@B@BBBBB@@@DAB@DEBA@AAA@A@A@@@@BCB@@KBABC@A@@ACHEDCPOEiQMKEMK@ECM@AAGGgAEGo@AAK@S@GEQACCGCOAACAAAAAA@CAK@C@CAA@AA@AA@A@@ACACCAA@@BCBABC@@AA@A@@BAB@L@BAFCB@BCDABABADA@AAMAKAWGqAOAUE_AQAMCUG{AKAQA@SUeeccGGKMQgcBWJcDIwoJYCwAkAECiQMGGG__ZgGICCWY{{IKUWSG¯iYIWGUICAaMECÑR_NS@@@@@AYGFq@KBGDe¥ÁKMQWJGHEd[DCtiVUDQDMFSFIDoRKFODePQTADADi@]BsAG@QKWOGECCGDYLEDE@{FS@EB@@GAµKEMACAAWYHWDA@£I@A@OE[K_KiQKA]ES[GQE_aMGCSC·aSEufEDoT}ZQHMFeT}`[N@@QAO@GAABCDA@@BA@@BA@A@A@@BA@A@@@@B@B@@@B@B@@@@A@CBA@CBA@ABA@@B@@D@BB@@B@@B@BC@ABA@CB@@A@AACBC@@@@BA@B@@BB@A@@BA@@BB@@BDBBB@@BD@BB@B@B@BB@@BBB@DABBB@@@ABA@@@AB@@@@@BA@A@AB@@@@A@@@A@@B@B@@A@@@@BA@@@A@A@AA@@@B@B@@@B@DAB@@A@@@CB@@@DA@@@@@@@@@@A@@@@CBA@@@A@AAAB@@@@A@A@@@@B@@B@B@@B@@A@@AAB@@@@@@A@@@@@A@B@A@@@@@A@@@ABA@@AA@@B@B@@A@@A@@AB@@AB@@@BA@AB@@@B@B@@ABA@@AA@@B@@@@A@@@@@A@@@A@@@CBCDA@BB@@@@@@@BA@B@@@@BABA@@@@BB@@@A@C@GBABA@CB@@BB@@A@@BAB@@A@A@@@A@EACAA@@@C@A@@@A@BB@@A@AAA@@BB@@@A@ABAA@@@@A@BB@@@@@@A@@@A@@@C@@@@@@B@@@@@@A@A@@B@@A@A@@@ABAB@B@@ABCBCBA@ABA@@AA@@@A@AACA@@@B@@AAC@A@AA@@@@A@A@B@@BA@@B@@A@A@A@A@BA@@A@@BA@A@@@AAA@]AUA_C_ZCBA@A@@@@@A@@@A@A@AB@@CB@@@@@@@@A@A@@@A@A@C@C@A@A@@@AB@@@B@@C@@@BB@@A@@B@@@@@@A@@B@@A@@@@@CA@@B@@@@AB@@@@A@@@@AACAA@@@A@A@A@A@A@A@@@A@A@A@AB@@@@@@CB@@CBA@A@@@A@@@A@A@@B@@@@@@A@C@@@AAA@A@@BA@@@A@@BA@AA@@A@@BA@A@@BA@A@A@A@C@A@A@AAAAA@A@A@@@A@A@@@BB@@A@@B@@A@A@B@@B@@@@A@@@A@@B@@AA@@@B@@C@GBC@ABMAGI@MBMBqJWO@@@B@BA@A@A@A@A@A@CBA@@@ABA@@@B@@BA@EA@B@@@DABC@A@@BiJa@QgMk[KagOkQqEQAWQYE[KkKÁēEEy_mGkEIUCsIµWA@q_SMMIGEEYMGI]EkBa@UIgQGMGGiA[CQGéuuOQEmO[@gD«HeDI@C@EAIAMCGA[GCAMDEBMBKD_HWFÛfSeACAAGMGM@CCEAA@@@AAAAAAA@C@A@CYQwWKKUMQAS@]DABu@i@gFLÙXYDIMKQO@gAK@YMqYs[SWQUOMINsDI}YkQeQICyG{G[A`gTyf_XCDKLihYXuxOPGHGHYXQPa`CFwVGDu\\YN[NgVGBWJgNkNZ_LCDEHGH[`OV[`CJcZKB[NILMDQ@MRIHQFUJERQLEF@L@@@BA@A@CBABBLBÂCD]`op]^eVQJMHWNOHA@ITGNIRIFARI^ajBLWp`@¶C´A´A°X°Z´Z²V°V¸R|zzx|¸bVRrZFAnOTDZLDf^rfLtztACPGE`VPMHMLS^mZD`LpLX`ŤƘtHTTòîvXp\\VpPzBZBBZDLDPJDHJPPFbBTHJRR`PHXAfIXExCĲQºM`AFĜNXAĖGPCFPRxOlb NT^dw°dFfBnTbHTCTAtDbBTE\\G`T^EXGPIRYDU@SRMpePKnS`@dDXFZLRTbCR@dI`DXDXH\\PJHGPGPLTPD\\FRPHRXVVJ`FZ@nAN@JNJT®@VDVLRPRNbRn`xJbA^@TB^JXLh`dFfH\\NxbÄO\\AbEraXM^A EÆIXEz\\t^ZBTI`gdCAXEnCrETDDPAJQTALHJLPbXhjVTATDZB`BHKJiCMQQ^QVBZETPPLZFfLXBHOt{RKh_DIBOfBXRTBNLR@VGV@fMf@RHEBMHGZOTEXOVQZCVTMNSbVxb\\R\\C^CbE^EVFVFCPCfU^CTB`FVFV@V@LIVGRWBWKQvVfJHNNJNHV@XBPBPHLHLRHPNPNNLXCPMLrKjGTECRDCCBC@C@C@C@C@E@A@ADCBCDCHGBCBADCFEHIHIDCDCHIFEFEDE@@B@B@@A@A@A@A@@CAAACAAA@@@@AA@@@CA@@C@AACAA@AACCEEGEIAA@@@@@A@AAAA@A@A@AA@@AA@AAABCAC@@AACA@@@AB@@A@AA@AA@@@ABAB@AA@AAACAA@AA@A@AACA@AAAAA@BA@A@A@@AAC@A@AAAA@@BA@@@AAA@@@ADCFEFEFEHGVWPO@APOEIMWCCIQKSKSKQIQ@@B@@@@@B@B@@@L@XBH@LCZIRG^@RACAKKIIUUYF]HK@e@QBqIUMo[IEFMLaNANCPCNACIEK@@EO_Q[DBM@MLMBA@@A@@A@CBAAC@@AA@CBA@@@C@A@A@@@A@AAAECCAAA@@@@@@@A@A@C@G@MAE@Q@SAMVG^GNCD@B@@@BAB@BABA@ABA@@BA@@@A@C@AAA@@@A@@@@@@B@B@B@BAB@BAB@@@D@B@@@BADAB@"],"encodeOffsets":[[122767,47320]]}},{"type":"Feature","id":"152528","properties":{"name":"镶黄旗","cp":[113.843869,42.239229],"childNum":1},"geometry":{"type":"Polygon","coordinates":["@@@@AAeGWEgISCkKDHDJJVDH@@MJMJIHGLFPNJJHJDDFBFCD@DEFIFSF@@ECKGQEYJMDYHEBEAI@OBMJMJKHGFEBMAEAEGAOCMAKIOMUIIMOMKOGYMMEWEOAQCOCC@[IEA@AABA@CD@@A@KAA@GAAAE@WGIAEALQ@@HGB@@@DBD@BBB@DAD@BA@ABAAAB@PUFEtAD@@@DINiFWDO@@@WQCE@KC@@E@@@UUA@Q@G@@@mB@@I@C@wT@BAN@jAN@JOJMHUPQNeLUHQLWFMAGAKCMIQEKIWKEGCGEKAOCKCICCIEGAIAa@WAUCEC@KO@kES@R@[@]E[GeyiPWHKNSLSFINSNQiLSDK@EECEBK@G@ICECCEAKAQ@KFGFMDQHSDE@GASMOCOMSKOII@CHCRKLSHYHQRBR@VERGNEVFRRTGN[DeA[AyDaB_DUFMLMLWPUHSFSJGTAPMXMHUFWBMEQSSK]G[AUB[FWJKD@F}RM[IHKHUNQBWBg@G@[BYBI@OBW@UBWBI@FVj@BBBAHARNPNRZDRDBNFfFnD@nNHBAH@ZHTFTPZXT`ATWX@RFRJJ\\JADOZ@@HFHFTRHHB@\\ADBJH\\R\\LJD^NXXTRHJLLFFTXPPFFJJ@BjD\\BV@JGBCHEFAPALBrd^dRTRHNDHFHPFNPTb^NXVZVPRH^R`XTTVNTFXN@BtRPFXJDHDLHLFJJVRJHLHNFVFRBP@N@J@PBTBRFLFLNRJNJRLHFJHNDPHJBPDjTNH\\uLSBApCjCD@nULEDADCNGJGLGHEFCLGLIJCBCHC@@FAB@B@bCpGDAJCPEFCHEJCJELIHIDKDIJKLONMLIJGLILIJIFEFCDEDCFCFAfgNMFErydUXM@@@CHKHGJEPOHKHQBKDAXCFCDMBMHOFQHQLMBCBUFUFQFGJULMBIHIDCJADCBG@C@YAQAK@CBADCDABA@A@ABA@@JCBA@@@AKM@A@@DCLKEyCq"],"encodeOffsets":[[117513,43232]]}},{"type":"Feature","id":"152529","properties":{"name":"正镶白旗","cp":[115.031423,42.286807],"childNum":1},"geometry":{"type":"Polygon","coordinates":["@@O[IQCCCACCjUSJALCtDTD\\DN@d@P@R@XEN@R@NARARCLAJCJEHCNELAJ@`Ax@R@J@H@NCFALGHGBEBGCEKEICOEIGGGCICIAGGIMICGIGKGKCGCEAGCAGFEFCJEDEBEAECCEGGQBCDCPARAJAFAFADEAGKU@EBCDCNKHEHEFCDC@C@EEGECCEFKDCFEHEH@L@J@FABCCGGGMOBMFoMKGGCCACAEGIEGQQMEMCI@E@AGFADEFA@EFAJDXYJI\\_L@HA@@NGDA^OF@\\BXBB@JEHCRKNGRIBACEGKIMZ]CIGYFUDKBGDODOKEYMQICA@EDEFEJCfKXQ^MVETCHATKPGLEBARKJCJAB@BA@MB@BA`EbEBAvQPC@A@@@A@WAONCBYIUOUCC@A[QhY@QBc@AMOSSO]GK[sebOE_MGGAAeeGIQO@O@KAYECYYWCOOMOQSQWQGMCIGGMESEKAKAKAOCiKI@K@WF[DKBIBIAOAKEKCMAOBMBGBIDIDMBKBIAMAIEKCKAGAWBSDGDGDGFKDKBK@QBOBC@Q@GAKCIAGCWCI@QBK@MDG@KGCAwEiEYIYBERKABGJULCBCBIAYGGC@@A@@@@BCD@@@@BB@@C@@@A@@B@B@@BBA@A@C@CBA@@B@BBB@@@@C@@AA@AB@FA@AB@@BDBBABA@@@A@A@A@AB@B@@@BCBCD@@@B@BABEBEDEFCF@@@BA@A@A@@BF@@BB@@@@B@BB@BD@B@@@BGBG@[BAHCTATCBDDSPEFA@@BRBJB@FD@@BBDB@@DDFQDCJGAA@OB@@DBBB@@ABQDGF@@GBA@I@GBEBDrFzKLCD@@@BLN@B@@ABID@@AB@B@BABCBCDAB@DBLBR@Z@DAHCDIBCDGJAJKNIVEHEREVAVADKNGRERGPANCNEDWDCBALGRGLOPIFGHGL@D@@WNcVqzEFMNehEBEDCDCFEDEFIJKJKJIHKJMNKPILCJCLGJKJIFIDGFEDOFIDCBoHaDA@A@EB@@GDADIDKJKHEDGFKHIHMHCDCBKFmVC@iDoDABKT[vĤVx` v¦bVHbR^PDtJLFFDL@HAJ@NBLBNFPDLBHBJBRFLDLBHBX@HDJBDFFDHDJDH@HAJ@LAPCJ@JBHBDFHJDLDHHJJJHBH@HBLFHDDDJHF@HFLLBJAJ@JLRFDRFTDN@TDTBFBXJ`NZ^@@ZFXHTFlLtPPDFBD@RFND"],"encodeOffsets":[[117797,44060]]}},{"type":"Feature","id":"152530","properties":{"name":"正蓝旗","cp":[116.003311,42.245895],"childNum":1},"geometry":{"type":"Polygon","coordinates":["@@eh[ÎGJAjK`Ic]M@OTCUj@NQjET@FIINXZRIGSL[IUZIhOJCLCNE\\KD@JCPIRCHCRELGRITIPIPIJMHGJIFIHIFGHMB@BKJk@QA[@GAM@OAY@AACG_DkLYUM_IUI[YiYe@CCYACAAMaAAYUIGSOHMHMGCaqBYCQCOEMIM@@QGSEKC@AB@@@B@@@@@@@B@@@@@AA@@@@@@@@B@@@BABA@A@@@@BA@@ACB@@AA@B@@A@A@@@@B@@@@@@A@A@AB@@B@A@@@A@@@A@@@AB@@A@@B@@A@@B@@A@@B@@@B@@A@@@@@@BA@@CCGEAA@ABA@A@@BA@@B@BB@A@@BABA@KB]\\e@OISBQAGSOMCWe@ak]@KAG@@@ABA@AB@@@AAA@@BA@@@C@@@@@@@BA@@AAAA@@B@B@@A@@A@@@A@A@A@@A@@@@BABA@@@A@@@@A@AB@@CA@A@@@A@@CAA@@AECE@QDOBPUDKB@U@@A@@BGJEJCDIJ@BKLAB[^gHYFyNsLGuAC@@@@A@@@AB@@@B@@A@A@@@BA@@CA@@A@@@B@@B@@@@@@A@@@@B@AA@@B@@A@AA@@@B@@@@BBC@@@A@@@AAB@@AAB@A@@@@@A@@A@@B@@@@A@@AA@@BA@@@AB@AA@@@@@A@AB@@@@@A@@@A@@@@A@@@ABA@@B@@A@@@BA@@A@@@A@@@@A@@@@A@@@@B@@@@@@A@A@@@BA@@B@@AA@@@@@@BA@@AA@@@@BA@A@AA@@B@@@@@B@@A@A@@@@A@@BA@ABA@A@@@A@@@BA@@B@@B@@B@@@@AA@@A@@A@A@@@A@@B@@@@@B@@@@A@@@AA@@AAB@@BB@@A@@@@@@AAA@@@@@@AB@@@@@A@@@@@A@BA@@A@@@@@@@@BA@@@@A@@@@@A@AA@@@@@AB@@@@@@AA@@@@@@@A@@ABA@@@@A@@B@@@@@@AB@A@A@@A@@@@B@@@@AA@@@@@AB@@@@A@@@A@@@@@@A@@B@@@@@@@@A@@@@B@B@@@@AA@@@@@B@@@@A@@]_@C@COQECGIMKCEBM@GDYBSDUCICIAOAMKOQYGKEKAEGICEKGKCSAWCYIMGMEQQQOW_IMCKOQGIGEKESGC@@A@@EQA@@AiKGAA@QKQIEGCEEKMYEMEKGOGK[uIOGO[mAAAEGUCAGCCGGDIAC@KAI@EAGAQIMIMCMAGAK@EDKFCFIFE@KACCGHCJEFCLCFEHCLIVADEHEFAHEHKFEHCHADBHfxJNFJLNBNBVALCLAJ@HBDFDBH@F@FEFEDEHGFQJ[LoYCAaSVcEEQ_HORH\\C@KH_R@PiEsAQeFCMc_\\KFKFOrVhQPU@cFABADGJCFZZFDBZ@L@PRPHJffBBHH`NPFfa\\tHLP^TTNP@BAd@RgZ\\R@BDDPVJVAZMDBP@X@B@@@BODuRABaF_FABA@@NABA@IBIDQLABKFOHSLGBSDUF]NWReLIDEFCF@FDBRJZNLFCPCPAHCLEVHZDJY^JNHLDFABQJMHQLGDIFA@WA[AE@]PCBMH@@GBK@[`IJWZICEB@FEBCFEBBHF@J@NDNFRRFHHJBFBDDDHHNLEpANNPHHDHADEBI@K@G@GFEFCDELDFFDFH@F@DCDEDGFGFMLCDAD@FLVBHCFEBEBIBQBOBCDADHRFHDDBFAFCFIFEDEFBHHDFBHDLDLHJHDHNJHJBHDJDJHHJHPFJDLFDFAHAFGHKHEBMDG@I@Q@w@_BI@KBMFGDIFIDKBQDQBMBQ@M@WFQ@O@c@M@[CSCsCKDIBTiVDDDBDDJRP\\NHjNLFFBRHZJDTLFB@BBBVFTDTDRDJDLDJHHHFABBÒFB@B@TH^dClA\\A¢IBAxJRDJBVDZB®NlD®C^AF@vCH@NBPBJ@RBtDHXBPRRMPMtixDRDVD\\FdLV@TA`ILEDT@FDxf"],"encodeOffsets":[[118916,44173]]}},{"type":"Feature","id":"152531","properties":{"name":"多伦县","cp":[116.477288,42.197962],"childNum":1},"geometry":{"type":"Polygon","coordinates":["@@DCBAFA@@QWGI@AAEAO@E@@BEH_BAFM@@BSBUBQJSBIDIBCJU@GBIAKBEBIBCFIDK@K@I@CAK@GAKCICCCCEAGAK@KFK@GAIBEBQDO@O@YBO@K@M@I@QHOBICA@Za`gPSBBB@L@F@H@R@BBBAPgBAFEBIBC@AHCHAJAHGFKH]FGAKBQAIEIAIEMCGCMAOAODG@OKQEGEEGAIAKAGBKHEBG@I@CCIECMCIEGGEMEKAI@QDKDEDIFCDKDGCEAOEEAGCCA@GGGCCAC@@EMAAAEACACCG@@ABABGAC@O@AACBAAI@C@MA@A@CBC@A@@@@AB@@A@A@ABABAAAB@ACBAAA@A@@@@@A@A@@@A@@@A@A@@@EB@@A@A@@@A@A@@@@BA@@@A@C@E@CA@@A@@@A@CAC@ECA@CA@@AA@@CEACEECEA@AAA@E@A@E@ABC@K@IBI@KBMDGBKAC@MEEAIAQAKAM@KDMHGDEFEHEHCHAFGJGLELEHIFKDGBEAGAEAGAEEEGCIEIIGCEKGKEIAEAICEAKCI@G@IDIBI@MAIBGBIHCD@HFBFBHDHFFDHJJLBHBLBJAFIHEBI@MDMFILKFEDIAG@IAIAMCUAEBCBIAUGGCECEIEMEOAKCGEEKEIEUCIAEEIEeOSA@AAC@@CAA@AC@A@@@A@@CAC@@ABCD@BAB@@AB@@ABAAEAA@@C@CAC@AA@@@AAAAA@@@ABC@AAA@@AAA@@A@A@@A@CC@@A@AAC@@@@@BCBC@A@A@AB@@A@@@@@AAAAAA@CEAAA@@ABABA@A@A@@@@FA@A@@@A@@@@@AA@@CC@AC@@@@AAA@CA@A@@@@@ABAA@@A@A@A@AAAACCAA@AA@@BA@@@@CAAAA@CAA@A@ABGAI@GBCBCDEFEBE@ACAEECGAI@K@KDK@KAIAICAA@AGEAAC@AACCAC@A@@BA@@D@@@BA@@@A@@@@CAAC@EA@AE@@@A@@@A@A@@BCBADAJEB@B@@ABABA@@BCHE@@DABCBA@ABA@@@A@@BC@@@A@A@CA@@@A@A@EA@A@@A@AAA@@@@AFEAASU@@E@CA@@AA@AA@AAKM@@e@FH@Bq@A@EBS@W@@Ka@AB@@@B@@@B@@@@AB@@@@@B@@AB@@A@@B@@@@@BA@AB@@AB@@BB@@@@@BB@@BB@@@@@BB@@@@ABAB@@CDABA@@@@B@@@@@@@@A@@@@BA@@@@A@@@@@@@B@@@@@@@@@@BB@A@@@@@B@@@BA@@@@@@@AB@@@@@@@@@BA@A@AB@@AD@F@J@DAD@BCJCHCFGFWTKJEJEJAJAHCDEFGFCDCFEHEHCLCHGLEJENENIJCJCJAJ@HDHHDDBHVBFBB\\nHPJP\\vHLHPFLFNNZFLDFFHRJRLB@HBjL@BB@FR@@@BD@THLFHFHJPRDLJNX`RPRRNFNHZJXDTBLDLHDFHJBFFLHLRZLPBNBPDJDJCVATCZ@HANDFNLHJFDPR@D@D^`@@@B@@A@@@@@B@@B@@A@A@@@@@@B@@@@@@A@@@@B@@@@B@@@B@@@@@BA@@@@B@@B@@A@@@@@@BB@B@A@@B@@@@A@@@@B@@B@BA@@@B@@@@@@BB@@@@@@BA@@@@B@@B@B@@@@@B@@B@@A@@@@@@B@@@ABB@@@@@B@@@@@A@@B@@@@B@BB@@@@@@@BA@@AA@BB@@BB@@B@@@@@@A@@@@@AB@@@B@B@@@@BB@@B@@A@@@@AA@@@AB@@B@@@B@B@BAB@@AB@@@@@@B@BA@@@@@A@@@BBB@B@@A@@B@@BB@@A@@@@B@@BA@@@AB@@B@B@@@@@@@@A@@B@@@@@@B@@B@@@B@@@AB@@B@@@@AB@BA@@B@@@@@@B@@@B@@@@BAB@@@@@B@@BBA@@B@@AB@@BB@@@@@@AB@@@@B@@@@@BBA@BA@BB@@B@@@D@AA@@@@@A@@BBB@@@@AB@@B@A@@B@@@@@@@@AA@@@B@@@DB@@AB@@B@B@@@@A@@BA@@B@@@@@BDHvtKzMZEhG\\]BALK@AJIDCFIHI@AB@@@@VLAVCOPARCF@FD@BB@DB@@@B@@@BDB@@BAB@@@@@@B@@ABAB@@@@@BB@B@B@@@B@@@@BA@A@@@BBBB@@AB@@@@@@D@@@B@@AB@BB@@A@@BAB@B@@BH@Ll^@bXfNDTPBHARJT@P[fA^@LABAB@@@BAAA@@@AB@@@BAB@BBBHFDD@@AB@@@@@@@BA@@@A@@@@BA@@@@BA@@@@BA@@B@@@B@@@B@@@B@AA@@B@B@B@@@@A@@@@@@B@BA@B@@BA@BD@@AB@@@@@BABAB@@A@@@@@@@@@BB@@@@A@@@@@@@A@@@A@@BLDTFRH@@JNFNDPDRAZbrHDrPVFXH@W@IBA@KBOBKxgHCDHJTCLTNJFTN@FZCNANAfIRChCVAfDzsQUF@XAN@NYTP\\G\\ECEM[BK@C@A@AA@ACAABABABA@ABA@@@EBE@AB@@ADC@C@@@C@@CAA@AAAAAA@AAABC@A@AD@DCBABC@@BCBABA@@BA@ABA@@@A@ADCBA@@BAFABADCBADEDA@ADADCBA@CBABC@A@@@A@AAC@@@AA@BAAAAE@@@GAA@C@ACA@AAAAC@ABC@@BAAAA@A@EAAAA@@AA@@C@@@AAA@E@C@@CC@C@C@@ACBC@A@C@@BA@@BB"],"encodeOffsets":[[119700,43406]]}},{"type":"Feature","id":"152527","properties":{"name":"太仆寺旗","cp":[115.28728,41.895199],"childNum":1},"geometry":{"type":"Polygon","coordinates":["@@DEHIBCBAdEV@ROUgPqLELE`[NdEDRftBjF@O`QLGD@G[PQG`FRdFUbTDBpZ\\KRIHEFGFCFE@E@EAGECAC@GBIDKBKAUAMKMEIIMewAGBCDGFGLEFGBGFEFGBCJUDKFGDEDKFEDIHGKEA@GGI__ACEIKKIIEMEIEMCE@MDEBIFI@GAECCCACAGBI@GAGCCCAKCEAIBGBSDM@GCIKIGMGOGAEEOCQKGGC[DKCICIEIIUIcEO@e]MM_SSGECgEGCOCOIMGOEUKKEIGSIIEOCMCMAKCGAGCGAMAKAMEIAI@GAUBIAKCECGEECGKGIDAD@JGFEBAJOhEHE@@@@@AF@AA@CAE@AECAAAA@@@A@AA@@A@@@E@CAAACACEEAECC@AAAB@BCDEFEDCDEFGDABAFGPKJG@@@@@A@@EACCGCA@CAA@@@EAG@K@G@KAA@A@A@A@C@E@C@C@E@C@A@A@C@GAE@CAA@@BA@ABADA@EDCDMXEPCFIFI@MEECIICE@A@@@CBE@A@A@@@ABC@A@A@AAA@@@ABA@A@A@AAECCAA@A@@@AEECA@AA@GAIAAAC@IAMAABGAMAEAKAA@C@IA@@@D@B@B@BBD@HAB@D@@@BBD@B@B@B@@@BEFCDCDGFGDKBMBS@A@]JUJA@I@C@A@Q@GCA@IBABABEBABMHCBA@C@A@A@I@EA@QC@A@E@C@ACIIQGIAG@GDIDIDGFIDQFQAG@UCK@QAQ@eBOBK@OAQCOCQ@QAKAGCCCIIIIEACAE@MAGBCFAD@D@FBFHHFBFDFFDFDFBDDDDBFBHFFJFF@JBHBJBH@H@JDTBLBV@NAF@HAJAJG\\AL@JJT@H@D@HCLCLEHELGFEFOTAJC@AB@@BBB@BBB@@B@@G@C@CB@@AB@@@BBBDDAD@B@B@DPA@@B@@B@@B@TEXLPB@@B@BBDBDDBB@BB@FBB@F@BF@BBD@@DF@BBBB@BBBBFFBBFDBB@@BB@BCFGLAFCFCDCHEJCH@LDR@DCF@@@BBD@B@@B@B@B@@B@B@D@D@BAB@BABABIDA@@BA@@B@F@B@@@BB@B@BAB@B@B@@@@B@BA@@BC@@@@@@BABA@@@@@@D@@@@D@D@@@@@@B@@AD@BAD@@AD@@@BDBB@@@@BA@ABA@A@A@@@BB@@H@F@JAFBD@AB@BEFHD@@ABCB@@A@C@A@AB@@@@ABBBB@@@@B@@@@@B@BA@@@CBA@A@AB@BCDABA@AB@D@@@BBB@BABABAD@B@B@B@@@@BBB@B@B@AD@B@B@D@BBB@BAB@DAB@B@DA@@DADCL@DCH@@@@@B@BCFABABADAB@BAB@@ABAB@AA@A@AAA@A@A@@@@@@A@A@@AAA@CBAB@BA@@B@D@@A@AB@@ABAD@@@@CAA@A@C@A@A@@@ABA@@@@DF@@@D@H@FB@@@B@D@B@BB@@BB@BBA@@@CDA@@@@@@BB@@@@@AB@@@@AD@BA@@@CB@@@@@@BB@@@B@@@@CA@@@B@@@B@B@@AB@AAA@A@@C@A@ABCB@BABAH@B@@E@@@@BDB@B@@@BAB@@E@A@E@A@A@@B@@@B@DB@A@BB@B@BAD@B@BBB@@AFABDH@@@BBB@@@B@BAB@BCB@B@B@B@F@B@B@B@BAD@B@@BBD@BB@@@B@@@D@@ABA@@@@@@B@@@@@B@@BBAB@@@@HDZHJBDADAVKHIBALFQZAZJjFxFDBLHH@NCL@RAJ@XDHDJBLDHBR@D@PARAL@LALCHEHCHCTCXAHBLBLDJFNBJBLANAJCJCHANAPANBLDLFPBJBJALA\\CXEL@J@jLPDLBLBLBTFNFHHDJHNRRXRTNPPPXD"],"encodeOffsets":[[118231,43192]]}},{"type":"Feature","id":"152526","properties":{"name":"西乌珠穆沁旗","cp":[117.615249,44.586147],"childNum":1},"geometry":{"type":"Polygon","coordinates":["@@oWQAOmGWVidUTWTUTKPS\\QXcp]fILGJGLIPcHwEWAWAeWcFRIxCP@FBH@LBPBTBZBJ@BGTGTEPGXABYZqr]\\OPOPKLIJ[\\[\\_`ADSNgbQPyrIHFHRb`x^rDHPXHNHLN\\DHFFFLFJHLFNBBFJ\\bHH@@FP@DFDHJBBDDVXFFLNDD@B@@@@@@A@@B@@B@B@BBDBB@BB@@@BD@BD@@@B@@@@BBB@@B@@BBB@@@B@B@@BB@@@@B@@@@@B@@BB@@@BB@@@@@@B@@B@B@B@B@@B@@BB@@HDB@@@BBDB@@@DBBB@@B@@A@@B@BB@@@AD@@BBABB@@BDB@B@BBBBBBB@@AD@BBB@BBB@@@D@B@BBJBF@BBB@BAFCHADCHADB@@B@BB@@BB@B@B@@@@@@BB@D@DBB@@BA@CD@@@@@BA@A@@@A@@@@@@B@D@@BD@B@DABABB@@B@@@@@@@BB@@@ABA@@B@@@@ABBDDD@@D@BB@B@@AB@@@BAD@BA@ABAB@BABA@A@AB@@@@AA@B@@ABA@@@@B@@A@@@A@@@@B@@A@CAABAACB@@@@AA@@@@@AA@C@AA@@A@@@AB@BA@A@A@AB@@A@A@@B@@A@@@ABAB@@A@@@A@@AA@@@@BA@A@@@A@AB@@@@@BB@@@@@AB@@@@@B@BAA@B@@@@BB@@@@AB@@AA@BA@@@AB@@AB@@A@@@A@@B@@B@@@A@ABC@ABAB@D@B@@ABABA@@@@B@@A@@@BB@B@B@@@@BB@@@@CBAB@A@BA@@B@@A@@@A@@@@A@@A@@D@@A@@BA@A@@@@BB@@@@@@BA@AA@B@@BB@@@@A@@@@@@@@B@@B@@@@@@B@@A@@@AB@B@@B@AB@@@@@@@DA@@AA@@B@@@BA@A@@AABB@AB@@AB@B@@@B@@@@@B@@@B@BA@@B@@F@@B@@A@@B@B@@@BAB@@A@A@@@@@AB@@@@@B@@AB@@A@B@BBB@A@A@A@A@@BA@@@A@A@@@BB@@@B@BA@@@ABA@@B@@@@A@A@@@CA@@A@@B@@A@BBABA@@@A@@@A@@BA@BBAB@BA@@B@@B@@@ABAAA@@BA@@B@@@@ABABA@@BA@C@@B@@DB@@@@C@@B@@@@A@@@@@AA@@A@@BB@@@AB@@@A@@A@A@@@AB@@@@AAB@A@@AABA@@A@@A@@@@B@@@@A@@@@@A@A@@@AB@@@@A@@@A@@@A@ABA@B@@B@@A@A@A@AB@@BB@B@@@BABA@@B@BA@AAA@@@@B@@A@@@@B@@AB@@CBAB@@AB@B@B@B@@@BABA@@BABBB@@@DA@A@@@AB@B@B@@@@@B@@B@BB@@@B@BB@@@^CT@RBVNLLXRxZ@D@B@DBBBBBB@B@@BBDF@DHNHNBBBDTfÜeXE`GLCNAFANCDB\\HHBNDJBFBD@J@fC¬GhC\\@nPRFvPêvRH\\DjBHHNHhRVJb@lA^FHJZNFHFNJTNr`B@¶XtJVDJlFnHz`FFÂĔlL\\LZFXRRBrFlRhPb\\LlhNRb@jI@AB@D@BA@C@@@AFBB@@AA@@@B@BA@@B@DAB@B@B@B@B@B@@A@A@@XPrINANAJ@HNBBAD@HAD@@@@A@@BB@@@AB@@@B@@@@@@AA@B@B@@@@AB@@@AA@@B@B@@@B@B@B@BBBBB@B@D@B@B@B@B@@AB@B@@AB@@@BBB@@AB@@@B@@AB@B@BB@@D@B@@@@@@@@AB@B@@@B@@@B@B@DA@@DA@@@@@@BAB@B@B@@@B@B@B@B@B@B@@@B@DBBB@@@@@B@@A@@B@@A@@@DB@@@@B@@@@AB@@@@@@@@AB@@@AA@@D@@@@A@@BA@@B@B@D@D@B@B@@@B@B@@@@@@@@@DA@@BAB@B@@@B@@@@@B@B@DA`Y`DVB^BB@BB@@B@B@@AB@@@ABB@B@B@B@@@@AB@@AA@B@B@@@@@BBB@D@BB@@@A@@DBBBB@@@B@@BB@BAB@DADABA@@@ABABA@@B@B@@@@AB@B@@@@@@@@A@@@@D@@@B@@@B@@@@@@@AAB@@@@@BBBAB@@@A@@AB@BBB@@@AAB@@@B@D@@@B@DBFBB@@@B@B@@@BA@AB@@@AA@@DAB@BAHAD@B@@@A@@A@@B@BA@A@@A@B@@A@@@@@@AAB@DCDA@@B@@@B@@@@@B@@@@@@AB@@BB@BA@@@A@A@@BAB@@A@@BA@@BA@@@BB@@@@A@AB@@BB@BA@@B@@@@@B@A@B@@@@@B@@@@@@@BA@BB@@@@AA@A@@@@A@@B@B@@@@@BABBB@@@B@DA@@@@@B@@@@@@@@B@@C@@DA@@B@@@BA@C@A@@@A@A@@BBB@B@@@B@@A@@B@@@@A@AB@@@B@@@@@BAB@B@@A@@@@BA@@B@BA@@A@AACBA@AA@@AAA@A@A@@AAC@@AACA@AA@@AB@@AB@A@@AA@B@@A@@D@DABBB@@@DAB@BAD@@A@AA@@@AAC@@@@AB@BAB@DAB@DAB@@@@@@A@A@@@A@A@@B@B@@AB@B@B@@AB@@AB@DCBAHBP@RB@@\\M~_fSNERG~YpSFCveTF¸bTDHDbN`RF\\HT^FLBjR`L\\LPFB@@¤JB@XCGXZBBBDFN¶LHB@@FAT@|EF@FCZKHCDDHFXPRLH@tB^Aj@BCBCRSfOPCLEpQJCTENERCVCUPIXS`NBCAIACCACAAACACAAACAAA@@A@@@A@@AA@@@A@A@@@@@@AB@@A@A@AB@@A@@BC@CBA@A@A@AAA@A@CAA@AAAA@AA@@A@A@A@A@AA@@AAAC@@AC@C@C@AAA@C@AAAAC@A@A@@@A@A@@@A@@B@@ABAB@B@B@@A@@@@@A@AAA@@B@@AB@BAB@BAB@BAB@@@BA@@BAB@B@@AB@B@B@@AB@D@DBB@D@@@B@BAFCBAB@@AD@FAD@B@DAB@BADCBADAFADA@@DC@A@GBC@@@@GCGAAA@@BABCBCBADCBADEDABA@@@C@@@A@A@ABA@@AA@A@A@AB@@A@@@A@@@CBABE@ABADCB@@A@C@@AAAAAA@C@C@@@ABA@A@@A@AAAC@@@A@@@AA@CA@@@A@@AAA@A@AA@@AA@@A@AAAAAA@C@@AA@@AAICAAGA@@AA@A@@AA@A@@BC@@AACAC@A@A@CB@@A@C@@@ADCBA@@@C@C@CB@@ABAB@B@@A@I@@@A@@@A@C@C@C@A@@@A@ABABCBC@EACBA@A@@@@@BD@D@BAB@BA@E@@@@B@@BBB@@F@@A@@@@BAB@BA@@B@@BD@BBD@@@BCDAB@@BBBB@B@DAB@BBDA@@BEBAB@BA@AB@@ABCB@BA@@@C@EB@BA@CAA@@@ABA@ABA@A@@BA@ABC@@@CBCBC@A@CBEBA@CBC@A@ABABE@CBIBABC@C@ABCBAB@BCBED@@AB@B@BA@@@A@A@ACC@CAA@A@A@A@AA@AAA@A@@CAAAAA@@@A@AA@@@AAA@A@@A@A@@AACA@AAAA@AAE@@@@ECECCA@AAEEACECEGEGKKEGA@AOACAKAEBA@EBA@CDAHCDCB@FCFEHGDCB@@AB@BC@CBAB@DCB@@A@@AC@@@@@@H@D@D@DB@@B@D@@@B@@@DD@@@@B@@@DA@@B@B@B@@@B@B@B@D@B@DADCDALCGACAC@AAC@AAA@ECE@CCCACAA@@AAA@@@@B@@ADAJCDALAB@JBB@BB@@B@BAJGB@BAB@@@@ABCBA@@@@@@@@A@A@@@AA@AAA@@CC@A@A@@EA@@AA@AB@@A@C@AB@BA@ABAA@@@G@CAAAE@CAA@CCA@A@A@CDADA@EBA@EBABCBABCBCBGBA@ULCB@@A@CAAAAACC@A@A@A@@@AA@ABAAA@CI@@@@@@BA@ABA@AAA@A@@CA@@EAAA@@A@BA@@DADAFEBAAABABC@AA@@A@@B@@@D@BBD@D@DAB@@@BC@AAABA@@@AA@@A@@B@DA@ABA@A@ACA@A@A@@CAAA@@@@B@D@B@B@@@BA@ABABABABABADA@ABCB@BADAD@@@BBFDBB@@B@B@BCDC@ADAB@DAB@BA@A@A@@B@DAB@BBD@DBB@@AB@@ABABC@ABABADADAB@FABA@@AAAA@@@CBCA@AA@A@@@A@@AA@AAA@ABADG@A@@ACAAC@@C@A@AA@G@C@GBC@A@ABGBABCBCBA@CBI@EBC@C@@@CBA@EBABEBC@IBIAE@C@CBE@EBEBA@EBGAEAMAGCCAG@GBG@E@C@CBABCDABABCBE@CBCAKHGFCDAB@@AACAAAAA@AAAAA@A@A@ACCA@@ABADC@AAC@@B@@A@A@@BAB@DAB@@C@@@A@A@A@A@A@AAA@@CA@@@AAA@ACE@@@@BA@@@A@A@AB@@A@A@AAACA@@@A@ABIAA@CA@AAAA@ABA@@AAA@@AAA@A@ABE@AD@FCHCDA@AAC@AAA@@@AHCB@B@DADAB@DABA@A@AB@@@B@D@B@BA@A@A@@BAB@D@F@B@B@B@@@@AB@@A@AFC@@BADABADCDAB@@AB@B@FBBBB@BAB@@ABAB@BAD@B@B@B@@@@CB@@ABAB@@@B@BBBBB@B@BCFABA@@BAAA@ABA@C@AAAAA@A@A@@BABA@@@AAAAC@@@ABAB@@ABA@@BA@A@AB@DCBADABA@A@@@ADCBABCBAB@BCBABA@C@CB@BAD@HCLABA@@AC@@@ACCEMEI@@U@C@G@KAWBGBE@GBC@@@A@BE@ABABABA@A@C@A@@AA@@A@E@A@AA@@A@BA@@@@AA@@CAC@@A@@@@RAPBD@FAD@FAHADA@@@@@C@A@CAAAA@A@@BA@AA@@@CAA@CAA@C@A@A@C@ABA@A@A@A@@AA@@AA@IBC@C@GCEAAAA@A@C@A@C@CAA@A@CBCAA@CBA@@@EAAAGAAAAA@AAAA@A@A@ABA@EAA@AA@@BA@A@A@C@AA@AAC@A@E@AAA@ABA@ABA@A@A@A@CACAA@A@A@@BA@C@CAA@E@E@CBC@EDC@GBK@KBE@C@OAA@QFQFABGFAB@B@BABEBA@ABA@@BAB@@@@CAAAA@I@A@@@EBC@C@A@AAC@@ACAA@ACAA@@CA@AA@@AC@A@CBA@A@EAAAA@AC@AAADA@A@@AC@@@A@@BA@AAACCAA@A@A@ABA@@B@@@DDB@DBB@D@BAB@BAB@DBBA@@B@@CBA@@B@B@@AD@@@D@BA@@BC@ABAB@BABAB@B@D@B@BAB@BA@@BAB@@BB@@@B@DCBABA@C@@BAB@BA@@AAAG@A@@@CB@@CAA@ABA@AB@HAL@B@@@@@@ABAB@B@B@@ABA@AB@@A@A@A@CBADEDADAB@@@B@B@AA@ABC@AA@AAAA@@AC@ABA@AAC@AB@BAB@@A@A@@AACEAA@@@A@AAACAAA@AAA@@AAAA@@@CAA@@@ADABCA@@@AACA@@@A@AGiEOGOBaCMQQ[MYG[AOIKGIKYEWCOEIMYASDO@MSWEOKW_QGWU@BAB@@G@AAA@ABABADCDAB@@IBE@A@ABGDGDABA@G@GAC@A@AACAAAKCGAUCEAAAC@AACEAACBcGWEgGO@@RITMHYBYCIIIMIOGI]EUCQGBMBQCOIIUCWCWAQCGIUCW@ESAO@MFKAMCI[IOFWEIMQSGO[MUGSFQP[D_MYEEBABAAC@A@A@@BCDABCBA@CDEBGBE@C@A@CDEBC@A@AA@@@A@A@@BABA@@AACBK@KBEBM@C@MDIBEBC@EDGBA@@@ABBDA@@AEAE@AACAC@@AAAAGA@GEEE@@A@A@A@CAAACC@A@A@@B@BABADE@AB@B@BA@AAA@C@ABAB@FABABABEBA@@BCB@D@BAFIB@@AAAAC@A@C@CAAAACC@@@@BA@@AA@C@A@CBABABABA@E@CAE@A@AFADADAD@FABCGEWEMROBC@EDCB@@@BBB@BBB@BBB@DAB@BAB@@A@@@AAC@A@A@A@C@C@CAA@AA@ACCCCCCCAAC@AAAA@E@A@A@AAAA@@DE@CAAAAAAA@@ACACC@A@ABEAAGQCIOMQ@SPWIMSMWDYHMGQSMGUGQ[MQSKOFSF[D]E]A[R]DiB[HaJiOaYQIGM@SAKKKaEeIGOGIKIMABCAAAA@ACAG@AACA@@C@A@CA@AAA@A@A@@@AACA@@A@@@AB@BABABAAG@@AAA@CAC@AAA@M@EBI@CBA@C@IBCBA@EAC@IAIECA@@@AACA@@ACBA@@@C@AAE@A@@DA@C@A@A@AA@A@@A@C@@@A@@@ABCBEBA@A@I@Q@AAABA@CDA@CD@@GDCBIBCBC@A@AAC@C@QBA@EBEBEBCBGDABCBCFADAD@@@BBB@@DDDBB@FB@@BBB@@BAD@DB@BFBBBBHBBBBB@BBHBDDJBBFDBB@@@B@B@L@BHBBB@@BBBBB@@BJB@BB@BFBB@BA@@@A@A@@@@@AB@B@B@BA@A@@BAB@BA@@BC@E@C@A@A@CFEHABABA@EDCBMHABaKABADCB@BA@@@@B@B@@@BA@ABC@A@@BCB@@@B@@@@BBDDFJ@@@@P^UPWHCBA@@BA@@BAD@@@BBB@B@@G@@BA@C@A@@B@BA@@B@@A@@@@@IBABA@C@A@@@AB@@A@A@ABA@A@C@A@A@C@ABA@ABA@A@@@ABA@@B@@CB@@@@A@@@@B@@@@ABA@C@@@ABC@@@A@@@C@EDC@@@@BA@@B@@DDBB@B@@@@@D@@@B@@@B@@A@@@@BA@@@@BABABA@@@@@A@@BAB@B@@AB@@@BABA@@BA@@F@@CDABAB@@ABABA@A@ABEFABEFABCBA@@BC@@B_AC@YHo@aJS@¥E½GQACsAKACSAI@SMyeCCYAAOSOOikIMOQ_aGIOQKOY[]]GEUO_WIC]QDKHaH[@@"],"encodeOffsets":[[119779,45045]]}}],"UTF8Encoding":true}