{"type":"FeatureCollection","features":[{"type":"Feature","id":"152923","properties":{"name":"额济纳旗","cp":[101.06944,41.958813],"childNum":1},"geometry":{"type":"Polygon","coordinates":["@@°M²M²O¶O®OIfC²Q´M²OZCK²MMLAK\\EªM¤K¤OM\\AjG|G¦OTB\\A¶ClC CL@E¤CAzCAVCEZACCnE¶G°GE`A°KtAĂM¢EÀG´GdCJAhAEECEpCjAzCZAXAJBjDzLNTDTDdF^DRFlF^DLNô`nJxFxJ\\FxHXBp@ZAA^A~A\\@rA`CfAlAt@pCP@N@RAXAANNLNJHFJJLLNLLLHFRPT@\\@^A@jCfAf@Ad@\\AtA`@CnAjACX@h@p@ÞCrGX@OpIZCXEMlIvIÒ[|KlGxI¶WO\\EZGOVE^EMTERCOQXCQXIX@\\ApCVA¶IN@pEvCRAN@VAZCR@ZGHGVQRQLMTSTQNMTSPORQLMPQTQNOROJMRONKNMHINMJILMPKJKpu¼¿JOfA̖áüfæOpAÊAǸñAMCkCUAUC[I}IGyHKNSP[rHMBA`spLSHKDIRsJ]DKFQBG@Q@M@I@OBW@SAQ@k@K@Q@QJk\\·FUJgJqF[FYFY«§ECWYqoSQCAGE}]ƩõcYCAOKSKAA¿µoYč­UICCIEOGsYCAUIkSaM£kSI]YKeSmYÇYOgSiUcWMSISKÃCCQIu_UMo[OSSSEGQSGIGIKMek£Y[yIQAUCsKkGQECEECCOKMKEEIGOKKIOMECQM}S@ßA}AUHYHqPÁjgNcJ_LwG£MYAāY¹C_@M@[A]@G@oAG@U@C@Q@wAA@aLOFSFGDEBGBiPWHQFGBOFMDeNWHC@CB[JIDA@OF¡bÏIqAYA¡E_AO@[Q[QmďÃÝVÏTWK@@@ĸÖÞKĊWTÍö¡º§ÑDƁZŽVěïŁFÝDãFĝFAġEC}@ACECCCGMWIOKSIBGBGDKBCBEBGBKDGBIBMDSFCBEJCFGLEJGLIPCFGLIPQ^ADOXOX@@A@eOgOgOUGQGMEWIgOgOC@cMCAcMUIQEBE@C@A@A@A@@@A@AAA@C@@@AAA@A@AAA@A@A@A@A@C@@@A@A@AB@@ABAB@@A@@BA@@@AB@@@BAB@@@BA@@@AB@BA@AB@@A@@@@@AB@@@@A@@BAB@@AB@@AB@@ABAB@@ABA@@@A@@@@AA@@AAA@A@@AA@@A@A@@A@@A@@@ABA@@@A@AA@@A@@B@@A@@@A@@@AAA@@@A@AAA@A@AAAAAAC@AA@@A@@@AAAB@@A@@@A@@@@B@@@@AB@@A@A@A@A@@@A@@@ABA@ABA@ABABA@@@A@A@ABA@A@A@A@A@A@AA@@BAB@@ABABABABCBCBABABCBCDCDCBCBCDA@ADEFEDADCBCDCBCBEDCBEBABABA@@@CBA@ABC@ED@@GD@@EDCBC@A@ABA@ABA@ABCBE@ABCBABA@ABA@@BCDADABABABABABC@ABAB@@ABADABABABABAB@BABAFADAB@@ABCD@@CJEVCTEVETEVCVG\\WEUEOCQCQEwMoM@@LMRSHINQNODCNQDANSNMDCEAOG_K@@C@QGWIkOA@gOSGQGcKAAÛ{ã}AzA@D@VAZ@T@@A\\@RA@RAP@R@RAP@R@R@RAP@R@R@PAP@B@R@PAR@R@R@PAR@R@J@H@NA@@@KDUHGB[JIBKBC@]DABA@YDIBA@QNEDGFIFABSPGFOLEDQNABSNCB]J]JUFA@eXSLIDYPhaRrABy`½ÀOPųŴcb@@ėĘ@@@@@BBDBD@B@@@B@BAB@@B@@BB@@@B@@@B@@@@B@@@B@B@@A@@@A@A@@BA@ABAB@@ABA@AB@@@B@B@@@@AB@@A@A@ABC@CBAB@@@@AB@@BB@@AD@B@@@BB@@@BB@@AD@BABAB@BA@B@@BFDDDDBBDJFHFFFFDFDDDFDFFJFHHDDNJBBNJHFJHTPNJJHPLbZHFHFFDFFLHDDFD@@dZHHRLPNRNPLRLPN`XPLCFIPAB@@@BIRKRIRIRIRKRIRIRIRGLAFKRIRKRIRIRIRIRA@IRIPABIRIRIRKRIRITKRIRIRIRKRIRIRKRIRIRKRELKRMZEHELGLIRGLEJKVKTMVKTKVMVCHGNGNCHYjMXCFCHEHIT¶CHQ`EJcxGNSbABQ`@@ABsqc|KTWjWhELOZMVELCFCFELKVINEJWhCHCFCHKTCHGNELQZGREJMZGNA@³Ąe"],"encodeOffsets":[[99505,43823]]}},{"type":"Feature","id":"152922","properties":{"name":"阿拉善右旗","cp":[101.671984,39.21159],"childNum":1},"geometry":{"type":"Polygon","coordinates":["@@Ø{jQƼÅƺÏvSBKHQHMLYFKFMDELW^HMFMHMDIZsBELUFKJSDGDIHOBCPaFKN[n[t_LExa|e^QNILEBAZODARKFCZOZOfYPIRKhWmbeb]\\gho\\aXYhmNOBABOHyB[ÒÛZ]HGX[RS`cry`cJIVUdyJMZkPWJOLeL_BMDyCGCMNeVUFEji^[RQFUHe@ADB¤JNB^BLMhsJMDEHUBEDMJ]DG^_XYPQloDEHOb{zkf[PKTObqDEeoMOBMBGDMfCjIXQBcCakii¤swåMMNsF[RUdq`kX_aIUaGKC¯oyU§GCwEuQUÇYKUICE@KRG^ODAt[@@{ÝwÉ^ÜƷÍÛYåĩI@@@OFKDMDMDMDMDKBMDOFMDMBKDMD[HMDMDSFMBEB]@{DC@M@OBO@M@O@M@MBI@I@@@KAG@EAIAKCCAāsÙs·eËWAAOAMAEAGAC@A@EAECECEACACAEAI@CAEAIAI@EAK@MAGAI@GAE@E@ECGAE@CAEAEAGAEAC@EAG@GAGAG@OCIAEAICE@GAGAECGACACCCA@AåÁAA}gAAAAqAAAAw]oCAAAAACACEEEAECEAECCCAAIEGEECCAECIGCAECECGECACCGEGCCC@AEEGECAACCCCEEEAACCECECEEEACAECGECCCCGECEECECAAC@E@CAEBE@E@EBIBE@I@EBIBE@C@IBK@MDG@IBEBI@EBEBG@GBGBI@EBC@IBIDEBGBEBEBEBC@MBKBEBMBKBEBMDI@GBIDKBE@MBKDG@KDMBEBMBKDE@IDMBSBKBEBKBKDG@MBKDE@MBIBEBGBIBGBGBMBKBEBMBKBE@KBMBE@GBEBEBI@CBC@EAE@C@EBEBGDGDEBIFEBABGFGFCDEBEDIDCDEDEDIFKHEBKFIFEDEDGDEDCBGDGDGFCBGDGFEDEBEDGDIDEDKFIDGDCBGAEAEAGAEAGAKAQCKCE@MCKAEAMCMAOCIAGAIAGAEAEAECECIEQIIEECIEIECAIGKEECGCKEEAECGAIAE@GCGAGAG@KAIAEAKAKAIAIAKCMCMAA@EAKAMAQCKAE@GAGAGAE@IAKCE@GAGACAIAGAKAKAEAKAKCMAIAGAE@MCKAGCKAKCECKCIAEAKEKCGAGCE@C@A@@@EAG@GAIAI@KAKAMASAMAOAMASAIAIAI@IAIAKAIAKCICOCMCOAMCMCEAG@EA@A@AFEFCDCHGFEHGJIFCNMDCDAHIJGHILIJILITQPOBALKHIBA@@\\IRILIB@FEvW@@FCÅKGCACCCCAE¯ËÙIGSQSOUMUOSOUQSOYQOIA@CBABGHIFKHGDKFGBE@CAGAECCACBED@@IDEBEB]FMD@@CBC@IDGDC@G@C@@@A@@@CCAACAAAA@C@CBC@A@CBA@CACAAAECCCCCCACAAAAACC@CCCAAEAECEAECQM@@AA@@@@EAEAGDININMTMXKPCHCFADEHEFA@EDODQFSFKDODGBOFIBGBEDGBGBG@GBI@IFCDEHABGDMDOFKFIDKBIBGBGBEBEDGFKFEBC@CAEAGAE@C@EBGBGBC@G@I@IBGBEDEBGBE@EAGAEBCBCBCDE@EDCBEFEHAFAH@DAB@BB@FBJ@JBJBFBFDDDHHDHBBBBBDBD@FCH@DAHAHADCJABCBCAE@ABC@KBFMBEBE@E@KAGBGDEBGDC@GBA@@B@BABAD@FCf¨FNBHFHHTBFCBC@EAICWMYIOGKEgOYI{YMG@mGaEsIOMCO@AFFLDRAdE^ADADADIH]L^QFA@A@EECMIOEI@@IG@@CCG@EBOHUNSLOH@BCBCBABCDEN@PB^@NAN@D@B@BDDHHHFNLPNNLHHBDBD@DCDAD@D@DBDBD@DADAFCFADCFCFAFCFAH@D@F@F@HADCFCHCHAD@DBFBHBF@DADABCDAFAF@B@F@F@F@ǌĳCEBE@G@E@E@CAEAE@IAIAEAGCEAKAKCIAIAGAI@EAG@G@GAK@GAG@CAC@E@E@IBI@IBEBIBG@IDKBIBIBE@C@E@E@E@C@EBGBE@EBG@G@E@E@EBG@I@G@I@A@@@@@CB@@BäµJĭpsÂZwĻdOFCB@@@@ABÛ¦çX­béØL}NJmRcDoCCCEEeAYDA@KJGBIF@@@@DLFFLDPBRAJCHEFEJENCJ@RANDPDJBPHNJ\\NTFnPjRPDPFTJRJfNTNvThVTVl`B@@DBBBFDBBDB@@@B@RBJ@B@J@P@D@HBJ@P@JBN@HBN@NBJ@H@HBFBD@DBHBJDFBFDJDFDFBDBFDFDJHLHLHHFLJXRHDFDBBBB@BBFDJBJDHFR@DFTBBFR@DHT@BDPBFDLBFBDBHBBBDBBBD@BBBBDDBDDDDBBBBBBBDDDBBDBDDBBDDHFDFDDBBFDHFDDFDBBJDZLJF\\NDB^N`P^N^NXLHD^N\\NDB^N@@RH@B@ŢXLÐSÞUĐÄn\\R\\RP@`B¢FZBrBÐJ¢aPEB@JC\\IDAD@XGfMNCPEHAREXGjOHAFAHCTEPEbKB@xBR@D@V@H@pBH@^@\\BN@`@ºDĂZZB¤NxH`KdIhMÂirOZGVG~BàBT@~RNFDPNLJPLJHFFNLPLDDFFFDRlHtLVDRBzJZ\\¤flLNHJHJRTFHTTPTp\\VNv`RJDDÄTLTJXNdjVhTZPÈnZfTZL^TJ¤lbNlTVJDBtZPHJFDDVJĎ®pZ¶ÀBBTLPLDBdZƪö~^HFDBTRrpXZFD¬¨EZEZE\\IrIhEV[¸Il@R@R@L@lBR@TAX@P@J@N@RAHERCLI^QtCJGLKTo_tABGNqO\\MTGLHzJJ~D\\BVDVDlBN"],"encodeOffsets":[[105398,43076]]}},{"type":"Feature","id":"152921","properties":{"name":"阿拉善左旗","cp":[105.70192,38.847241],"childNum":1},"geometry":{"type":"Polygon","coordinates":["@@Iʔ©þefKXBƼHtAbFpJ`D¶T¸P¶P´V¬T´P°LBIñCëĨQªOĪNĖH`C}Ǟżh\\F@@KAQAICkAKCiAGCUCSE_I}IsE_I}BOBQD]DQBUJ{BSBQPAKCSFOVuFKJSHMFILUDEDGDCDIR_DENWJSJODEDEJOBCDGHKXiBGBEPBCFYFWBGEEIIQSfaJIPKZWd_LUFEFMD[B_FWD[¬usRImj]àxiVSXAXILQvQSdK°Gn]xQZGYRCIfAV@H@LAHBTEF@TEDAJC^C\\ATAtEZINCjeDDF@nTX[FE\\]XAFCD@JAF@LAJGBI@CFCBC@@@A@@B@@AIs@@@AB@BAHAH@@@BA@@@A@@@AA@A@BA@@B@@@@@@A@@BAB@@@BABA@@@A@@@@B@@A@@AAB@B@@AB@AA@@BABAB@@@BA@@B@@@AA@A@@@@DB@@BCB@@BB@@@BA@@B@B@BABA@A@A@@BABAB@@@D@B@DCBA@AB@@@B@BB@AB@DAD@JCH@F@D@B@B@BBBFDBDBFBD@D@JAFCJAB@BADCB@B@FABBrO@@UFCLETILCXK@@A@SP@@Y@ABELwDQDS]RED_EoHKBEyAUTUVCDEDGHKDODMDsPcLAq@K]BGBKBkDqD@@FMNgDEDKHQBEBGDAFGbiFEDCJMJI^cHIX]NObiTW@@VBn@d@®BHGPOBAPO^CrlZV```FÈVÐEJ@XAlCJAìQ\\CL]OQUWCCOQouCEA@SKgU}_HKrLY`ESRABAHBZ@zDL@J@@@@Y@GKCOIMIMQESCAEMCUEKEIWSMEOOSIIAE@ICEAIGAAGEEGGGSQWICAEC@ACCAGAO@AAO@GBMDG@OBMCK@MBSAW@MHEDGDKFM@E@ECCGGMCGIAGBQBEFKDQLQNMVUJOHe@U@MBS@I@IAEECEC@CDGNMFGDOBM@G@K@IAK@EAGCECIAEACBKDGLGHCJCHEHEFAFCHADE@ECGIIGEGEIEICEACCCEAGBGDIBIDM]ċCCBIWMMMOW@I@MR}LOD@FCBANOHCDAFAVC@AD@DEFIBGDED@DALAXGfOF@LGD@PAF@HCRCTK@ECGMCEEAE@GDGDKBEDIFGDIDGCAC@EAGAECECGCKAUDoSQMECKAU@iFIDOLyTIGCECEAAEIEEEGAGAAEECAEAAAEEAAACAA@AAAAA@AEEC@CCACAAAAGCC@CAAAAAAAGAA@CCEGAAAAE@EBEABA@ABACEEA@EBA@CCAAC@KACGA@G@C@CAAEECAAAC@A@MDKBOBEBSDABA@@BEDEBEBGBE@K@GBE@@BCBEBKBE@MBI@K@GBGBIAMAIAKAKBOCKAMCWCIEEAGAEAIBMCG@IBI@MCI@ECECCCCEAEBG@IBG@EDIDKBK@IDK@KAGAG@I@IBK@EFKFIDOCKACCEEIAICCECICGAGAICECGCECEAIBEFGBEBK@E@GBE@E@MBGBE@KBGBCBEBIHGHAFCDADEDGFCAIAGAE@ECOKEEEGCECEGGACIMEICEEGAGCECIAEGIGEGEEECEAE@I@@AEAAAACCCE@EEKCG@I@GAGACAAB@DADC@@CCCAAAAAACAABABCBAHEHGB@@AAKAC@CAAGGCECCACAEAAI@ACCACKCAAA@C@IAEACCAGCCACCGBG@KAMGCAICCCEECCCEEGAEEEEEECEAGEEAECGECCGCEEGECECG@GBEBCBIDCFIFGLKB@FBF@F@HBHA@@@A@AACAAGCAAAEAEACACCCCCCCCACAAAECCACAGAC@AC@AAEACCCEACACACAECCACCCCCCACCEAACCCEAAACBC@A@AAAC@E@G@CCCCCCCACAGAEECAE@E@EACA@C@C@C@EBABCDABADCDCDAACAAACAAACAC@CAE@ABADCBABC@CBA@CBC@E@CACAGAAEACAACCAACECCACCEAAA@A@A@CBAFGDIDEBA@EBCAAACCCCCAACEACCCECAAECCAACAC@A@CBC@CBA@AACCAAAEACCC@CCACCACCCEAAACAC@C@C@A@CBC@CDEBA@C@A@E@C@ABCBAFCDCDADE@C@CBEBADCDADABC@AAEAEAAAACAG@EACAAAACACAE@C@A@C@EBCBCBCBCBCBA@C@CBE@A@I@A@E@AAE@G@EAAAACCAACAGEECECAAAGBA@CBCBCBA@CBA@CAACCCCCAAC@A@C@GACGE@CBE@CBCBABCDCDC@CBC@CBCBCBABCDC@CCAAAECCCEACBA@C@C@CACAACAC@ADEDCACAE@CAC@A@C@C@C@C@ABC@ABCBA@CBA@ABEBABC@C@C@AAAGICCEGACACACAC@AACBC@CBCBABADCBA@CBE@A@CBAB@@@@ADABABABCBABABCBGBEBCDE@CBABADCFCDCDABABA@ADA@AB@BCDEBCDCBC@ABA@@ACCGAAAC@@@@AA@AAGAC@CAEEICGAEGMACACEIAE@E@@A@EEIGKECAIEMEICKCKEEEEEACGGGECGACAEGMAOBGEQ@C@IAG@IAG@IAGAGBIAE@IBIDIBGFMBIDGDGBGDCFGHKHKJGHIJIDCFGHKFGHIDEFEDADIDEFGDCDG@GAECECEEEACACACCECICGECEIGGCEEICECGCECGAEAEAE@G@G@E@GBI@IBEBGDEBCBEBEBE@E@GBC@CBEAGCE@EACACEEEEACECCCEEEEEICEAC@CCG@CCECKAECGIICCIGIEGAMGGAEAGAIAGAGCEEIAICICGAGCMAKCE@E@EBGFE@E@E@EBKBC@IDCBIBC@G@MCEAAAAGEUCS@Y@eAEAAAEAIEG@@KIIC@@KAGBI@Q@EAM@MAI@IAI@G@MAK@M@M@G@I@K@M@CAK@M@MBGAQDM@G@GBGDGBIFCBGDGBM@EBEBIBG@GAIAEAE@K@EBG@GAGAIAEAG@G@I@IAKAGAK@I@G@IAGCEAICEAEAGCKEGCIAI@EAG@KCKAGCI@M@EAIAIAIEEAGCCAEAECGGCAICGEIAICIAOCMGSGQECAECIAKAI@EAKCCCCAGGIGMKEEq[aSMG@@@@@@@@YIGCE@MAI@I@AAECIAaIS@o@I@WmYGEA@GAeA}EEýQeA»EģGEGUBMoCMEcGAC@@@AAC@CAE@AAA@@@GBE@A@C@I@CBC@@@AAA@@@A@@@AACAA@AA@@AACCCC@@AAAA@AA@@AA@AAEAEAC@EACAA@CAA@A@C@A@AB@@A@@@ABC@ABAB@@A@@BA@@@A@@@A@A@A@@@AAA@EAICC@EAAAC@AAA@@@@AA@GGECA@@AGGECA@@BAB@@iOEAICGACA[K­IA@EDSLQJKHOJIHKFMJIFMHGFMFMJWPKFABÓª½YPEBKHKDOJKFOFKHKFIFGDIDEDCDEHEFGLGJILADGJ@@@BIPwn¿ªË´GHEDCDGBODIBKDIBKDIBOD@@Ïj±`C@UFQFWHRqNKDC@A@A@ABA@@@@@@B@HAB@B@B@B@H@DADAFCN@D@@@@@B@@AH@D@@BB@B@BAB@@AB@B@BAB@@@B@B@BA@AF@BAB@D@D@@@@@B@BA@@H@BAD@DAB@FAF@D@B@BAB@DAL@DA@@BA@@B@DAD@FAFAFAFAFCDABABABABA@ABAB@BAP@ZBD@@BHBHALALAJCHAHCD@BADAHBFBLBJ@NBL@F@JBJBHBF@DB@BBJDDBNFLFNFJDTHTHLFLDLFTFLDJDLFHBLDLDJDFBLDFBF@DDBAHBDBNFFDDBNFHDFFAF@JAJCJALCNAPCNAJALAFAD@JCJALAH@JAJALAJAH@HAFAJCFAF@DCFADADABA@CJADCFCHCHCDCFGJEHCFELEHCHCHCFCHAHADABEFGJEFEFCFGHGHCFEFEHGFGHGHCDGDADB@ð Ôʈż²äÆø@D~V~V¸p@BD@BDBBBBFHFLJRDHLTBDFNDD@D@F@FAF@FBBBFAL@HAF@LAJCLAJAF@DDHBF@FFJDHFLDJFPBD@BAFCFCLELCJELCJEJCJCLKXCHAFADEHCFIJGJIJGHGHGJILGHGHGJGJIHINUXILIHGJGJGHGJIJEHILGHGJIHEHGHDFDHFLDJFJFLFJDLFJDLDJBJBLDLBJDNDJBLDJBNFVDJABJ@ĪZæÎÜÛƸ]xÊ|Þ@@s\\CB]PQH@LDFVJZLÈVvRxFD¨HzV°pLDbHVbJW`_lcrQVE\\MtNNæx£tjljDbAdWRiJeDCNAHANNPfpCFarSPOLe\\yla|GPCFkpORWZ]`CHI^CNAFGVCFINgtKN]AMA£ICA@BGfEVQR]\\ijEFUVMfDNDHCzANK`KfIPOXYlINczUVIJ_dqz_dQTW\\GHY^ÑÜA\\GzAPABMPgnWZ[bgp[ha^afngXQLOJeZYPYPEDQLCBYPABKFMJ]R{fwbKFs`m\\M\\ELObADGPCJCHITELKVAFYtCJGNENGN]KXCFENELKZGNGRAL"],"encodeOffsets":[[105901,42888]]}}],"UTF8Encoding":true}