{"type":"FeatureCollection","features":[{"type":"Feature","id":"520203","properties":{"name":"六枝特区","cp":[105.474235,26.210662],"childNum":1},"geometry":{"type":"Polygon","coordinates":["@@CAA@AAC@CAAC@A@ADCDGDCBA@CB@@C@@BA@@BABC@@@C@C@CBA@@B@D@FD@DBFBDBDF@D@B@DEFMFGFCP@DA@@HCPCTBR@TCLGJKFMJARC^AZ@RBT@NCJMDOAOHQJUH[JMFOFMgKQMQKMOCOAKEIBOCSOKKGCGBO@K@IBIPOXMHKLSNI@A@@BADBDBDBDBBDDDBD@DB@BBBBB@D@DAD@@AA@@@@A@@@@BAD@@AAAAC@C@A@AAC@ABABBD@B@D@DAFBBBBDDDBBB@@@BBB@@@BBB@@@DBB@B@B@B@@@B@B@@@BADCB@@ADABAB@BABBB@@@B@B@B@B@B@BBD@@@FDHFDBF@B@DA@ACE@C@CDCBAD@BA@ABABA@A@@@A@A@@B@B@@@BABAB@D@@@B@HAB@DAD@F@D@DAF@D@B@FAD@L@B@B@@@B@B@@@@@BB@@@@B@@@B@B@@@B@@@B@@@B@@@@@B@@@B@D@@@B@D@B@B@D@@@B@@@B@@@BAB@@@B@@@BADA@@B@@@@AB@B@DA@@B@@AB@B@@@@@BA@@@@B@BAB@@@@@BA@@BAB@@@BA@@B@@A@@BAB@@@BA@@@@B@@@BAB@@AB@@@@AB@@@BABAB@BAB@@AB@@AB@@ABA@@BA@@BADA@AB@B@DB@@B@BBBDDBBDBBD@BCBA@ABC@EBC@C@A@@@E@AB@@AB@@@CCAAAA@AAACAG@CBA@@BADABA@IDK@GA@@C@AAAA@@AACAGCCA@@BA@A@@@A@A@@@A@A@@@A@@@AA@AC@@A@@AA@A@A@A@A@A@A@@AA@AA@AB@AA@@@@DCDEBGAA@AAAA@@AA@A@@@EBA@A@@@A@A@CBMFIDI@GAECEBCDMR@BABABAB@@@D@@AB@@A@@@CB@@AB@@A@@@A@@@A@@@@@A@AB@@CCEIJYDKCMIQCKCWCY@MCOCICGEGSHOROFQ@UEUKMK@@@@CC@@@@AAOQMOEIGGMGOE_CSEYGSC]AQBU@WEYCUB]J[CaEYCaEWDSDUAKEIEEGEK@A@@ACAA@CBABABABAB@B@AEACCAA@C@GBA@ADA@ABGDABABADCDCFADAD@D@DCB@@ABAB@BAB@B@B@BA@@B@D@BA@@@ABA@@B@B@BBDBD@BABADAFEBAB@BBB@DADAFCHADGBEFAB@J@BCBA@EFA@A@ABABCB@BAD@B@D@DBBBB@DBD@DBB@DBB@D@D@D@B@B@DADAB@BAB@BAB@D@@@BABABED@BADEHADEFCD@B@D@HBDBF@DBDBF@DBH@DBHAFADADADBB@@B@BAB@B@DBBDDBBB@B@B@B@B@B@B@B@@@B@B@DA@A@@@A@A@@@A@CB@@A@A@A@@@@@C@A@C@@@E@E@A@A@A@@@A@C@A@@AA@A@@@AAA@@@AAAA@@@A@@A@@CA@@A@@@AAA@@AA@@@AAAA@@A@@@@AA@@@@AA@@@AKGAA@A@ACA@@CDCB@BAB@BABC@ABA@@BABCDAB@@D@@BBB@BBDBBDDNDBB@DBD@BABABAB@B@BBBBBLBHBBB@B@BADCD@B@DBBNFLDFDPJPJHLFLDJJNNHLDDH@LANDPBPBTFTHTJLPJRJDH@N@@B@@B@@@BB@@@@B@@@B@B@@@@@B@B@B@@@B@@@BAB@@A@@@A@@@A@@BA@A@@@AB@@A@@B@@AB@@@B@@@B@B@@@B@@@B@@@B@@@B@@@B@@@D@B@B@@@B@@@B@@@B@@@BA@A@@@A@@@A@@@C@@@A@A@@@AA@@A@A@@@A@AB@@A@@BA@@@KAQ@CBGDEDCFCDAD@DBD@B@DEBCB@F@DAH@DBBDDDDDBB@NJRFTJRLVTPPTTFPALGFGFKDMDKJILINAJA@@B@@A@@B@@A@@B@@AB@@@@@@@B@@@B@@@@BB@@BBB@@@B@B@@@B@B@B@@@D@@@@@B@@@B@BB@@B@B@@@@BB@@@B@@B@@@@B@@@BB@@B@@@B@B@@@@@BB@@B@@BB@@@BB@@BB@@BB@B@@B@@@@B@@@@B@@B@@@BB@@@@B@@BB@@@B@@B@@@@B@@@@@BB@@B@@@@BBBB@BDAD@B@D@B@F@DADAD@DAD@F@D@BBD@BBBB@BBDDBFDDBBD@BBBBB@@B@@@BB@@B@B@B@B@@@B@B@@@B@@@B@B@BA@@B@B@@AB@DAB@@@B@@@B@@AB@@@DA@@B@DA@@BA@@B@@A@@@AB@@A@@B@@A@@B@BA@@@@BA@@BA@@@@BA@@BA@@@@BCBCBC@@B@@@DAB@@@B@@@B@@@BA@@B@B@BAB@B@B@D@B@B@@BB@B@@@B@BB@@B@@@B@@A@@AAAC@@@@AA@@@A@@@A@@AA@@@A@A@A"],"encodeOffsets":[[107879,27136]]}},{"type":"Feature","id":"520201","properties":{"name":"钟山区","cp":[104.846244,26.584805],"childNum":3},"geometry":{"type":"MultiPolygon","coordinates":[["@@aeECEGAC@IAGCCEECEGGEGEGCCEIEGECECKAIAM@IBMBODQDMBEDEHAHDFFFDFDFFDBFBDALENCJCJ@HDFHLJHJJLFHHHFHJBH@LBHBLBHDLBJDJLCFM@M@OHGNBRDNHJHJJNFLEHQBSDQDU@M@I"],["@@Z@@@@IFEFEDEDG@G@@@A@@@@@@@@@C@@@@@A@@@A@@@@@A@@@AAA@@@@@@@@@A@@B@@@DAB@@AB@@@@@@@BB@@@@@@B@@@B@@AB@@@B@@@@@B@@@@@BB@@@@@@B@B@B@@@@@@@@@B@@@@BB@@B@@@B@@@B@@@@@@@BBBB@BFB@B@D@B@BBFJFHDBD@FADCFE@@@AB@@A@A@@B@@@@@B@@@@@@@B@@B@@B@@@B@@@@@B@@@@@B@@@B@@@BB@@BBBBB@BB@@BBD@F@BABABEBC@EBEBCDAB@DBBHDDB@@@@A@@B@@@@@@@B@@@@@@@@@BB@@@@B@@@B@B@@@BB@@@@@@BB@@@@@B@@@@B@@@B@B@@@B@BAD@BA@@@AB@@@BAD@BA@A@AC@GAGACC@A@@B@@A@@@@@@@@@A@@@@@@B@@@@A@@@A@@B@@@@@B@@@@@@@B@@@@B@@@@@@BA@@@@BA@@@@@@@@B@@@@@@BB@@@@@B@@@@@@@@AB@@@@@@@@AB@@@@@@@@A@@@@A@@@AA@@@@A@@@@@@@@AB@@@@A@@@@@@@@@A@@@@@@@@@@BB@@@@B@B@@@B@DAFIDE@C@E@CEAEACA@C@EEAGAACAACAG@A@CA@C@ABCBABAD@@@@@DAH@F@DA@AAC@EGC@AA@@AA@@@@@@A@@@@B@B@BAB@@@B@@A@@@@@@@A@A@A@A@@@@@A@@@A@@@@@A@@A@AA@A@@A@@@@A@@A@@@@@@@A@@@@@@B@@A@@@@@@@@@AA@@@@A@@@@@@@@@@@@@@A@@@C@A@A@@@A@@@@@A@@@A@@@A@A@A@@@@@@@@@@@A@A@@@A@@@@@@@@BA@@@@@@@@@A@@@A@@@@@@@@@@@@@AB@@@@@BB@@@@B@@@B@@@B@@A@@B@@@@@B@@@B@@@@A@@B@@@@@BBB@@@B@@@@@@BF@JFD@BABA@@@@@@@AB@@@@@@A@@@@@@@@@@@A@@@@@@@@@A@@@@@@@A@@@@@A@@@AA@@A@@@@@A@@@@@@@@@A@@A@@A@@A@@@@A@@@@A@@@@A@@A@@@@@@@A@@@@@@@@@@@@A@@@A@A@@@@@A@@@@@@@A@@@@@@@@@@@@@A@@@@@A@@@A@@@A@@@@@A@@@ABA@@@@@A@@@@@A@@AA@@@A@@@AA@@@@ABA@A@@@A@A@@@@@A@@@@@A@@@@AA@@@@AA@@@@@@AA@@@@@@@A@@@A@@@@@@@A@@@@A@@A@@@@@A@@@@@@@@@ABA@@BAD@D@JBHFFBD@BABABABAD@J@HCBABCDCDAB@@@@@@@@@@@@@B@@@@@@@BA@@B@@@B@@A@@BB@@@@B@@B@@@BB@@BB@B@B@BB@@B@B@BA@@B@@@BD@F@D@D@B@B@@B@@B@B@@@@@B@@@@@@@@@@A@@@@@@@@@@@A@@@AB@@AB@@@@AB@@A@AB@@@@@B@@@@@@@BBBB@@@@@@@@@@@@@B@@A@@B@@@B@BA@@B@@@@@@BBB@@@@@@@B@@@@@@@@@@@@@@@@BB@@@@B@@@@B@@@@AB@@@@@@@@@@@@AB@D@DABEFEBCD@B@BBB@B@BA@@@@@@B@@@@@@@BB@@@B@B@@@DA@CBCFC@@BBBDBB@@B@DCBABC@E@A@@@@@A@@@@B@@A@@BA@@@@@@@@@@@@@@AA@@@A@@@@B@BA@BFBD@BB@@B@@@@@@@@@@@@@D@@@B@N@HAHABADAB@F@BB@BB@FBB@@C@@@@@@BA@A@A@@@A@@@A@@@@B@@A@@@@@@@@@@@@@@@A@@@@@@@@A@@@@@@A@@A@@@@@@A@@A@@@AA@@@A@@A@@@@@@@@@@@@@@@@@@@@@A@@@@AB@@@@A@@@@@@AA@@@@AA@@@@A@@A@@@@@@@@@ABA@@@@@A@@@@@A@@@A@A@A@A@@ACCC@A@@@@@@@@A@@@@@@A@@@A@@@A@@B@@@@@@@@@@@B@@A@@B@@@@@@A@@@@B@@B@@B@@@BB@BB@@@@@@BB@@@@@BB@@@@@@@@B@@@@@BB@@@@@AB@@@B@@A@@B@@@@@BB@@BB@B@@B@BB@@B@@@BB@@B@@@B@@@@@B@@@@A@@@@B@@@@@@A@@@@@AA@@@@A@@@@B@@@B@@@B@@@@@@@B@@@@@@B@@@@@@D@@BB@BBAB@BBBB@BB@@B@@A@AD@BBB@@@B@@@BA@@BA@CB@B@BA@AB@@A@@AA@@@@@@@@@@B@@@@@@@@@@A@@@@B@@@@@@@@@@@@A@@@@@@@@B@@@@@@@@@@@@@B@@@@@@@@B@B@@@@@B@@@@@@@@@@B@@BDBBBBB@B@BBBB@@@BB@@@@B@@@@@BB@@BBB@@@@@@@@@@@@@@AB@@@@A@@@@@@@@@@@@@@@@B@@@@@@A@@@@@A@@BA@@@@@@@@@@@@@@B@@@@@BB@@B@@@BB@BB@@@@A@@B@@@@@@A@A@@@@B@@AB@@AB@@ABA@@@AB@@@@A@@BA@A@@@@@@@@AAA@AAAAA@@@A@@@AA@@A@@AA@AA@@@@A@@@@@@@@@A@@@A@AA@A@@@@@@A@@A@@@AA@@A@@@@@A@@@@@A@A@@@A@@@A@@@@@@AAA@@A@@@A@C@@@@@@@@@A@@@@@@@@@@@@@@A@@@@@@@@@@@@@@@@@A@@B@@@@A@@@@@A@AA@@A@A@@B@BA@@@A@@A@@@@@@@@@@@@@A@@BA@@@@@A@@@@@@A@@@AA@@@@AA@@@@A@@A@@@@A@CA@@@@A@@B@@@@@@@@@@@BA@@@@@@@A@@@@@A@@A@@A@@@@@@@A@@@@BA@@@AA@@@@@@A@@A@@B@@@@@@@@@@A@@@@@@B@@@@A@@@@@@@@@A@@@@@@@@@A@@@A@@@@B@@@@@@AB@@@@@@@@A@@@@@@@A@@B@@A@@@@@@@@@AB@@@@@@@B@@@@@@@@@@@@@B@@@@BBDBBBB@BB@@@@@@@@@@@@@B@BABA@@@@@AB@@A@EAA@AA@@A@A@@@@@@@@@A@@@@@@@@BB@@B@@@@@@@@@@@B@@@@@@@@@@ABA@@AA@A@@@@@@@@@A@@@@@A@@@A@A@A@@BAB@@@@ABAB@@@BA@@@@@@@AB@@@BA@@DA@@BA@@@@@AB@@B@@@@@@@@@@@@AB@@BBD@DADADCBCBC@@@A@ADI@A@@CA@A@@@A@ABAB@DC@CBABCFGBADA@@DDB@B@B@FGDADAD@BAHCDCBC@@@@@@B@@@@AB@@A@@@A@@@@@@@@@@@A@@@@@A@@@@@@@@@A@@@@@@@@B@@@@@@@@@B@@@@@@@@AB@@A@@BCBI@CBCBADK@KBKBCBCB@D@BABA@ADCBC@@@@@A@@@@@A@@@A@@@@@@@A@@@@@AB@@@@A@@@A@@@A@@@@@@@A@@@A@A@A@@@AA@@A@@A@@@A@@@A@A@@BA@@@E@EDIFABABA@@@@@@@@@AB@@@@A@@B@B@@AB@@@@@@@B@@A@@B@@@@@@A@@@A@@@@@A@@@@@@@@BAB@@@@@@@@AB@@@@@B@@A@@@@B@@A@@@@@ABEFCDABCDEDAHA@@B@@A@@BA@@BA@@BA@@@@@@BA@@BABA@@@@@AB@@A@@B@@@B@@A@@BAB@B@BBB@F@DADCDA@@BA@@@@@@@@B@@@@@@@@@@@@@@@@@@B@@@@@@B@@@@@@DBDD@H@DADCDCDABAD@FCHCFCBEBMA@@A@@B@@@@@@@@@B@@AB@@@@@@@B@@A@@@AB@@@@AB@@@BA@@BA@A@@BA@@@AB@@@@ABA@AB@@ABA@@B@@A@@@A@@@@BA@@@@@AB@@@@@BA@@@A@@@A@AB@@@@@@@@AB@@@@A@A@@BA@A@@@@@A@@@@@C@C@EBEBCDEFGFAB@@A@@B@@A@@@A@@@@AA@@@@@AA@@@@A@@@@@@@A@@@AB@@@@@@@@@@AB@@@@@@@BA@@@@@A@EF@D@BABAB@AA@A@@@C@A@@@A@@BA@@@@@@B@@A@AB@@A@AAAC@@@@@A@@A@@@@@@@AA@@@@@@AA@@@@@@@A@@@AA@@AA@@@@@A@@@A@@@A@@@@B@@@@@B@@A@@@@BAB@@@@A@@BABAB@BABA@@@A@@@@@@@@AAAAAA@@ACBADCBABA@C@@A@@@C@A@A@A@@@@AA@@A@@A@@AA@@DABA@A@AAAAE@ACAEAA@AC@A@@@AA@@@A@@@A@A@@@AB@@A@@@@A@@AA@A@@@AA@@@@A@@@@BC@A@AA@C@C@CC@CCK@CBC@@@@D@B@@A@@B@@@@@@A@@@@@AB@@@@AB@B@@@@@@A@@@@B@@@A@@C@@@@@@@@@@A@@A@@@@A@@@@@@@@@@@BA@@@@@@AA@@@@@@@@@@C@ABA@A@C@G@QH@@A@@@A@A@ABC@A@ABEB@@CBCBC@CB@@ABC@ABA@A@@@@B@@kV[NYLCD@@AB@@A@@@AB@@ABAB@BAB@@@@@@A@@BABCBG@EAICAACAEACBEDEDAB@D@D@HAH@FCFABCBA@AA@@@@@@ABA@ABA@ABA@AB@@@@@@@@@@@BB@@B@@@@@@AB@@@@@BA@@@@BA@@@A@@@AB@@A@@@A@@@@BA@@@A@@@@@@@@@A@@B@@@@@B@B@@@B@@AB@BA@@B@@AB@@A@AB@@@@@@@B@@@B@@@BB@@B@@@@@@BB@@B@@@B@B@@@@@B@@@B@@@B@@@@B@@B@@@B@@@B@B@@@B@@@B@@@B@@@B@@@BB@@B@@@B@@@@@@@B@@@@@@BB@@@@@B@@B@@@@@@@BB@@@@B@@BBHBHBBB@D@DBDFBF@H@JAFCDC@@@@BB@@B@@BB@BBB@@@@B@@@@@@@@@@A@@@@BA@@@@@@B@@@@@@@B@@@@@@@@@@@B@@@@@@@@B@@@@BB@B@B@@@B@@@B@@BB@@@B@@BB@BB@@BB@@@BB@@@@B@@@@@@@@@B@@@@@@B@@@@B@@@@@@@@@@B@@@@@@B@@@@@@@@@@@B@@@@@@B@@@@@@@B@@@@@B@@@B@@@@@@@B@@@BA@@B@@@@@B@@@B@@@@@B@@@B@BAB@@@@@@@@@@@@@@@BB@@@B@@@@AB@@BBBB@@B@@@B@@BB@B@@@@B@@@@B@@@@@@@B@@@@@@@@A@@@@@@@@B@@@@@B@@@BB@@@@@@B@@BA@@@@B@@A@@@@BA@@@@@A@@@@@A@@@A@@@@@A@@BCDADADCBA@C@C@AB@BADADCFABABA@@A@@A@@@A@AA@@@@@@@@@@@A@@@A@@@A@@@@@@@@@AA@@@@@@@@@A@@@@@@@A@@@@A@@A@@@A@@@@AA@@@@@A@@@@@@@@@A@@@@@@@@@A@@@A@A@AAA@A@@@A@@@@@@@AA@@A@@@@A@@@BA@@@@@A@@B@@@@A@@@@@@@@AA@@@@@@@AB@@A@A@@B@@@@A@@@@B@@@@@B@@@@@@@B@@@@@B@@A@@B@@@@@B@@@@@@@@@B@@@@@B@@@@@@@@@BA@@@@@@@@@@@AB@@@@@@@B@@AB@@@@A@@@@@@B@@@@@@@@@@CDEFAHGTEFA@@@@@@@@@@@A@@BA@A@@B@@@@A@@B@@@@@B@@@@A@@B@@AB@@AB@@BHCJEFCD@HJJBbCJ@@CLAVAVAH@J@F"],["@@A@A@@@@@@@@@@@@@A@@@@@@@A@@@@B@@@B@BAFBB@@@@AB@@A@@@@@@A@@@@A@@B@@@@@@@@@B@@B@@@B@B@B@@@@@@@@@@@@A@@@@@@B@@@@@@@@@@@@@@@@@B@@@@@@@@B@@@@@@B@@@@@@B@@@@B@@@@@@@@@@@@@@@@@B@@@@@@@@@@@B@@@@@@AB@@@@@@@@@@@@A@@@@@@@@@@@@@@@@@A@@@@@A@@@@@A@@@@@@@@@@@@@@A@@@@A@@@@@@A@@A@C@@@AA@A@"]],"encodeOffsets":[[[107219,27446]],[[107271,27421]],[[107564,27190]]]}},{"type":"Feature","id":"520222","properties":{"name":"盘县","cp":[104.468367,25.706966],"childNum":1},"geometry":{"type":"Polygon","coordinates":["@@ACEGEG@AAA@C@AAABC@A@A@A@@EqCEGKSsGuKOFMHIRGJIAKGKCCJQ@eCY[CSOEGSKSBYUE]QWEIAsEKLgJ[NQLSNOJIHSBWGYCMEUIQQMSKMGKMEIBMNMNODEHOAQCSBKPO^@XMEQBiBGWcAM@@OYigYcQyAW@@BABGBC@EBE@A@ABCBEB@@AB@FAB@B@B@B@DCBABC@AF@B@D@B@@@BAB@B@D@B@BAB@@AB@DABABAB@@AAC@A@A@AACCACAC@C@AAA@@A@AA@CGGCGBCBENABKJGDA@KEIMIQYMSAYE_A_DYBE@@@@@UAcEI@QCICKEMAIJ@NFPCNIPMJMLKHIEGSAICCABCBAAA@AAAAEDCDADCB@@A@@@@BA@@@@@@@A@A@@@@BA@@@A@@@A@@@AAA@@@@@A@@@@@A@@@A@CB@@A@@@A@A@@@A@A@A@AAC@AD@@A@ADCBABCBA@CBEDCB@BABABAD@BED@@C@AB@@@BB@BB@B@B@BCBABCBABEBABC@A@CBAB@FABCBCBE@C@A@AAAAACACAAAAAAC@A@A@CBA@ADCDABABA@C@C@ABCBADAB@D@DBDBBB@BDBFBD@F@FBF@F@D@F@H@F@D@D@DADAD@HADBF@FBBBDB@DBBDBDBD@D@F@F@H@DBDBF@FBDBD@FBB@DAD@DAFAD@B@DDFBFBBAB@@@BA@@@A@@@@@AB@@@B@@A@AB@@A@@@AB@@@@A@@@@AA@@@A@@@@@@@@A@@@@@@@@@@AAAAAA@C@CB@DCBC@CA@AD@@CBA@C@@@A@@@@@@@AB@B@@@BA@@@@@AB@@@@AB@@@@@@AB@@@@@@@AA@@@@A@@@@@A@@@@@@A@A@@@A@@@A@@@AB@@@@A@@@@@@@@B@@@@@@@@@@@B@@@@@@@@@@AB@@@@A@@@@@@BA@@@@B@@@@@@A@@@@@@@@@A@@@@@@A@@@A@@A@@@@@@@@@@@A@@@@@@@@@@A@@A@@@@@@@@@@@@@@@@B@@@@A@@@@A@@@@@@@@@A@@@@@@A@@AA@@@@@A@@@@@@@@@AA@@@@@@@@@A@@@@@@@@@@@@A@@@@@@A@@@@@@@@@@AA@@@@@@@@@@@@@@A@@@@A@@BA@@@@A@@@@@@@@@@@@@@@A@@A@@@@B@@@@@AAAA@@A@@AACAACACAC@C@CCCA@AAAAAAACACAAACAAAAA@@C@C@E@C@E@A@E@CBC@C@C@C@@@E@CDEAAC@AAE@E@EBCA@@CCIABEBC@@IEAE@CDCBA@AB@DBN@D@DA@GLIDCFHDHBJDBDDRDJ@DAFAF@DBDBD@B@D@DCDADAD@BBD@BBF@F@BADCBCBABCBCDAB@B@BBDBBDDBDBB@BABADCDCDADABABC@C@C@C@ABCBEBEBCBA@CDABCBEBE@A@AAAAACCCACCAAAA@C@CACAECACACCAA@ABBBBDBBBD@B@BAD@BBDBD@BABADC@ABCDCBC@A@A@CAA@A@C@CB@@A@MAKAA@@@CBABADAD@DBDDD@DADADABCDCDEDEFEDADCDADABBB@@B@BAB@B@DBDDFDBD@BABABE@A@ABC@CBABA@ABAB@D@H@DADADBB@BD@BBD@BD@B@BAD@BBD@BDD@D@B@D@DADBB@FBBBDBB@F@DBB@BDFBD@B@D@BCJ@F@D@HB@@BBD@B@BADAD@BBDBBDBBBBB@B@DAB@DADAD@D@F@BBFBDBDBB@@B@BABABADAB@BCDABABAFAFABCFA@@BAD@@@@CAC@CBABADCDAD@BADADCBADBBADBFBBBBDBBDBDDDDBDBDBBBHDFBFBFBFF@H@DJHjAN@D@F@@B@FABAHBDLDPBBJHNFFF@HCHCH@@EJAHFTFLHFDFDBBBDDBBBB@BABABABAB@BAD@D@D@DABA@BRCDEDEAGCCEC@ABAB@BAD@D@DAFADAF@D@DBDBDDBDDDBDBB@F@B@DBBD@BB@BBB@BBDBDH@H@DLDBHCFEB@D@NBDBDDDBBBB@DBBBDDDDHDFBBDDDBBDBD@B@BAF@D@HBBDBBB@B@B@@@B@B@B@BBBBB@BB@BBBB@@@BAB@@@BA@@BA@@BAB@BADAD@B@BAB@D@BAB@D@B@@DBF@DF@JBHBFDF@D@FELEHEHCFKD@BAB@B@B@B@BBB@BBB@@DJB@B@BBB@DBD@BABABE@@DAHA@@BABABADAB@BAD@DAB@B@BAB@BABA@AD@D@B@@@B@@@B@@@B@DBBBBB@BBBB@@B@BADBB@BDBDBBBD@FBBBDBBBBDBD@BBBBB@@@@@BB@BFBB@B@B@DABBBBD@B@@@D@BBB@DABAF@D@BABABABAB@@@BABAB@BABAB@D@B@B@D@BAB@B@B@B@B@B@H@B@BBBAD@B@DBB@F@F@D@B@B@B@BDBBBBBB@BBBB@BFB@@@BB@@BDFBD@F@@BF@@BBBB@DBBBDBBBBBF@B@B@BABAF@BBB@B@BBBBBBDB@BBB@D@B@B@@@BB@@@D@B@BBB@BBB@@ABB@@@BB@BA@CBC@@B@@@BAB@B@DAB@BAB@BAFAB@@@BA@BB@B@@@B@BA@@B@B@B@@@D@@AD@@BB@@BBDDDBBBBFBDBD@@BFDHBDDBBB@BB@DBD@FDBBDBBBBD@BBBB@BBDDBBVCT@HALELIFMBKEIMEEMHQLMPGNEJKBSB[Do@C@A@A@@BA@ABA@A@A@AB@AA@A@@@A@A@A@A@A@A@A@@@@@ABABABA@AB@BA@ABAB@@A@CBAA@AEECE@G@CAFMLETE^AN@VEJILKNWBIBK@IBKFINDVLLDP@JAXEPAR@NAL@LBXBNJLNPJVBNBdD^ATALEJGNUJMHGD@H@BABA@CAEAE@@@A@C@A@AAABAB@BA@A@ABABC@ABABAB@B@B@BBDBB@DBBBB@LLFFFBL@H@HABABABAB@BA@@BAD@@@B@B@"],"encodeOffsets":[[107486,26680]]}},{"type":"Feature","id":"520221","properties":{"name":"水城县","cp":[104.95685,26.540478],"childNum":2},"geometry":{"type":"MultiPolygon","coordinates":[["@@DGBQF]@UCSCIKKQKMMGKDSLSPIZC\\CTEPGNOHI@KMIMECILGPCVETCNMFK@QIMKKGO@Q@MBMFMFILKFO@Q@GAGIECC@CDGPEFALMFUJGZJDEAECCCIDELEFIFSDCBQDGDCHBFDLLFDTHPBN@NIHIbKDSIY@QNM@@FE@A@@D@DAD@DCBAB@DAB@D@B@BAB@D@FAFABAB@B@DAFCBA@AAAAA@@@@@AA@@A@@@@@A@@A@@@@A@@AA@@@A@@A@@A@@@AA@@@@@@A@@A@@@@AAA@@AA@@AA@@A@@AA@@@AA@@@@A@A@@@A@@@AA@@A@@@@@@AA@@@A@@A@@A@A@@@AAA@@@A@@@@@C@@@A@A@A@@@A@A@@@A@AA@@AA@@@@@A@@@A@@@@@@BA@@@AB@@@@AB@@@@AB@BIJMJKLINCLCHEHEBKEOSSOOUSQKSIQEMIA@CACCCCAA@CBG@C@EDAFA@C@AAC@CBCDCDEFCHCDAR@LB@@B@@AB@@@BAB@@@B@B@@@BB@@B@B@@@D@@@B@@@B@@@B@B@@A@@@A@@@A@@@A@@@A@A@C@@@A@@@A@@@A@@@A@@@A@@@A@A@@@A@@BA@@@AB@@@BA@@B@B@@AB@@@B@@@B@@@BA@A@@@A@@@A@A@A@@@@@A@A@@@A@@A@@A@@@AA@@@@MCGQIOIIKGSESASAOCOBM@KCGKCMGIMCIEKGKOIOIECKCMEAA@C@ADCBC@A@AAAGAKAAAAA@A@ABABABA@AAC@CAAMCCCAAAC@AAA@AC@C@A@C@C@A@@@A@C@A@C@CBA@A@A@C@A@AA@@AAC@AA@@CAEACAC@A@C@A@GBEBC@A@C@C@A@A@A@ABCBADAB@BAD@@CBQFg_[O]_IYFOFMJODMIKMOKIKGQCEAA@AA@AAC@AAA@CAAACA@AAA@C@A@A@@@C@AB@@ABA@ABABABGBG@K@EAEEKKA@AACAA@CAAAA@A@A@ABAB@BADAB@B@BABA@ABBB@B@B@D@B@@BFBF@DABABG@C@GHINMVIHKFSB]BcCMAUAOIKMMIWAKAK@MBQ@OBWFIBO@KCUKMCEJAL@JALAJMXKLIJUFM@]BSFKFENDBH@F@FDBFB@AB@D@BA@AB@BABA@@BABABAB@B@@@@@B@B@B@B@B@B@B@@@BBBA@@B@B@BAB@BAB@@@B@B@DCpA\\ATILMFOHKNGRFNNFFJALENKJKFGBS@UDDDDB@BBB@@BD@BAB@B@BBB@@BBBFBBDDDDBDBD@BBB@BB@BBB@HBBBBBD@B@F@HBD@B@BBHDBBBDB@D@B@D@B@B@B@FABBF@BBD@HBF@D@BBB@BBDBB@B@B@DBB@@BB@@B@@@B@@@B@B@B@BAD@B@B@D@B@B@BA@@B@@@DBB@DDDBBDBBDB@BBDBBBB@D@DADAB@B@BBB@BDB@BDBD@BAB@D@D@B@@BB@@EBABCDCBAB@BC@ABABABAB@B@D@BABCDABAD@D@B@BBBDDBDBB@BAB@DABAF@B@BABAB@BBB@B@@@B@B@B@D@@AD@BBD@B@BABA@ABC@ABC@A@C@C@CBABC@AAA@A@CBA@ABCD@B@BAB@BCDCDABAB@B@B@B@D@DAFBB@BBBBB@@BB@BBD@BBD@FB@@BBBABADADCDABAB@B@BABABCDA@CDEFCB@B@@@B@B@BABC@@BCF@B@B@@@@AB@@@@@@@@A@@@@@@AABA@CDEB@BABA@@B@BABCBCDA@ABAAA@@BA@ABABA@C@A@CBA@CBC@A@CBA@A@CAEAA@ABA@@D@BAD@B@BAB@BBD@D@BBBD@@BF@D@FBBBBBBAD@B@B@@@PG`GhO^IXEXATF@FGLENLJJ@NDHLBRAZ@TEXAVNNRJPLNFTNTJLLBLBVATBVDPTDJFBH@@BA@@BA@@@AB@@@@@@A@@@@@AB@@@@@@AB@B@@AB@@@@@@@@@@@B@FEHSBGFEDC@@@@@@@@@@@A@@@@B@@@@@BA@@@A@@@@@@BA@@@@@@@@@@B@@A@@@@@@@@@A@@@@@A@@@@@@@@@A@@@@@AB@@@@A@@@@@A@@@@@@@A@@@@@A@@B@@@@@@AB@B@@@BA@@@@@@B@@B@@@@@@B@@@@@@AB@@@@@B@@A@@@B@@B@@@BB@@@@@@B@@@B@B@BBB@B@@@B@@@@@@@@@B@@@@@@@@@B@@@@@B@@B@@B@@@B@@@@B@@B@@@@@@@B@@@@@@@@@B@@B@@@@@@@@@B@@@B@@@B@@@@@@@@@@BBB@@@B@@@@BB@BABADEBCBC@ABAD@D@B@DABCBCDC@AB@@@@@B@@@B@@@@@B@@@@@B@@A@@B@@@@A@@B@@AA@@@@@@@AA@@A@@@@@A@@@@@@@@@@B@@@@@@A@@@@@@@A@@@@@@A@@A@A@@AA@@@A@@@AAAA@@BA@@@@@A@@AA@@@@@@@@@@@@@@A@ABA@@@A@@@@@A@@@A@@@@@A@@@AB@@A@@@@@@@A@@@A@@@@@A@@@@@@@A@@@@@@@@A@@@@@@@@@@@A@@@@A@@@@@@@@@@@@A@@A@@@@@@@@A@@@@@@@@@A@@A@@A@@AA@@AAA@@AA@@@A@@AA@@@A@@@A@A@A@@A@@A@@@@@@@@@@A@@@@@@@@@@@A@@@@@@@A@@@@B@@A@@B@@@@@@@@@@@@A@@A@AAA@@AA@@@AA@@@@CDEDIBG@E@EAAC@C@CAAGAGAAA@@@A@@A@@A@@@@@@@AA@@@@@A@@A@@@@A@@@@@@@A@@@A@@@AA@@A@@@A@@@A@@@A@@@A@A@@@A@@@A@@@@A@@A@@@A@@@A@@@@@A@A@@@A@@@AA@@@@@@@AA@@A@@@A@@@A@@@@@@BAB@@@BA@@@AB@@ABA@@@A@@@A@A@@@@@AB@@@@@@@@@B@@@B@@A@@B@@@B@@@BA@@B@@@B@@A@@B@@A@@@@BA@@@@@@@AA@@A@@@@@@@@@@BAB@BAB@BAB@BA@@@@@@BBB@DABADE@EBG@G@C@CBAFCFCDAFBDBBBJDFBH@DABA@AB@@@@@@@BA@ABABA@@BA@@B@@@BA@@DCZK\\MlU@@@A@@B@B@BAD@BA@@DAD@DADA@@FABAB@D@BAB@B@@@B@@@RGH@D@B@B@BAD@@@@@@@@@@@BB@@@@@@AB@@@@@@@@@@B@@@@@@BB@@@@@@@@@@@@DB@@@A@@@@@@B@@@@A@A@@B@@A@@B@@@@@B@@@@A@@@@BA@C@@@@@AD@DDL@DDDD@D@B@@B@BAD@@@@@B@@B@@B@@@BBB@@@B@@B@@@BA@@B@B@@@B@@@B@@B@@@BBDB@FBDB@BBFBB@B@BABCB@@BB@@@BB@@@BB@@@@@B@B@B@D@@@BD@B@BADABCDA@BB@BBBB@B@@@@@@B@@@B@BA@ABABA@AB@@@@@BA@A@@B@@@@A@@@@@A@@B@@@B@@@B@@@@@B@@BB@@B@@@B@@@@@@BB@@@@@@BB@@@@@@B@@@@B@@@@BDBBB@@@BAB@@@@A@@@@B@@AB@@@B@D@@@B@B@@BBABA@A@CFEB@@@@@B@@A@@@@@@BA@@@@@@@@@@BA@@B@@@@@@@B@@@@@BB@@@@B@@B@@B@@@B@@@@AB@@@BAHEFEDCFAFAD@D@@@@@B@@@@@B@B@@AB@B@@@@@BA@@@@@@@@BAB@@@B@@@B@@A@@@@BA@@@@B@@A@@B@@@B@@@@AB@BA@@BAB@BA@@@@BA@@B@@AB@B@@AB@@A@@BA@@@@BA@@B@@@@A@@@@@@BA@@@A@@@@@@@@@AB@@@NBFADADEDG@EBCBADCDCBC@C@GCCCA@@@@@@@A@@@@A@@@@@@@@@@@@@@@@@@@@A@@@@@@B@@AB@DCBC@C@EAA@A@ABA@AB@@@@A@@@AB@@@BA@@@@B@BA@AB@@A@@@@B@@AB@@AB@@AB@@@@AB@BGFCDCBADCFEBA@@@@B@@@@A@@B@@@@A@@@@BA@@@@@@@@BA@A@@@@@@B@@@@@B@@@B@@@@@@@@AB@@@@A@@@@@@BA@@@A@AB@@@@@BA@@@@@@@@B@BABAJEFCF@@@B@@AB@B@@@B@@@B@@@@BB@@B@@@B@B@B@@@B@@@@@@@B@@@B@@@B@@A@@B@@@@@B@@@@@@@B@@@B@@@@@B@@@@ADCD@BABABC@A@ADADAL@LCLABAD@DAJAD@@@BA@@B@@@@@@A@@@@@@@@@A@@@@@@@@@@B@@@@@@@@@B@@@@@B@@@@@@@@@@@B@@@BA@@B@@A@@@@@@@ADCDGDABC@CBCBEHA@A@A@CC@@CBABEHADAB@DCDA@AB@B@B@@@BDB@@@BCJ@B@B@@ADADCDCBBTB@B@@B@@@D@BB@@@@@@@@B@@B@@@@@@@@@@@@@@@@B@@@@@B@@@@@B@@@@@@@@@@@@@@@@@B@@@@@@@@@@A@@B@@@@A@@@@@@@@@@@A@@@@@@@@@@@@@@@@@A@@@@@@A@@@@A@@@@@@@@A@@@@@@A@@@@@@@@@@@@@@@@@A@@@@@@@@B@@@@@@@@@@A@A@QdBBB@@@@@B@@@@@@AB@@@@@@@@@@@@@@@@@B@@@@@@@@@@@@@@@@B@@@@@@@@@D@B@@@BB@BB@@@@@@@B@@@B@@@B@B@@@@@B@@@@@BB@@B@@@BB@@@@@@@@BBBB@@@B@@@@@@@@@B@@@@@BBB@@BB@@@BB@@B@@@B@BBBBB@BB@@@@@@@@@BAB@@@B@@A@@B@@AB@BA@@BA@@BA@@@@@@B@B@@@@A@@@@B@@A@@AAA@@A@@@AA@@@@A@@@@@@@@@@@@@@@AB@@@B@@@@@B@@@@A@@@@@@@@@@@@@@@@@@B@@A@@B@@@@@@@@@@@@A@AA@@AA@@@@A@@@@@AA@@A@AA@A@AAAAACA@AA@@@@@@@@@@@@A@@@@@A@A@@@@@@A@@@@@@@@@@@@@A@@@@@@@@@@B@@@@@@@@@@A@@@@@@B@@@@@@@@A@@@@@@@@@@@BB@@@BA@@BABA@A@@DAB@@AB@@A@@@A@AAC@@B@BA@@@AAA@AA@ABAAAA@@AC@@@@@@@@A@@@@A@@@@@@@A@@@A@@@A@@@@@@B@@B@@B@@@@@B@@@@A@@@@@@B@@A@@@@@A@@@A@@@AA@@A@@@AAA@@@@AAA@@AA@@@@A@@@@BA@@@A@@B@@@@AA@@@@A@@@@@@@@@AA@@@@A@@A@@@@A@@AAA@@A@@@@AA@@@@@@B@@@@A@@@@BA@@@@@@@@@@@A@@@@B@@@B@@@B@@@@B@@@@@@@@@@BDDBD@@@B@B@B@B@@@B@@@@@B@@@@AB@B@@@@@@@@@BB@@@@@BB@@@@BB@@@@@@@B@@A@@B@@B@@@@@@@@@@@@@@@@@@@@@B@@@@B@@BB@@B@@@@B@@@@B@@@@B@@@@B@@@@@@@@@@B@@@@@@@@@@@@@@@BA@@@@@@B@@@B@@@B@BAB@@@@@@@DA@EAA@@AAAE@A@CBABGBGBM@A@@@C@@@@@@@@@@@@@A@@@AAC@EA@AABA@@@@@@B@@BB@@@@@@@@@@@@@@AB@@@BA@@@@@@B@@@@@B@FADABCDA@@@AAACAA@@EDAD@DCB@@A@A@@@A@@A@@@@@@@A@@@@B@@A@AAA@A@ADCFAFEBA@C@CBA@@@@@@@@@@@@BA@@@@@A@@A@@@@@AA@@@@@@@@@@@@@@@@@A@@@@@@AA@A@@@@A@@@ABA@@@A@@@@BA@@@@@@@@@@@@@A@AA@A@@@@@@@A@@@@BAB@@@BA@@@@BA@@BA@@B@@@@@@@@@@@B@@@@@@@@@@@@A@@@@@A@AA@@@@A@A@C@C@EAC@@A@@@ABA@A@@@AAA@A@A@@AA@@A@@@AA@@@@@AA@@@BA@@@A@@@AB@@@@@@A@@@@@@@@@@@@@A@CBCDADABGDI@C@ABABABABC@EAGEIAC@C@AB@@AB@B@@@@@@@@@B@@@@@BB@@@@@@B@@@@@@@B@@@B@@@@@@BB@@@@@@BB@@@@BB@@@@@B@@@@@B@@@@@B@B@@@BAB@B@@B@@B@@@B@@BB@@@B@@@@@B@@@@AB@B@@@B@@@@@B@@@B@@@B@@@@@B@@@@@@@@@@@@@B@@@@@@@B@@@@@B@B@@@B@@@@@@@@@@B@@@@@@@B@@@@B@@B@@@@@@B@@B@@@@BB@@@@B@@@@@@@@@B@@@@@BB@@B@@@B@@@@@B@@@@@@@B@@@@@@@@@B@@@@@@@@@@@B@@@@A@@B@@@@@@ABABC@IEE@@A@@@@A@@@A@AA@@@@A@@@@B@@A@@@A@@@@@A@@@@BA@@@A@@@A@@@@@AA@@@@A@@B@@@@@@@@@@@@@B@@@B@@@@@@@@AB@@@@@@@@@B@@@B@B@@@@@@@@@@@B@B@B@@@B@@@B@@@@@B@@@B@B@D@@@B@@@@@@@@@@@@B@@@@@BB@@@@@@@@B@@@@A@@@@B@@@@@@@B@@@@B@@B@@@@BBBB@@@@B@@@@@B@@@B@@@@@B@B@B@B@@@@@@@BA@@@A@ABA@A@@@@@@B@@@@B@@BB@@BHD@FBD@BCBE@G@CB@@@@C@ABABAD@B@DDBB@H@DBBBBDHBFB@F@DDBFBFB@D@F@DCFEJCBA@@@A@A@@@@@AA@@@@@@@@@@@B@@@@@@@@@B@@A@@B@@@@@@B@@@@@BB@@B@@@@@@B@@@@@@A@@B@@@@@@A@@B@@@@@@A@@@@@A@@A@@@@A@@@@@@@@@AB@@@@AB@@@@@@@A@@A@@@@@@@A@@@@@A@@@@B@@@B@@A@@@@@@@@B@@@@@@@@@BA@@@@BDDHBHBD@@B@BABC@AB@@A@@B@@ABC@ABA@@@A@A@@@A@@@@@@A@@@@AA@@@@@@AA@@A@A@@@A@@@@@AA@@@@@@@@A@@@@@@@A@@@@B@@A@CCAGCAA@CBADAF@FADAFABABE@C@AA@@AAA@AAAA@@AA@@A@@@A@@@@@A@@@@@A@@@A@@@@AA@@@@@@@A@@@@@A@@@@B@BA@@B@@EFCDEBC@CAEGEIAAA@C@A@A@AEA@AA@A@@@@@@@A@@@A@@@AA@@A@@A@@@@@@@@@A@A@A@@@@@@@AA@@@@A@@@@@A@@@A@@BA@@@A@@@@@@@AA@@@@@@A@@BA@CB@@A@@@@B@@@@@@@@BB@B@@@B@@@@@B@@@B@@@@@D@@@@@@@@@B@@@HCHCFEFEF@J@@Y@@H@PJNLNJHPJHHNJLPDRFRLLRJJJHLBPHJRJNBHCLCHIHKDMDOLMPKTMVMTALFHHLNFLFPJRJRLRPRLNPJPDXHTJTFN@H@"],["@@A@@@A@@@@A@@@@@@@@@AB@@@@@@B@@@@B@@@BA@@@@AABE@A@A@@@A@@B@@@@@@@B@@@@@@@@@@@@@B@B@ASCBC@AA@@BA@@@@@@@@@@@@@AA@@B@@@@AB@@CB@@AB@@A@@B@@@@@@AB@@A@AB@B@@A@AB@@@B@B@B@@@B@@@@@B@@@@@@@@@BBB@@AB@B@@@@@@@@A@@@@@@@@@@@A@@@AA@@@@@@@@@B@@@@@@@@@B@BB@@BBB@F@BA@@B@@@@ABABA@@@@@@@@@@@@@A@@AAAAAAC@A@@A@@@@@@@@@@@@@A@@@@@@@A@@B@@@@@@@@@BA@@@@B@@@@@@@B@@@@@@A@@B@@@@A@@@@@@B@@@B@@@@@@@@@B@@@@@@@@@B@@A@@@@@@@@B@@@@@@@@A@@@@BB@@@@@@@BB@@B@@A@@B@@@@@@@B@@@@BB@@@@@B@@@@@@@B@@A@@@@@@@@@@@AB@@@@@DBB@@@@@@BB@@@@@BB@@@@BB@@B@@@@@@@@B@@@@AB@@@B@@@@@@@@@@@@@BB@@@B@@A@AB@B@@@Rc"]],"encodeOffsets":[[[107540,27564]],[[107559,27199]]]}}],"UTF8Encoding":true}