{"type":"FeatureCollection","features":[{"type":"Feature","id":"520302","properties":{"name":"红花岗区","cp":[106.943784,27.694395],"childNum":1},"geometry":{"type":"Polygon","coordinates":["@@@@GAECCACMACBCBCBC@EAE@EBSBCDCD@BBBAB@CE@ABGAE@CBA@CBABAF@AAAACBA@ABCB@@ABG@C@AA@CACAAC@AAAABA@@F@@A@A@@CAAC@CA@@@CB@@CC@@AAA@AB@@BDA@@BCBA@A@AAA@@AGBA@CDCDAD@@A@C@CCAA@AA@ABCBA@A@AAA@C@A@A@@A@ABA@@@@EA@@AA@ABA@AAACACCAA@C@C@A@@A@AACDA@ACCC@C@A@@DCBAA@AA@CAE@C@A@ABA@AB@@@BB@BBBDDDADABBD@DBB@BA@C@GDG@C@CAAE@EBIBGC@ECS@I@C@EAAAGCGAEC@CDAHEHCDK@G@CBCFE@CAMSEACHA@EEEGECAA@C@CBABC@EBE@EA@CCAAC@EAACAA@AGCGCIAG@EAMHUE[EAAADA@A@A@@A@AABCCG@GDEFE@ECACBA@ABAAAA@CBABAA@A@A@ABA@A@AA@A@C@ABCDCD@B@D@H@D@BA@CDAHFNNR@FFDAPBBA@ACA@@@ABABEFABABADA@CB@C@C@AE@E@E@C@I@C@ABC@ADBD@DDB@B@BB@@BBDBF@@@B@D@BA@ABABA@ABAAC@@@C@A@CBA@ABCB@BA@@B@@CBABCBA@C@CAA@@AAA@@@AAA@CCEA@ACAC@E@A@ECEA@@@IBAFCJCF@FCBM@CDAFG@G@GEWS@CA@ABAB@B@@DJBBGHABAB@B@@CBA@A@A@@A@@A@CACA@@CACAC@AAA@@@AACA@@AA@@CA@@@@A@@BBD@D@@ABAB@BABEAG@OLAH@DABE@ECAAE@EFADKPIHADAFCBMCCBMBCBAFFL@BAD@B@DBB@DDBBD@BAD@B@B@BBD@BABADAB@@DBB@@@H@FBFDFDJDDD@JAH@DBL@FAFEDADEFEBGDID@BG@CBAF@FADEBIBAFBDFHFHDB@BB@B@B@@@DCFBD@FF@@@@FF@DBDDBDBJ@D@F@D@BA@EBGFCF@LAF@HFFDFHBDBBBBDDHDLHBHDD@@BBDDB@H@D@HEHMD@F@DBHDH@D@HAD@D@D@XCN@DBDBF@D@B@@AB@B@D@@AHBBBDBBBDABADCLED@BBDA@@BAAC@AAIBC@ABABA@ADCB@@@BA@AB@DA@ABABABABC@AAE@C@@ACAA@C@ABA@AAC@CA@A@CAAAC@A@@@A@C@AAAAC@ECAAAAC@A@CB@ABA@ABABAACBAD@DA@@BC@AHIBCAA@AF@@AAACACAKAC@EBGFEAG@A@BEBAB@@AAEAAA@@CB@DCD@D@JHBABCB@@CA@@A@A@C@A@ABABED@BBD@BBDDD@BBDBF@B@B@BAD@B@B@BBB@B@B@BEB@BABBB@B@B@BAB@@B@@DB@@B@BDDFDBBB@BFBBBDBD@D@@@BADABBB@BBB@@@BAB@B@@D@@@@@@HB@AD@@@BA@@BBB@B@B@@C@@@@@@@@BAB@B@BB@@D@@DBBBBB@BADB@@BD@BBBDBDBHDB@BAFAB@BABB@DADA@ABCBBH@BBBBBFBFA@BB@@BDBBB@B@B@BBBABBF@B@BBB@BBB@@BAD@BAD@B@BBBB@B@BA@@B@B@BDB@@@DBD@DBB@B@HPEHAFBH@J@FDHJPFFBD@B@BADA@ABABAB@BAFEBABAF@@ABABCDED@D@F@B@DAB@HBJBD@BANIFEB@@DBFBDBBDTBDB@B@FADADCD@LFDB@B@N@DBBB@B@DABCTi@C@A"],"encodeOffsets":[[109708,28409]]}},{"type":"Feature","id":"520324","properties":{"name":"正安县","cp":[107.441872,28.550337],"childNum":1},"geometry":{"type":"Polygon","coordinates":["@@@@BEB@JKPIFBXClNDkZcDaLGR@HGJYbMNQI}OQAOJMBMSaNQjW|XH`@PFNSNKTEXGR@LDRDNFJJHJJJNHRLPDRDJAJEFGDEAE@M@KBO@M@IGMGIGCIIOCMCOGOKSKKKCIDGDIJIRIHCBG@E@A@ABCBGACAACCC@EBGDGHEBGBE@A@A@EDA@@C@A@AAC@@AA@CAA@CBC@ADADCDEFCFDDBDBD@D@@ABCBADA@AAA@ABABA@CBCBAACACACAA@@BCBA@A@AAC@AEAA@C@A@AAAAA@AA@C@A@ABCDEBCBABC@E@AAA@E@ACAC@@@@C@C@CAACCGCCEACAC@E@CBC@ABCBABABC@AAAAC@ABC@CBAAAAACAFCFCFCDCBGEEGGMGIECECIEMEMAKBIHKHEJCFCFIDIBKAK@IDEHBJBL@DDB@BBBBHDF@B@BBD@FABC@ABCBABAHAF@B@DC@@F@B@BADAHAFABAD@B@@AGGCCEAA@AAAA@EBE@AAA@ABA@@@A@AE@AAAC@AAAEAA@CAAA@A@@@C@@BADAB@F@BAD@@AAEAAAC@@CAC@GBA@A@BCBA@ACAEACAE@CAEAAAAKAGECMEOAMAKCGCCICGBIBGBGHOFMFODIGMUMcC@@QEIAKOCEIGIFGHGDIBI@I@G@@DBHHDDDDH@F@FJDFAFGB@D@HHFBLFHDBB@DEHGHEBECECC@K@CAMIC@EAEDEF@DBBDDFDDFADCHEFIHEBC@IEMCIRIJGHEJCP@@@BBDDBBDBBBD@BAD@BADADBDBBDD@BCBOBEBAB@DBDDBBB@BBBAB@@@BAB@D@D@BABA@GAE@E@ADCDADCBE@C@ECC@AAC@@AGACAA@@A@@DAB@GCGEGCIEMEOCQCKCMAKAIAQCI[BK@@BC@A@E@AAIBE@EAAAAA@A@C@CDC@@@ABaRCBAD@D@DDDBFBD@BADABCBA@CACCACACAC@@@CAE@C@A@GAAGCCAAC@AAC@@A@AAA@A@@BAB@BABI@ABABBF@@@@A@C@CAABAB@@BBDBDBBB@BCBAB@D@B@@FBBB@DADABABA@G@ABCDCJCDCBIDEBGBCDCBCDGFEBABGDGBMAI@ABABEDA@CDEDEDCDIBODCBC@E@GAA@A@ABAB@BBDADEFABADBBBD@BBDDFFFDBDDFBDBFBBB@D@DBBHBF@@D@FADADADADAD@DBBBBD@D@BBBDDJBDAD@BBDFBHBH@D@HDLFHFLHRFTDHFFFLHNPDjIRBTKRYVGToKiqsQ_YSKS@QJM@AXFdM\\ATOVQH]FKBMDOBMBKHIFOHOFG@EADJ@PANBLDP@LBN@PAJCPGJBD@B@BDHBF@D@B@DCDAFAFBDBDADAFCHEJAHCHCLDFBB@BDBFDD@DBB@F@DADADAFAF@BAB@@DBF@D@BCHADCFCBGDABABCHAD@BCJEJ@BA@ABFBDBBAFE@CDADAB@D@HDFBB@JAJBJDH@N@LCXMHCHCLAF@LBDFFHDNDRBHHHHJHHHFJDJBL@J@JAJAL@NFPDJHNJPLHLFNBJDLBJBP@FCJEJGDAB@BAB@D@FABCBC@C@AAAA@C@A@AACC@EDEBADBBFD@BBB@BBB@B@B@D@BAB@B@DA@@D@B@BBDBB@@B@BDBDDDDDFBFBDBFBDBFDHBH@DBF@D@FBDBDDDBD@DBJ@J@F@FBFBFBDBDDBBDDBBBDBDBBBBDBD@DBB@BB@D@DADCBEBCBCBED@DADBBDDFBDBFAFAD@FBFBFDDBDBB@DABCBCB@D@DBFDB@FB@@H@B@D@@ABBB@BB@BBB@@"],"encodeOffsets":[[109965,29545]]}},{"type":"Feature","id":"520323","properties":{"name":"绥阳县","cp":[107.191024,27.951342],"childNum":1},"geometry":{"type":"Polygon","coordinates":["@@EKCEEEEA@@AC@AACE@CA@AAC@EAC@AE@EACCCCACICE@EDEBCAC@ACBEDE@CC@GAQCA@ICC@A@GBA@AAA@GAA@C@C@CBGBCBEBCBE@ABCA@@AA@ABABAFGBA@ABABC@ABCDG@A@AGEUOGCACCE@EQKAAGQCACA@CAABC@C@@DCDEBABE@AAAE@ABABABA@G@C@A@ABA@C@EAC@AA@@BADC@@CCAA@@BCBAHEBA@C@@@A@@@A@A@@B@BBB@BB@@@@@ABA@ADCLEL@D@B@BBDN@HAL@BBBDADCFC@AFCD@D@LBH@FBD@DBFBDDBDDFDHDF@BFDBBBF@B@BADB@B@B@B@BAB@D@BBD@DBB@BC@@@ABE@C@A@CB@BAB@FABA@AAEAC@CBAHCFAD@FDDBTFDFBBDBBAB@D@@A@EDKBMAM@MAKEMGMEKGKGIAGGGGGCCEGCKSUKIOO[QWQWMMIEG@KAECCGCIEOEQKMKIIMMYGUCWG]@KAQEEGAGAGEEQEMBODUHQ@QAOEQKUEOACBIAC@MDABB@B@BB@@@B@BABEBAD@DHVHN@F@BAB@@A@CGAAAAECCC@CCAEASAC@IAB@@A@AAA@@AAA@A@CHA@A@A@ECUEEAC@C@@@A@@ACAEAEC@@KEMIGEKIOAMAKEEIBIAMGGKCGHGLGPIJGBMAMCKHEF@JFNJPDJ@JENEPERCRI\\KTKPBLHHLFDH@HELKHMHQVGTEFEHBFBFDFDLFLDJBJBF@@AF@L@B@DABABAD@@@B@BAJEXCJ@FAF@D@D@JBBBDABBB@L@RCNEPERCRAPAXBTALBJHJJJLJHJBNANGTENCNCRCRAPALBJ@HANBJFJJJHNHNBN@LANDPBL@L@LMPIJGHKHEHAJCL@HDLFLJLHJFFB@BDDDD@B@FBBDBD@DDBFADAF@D@FAH@B@DBBDBF@DBBBBBBB@B@B@@@B@@@@@@@@C@@@A@EB@@C@E@AB@B@@@B@B@@ABADAHA@BAFAH@FDFDBD@FAD@B@D@BB@D@JDBH@D@B@@BBB@D@@@B@BB@BB@BB@DFBD@DCBCF@J@FDJJHLDJ@FBHBFBH@PEPGJELGNAPANCLA^ERGPUBSN[EcBWN@RIT@TL`ZtRjrpLHSZULQASJQCiMOKGEEGESCQEKGGEKEGCC@G@GAEAAC@ABCACCIACAAC@C@AAAA@CBCBCBCBCBC@E@CE@GAAA@C@CAAEACAEACCCAEECEAC@AACAABCBAFEBCAC@ABABAB@B@HBF@D@DAPCJADCFCFCDCB@FCBABAJ@NBHAHCBAFAHEDCDADCHAFAJCDADCDIDCBAH@B@BABABC@CAAEA@@@A@CBADA@AAACACAAA@@BABADBD@B@@@@@AEBABAJ@BA@ABA@AB@B@BBB@@@BD@BBDDBHDBB@H@B@DBF@D@@BDBDBDDDDBB@DABABC@AACAECC@C@CBCDAbQBA@@D@DCD@B@B@BBBB@FAFBJ@B@F@BAD@@ALJ\\RDJBLBNBLDRDPDNFJFHDHFHDA@CB@@@BB@DBHB@BD@BBD@FDD@F@DABCDCBCF@F@HBB@BA@A@C@CBA@A@@BAAA@AAACAAC@CBAFAPADA@ACCAAACBCBC@ABC@AACAAACCAAC@A@@DOFIHGJIJQ"],"encodeOffsets":[[110105,28876]]}},{"type":"Feature","id":"520321","properties":{"name":"播州区","cp":[106.831668,27.535288],"childNum":1},"geometry":{"type":"Polygon","coordinates":["@@UnCHIPCJ@RbjRzCR@@@@@D_^DX@VGRIDs@GDajSngTWTOFK@A@@@WCiWSDIEEUQFYMJY@MMMS@wTQP[CGTGHkLgaOEEAMGCULgEGFMXMJ@JKXANRb\\JHHDhEZAFODSJCD@@@DAFA@@BAFABEDC@ABABABABG@@BBBBBD@@BB@B@B@BA@@B@@@B@@B@B@B@@AF@B@@@BB@LABBPJLFRDNBJ@LELITGXAR@RARG\\@JB@@BI@@DABAD@B@HALCB@FDFDBBFJBDBBB@FAD@JBBBBABADBB@@B@BAD@D@B@BA@AAA@@@A@@B@BADDB@JCNAPBJHHNLNPL\\DX@TATGXGJQLEJALFJLJJHJNLTPPHR@XAXERCT@PHLLJNFRDVFRDVANA^LFXHXTHDhIzFrCNMNuXKPDVIXBPZ@pNE\\LhOR@JW@iRqE_FEHEPDNFPF\\BRDRHNJLHHFLJLFNBP@NAJCLENALB@@DBB@DBB@@@BABABA@@B@DBB@B@B@DBBBDBHGJEDABEBQBO@K@ACAAAC@CCBKDIDCH@HBFBH@FDD@DADC@EAI@E@ADABBD@JDDBF@DCBACMKSACAA@CBEDEDADBJDFDDDFBB@FCAEAGAI@EDABCAIAGEIGAKAKAGAEBGFG@ECCEAAAAA@A@MDCAAACEEMCG@EDI@AAECACEAA@A@ABABCBA@@@AAAC@@BCDAF@@A@C@ECAA@@@ABCBACAAAAAA@A@ABCDABA@UAIAKBGAECGECIAG@GDG@CBA@A@G@@CCAGKGGCCCAAAAACEGECGEE@KBE@EDAH@FABC@E@C@I@CACAAC@CEE@@@@EEC@EACD@@A@A@A@@ACAEGEGACBEJAFABC@EBEDAH@@AJCHCFAFEBCFCBE@EAK@CBG@ICCICECECEAG@@@A@CA@@BABCBA@AAC@A@A@ABC@AACCA@CAA@C@ABC@AEKBEDANADANDDABEBCJGLOBCFEF@BBFDF@BA@CBGPKH@FBBA@ABABA@@@CAC@AB@@@@@DB@@BB@@DBBB@@B@BBD@DBDB@@DBDBB@@@@BB@B@B@DA@@@ABABAHGAACI@@@ABABAB@@DXTHFH@H@BEDCN@DA@EDEDIBEJA@@B@DF@F@B@FBDBDB@DF@DBB@B@@BB@BB@DBD@B@DABADA@@@AB@@ADABAB@DAB@D@@@D@BBBAB@BABAB@@A@C@A@@AEAC@AA@@A@ACA@CACBCD@BAD@J@D@F@F@F@@B@D@DDAB@BCBABAFEBABA@@B@BDB@AABOEC@EMQEMBGDCB@@A@C@G@C@ADCDCBAD@B@B@@B@BAB@B@B@BBBBADAB@BBAB@BABBDFDF@FEHCH@DDBA@B@BB@B@B@BCBB\\FVFNGFBH@JBHDHD@BBBBDFBD@BBDDB@@FAF@FADAB@D@DBBFDFHFFB@DGFBNTDBF@DEDAH@L@DCFGBGDCD@BFDHBHBB@F@D@JDT@FHDJAFAF@BB@D@DCH@H@DABA@CAC@AACBCBCCAA@AAA@@A@@BAB@B@B@DBF@DBBB@ABCD@@@B@DDDBDB@DCBBB@@@@B@D@DBBDDDBBB@BAB@BBB@@FB@@@@AB@B@BB@B@D@B@BBB@B@DABAB@@BBBDDD@B@@@BCDCDCB@HA@BB@BBB@B@DA@AB@AC@@BAB@BB@@DD@@DA@@B@@DBDDB@@@B@BE@@@ABBBBBD@BBBD@DBBD@H@BA@@DABAB@DABBBBE@ABAB@DAB@DBFAH@BDFA@ABAAC@CDADAT@FBF@FADADADBDDNDBFDHB@@F@JAHAJAJ@FAFBBBABEL@DBLAFCF@DBFHHHFDDFHAJ@D@FCHKBIBEDED@FDDDBFDLBB@BB@B@D@HBBHDBB@B@@ABC@ABAD@D@DB@@BDDDBB@BBB@BDBDAF@DGHABCFEJEHABCBGJCDCDA@ABAABB@@BB@B@BA@JBD@TBFBDB@DDDFDBBBBDHB@@@BA@A@EGMGU@CBCFABA@A@A@@AAA@A@BANCD@JBDAPBVFRLPFRBR@VGPCNARFFFBHBHFHRFLB^@XHVDZHNNJJNLRLPFJFHDDDBFJGLKPKLGHADAB@FC@@DABCBA@A@@BA@A@AAA@AACAAACA@@AAACCEAAA@@A@AAA@@A@A@@@AB@@@B@BABAF@B@B@@@@@@CACAA@A@C@@DCBABA@@@A@CCAAC@CAA@AACACAAAACC@@@A@AFBD@D@FCBA@@BADGDABCB@@A@C@ACEAACC@ACAAA@CACAE@AC@EA@G@AC@CBC@A@@AA@BC@ACCCCACAA@@AC@AAA@@AA@A@@AA@AA@A@ODC@A@AC@AAGAA@@ECG@@@CAG@CA@AA@@AAC@@B@@ABABA@C@A@A@@@ABA@C@@@AAC@@CA@A@@AEAA@@@@@AAA@@ACAA@@AC@@@@AAIGOMMKIIMKKKKKISAUXODKCYMKSCMYmYAM[]KYJ{@OcFmAeEGDiCaMUECYUHWSGKGoqQ_[DI@WAiO©wUBm`oZoLYCWKoMM]]YMUKIK@[R]bOhaZ@DiDKGA@C@C@CAIECCCAGA@C@A@C@A@AAA@CB@@C@A@C@AAC@CBABABABABAAACEAACKAA@A@ABABA@AAAA@C@C@A@AAA@ACAA@@AC@AAA@@@ACCAA@@AAAAAA@@@@@A@A@@AA@@@AA@@@A@CBABA@A@AA@@AAAA@AAAA@A@CA@@@ABA@A@ABA@A@AAA@CAC@C@C@AB@AA@CA@CCA@AAAA@AAAACA@@AC@EA@AA@C@A@A@CDED@BABBD@BBB@BB@BB@@BD@@@B@D@BBDBBBBFDFBD@@BFB@D@@@BA@E@CBIBCBCB@@CDABABABDRAVITGXWX"],"encodeOffsets":[[109277,27965]]}},{"type":"Feature","id":"520322","properties":{"name":"桐梓县","cp":[106.826591,28.131559],"childNum":1},"geometry":{"type":"Polygon","coordinates":["@@H@@@BABAB@@BB@BBB@@ABABABABCBCBA@@B@B@B@B@@A@@ACA@@A@AAAAAEAE@A@EAEM@A@ABAFAFAF@DBB@BBDDBBB@B@F@FBFBBBDDBDBF@DBDBD@DBBDBD@HAL@NAN@H@H@F@D@BAF@DBB@BAB@@A@A@A@C@A@A@ABABC@@B@D@D@DB@@BB@B@BBB@BBBB@B@B@B@BAD@BAD@BAB@D@B@DBB@DBD@BBDBBBBBBB@@@AB@@AAA@A@@AC@@@A@@BA@@BB@@BDBB@BBBBBB@BBBBBBB@@@B@@ABA@@@A@@@ABABA@ABCBCA@A@CAA@@AB@@AB@DAB@BAB@BA@@DABA@@@AB@@AB@@A@AAAAACGAECGAECG@CAC@CAC@A@@B@H@D@D@D@F@FABAB@DAB@B@D@B@@BD@B@D@B@@@BAA@A@AA@A@A@A@A@AA@E@A@AAA@A@@AAECEA@@CACAE@M@EBABE@CBE@ADCBADCBC@C@CACACAABA@CDGFCHAHADAFAFCFAFABAD@D@BCFAFCD@BD@B@B@DBBBBD@D@DABA@E@CBA@ABAHCFIDI@EAOAICKAIEMGKOKMIIGOCMEK@IBIBI@K@IAICGEGGGIGGAGCQCMEGCEKAE@KBGDGDWNKDM@G@ICIAIBA@EAGCC@A@CBCB@DEFABCAEABAB@@AFIDI@ABCDGBABAHCDADEBCDG@A@CAE@CA@ABE@EBCBCBCBE@A@CAC@ECCA@AAACEDKDGBGFIDGBEBCACACBEBEDC@C@A@CAECG@A@AACHIDOBI@OAM@KCOAKBM@OCIGAEAI@KCIGCI@E@IDEDA@CACCEA@@AAAA@@A@A@@@CAA@AA@C@G@CA@I@CAAC@A@C@EBC@CACE@EBGBE@AGBCBAB@BA@A@@@A@A@@B@F@DA@@F@B@@@D@@@@@@A@@@A@A@A@AAAAAA@CAEACCAA@G@EBC@E@CBEBCA@CACACEAA@C@CCACA@EEGIIKEKCK@GDKBIFGLGHGJINO@K@KAKCOBM@KAMGMGMIIEIAIBM@GAIBKBODQDQDMFMHSBMAMGIKIIIGIAIBKASBWBODQFQFODM@Q@KAABAACAA@I@C@CBE@EDIFWBI@A@A@@@@C@CBEBEBEBWDC@ODABCDC@AA@G@ADGBCAAAAAC@C@IBE@ABC@CBA@KEEGEIAIBGFGFEJCLCLALCLCNGHEFC@EBE@GAICKCEEIIAGEICMGKGCICKCGGCEBI@CDKBI@IGGCEA@AA@AAA@ACAAA@@AACAAACAA@A@A@CAA@@@ABABAB@@A@CAA@CA@@KAMBKFIDMBO@MAKEKIGEKGMIQGQC[AOEMEOCGFEFF`Qr@jIXQ@gP[KFoMY@e^YFa@YHwtKRMnGfNBH@DD@FCFGJELAN@FBJDJHHHHFFNHPDN@T@XDR@PBPBRDH@HEJEFGLIJEJALBLFLLBB@@BC@AB@DFBDD@D@LEDABADBDB@D@B@BB@B@@@F@B@B@DBBDPRHFHDFBBAFABABABCDADAF@B@DD@DBF@H@D@DDDDDDBDFJPJJDBDBFFFJJPFJDHBLDTBTDLDHHJBJDN@L@N@BA@@D@BDDDBBDBDBH@FBDDDDDDDFBHBDBDD@BABB@@DCJDB@BA@@B@B@BA@@BBBBFDBFFBBFFBB@B@D@@@D@D@B@@@@DNBF@D@D@DC@ABEBABGBC@CBCB@BA@A@AACAA@BDBBBDDBBD@DADCDABCBAB@DABC@@B@BABADABCBCDEFA@@B@D@B@B@B@BAB@B@B@B@F@B@D@B@@B@HHDBDBD@FADAD@D@DDBDBB@D@@@@BBBBBBD@B@D@BBD@BBD@B@@@B@@@@B@DAB@@@DAD@DBF@F@FAD@FAFAFADABEDCBABABAFADCHCDAFADAHAD@F@DBDBFBD@FBFDDDFDBBDDDBB@BB@B@D@DAD@DDDBFBDBFBDAD@DADBBDBBDBFBD@D@D@DBBBDF@D@BADADCDEBC@E@CBCDEBADCDABCD@DBD@D@D@DAD@DAF@D@DDDDDFBD@D@DAD@DAB@BBBD@D@F@BBBBDBBB@BBBBB@B@B@@ADEBADEBABA@CA@@A@@@ABE@CBABCBAB@FABA@@BCBADCBABC@@@A@A@ADC@@F@B@B@BBDDDHBBB@FBD@D@BB@D@D@DDBDDBDBD@BCDCBAB@D@D@BBBBBF@B@HAL@L@L@F@F@DBDB@@B@@@BB@B@B@@@BA@@B@B@BBB@B@BBD@B@@BD@B@B@B@B@H@B@B@@@@EB@FBDDDDDDHBFBFBD@FBDDFBD@D@D@BBDBDDAD@BB@BBDB@@D@@@B@BA@AAAAEAE@CBE@C@C@CCAAA@CAA@EBCBCDCBADCF@DADBBBDB@DBB@D@B@D@@@@BABAFOXCDCDEBE@CBCB@@AB@B@BABA@AAA@CACBADADAF@HADADAFAF@@@DDB@BDFDFDDBDBBBADABAB@BD@HBF@DDDBBDBD@F@DAB@D@DBB@D@B@D@@A@C@A@CD@D@FBDDFDBFDFDFFDDDDDFDDBDDFDD@DADCDADADBDDDDDBFDBBDDBBBBDBB@DABCDABEB@@@BABC@A@@DCDEBCBE@ABC@ABCBCDAD@DABADA@G@CAABC@ABAF@F@DBDBFBBDBBDBD@BADBFA@AB@D@DBB@B@B@DBDBBDAD@DBBBB@@@B@B@B@B@@@B@@AB@@@B@@@B@@@BA@@@AB@@@@@@@B@@@B@@@@A@AB@@@@@@@B@@@B@@@@@BA@@@@@A@@@A@@@@@@@@@BB@@@@BB@@@@A@@B@@@@AB@@@B@BA@@@@BB@@B@B@@@@@@AB@@@B@@@@@B@@@@@B@@@B@B@@@@@BB@@@@BBB@@BB@@@@@B@@@B@B@@@@@BB@@B@@@@@B@B@@@B@@@@@@B@@BB@@@@BB@@@@BBB@@@@@B@@@@@@@@@B@@@B@BA@@@@B@@@@@B@@AB@BAB@@AB@B@@@B@@BB@@AB@BAD@@@@@B@B@B@@@B@@@@@@@@@B@@@B@@A@B@@BB@@@B@@BB@@@B@@@@BB@@@B@B@@@@@B@@@B@@@B@@@B@@@@@B@@@@@@A@@B@B@@BB@@@B@@@D@@@@@@@B@@B@@@@@@B@@@@@@@@@@B@@B@@@@BB@@DF@@@D@B@D@B@DABBB@BB@B@B@FAF@D@BAD@BAD@@AD@D@@@@@BBB@BDB@@B@H@F@FAH@DAD@BCBA@C@AAC@CAC@A@A@A@ABA@AB@D@DBB@DBBBB@B@BBB@BBB@D@F@D@ABC@ABCBC@ABCB@@A@AB@@A@@B@BBBBBBB@BBD@B@D@BBBBB@DBBBBFBBD"],"encodeOffsets":[[109627,29589]]}},{"type":"Feature","id":"520303","properties":{"name":"汇川区","cp":[106.937265,27.706626],"childNum":1},"geometry":{"type":"Polygon","coordinates":["@@@@BCBABA@C@A@KBE@@AEAICIEKCKCEAEAEFGFEHSRUNGLGFK@GCGKEGGAKLOLSJ[DQFQFOFM@ICIIOEM@IFELGNDNBHAJIHOHKHGLDHHBNAJFJLFNBPBLJHFNJLF@@FDFBDB@BB@@@D@D@FBVFFDB@B@B@DGB@B@BBBAB@DCDCHIDABAFGFIDEBAHG@CBEACACA@AAA@CACC@AA@@C@CBCBAD@BA@@@AAAGCAA@G@C@AAAA@KAECCACC@EFCFCJALADG@E@CBIEGCCGEGGAE@CDEBEAK@CFKBAAAEAEBI@IBGBIBE@@B@DSjADCBA@A@AA@C@M@ACAKEC@CDCBEBA@A@ACCSAAACAE@CA@EFMJABC@IAGAA@CBA@E@C@C@CFADAB@BE@ABABEFABA@ABAB@BCBABA@C@EAOEGIECI@G@EAGBOF@G@AAA@CAC@C@@CA@A@A@AB@@A@AAAAAA@C@ABC@AB@@AA@AAA@A@AAEBAAA@A@A@AAACA@AA@@AEBEAAAAA@AAGDABAB@BC@CAAABA@EBABA@GCCACAAA@AAC@@CAABA@AAAA@CC@@@AAA@A@AB@@@@@@@@@DA@A@A@AA@@AB@@C@@BGA@@@@@@@CA@A@AB@@A@AAA@AACBAB@@C@C@CAAAEA@AAACACEACA@@@CA@@@AA@ABA@A@A@AAABA@AFA@A@A@AAA@A@C@ABA@A@E@CAAAC@CCAAC@AAC@AFAB@B@B@D@B@BB@@DA@ADABIGC@C@CDA@@DB@BBBF@BA@ABAFB@H@FBHEFAD@LBDBDBBB@BE@@BBBADGJ@BAD@@CBC@ABBDABAB@BAB@BDAB@D@BBBBFDD@BBBBD@B@@@B@D@BBDBB@B@@DBD@BAB@B@DBBBD@@@DBF@BADABABAB@BCBA@@BAB@@A@CD@BABAB@BADBJ@BBDAB@@CBAAC@KFCDABCBAACAAAGA@BC@A@A@@BA@C@E@CACAM@WDC@C@C@GBC@G@GCCAE@C@GNGFC@G@A@CCAA@H@BAB@DCH@HBHDJHFFDHBLAJBVBB@BADCBAB@B@BBBBDBABAD@B@@BBFDD@B@@@BEDC@AD@BB@B@@ABADAB@B@BBBDFDBBF@BCJ@FDHFNDFBBDBNCB@B@BBBBDFFDH@HEFAHBLBLBHBFJBHBJADCB@FBJBHBFEDA@EACCECICCACBCFAF@DBBBDLTDNABCDE@CAICC@AACB@B@FBJ@FCDCBC@ECG@EAGAG@CDCJALDDD@BBDB@B@LAPARAFCBIFGHBB@@BBDB@BBB@BBBB@DFHH@JAJCL@DAJDFHHLDJDHDHLDNFJBHJJFFLDJDHBF@FAD@FEHGDMDKBKDKDKFIHEHEJAJBHFFF@LAB@DAD@BAF@J@DBDBBBBADCH@B@HBBD@DCBAPCD@XCFAFAFADAD@@@@@"],"encodeOffsets":[[109554,28723]]}},{"type":"Feature","id":"520325","properties":{"name":"道真仡佬族苗族自治县","cp":[107.605342,28.880088],"childNum":1},"geometry":{"type":"Polygon","coordinates":["@@AA@A@C@A@C@C@AA@@A@A@C@A@C@C@A@C@AAC@A@@BA@A@@@AAAACCE@A@AAA@C@AAAAA@@A@AA@@@@@@@A@@AC@@AC@A@AAA@@B@BAB@BAFABAFAFADADADABABCD@BABABABAD@B@B@B@@@@GD@JCB@H@BBD@D@B@DAB@B@B@BABC@A@A@CBA@AECA@AAAAEGGKEGIIGMIOIKKMGIKKKOGIGMCK@G@QAKEM@QCMAWCKCI@QES@A@CCGBGFEB@BA@@DCBEBAB@BADCDABEAECEECMEACCCKEEECC@ECQ@G@CBE@E@CAEAAC@C@ABEFABCBCBC@E@ACC@CCEEAC@AAA@CCAAAEAE@EACACCACCE@A@@EGAIAI@IDK@OCIMKIEKKGGCFEHIFIBQCOCQKMGIIGIIIMEQCKCQ@WHSFMLMTOE_@WG{iXMRTbANINBPPRJ~MRaNIZGHQ@KHCbYdClkMWDEAOJILA@AF@@@BBB@@BD@BD@BDDBBB@DADABAB@DDDBDBFBBBBBFFHFLBBDBD@BCH@B@@@BD@DB@A@@B@BCD@B@@BBBD@BA@AD@D@@@B@B@B@BAB@@BDBDDDBB@@@@BB@DBB@BBD@DDBBDFDB@FBFB@@BDBBDD@BDDBDBDAF@FADADG@GAG@E@E@EB@@CBCDCDADCHEHADAL@HCHCD@BA@CFABABEB@@@@@@C@@@@@@@@@A@@@@@@@@@@@@@A@@@@@@@@@@@A@@@@@@@@@A@@@@@@@@@A@@@@@@@@@@@@@@@A@@@@@AA@@@@@@A@A@G@E@CAABC@CD@DAJEJAD@@BB@BDDBBBBBDDDBBDBB@D@@@B@@@@B@BAD@B@BBBBBDBNF@@B@BBDBBBBBBD@B@D@D@D@BAD@B@DABAD@BAB@D@BAB@@@AC@C@CAA@@@C@AAA@CB@DAD@L@D@F@DELGV@B@BBBBBBDD@BBD@JAD@BAB@B@@AD@BA@@@@@A@@B@BA@@BAB@B@B@B@BBB@@@B@BBB@@@B@@@B@@@@@B@@BB@B@@@@@BB@@@@B@@@B@@@B@@@@@B@@A@@@@@@@@@B@@B@@BB@@BBD@BB@@BBB@B@B@BB@B@@B@@@BBB@B@BABBB@@BDB@@BB@@B@B@BB@@B@B@B@@B@@B@@BDBB@B@BB@@B@B@@@BAB@BA@A@ADAB@BABA@A@A@EAA@A@@@A@AD@@CB@@A@@@@B@BAB@@@B@@@B@@@@@B@BBB@B@BAB@B@@@BB@@@@BBB@B@@BB@B@@BB@@@@@@@@AB@@@@@B@@@B@@B@@B@@BB@@ABCHCBIJAD@DADBNFFBBF@HBD@BBB@BBB@D@BADAB@D@B@BBDDFFBBJJ@BBBB@B@D@F@DALGNCDAB@@A@AAAAC@A@@BABC@A@A@EAACC@A@AB@HCHA@ABA@@BAB@B@DDDD@@BAB@B@D@B@B@B@B@B@FDHDFFJFFBJJHF@BB@@BB@D@B@D@B@B@D@B@FADBDBBBJJ@@HDDBBBFDBFBB@B@D@@BDBBBBBBDBDBH@H@DABABAB@@AAAAC@@DCFE@ABAB@@CAA@A@G@QBCBG@@BAD@@@B@@K@GBC@ABCBADABA@@D@@B@B@@B@B@@@@A@A@ACEAACC@@@A@CBEBC@@DC@@B@D@BAD@B@B@B@@A@@D@B@DB@BBF@B@F@B@@A@A@@@@@AB@@@B@@BBDDBBBBBBB@@@D@FCFAB@BBDBBBH@D@D@D@BAFABBB@B@B@DABA@CB@B@F@VDBBB@BA@@@A@AB@BK@C@A@A@A@A@@BAB@DANATAPCLABAD@B@B@@BB@@B@D@BBHDDBDB@B@LBF@B@BBBFN\\BF@BA@CBA@@D@DBBB@JDLFB@FDDDHHFHBBB@B@DCDCBABABABABCBA@E@AAEAC@A@ABAB@BAD@FAB@BABABEDIBCB@@AD@H@BAB@DCBCHIDEDCDCHADAHAB@B@B@@@DCBC@AACIYEM@A@@AC@CAA@E@CCC@A@@AAGUGQ@A@C@@@IAI@ECG@C@G@EAGACBA@AB@BAB@FAN@HABAJCDAHE@@BC@@D@D@B@B@D@B@"],"encodeOffsets":[[110412,29732]]}},{"type":"Feature","id":"520329","properties":{"name":"余庆县","cp":[107.892566,27.221552],"childNum":3},"geometry":{"type":"MultiPolygon","coordinates":[["@@@EDGDSDINMLCRALCHKFK@MEMEKIGOIOCQAACAAICCCABA@MEQEK@G@C@CE@A@A@ABCFEFC@A@A@CEAGCE@AACACAA@AAA@C@ABC@E@ABC@C@AA@@C@@@CBA@@BA@CBCB@@ABC@CACA@@CC@@@A@A@A@@@AAA@@AAAA@@ACCECCK@AACECAIBGBGBG@CAACAE@MFM@EDKAGGGKAOAKBGH@@@@A@@@@BA@A@@B@@A@@@@BA@@@@BA@@@@@AB@@@@@BBH@DEBAD@BBFBBA@E@GAE@C@A@@CAAC@E@EAGAC@@@C@A@DH@F@DDDDDF@F@FBBD@B@BBD@@B@BDB@B@D@B@DBBB@BADABABC@EEC@ABAHCHABC@E@AAAC@CACEBMAOBY@UDYBSBENJJTDRHDD@FGFKBOAO@S@OHSJQBWB[FWHc@KBIDIBIF@LNLFRBJMDMCQIUGI@KDIHKHQAYEUE[EKKFORQJUIGQIU@IDMLKVITE@EA@E@EHOPW@OAEECGCM@GFIJ@@@BA@@D@@@BABC@@@ABA@ABABAD@BC@ABA@@D@B@BB@B@B@BB@BCBC@CBCBC@AB@@@F@DEBCB@@ABC@C@CCA@ABCBABAA@AHI@CC@CBEDAD@D@FDD@NIV@LBFDFDBBDDBB@D@HDDBB@BD@B@BBB@DADAD@BBD@B@B@BD@DBDD@BDBDB@@@@DDBBDBBB@@BB@@FDB@BBB@D@@@@B@BFD@HA^C^E^MPO@QAQAOAME@@ABCD@@AB@@A@@@A@AB@@A@@@@BA@@@@@A@@@A@@@A@@BA@@@A@@@@@A@@@@@A@A@BD@DBF@BBFBB@BFFDD@@@@^PNPNPpJ`^XNLBP@DTTlBTQXILKDOFIV@NDRDTFRHXFTFVN\\JJXRPFVFPHLL@LCLIPCRHPNLNHXHTLHFdQ^CTEPCPCLGHMDMAKDKFILGL@L@F@LG\\OLIAIHEdOXSDUHMJGN@R@XAJAHCJEDI@EBMk§@CI@A@CAUGKBE@QIQIKOCQDKPKRGT@P@NKB[CSBUFSEC@@A@@A@@@@AA@@A@@@CB@@A@A@@@@@A@@@AB@@A@@@@@A@@@AB@@A@@@A@E@C@I@C@A@CAC@CACAAA@AAC@ABCBABAFADAB@DADAD@DADC@A@@@@@A@@@@@@@A@@@@@A@@A@@@@A@@@@@A@@@A@@AA@@@A@@@@@A@@AA@@@@@AA@@@@@@@AA@@@@A@@@@A@@@@@@@A@@@@@A@@@@BA@@@@@CBEFCJ@J@FAHCF@HBD@BABAAC@@COBKHEVGT@PDbBb^pFFC@@@@B@@@@@BA@@@@@@B@@@@@BA@@@@B@@A@@B@@A@@B@@@@AB@@@@A@@@@B@@A@@@@@A@@B@@@@A@@@@@@BA@@@@@A@@B@@A@@@@B@@A@@@@@@@A@AA@@@A@@@@@A@@A@@@@A@@A@@@AB@@A@@B@@A@@@@@@BA@@@@@AB@@@BA@@@@@A@@BA@@@@@@@A@@B@@@@A@@B@@A@@@@BA@@@@@@BA@@@@B@@@@@BA@@B@@@@@@@B@@@@@@AB@@@@@B@@@@BB@@@@@B@@@@@@@J@FBBD@FADADAB@@@BA@@B@@A@@B@@@@A@AB@@@@@@AB@@@@A@@@AB@@@BA@@@@BA@@@@@AB@@@@@@AB@@@@@@BB@@BB@@@BB@@B@@B@@BB@@@@BB@@@BB@@@@@@BB@@@@BB@@BBB@@B@@B@@B@@BB@@@@B@@B@@B@@@@@BB@@@@B@@@B@@@@@B@@B@@B@@BB@@@@@BB@@@@B@@@BB@@B@@@B@@BB@B@@@BBB@@@B@@@B@B@@@B@D@FCDABG@E@IGOGEG@EA@A@ABAD@J@F@B@@C@A@@@AACEC@A@@BADABAB@B@BBDBD@BBDBBB@@@@B@@@B@@@BB@@LALKFEJEHCFAF@"],["@@@@A@@A@@A@@@A@@@A@@B@@A@@@@B@@@@@B@@B@@@B@B@@@B@B@@A@@@@@@@@@@@A"],["@@B@HABADEFABA@A@GCAEAC@AAA@EAEBA@AFAD@B@BA@ABC@G@AB@BAD@@AD@BBDFBDBBBB@FBD@DAACBCBAB@"]],"encodeOffsets":[[[110592,27959]],[[110507,27989]],[[110536,27813]]]}},{"type":"Feature","id":"520328","properties":{"name":"湄潭县","cp":[107.485723,27.765839],"childNum":1},"geometry":{"type":"Polygon","coordinates":["@@@LFHNJXNXR\\RPPLJTVDLFHDDHHHHBHHJHLFLHNFNBL@NBNANCL@F@BC@A@ABCAAACESECAECC@EBGDAB@DBDBF@BABEBA@ABA@@D@B@DAF@B@@ADA@CAC@AAC@A@ABA@A@A@A@BC@A@AAEAAEC@ACECGCEACCCEACAC@EAG@KAC@C@ED@BEDCDCBAA@ABK@GCMAAA@C@K@KFCD@BAB@B@@@@AAA@AAA@@@@B@B@@@B@@@DABGFABAD@@BBDD@@CDAB@@BBD@FBD@B@BAB@D@H@B@BABABAF@BB@BAFABCFCD@@@DADBB@DDBDBHRBBRL@FDFBDHDVPHF@B@BCHAD@BADAB@BABEHABAB@BBB@@DBBAF@DAFADAHADAD@D@B@HBB@BBB@HAB@D@JDB@RDHBD@@DCFAFBDD@DBFAFCF@JDBDDDDDFBF@@BBD@FBD@BDBF@BD@BBD@@FBFFDFFLNDJFD@FAJGFEDGBCCEECCCAA@CFEFCFBD@NJDBL@D@FDFDFAHGFG@CAAGCKEEAGGC@A@EHEBIC@E@ECGCCGCAG@CH@J@J@JAHCHGJEEKG@M@IAIAECIEEEISCKEOCM@O@C@@AAAAAACEDEDABAD@FAF@DADADEDAFAFAHBD@F@HBHDD@@BB@@AFC@@B@DBBBBBB@BAB@BCBDB@B@D@D@B@@ABADC@ABA@ADCHEBAB@FA@BB@@DBBBBDFFB@BBBBB@BB@@@B@TEVIPIRERKPIJINIDK@ICQ@CIOEGGSAcU{LILBJBDADECIIKMSOQKOEEA@C@A@GAA@AA@AA@AA@@@@AAAAAA@A@ABA@A@@@A@C@A@A@A@AECCAGAC@A@C@C@C@@@ABA@AAA@@@AC@AA@AAA@A@A@A@@AA@@@AA@A@@BABC@@BABCBCBA@AAA@A@ADA@@B@D@DABEB@@AFCH@B@D@DA@@D@D@D@B@D@BAB@@A@@AA@@AA@A@@@A@@@@@ADAFC@@B@BA@AB@BA@ABBB@BBBB@@@D@@BBBD@@@BBBBBB@@@@@BA@@@A@A@A@A@A@A@ABG@A@@AA@AAC@CBAEKCKAM@MBICQBO@@@A@@@C@A@A@ABAAA@A@@@A@A@C@CAI@E@@@AAAACCA@@AAC@CA@@A@A@@@AA@A@A@@ACAAAA@A@@CAAAA@AA@@A@AAA@A@@ACA@@CC@AAC@@@C@ABC@@BC@C@A@C@@@AAAAAA@A@@@AA@BCAAAA@@AAA@A@ACE@CAAAAAAAAA@EAEAA@AA@@AC@AAA@AB@@A@CACACBAB@B@FBBBDF@BB@@BABBBBB@@BB@@BCFEHCJCGESKWGMGMKGODQJODK@KKKOGUEOEWQIIM[EUESGWEQCSCQ@MJUPELCJKRWASSkCSO@KAWM_]oIMOMO]O@@@@CCEE@AAAAE@AAE@CACAEACACAC@AAA@CACAAGGCCA@@A@C@A@ECCIAGBCB@J@JGNEHGBE@CAGCE@A@CBA@@@@@A@@@A@@@A@@@A@@@A@@B@@A@@@@B@@@B@@@@@B@B@B@@@B@@@B@@@@@B@@@B@@@B@@@@@B@@@D@@@@@B@B@@@B@@@@@@@B@B@B@B@D@@@@@B@D@B@@B@@BB@@@@BB@@@@@BB@@B@@@B@@@@BB@@@@@B@@BB@@@@B@@B@@BLDJHHH@H@JCFEHGHGBEF@B@@ABA@@@A@@@AB@@@@@@AB@@A@@@A@@@@@A@@@AB@@A@@@@@@@A@A@@@@@@BA@@@@@@B@@@@@@BB@@@BB@@@@BBB@@@@@BB@@B@@@@@B@@IBKBG@G@E@CBABDHJNBH@FABADA@A@C@A@A@CACCMECA@A@@MDSBO@K@MDMDCDIAYXKBBfEnPd@I|LZ\\^BNnZNZTDNLDZCLWPBVJTLLLLNLJJNLPNJHBB@@@@BD@@BBBD@@BB@B@@@@BBBF@@@BDB@@BD@B@@@DAB@B@@@B@B@DABAB@BA@@@BD@BB@@BDBH@DB@@H@FD@@BBBH@BBDB@D@PCB@B@@BBB@@@BBB@@BB@BBD@@BBBDDDDD@BADB@@BB@D@DAD@@B@HFBD@@BBFBD@DBBDB@BDDBBDF@B@D@BA@ADCBCHAB@@ABEDC@C@EA@B@B@@DDBBBBBDBD@BBB@DBDDB@D@B@@ABABCD@@@D@BBBBD@D@@@@A@A@E@ABABA@@@A@@B@@@B@BB@BBB@@@BBFBDDBB@BB@BDBBBD@BBB@B@BAB@@@BABADCB@@EDA@CBGBKHOLKLIH"],"encodeOffsets":[[109979,28599]]}},{"type":"Feature","id":"520327","properties":{"name":"凤冈县","cp":[107.722021,27.960858],"childNum":1},"geometry":{"type":"Polygon","coordinates":["@@A@AABADABA@C@A@C@C@CAGAE@C@C@E@EBCBA@ACCAE@A@C@C@AAA@AAG@A@AAC@A@A@C@C@CAIAA@@ABAB@AAECCACAEAE@CAECECC@C@C@ADE@CAACGA@AACCAGFAB@DDB@BBHIBE@AB@B@D@HDDBD@DBD@D@BAD@BCBA@A@IAG@CAC@CBC@ABAD@B@BBB@FDD@DBD@JABABC@CCEAA@@@ABCBABABA@A@C@ADA@@BABBF@@@@DBBDBBBJDFBBBD@@@HCB@@B@HB@FDBB@BAB@B@BFB@BBB@BAD@BDB@FB@B@@@BA@C@A@AB@B@FBBB@BBF@@@D@B@@BBB@DABABCDMBCJMFEHIHILIDGDGFEDCJEHCJO@AEGCCMWKSGU@YCYBGBGDEDGDGDEFIBEBCOBUCMMAOKSGCAUBMBSAMNURMJSHMNOLIPIPELKDQEMKMOOGO@WD[FSJSFQCOSSMOIOEQSaAAAI@[@C@G@CBA@CBA@CBC@C@A@CBC@AAY@CAACKQYQIO@O@G@ABE@ABOBABE@G@UKIMAN@FCJIFGDIBWBQ@M@IHGNCVWTcPGFBJKJ[PKHE@K@K@KHEJCLBLCNGNKHODODSF]DcRIDGDEFAD@@AA@@AAAABA@AA@@ACEAAEAA@A@ABBDBD@D@BA@@BBB@BBD@@BBB@FBFBB@BBBBBBBB@DDF@B@BBB@BB@BBDB@ABB@@B@B@BBBB@B@@@D@B@DAD@@AD@B@D@@BD@BDD@@DB@BB@B@BBB@@@BBB@BBDB@@@BBBBBBD@@@B@BBB@@B@B@@@DBD@BB@@DBBDBB@B@@@FBJ@D@D@B@B@@@BBBAB@B@B@B@D@@@B@@APDRAJ@NBNDLFLAB@DBD@BBB@@@BAH@B@B@B@B@B@B@B@@AB@@@@A@AAAA@A@@ACAA@@@C@@AAAAA@AA@BABA@@BABA@@@EDCB@B@@@@@B@@@BBB@@BB@@@BA@ABC@A@C@C@C@@@CBC@A@G@ED@BA@AFCBC@A@@@CB@B@BBB@BABADADAB@@ADAB@@@BBB@@B@@BB@B@B@B@BBB@@BBD@@B@BBB@BA@@D@D@D@B@D@HBDBFD@B@B@B@B@D@B@@@BAB@B@BBBBBBB@@@@BBB@@BBBB@HBB@D@B@FFLPPRNTJLDJCFCBIAKAKJV|BdHTFHJP@DDR@JCLMJIJOJQLQFOJUJSFA@@@A@@AAAAA@AEACEAAAA@CA@@AEBA@ABGFCD@BAB@BCDAB@BA@C@C@A@A@ACADA@ABA@AAAACAA@@@ED@BA@@AC@GCGAE@C@GAEBEBCBCFCBCBE@EBC@ABCBCFDFBBBBBB@@@D@PDNFPDLJTFFJFFDJBJBN@H@FLJHDFLPJBRF@@dDVNHNCJEPENGPAHAHAJDHDJHDLDNBPBNFFDBHBLBBFBDBF@DBFBDB@BABADB@B@HAD@DB@@BDBBBF@BC@ABE@A@CBAB@@@D@@@BBBDBB@FBBB@BBDBBF@@B@B@@AB@BBB@BAF@FBBBBB@FBDDHH@BA@C@ABEBGBCBABA@E@@@CDA@E@GBABABAD@BADEBC@AABBD@DBBHDDBDAB@@BBBB@BAFBBBDBBD@BADC@ABA@@DABAB@B@D@DBBBBD@BAB@BABAD@B@BBBBB@BDBBBB@DDFBD@FBBABABCBA@@BC@CBAB@BAB@BABABAJAD@JCBABCDA@@B@@BA@@BB@@BBAJCFA@A@@BBBCB@BEDAB@D@FAD@HBF@JBF@FCD@DBBD@DBH@BBJBHFT@FBFBBBBB@BADCDADCBABAFE@A@A@A@A@AAGA@@CACAEAE@CBCBABAB@D@B@DBFBFFDBDLBDD@@@FA@C@C@E@C@ABQBCBGBCBCBCBGBEBAB@BAFBFAAAB@@C@C@A@EA@BE@@BCB@BC@C@ABACALW@GKSAQH[KMKCaEC@AAAA@A@@@C@ABCACAAA@ACAAACAA@A@C@E@E"],"encodeOffsets":[[110391,28860]]}},{"type":"Feature","id":"520326","properties":{"name":"务川仡佬族苗族自治县","cp":[107.887857,28.521567],"childNum":1},"geometry":{"type":"Polygon","coordinates":["@@@@@@AA@@@AA@@@AAA@AA@@AAA@@ACAA@@AA@A@@@A@@AA@A@@AA@@@A@AAA@A@A@@AA@AA@@C@@@AAA@@@CAA@A@@@A@A@@@A@@BA@@BA@@BAB@@AB@BA@A@@@A@@@@CAA@@@EAAA@EAA@CAEAA@@AA@A@@AC@@@CAA@AAA@AA@@A@AAAAAAA@@@ACEEACAA@@A@EEKEGG@GBIHIFGFIDEIEEGCCCEDGFEJEHALEHILKDG@I@KCEGEKEIEEGCI@KHIFIFEDI@IAGAICGGMGGBEFAHAHEHCDEFEAKCKGKEMGMGQGKEIEGCGCGGAGBGFGJEHENG@EAC@CDBJFHFDLBLDDD@BCBE@C@CHEFCDEDCD@HAJCBEBKDG@IAACECA@ALDDFBPBN@F@B@F@HFBDBHCH@BGACAAAA@CAKAI@GDIHI@OOCODQKQEGDCTUVANGRIDG@IEIAIEAE@YTKLGBICICEAOBWFEBI@KCMDCCFODCFEKEWF{@OWIgB}DWBQ@KCKCIAM@GFKBO@OAUAQAOAQCE@@AB@@@@ABA@ABA@A@AAAA@A@A@C@A@C@AA@A@ABA@AACCCCCCCCCCCACACAC@CBEBAAAA@CA@A@AAACCAA@CBA@@DAB@BABABC@GB@@@F@F@D@BBBBDBBBDB@BBBDAD@B@D@@@BBBBBD@bFLDLNG\\BRLT@HKXDBAB@B@DADA@AD@@AFB@@F@B@D@DA@BBEBEAABA@ABAFAHADADADAHADAR@B@D@F@D@DEB@@C@ACCKCAEEEACAA@C@A@ABABAD@DBFBFBD@DB@BH@B@B@B@B@BEFABABCDCBCDABA@AAAAAE@EESAGAI@AAG@CACCAC@EDE@IAE@GAC@EBC@A@CBAFA@ADAA@@@BEBIDAB@AA@@AB@@AA@@@CBADABIDC@IBABABABA@ABA@AB@DAD@@ABADABABEAC@EACCA@AACA@AAAAA@A@ABCBA@ABA@AACAACAC@A@A@ABCB@@AB@BCDABC@AAACAABE@AAAAA@@BAACCCAGCAC@AAA@E@GCAAAAA@CCK@IAGACF@JBLALCJEJEDIDGFGLAJBLFNFNDJDFJFNHHHFFAHCDEDEDEDDBBBBBAB@DAD@BBDBB@BADABABAD@BAD@D@FBDBDDFHDDDBB@D@D@D@@D@DB@B@FBB@B@FADABADCFAD@B@B@DBBB@BBBBB@D@B@FB@BBD@B@BABAD@@BBBDBDBDABAD@DABAB@BBB@BCBABAD@BC@C@CACAECEDCFCDCB@BAD@DBB@DBB@@BD@B@B@DB@FCB@B@F@HAFAHGHCFAD@DDBBBDAHAD@B@B@FAHGDQJIJCJCHDJLLTLPLPHNDPDJJHDHJHN@J@NAP@L@NBFHHLLJFNLDJ@PCL@JBJBJFH@@@BDFBDDDDBFBF@FBBBDB@DBB@BBDFFDDD@BDF@D@DADABAFEBAD@D@BBBF@D@FAF@D@HDR@FDDFFLFDDBDNFFDDFBFAFCBCDABA@ABAFCD@@ABA@EFAHDH@D@BFT@RDJDLBXDN@RFNBL@R@HDLHNHJLPLLHJLNJLJPHNJJFHHLFHBBBBB@FD@BAB@D@BBD@H@FBHBDBF@FBD@DBBDBD@F@DBDBBBBBBD@B@D@D@BDFABABCDAFA@@@BBDBD@F@TCJ@HBHHFFNTBDDJBB@BDBFDF@J@HANAL@v@X@RDDAJB@@DBDBDBBAH@DB@@B@B@DBDD@@@BB@BB@B@BB@DBB@B@@B@@BF@BB@AB@B@@@BB@BB@@@@BB@BB@B@@@BB@B@B@@BBB@BB@@@B@BBBBBDB@@B@@@@@B@@@BDBBB@BBBB@@BB@@BD@@B@BBBB@@BB@B@B@BBBB@@BB@@B@BB@@BB@DBB@B@@CDCDCBA@@BC@A@ABABCBC@@@C@A@AA@@ABC@A@@@AACCAA@AA@GBMDSBMBO@I@G@C@IHGJGB@HIFIJGFEFEDGBGAEAG@GDEHGJGNEJEFAFGBCDKCiAQEQCUCM@MDGHGHIJCLEJCFCHGDEBEFEBAB@B@@@B@@@BA@C@A@AAA@CB@@ABABA@AB@BABABA@AD@@ABA@A@ABA@C@A@AB@B@BAB@BA@ADIBA@ADBBBDBB@@ABB@@@BB@@@@B@@@@@BB@@@@@@B@@@BB@@@@B@@@@@@BB@@@@@B@@@@B@@B@@BBBBBB@@B@@BB@B@BD@@BA@A@@BA@@@A@CBC@E@@AA@@@@@A@A@@@A@@@AB@@A@@@ABA@C@C@AAA@G@AB@@@@ABA@@@@@AB@@@@E@MCGEEECGGEICGCGCAE@C@EACCAIBQ@M@E@MAICEEKCI@EAICGCEMKKEGCECC@G@AAAAAACAECA@AAAAA@AAA@AAAAAAAAA@AA@AA@@AAA@@AA@@@A@@BA@@@ADABA@AB@@A@@BA@AB@@A@A@AA@@AA@@AA@@AA@AC"],"encodeOffsets":[[110720,29324]]}},{"type":"Feature","id":"520330","properties":{"name":"习水县","cp":[106.200954,28.327826],"childNum":1},"geometry":{"type":"Polygon","coordinates":["@@BDBBBDBB@B@B@BABC@AB@@AB@@BBBBBB@BBBB@B@BABABAB@BBBBBBADCDB@D@@BB@BBABAB@B@B@@B@DBB@@BABAB@@A@AD@B@B@@AB@@A@A@@@@B@@B@D@BBBBBBBBBBDBBDD@DBB@F@BABABAB@B@@CDAB@BABAB@D@D@D@BAB@BBB@B@BABABAB@DAB@BAB@BAB@B@DBBBD@BBBA@@@@BABABABABABADAB@DAB@@@@A@A@@@C@AAA@AB@BAB@@@BBB@@BBAD@BAFAB@DA@@BA@E@ABA@ABABADADAD@F@D@B@B@@@BBBB@@BB@@B@D@B@@@BB@B@BBBBBDAB@@ABAD@BAB@@@BBB@BB@@BD@D@DAD@B@@CBADABABA@ABEFEDEBCD@BAD@@@B@BAB@BCB@BABABAF@BAB@@CDCBABABABABCBADAB@B@B@B@BBBBDBBBDBBBDBB@@B@B@BABAB@BCBADA@@DABAD@BAD@B@BBBADAB@BCBCBCDKBE@CDEBEBABAD@@@B@D@B@D@BB@@@D@B@DABBBBBB@B@BAB@B@BBBBBB@B@BA@A@A@C@@@@@C@A@CA@@A@A@AB@BA@@@AB@@A@AB@@@B@@AB@@A@@B@B@B@@@@@B@@AB@@@@AB@@@@@@@@A@@@@B@@@@@B@@A@AB@@@@AB@@@BAB@@@@@B@@AB@@@@A@@B@@CDAB@@@@AB@B@@@@@B@B@@@@@@@B@B@@@@@B@@@@@@@@@B@@@BB@@B@B@@@@@BB@@@@@@@@B@@@@A@@B@B@@@BB@@@BBB@BB@@BB@A@@B@@@B@@@@@@B@@@@@B@B@@@@BB@@@B@@@B@@@BA@@B@B@@@@@@@B@B@@@@@@@@@BB@@@@@B@@B@@BB@B@@@@B@@B@@@@@@@@@@@B@@B@@@@@@@@@@B@@@@@B@@@@@@@@@@@B@@@@@@@@@@@B@@@@@@@B@@A@@B@@@@@@@@@@@B@@@@@@@@@@@B@@@@@@@@BB@@@@@@@@@B@@@@@@@@@B@@@@@@@B@@@@@@@@@@@B@@@@@@@@A@@@@BA@@@@@@@@@@@@B@@@@@@@@BB@@@@@@@@@B@@@B@@@@@@@B@@@@@@@@@B@@@@@@@@@B@@@@@@@@@@@BA@@@@@@BA@@B@D@BA@@@@@@@@BD@@@BBFAD@D@FAB@DBD@BDBBBD@D@BDBBBB@D@B@@B@BADADCFCDABA@A@@@@@@@@B@@@@@@A@@B@@@@AB@@@@A@@@@@@B@@A@@@@@@@A@@B@@@@@@@@AB@B@@AB@B@@@@@B@@@B@@@@AB@@@@@@@@@B@@@B@@@@B@@B@@@BB@@@@B@@@B@@@@A@@B@@@@@@@@@@@B@B@@A@@B@@@@@@AB@@@@@BA@@@@@@B@B@@@@@@@B@@@@A@A@@@@@@@@@@@@BB@@@B@@@B@@@@@@@@B@@@@@BA@@@A@@@A@@@A@@@@@AB@@B@@@@BB@B@@B@@@@@B@@@@@@A@@@A@@@A@@@@AA@A@@@A@AB@@@@A@AB@@@@@@A@A@@@@@@@A@@@@@@@@B@@@@@@@@B@@@@B@@B@@@@BA@@B@@@B@@@@A@@@@BA@@@@@@@@@A@@@@@BB@@@@@@@@B@@B@@BB@@BBB@@@@B@@@@@@A@@B@@@@A@@@@@A@@@AA@@A@@B@@@@@@A@@B@@@@@BA@@@@B@@@@@@@BA@@B@@@B@B@@@@@@@@@B@@@B@@@@@@A@@@@@@@@B@@@@@@B@@@@@@@@B@@@@@BAB@@@@AB@@@@@@@@@@@AA@@@@@@@@@@@A@@B@@@@@@@@AB@@A@A@@B@@@@@B@@@@@@@BA@@@AAA@@@@@AB@@@@@@@BA@@@@@@@A@@@@BA@A@AB@@@@A@@BABA@@B@@@@A@@@@@@@@@AB@@A@@BA@@@@BA@@@@@ABABA@AB@@@@ABA@A@@B@@@@@@A@@B@@@@A@@B@@@B@@@@@B@@@@@@@B@@@B@@@@@@@@A@@B@@@BA@@B@@A@@B@@A@@@@B@@AB@B@@AB@@@BA@@@@B@@@@@@@@@@@@@B@@@B@@@BA@@B@BBB@BA@@B@B@@@@@B@@AB@B@@AB@@@@@@@BB@@B@BA@@B@@BBB@D@D@DBDDBBBB@B@BC@A@A@@B@BBB@B@BA@@BA@A@A@C@A@ABAB@@BBBBBB@B@BA@AB@@@B@BBBXNDBBD@BABCBE@AB@@@@@@BBBBB@DBDBD@BAF@BCBC@A@CBA@ABABABABA@ADABCDCDEBCBA@ABA@AB@D@BABADAFABADABABAB@DEF@D@DADABBB@@@B@B@@A@A@@@AB@BA@@A@AA@@@A@A@AB@@AB@@E@A@AB@B@@AD@BBD@BAB@BAB@BA@A@AAAAA@@BA@A@ABAFAF@D@D@BBB@D@BCDAHGDCDCDABCBE@EBC@CAC@EAE@@ACAEAC@E@CBC@C@CBCDCBADCBCDCBAB@D@B@@@@A@AAA@A@ADABAB@D@D@B@B@@A@@@ABA@@@@BA@CBABA@ABC@@@AAA@A@@@ABBB@DDBBDBF@DADCBCBADCD@DDDBDBBBDBB@D@B@BC@C@@AAACAACCAA@A@CBA@AB@BABA@A@G@ADEDCFCDAFADAD@DBDBBDBDBBBBBAD@BCDCBEBCBCBA@CBAACAACAEAC@CAE@E@IBEBG@A@C@CAAA@AAA@ABCBCFAFAF@BA@@@A@A@A@@@A@@@AB@B@B@BBBABB@ABCBABC@AACAC@A@CBC@C@AAECACCCACAA@EBCBCDCBA@CBCAAAAC@CAC@CCGAC@A@C@CBCDCBCBCBC@CBE@A@GBA@ABCBC@A@CAC@A@E@G@CCAEAICECAAAA@@@CAECACAECEAA@AA@A@C@CAAAACA@@CBA@A@C@AB@AC@E@A@E@AAAAAA@@@AACCAAAAAAC@A@ABCDAD@DA@@BA@AAAAACAAC@C@ABABC@@@CAC@ABAAC@@BCB@DAFBB@D@FDFDD@D@D@D@D@B@DD@B@DAD@D@DABABCBCBAB@B@DFBDBD@DBF@BCDADAFABADABCBC@ABAFBDBFBBBDBD@B@B@BADABBFDB@@@BA@@@A@@BAB@@@@@AAAAA@AAAA@@@ABC@C@A@CB@BABABCD@D@F@DADCBABAD@D@@BD@DBDFDB@DBF@BBBBBB@B@@@BABE@A@ADCDADCD@DADAFBHBBBBBB@B@DCDADABABCBA@C@CAC@A@A@C@CCEEC@A@ABA@AD@B@BAB@B@B@BBB@BA@@BA@A@ABAB@BA@@@@B@@A@C@A@E@A@A@ABA@A@A@A@A@C@AB@FEDCDABABCBA@A@AD@BA@CBADABADCBC@CACCAACAAACB@DBBBB@B@@ADADAD@HABAFABAD@@C@C@CAECM@@@@@A@C@C@@@C@AAAEEAAEECAAEAA@AB@@A@A@AB@@ACADI@CA@BA@ACCCAGAEACCCCCCAC@EAGACACCACC@A@CB@@A@M@KCMAIGICGCKASCSAKCGEIIOEIEECACAIIIOCECACCCC@C@C@GAE@CCCA@E@CBCBADABABEBABEAGCGEOQACCAA@A@E@@@A@A@@A@A@CCACAABCBKFC@C@ACCEA@@BAD@@AAKKKEKAIBIFKJEHIFGFG@QCOAOAQ@WCS@M@OCMGEEGGGGCIAI@EBMFKHIDE@ECCG@MAARa^@FINCVK@UOGCA@@@CAM@I@ICMIGCAEAGAE@ECEECGAA@Q@I@G@OAMCQ@A@aA_IUBaRqRc@ICCACA@A@@A@E@IBEBC@CBC@CFEDEBCFCDABEBE@CDABC@CBC@ABA@ABABABEBGDA@CBABC@G@C@A@@@A@CBC@CBC@CDA@ABE@CACAA@EACAC@EAG@I@G@@@C@@@AAC@C@ACA@ECAAGCECGCECCCECECIAGAC@EACACAE@E@AAACACAAAAA@A@@@C@A@A@@A@@@A@A@CBC@@@AB@BAB@BCBCBCBCBCBA@A@CAAAAA@A@EBC@C@E@A@ABAB@BBD@BABADABA@A@ABCBA@A@CAC@CAE@AAA@AAA@C@C@ABC@ABABA@AACC@C@C@GA@AAC@AAA@CBABA@@@AL@@@BAB@B@DAB@DAFAD@F@DCDGFCDA@CBC@A@EDC@C@CBC@ABA@A@AAABA@AAA@BCBC@@ACAABAAACAC@@@A@A@ABA@A@CB@@AB@@BD@BBB@@@BA@CAAAAACCCAG@C@C@CAECGCACACCCAACACCA@CBCBCBCBC@A@G@A@ABAD@D@D@DBFBD@B@BKJAB@@EDCDEFAFAFA@@B@BBB@@DB@@@B@BA@@BC@AB@B@B@@@B@DBBDD@BBDBD@BBHBFBJBDBD@DBJFDFHDBFFDHBFBHBB@B@B@B@BBB@D@BBDBDBB@@@B@BABA@CBCBEDA@ABCBA@A@@HAB@D@B@B@B@@A@A@@@A@A@@@@@@@@A@@A@@@@@@@A@@A@@@@@@@A@@A@@@@@A@@@A@@@A@@@@@@@A@@@@A@@@A@@A@@@@@@AA@A@CBCBA@CBCDCBCBAFAD@@F@DBDF@BDJJXFBFDF@FCFADAD@B@BDDJBBD@J@DBFBDDDBD@LEBABC@EBADAF@BFDBFBFBB@D@D@FDTVBBDABAHCDADDDDDDBADABAB@DBLDF@H@BBBB@D@D@DDDDBTBD@DCBAFAJBB@JDJ@JHBBADEHCJBNDDD@F@DCHBJCDBDD@FADCFAD@FDJ@FADAFDDLBBDDFBDF@N@JBN@BABA@C@EBABBDDDBD@LAB@BDCHAF@FDBLJBBH@HBBBJHFBD@JCFAB@BBBDAHBFFH@BGDA@EBCBAFABCDEFCBEAE@CB@DAHBBBDADCDABC@EAAFABEBCAE@AB@BFHBB@BIF@DEBCDAD@FDFGDABCJBBD@PARCB@FADCDEBAH@DBL@JALAFAF@FDDBJ@BBF@D@NBJ@DEBC@C@E@@JAFCBABCEEA@IIA@@CAABAFAJ@FDLFHBHHHHDBLDADEH@F@FT\\DDDBFFDFDBDHAFB@DBDBB@FDHHFFFHFFHHHG`YHCF@DD@D@FBH@FAFADBFFFBAFAD@DBDN@BABABA@EB@@AB@@BB@@HDBBB@BABAB@B@@@BB@@AH@BB@@@D@B@D@B@D@@AD@D@D@B@@@@C@C@ABC@A@A@ABADAB@@C@ABC@ABABCBAB@@A@CAA@ABADAB@@C@A@A@ADADCFCDADCBAB@D@B@D@BABABA@A@ABAAC@ABADAB@@ABA@ADAB@D@D@DABBB@BABA@@BABCBABAD@B@@B@BBDBBBBB@DA@@BADBD@DBB@B@B@DAB@BABAB@B@B@BBD@BBBBB@@B@BAB@BAB@D@B@B@B@DADABCBAB@BBB@BBBBAB@B@B@@BCD@@@B@BFDB@@BABA@ABCBAB@@@BAB@DBB@B@@BD@B@BA@AB@@@B@B@BBB@@"],"encodeOffsets":[[108928,29211]]}},{"type":"Feature","id":"520382","properties":{"name":"仁怀市","cp":[106.412476,27.803377],"childNum":1},"geometry":{"type":"Polygon","coordinates":["@@HeNmLQxsZGb@ZEf]AOJWCULOvWNMDMEqJyCgSGGWEW]KMBUBQCUEQCMEKIGK@ODSFQBW@WGQOOKSIMIGKIEIBKFIRKHIHWBS@SCWK[MOMKGGAIBODM@ICABC@A@AB@@@B@BBB@@A@A@CBC@A@AA@CAABABAAIAC@EBA@AAACEIAAECECA@KDGBA@C@ABCB@@AJ@@IA[@QHQBQ@WBSHKJKFI@MAQCKEOIAAKBA@@A@@@ABE@@@A@A@AA@@@A@@@ABA@A@A@@AC@AAAA@AC@AAA@C@CDABABCHABAFADABCCCCAAA@AAAABCBA@@BA@AAACAAA@A@AACA@@BABEACA@@KEQOOIIOFQHKGIOEMJKHIJKDICYEYEOASDILGPKJONKRERGT@@C@A@KCC@A@CB@DCPAB@@@B@DAB@BGF@D@DBFBB@DADDF@B@B@B@BAD@DA@A@@IACA@A@@B@BABAB@BAD@@CBA@EAA@CBEBC@@DBD@BABC@C@A@OBA@A@A@@@C@IBA@AB@@@@@B@B@D@@@BA@@BA@C@C@A@C@C@AAA@CA@@GAO@WGSEQFAF@FDNFPEr@@ABEF@@BBDB@B@@CD@D@BBD@@ABC@@B@B@@BD@BAB@B@BBF@BAB@B@DDB@BBB@D@D@B@@H@H@FAD@FBF@LFJFHDHBHBJBHBHDFDBBDDEBAFADBDDFDBF@F@DBF@FADADB@BD@FAFBDBD@D@HBJ@D@B@DAHAD@FBFBD@JAHAHCDAFAH@FAHCFCHAFCBAFABAFABBFAHBFADADCDAFAFABCD@DBHDFBDFDDD@DBF@DAJADAF@BBBFBBFBHBH@HAFDHBDD@@BBBDFBFBFDBBD@FDFFBBBBB@BBJFDBDDFBFFFDFFBBFBHDHFHBJBBAJAJDHFFBDBBBDBDBDB@DBB@DBB@B@BA@@@@BA@A@@@A@A@A@AAC@AAAAA@A@A@A@ABABCBABA@EDA@ADADAB@B@BBBBBBBBBBDBBDBBBBBBBBBBBBBBBDBBB@BBBBBBBBDBDBF@BAD@B@F@B@@A@@B@@@B@@@@A@@BA@@@@@A@@@A@@@AB@@@@@@@@A@@@@AA@@@@@@@@@@@A@@@@@@@@@A@@B@@@@A@AB@@@@A@@@@@@BA@@@@@@@@BBB@@B@FBBB@@BBBD@B@BABC@ABABAB@B@BAB@DABABA@C@C@C@CBI@CAE@A@ABAB@DAB@BADAB@BBD@@BBB@B@DBB@B@BB@BBB@@@BA@@B@B@B@DB@@B@D@BAD@F@DAD@F@BB@B@D@DBB@BB@BBBB@BBBBBBBBB@BBBDBBBBBB@BBD@D@BADADCBCBCBCDABA@@DADAB@B@B@BBB@@BB@B@BABA@@@ABEDABABCBCBCDABCDCDAB@BAB@@@BB@AD@BADABCBABC@ABEBA@C@CAA@CACAAAC@C@C@C@CBCBABA@A@CBC@CBA@CBCBCBABABABAFAB@DAB@B@D@DBDBB@DDDDFBBDBBBBBBDBDBD@DB@@BB@B@B@BABABBB@BBBDBB@B@DAD@DBB@F@B@DBDA@AD@@@B@BABAB@BABA@EDA@CDAB@B@B@D@@A@AD@FADCDCDEBC@EBGBGBEDADAF@D@D@D@F@BABCBE@EBE@EBA@ADADADBD@D@DADADA@B@@@@BDBDBJDd@rQbQVA`JbBB@R@NDPBH@J@R@B@HBFDDF@FBFBHBFHDNJJDJ@N@DB@@B@HDVPL@DUJM@Eb]BQ"],"encodeOffsets":[[109003,28799]]}},{"type":"Feature","id":"520381","properties":{"name":"赤水市","cp":[105.698116,28.587057],"childNum":1},"geometry":{"type":"Polygon","coordinates":["@@AAGC@@AA@@BA@@FAB@BABA@ACMCAC@EBABEEAEBCBE@EAG@E@CCCE@GD_ZGHGGEEEGEEGGECA@CACAA@BECGCACEEECACCS[@E@EFGBCKCCAGGGGGAKEECI@EBABBB@DB@JJB@FFADABEDIB@@@F@DADCFI@MAC@E@AAI@CAECE@EBKBIBK@CAG@ABCFCDEBA@QDOBC@AADIBAHCCE@EBCDCFA@CJE@AAAEG@ABAF@DBFABABEFBD@BADCBCACAABG@CDAF@FBDAFEDCBABEDAFAB@HC@AEGAEBGACAAA@EBIDC@EAIGAAGAG@AAKICA@EBEDGACA@KBC@CACCAAAB@F@DABABM@IAM@E@ACCEACKACCBEBC@ECI@EBCDEBC@ECCCAIDGACDE@C@CCAMDIFGBCAAIGI@ICA@IAEBABCDC@SACACC@C@C@CAAAAG@E@KCCAA@ABCBABCCCCCCCBGDABCBAASUECC@C@A@EAEACAAEE@CBAB@FADABKFC@CACCEACAI@C@AACIACA@C@CBEBEDE@ECEAIWCI@ACECAE@@@@@ABADADAD@BAFCHADCFEHAHCJAHCHCH@BCB@BG@C@E@GBEAC@@B@@A@A@@@C@@@AB@@@@@B@@@BB@A@@B@@A@@@@@C@A@@@@@@@@B@BB@A@@B@@@B@@@@@@@B@@@B@@@@@BA@@@A@@@@B@B@B@@@@A@@@AB@@@B@@@F@D@@AB@@C@ADA@@B@BB@ABABCBC@E@ECA@AACAAACE@A@CBC@C@CA@DAB@BA@@@CBABAFADAD@DA@AD@@AA@E@I@E@E@@@A@A@A@A@A@@@A@A@AAA@@@ABABAAGAC@GAGAEAE@A@CAAA@@@@ACAA@A@@@A@@DA@@B@@A@A@@@A@@@@@AA@AA@@AAA@@@@@@A@@DC@A@@BA@@@A@@AA@A@@@A@A@A@@BA@ABC@@CAAAAA@@@@@AA@CAC@CBCBEBCBE@ABCBCB@BABABA@A@C@AAAAA@A@A@IDC@EBGDABCFAFADADCDEFCDCD@@A@AB@B@@AB@B@BAB@@ABC@ABA@A@C@CA@@A@A@A@@@@BCDA@@BABA@AB@@AB@BA@@@@@AAAAAA@CAA@A@@ACCAC@ADCN@HBDFHDBBFDHDFFJBHBJBF@F@JB@DBBBD@@BEBABABADCB@BAF@F@F@FADAFADABCDCBAD@B@DBDBDBDDD@@@F@@BB@B@@@B@BA@@B@@@B@BAB@BB@@B@BAB@@@@@B@B@@ABAB@@BBAB@B@@ADA@AB@@@@ABA@@BA@@BC@@@A@@@A@AAAAAA@@A@@@CBCBABE@CBA@EBEBCBADCF@@@B@@@B@@@BB@@B@@@B@@@@@@BB@@@B@@@@@B@@@@@B@@@B@B@@@B@@@BB@@B@@@@BB@@@B@@BB@@@@@@B@@@DBB@@@@@BB@@@B@@@BA@@B@@A@@BA@@@@@@B@@AB@BAB@@AB@@A@@@@@A@A@A@@@@@@BA@BB@@@BBBBD@BBF@BBBBBBBB@BAB@B@BBB@@B@B@BBBBBBFBD@D@B@D@J@@BB@BDD@BABAB@B@B@BAB@@AB@BABBBB@@@B@@@@@@BB@@@@@@B@AB@@@B@@@@@B@@@@B@@BA@@@@B@@@@BB@@A@@@@B@@A@@@AB@B@@@@@BB@@@@BA@@@@B@@@@@B@@@@@@BB@@@@A@@@@@@@A@@@@@@B@@@@@@B@B@@B@@@B@@@@@@@B@@@BB@@B@@@@B@@B@@@@@BA@B@@B@@B@@@@@B@@@@B@@@@AB@@@@@B@@B@@B@@@B@B@@@@@B@@@@@B@@@@@@@B@@@@@B@@@@@@@@B@@@@@@DA@@@@B@@@@B@@B@B@@@BBBBDB@B@B@B@BAB@@BB@D@@BBB@BBD@BAD@D@B@HAB@B@ABCPAJBLBF@BFDLJBB@DAD@D@D@PBNFH@@B@D@B@DAJEHAFAHDFDHJ@@JRDDFBDBBBBBAB@B@@@B@B@@B@BBDBD@BBB@D@BAB@@AB@@A@@@@@@@A@A@CBABA@@@@@@@AFABCBABA@A@A@C@@@C@C@C@A@A@@@@B@DBB@HBDBFBDB@@BBB@BB@@D@DD@B@B@BBB@@BB@@@B@@@B@BB@@B@BB@@BB@@@@BB@@@B@@@@@D@BA@AB@BAB@B@BAB@B@@A@@BA@A@AB@B@@@@@BB@BB@@BB@@@B@@ABA@@@A@A@@DAB@BAB@B@B@B@B@B@@BB@@@BBB@@@B@@B@@@@BA@@B@B@B@@AB@@@B@B@B@@@B@@@B@@@@@D@@@B@@@B@B@BAD@BAB@BD@@DDB@DBBBB@D@@@BBB@B@B@@@@@@@B@B@@@BA@@BAB@@ABA@@@@B@@@BCBCB@DBDBBBD@JBFBD@BCBG@@@@BAB@BAB@B@@@B@B@@BBBBB@DB@BB@B@@DDBBBBD@D@@@B@BAB@@@DBD@B@BB@B@B@D@@@BABA@CDABA@E@@@A@@@@BA@@@@B@@@@@@@@@@@@AB@@@@@@@BA@@@@B@@@@A@@@CB@@FD@@B@@FAB@D@D@D@DBBB@BB@BAB@D@BBB@BBBBBDBBB@BC@CBE@CB@@AH@H@DBB@DAF@DCDBBBB@@DAB@DABAD@BAB@B@DBB@BBDBDBDBFDBBFBHDFAD@DABBDBB@BB@BDB@BBB@BBD@@@BAB@BADABAB@BAB@B@B@B@B@D@BBBB@@BB@BBB@B@@@B@BB@DBDBBD@BBDBB@DBF@BAB@BB@@@B@BABAB@BBB@D@@AB@DB@BDB@@@BDBBBDDDB@DB@BADABAB@B@BB@BD@@@DBD@B@D@B@BBB@B@D@B@D@DB@B@B@BABABABA@ABABC@@BA@ABA@ABA@A@@@@BAD@H@DA@@BA@A@AB@D@D@D@B@D@B@@@B@BBB@BABABA@BBABABAB@BA@A@CBABABCBA@CB@DAB@BA@@@AAA@ABAH@FAB@BAB@BA@@A@CAAA@ADADA@AC@C@C@CC@A@AB@BADAB@B@D@D@D@B@D@@A@@@CACAA@AAA@AAAAC@ABABABABAD@BAB@@@B@BBDDBBD@B@BAD@FAFAB@@ABA@A@AB@DAD@D@B@B@B@@B@@@B@BAB@@AB@B@BB@@@@@B@@A@@BA@@B@@AB@@@@@BAB@@@B@@AD@@@B@@@@@B@@@BAB@B@@@BA@@@@@@BA@@B@@AB@@AB@@@@AB@@A@@@@@@@@AA@@@@@@@@BA@@@@A@@@@A@@@A@@@@B@@ABA@@@A@@@A@A@@B@@@@@B@@@@AB@@@@ABACEAA@CEAAAACFCB@D@FADAF@DA@CBGBGBGBCBEDAD@BAB@@ABAB@B@H@D@D@B@BBB@@B@B@@@B@B@BA@CB@BABC@AB@@@B@B@@@BB@@@B@BAB@@@B@@@BBB@B@BAB@BABAB@@CB@B@BBD@DAB@B@B@BBD@@@@BBB@@BBBBB@BAB@BA@@BE@ABAB@BA@ADB@BBBBBB@BABCDAFADB@@BABCBABABA@ABA@AAA@AAE@ABA@C@CDCBCBABABCFCBABABCDABA@ABC@A@CAE@A@C@@@CBADCBABC@ABABA@AB@DCDCD@BAD@BA@ABCBAB@@@BBBBBD@@DAB@D@@BBB@@D@B@D@B@BAB@@C@ABCBAB@DAB@BADC@@B@DADA@@BC@A@CBABA@@BAB@B@@@B@BB@@BAB@BA@CBAD@@A@A@A@AB@BABCBABADB@BDBBB@@B@BC@A@ABAFAB@B@B@DABABA"],"encodeOffsets":[[108823,29220]]}}],"UTF8Encoding":true}