{"type":"FeatureCollection","features":[{"type":"Feature","id":"451002","properties":{"name":"右江区","cp":[106.615727,23.897675],"childNum":1},"geometry":{"type":"Polygon","coordinates":["@@GGKIGMGK@MFMLGPMDQAOCU@MDQ@SAOAOAG@K@KFILKLERIJIHKHOHOFQDMAKGM@C@EACBCAC@EAC@E@C@CBCDEBABCCGAC@ECCAEA@ADA@@A@@@C@E@C@AAWAKAGECGCE@I@EDGFCBCBEAC@KDMFKJIDABABCBEDGDGDCBEAIAE@E@EAAA@EACGCECAACCECECEAA@CDCDCLEHEBC@CAACAI@MCEAG@CHCBC@E@EAGCCIAIAECAA@CFMDEBCDODGDABEDGDC@@@AACCE@I@I@IAKGQCGCAC@IBQFGDAD@D@DBFDH@F@FCDCBC@GCIAIGIEGACAIBMFIBI@KAGAKEGCCAABCBCDENEJEFGFEBGAC@G@IJODKFKDC@A@AAAAAACCMEA@AC@CAAAAGDC@EAEAEAC@A@@A@AB@@A@@@AA@@AA@@@AAA@AA@@CAA@A@AAA@AAAA@@@A@@@A@C@C@ABA@A@C@@AA@AAC@@AAA@AB@@@BAB@@@@AA@@@A@@@AA@AAA@A@@@A@@@@BAB@@A@@@A@@AAA@@BC@A@A@A@@@A@@A@@AA@A@@@A@@AB@@ABA@@B@BAD@B@@B@@B@@D@BB@@B@@B@@@BA@@BA@A@A@@@ABABA@A@C@@@A@A@@A@@@A@A@@@@@A@@AA@A@@@A@CA@@A@A@@@@@@@AB@@@@A@A@A@@@A@@B@@@B@@@BA@A@@@A@ABCDAFEHE@E@I@A@CAACAGAAA@CCCC@ABA@AAAA@@ABAF@HCFABBBBBBB@@A@A@ABABCBC@CBA@C@A@AA@A@CBEFEBGBC@@ACECAE@O@C@ECEAECA@CBC@CCCACCCAACCCC@A@A@CAAAECCECCC@A@CBEBC@E@A@ABAB@B@@GB@D@BDBF@@BB@BB@D@BABCBC@C@IEEAEAQCG@@@IBADA@AACE@ABABEACACCCC@GAGAOGCCACAEEEACAECEAAGAIEICAAEDGDEAC@CBCFCDC@A@E@CBCBBJAH@@ABAACAABC@ECQEICAAAA@@IBGCKAKAO@U@SBUBOAIAOAMAKDECKGEGCIAMAK@KAI@IAGAAIEI@KFGDOFIDGDIBGCEEEIEKEMCEAGAI@IBGBCHIJCHCHEFAFEBGCCAIACAGAGAEGDGDGDEDGFGFGFIHIHIHGBAJIJMJGBCHCJALBJHNHNJLHPHTFNFRFP@T@PBPDRDHFL@L@RELILIRCNAT@NCPAPCN@JDHDFHHVPLBPDNALFPHDD@N@HOPCJININHBJBJAL@JFBLCHEFKDIBK@MDKFKJCF@@@B@@@B@BB@@@BB@@@BB@@BA@@@A@@BA@@B@B@D@BAD@@@BA@ABAB@BABCBABAB@@AB@@ABAB@B@@@B@@A@A@C@A@@BAFCJ@NCNCJCJEHEFFDHBFDFDBH@L@N@J@HHNJHDFHJFBHBNLFF@H@FBNHNFHPFHFHNHJHFHBH@HBLDNFLLHNJTHNDNFHNFF@NGNAPBR@NFFJFPFLDPBJAPELIFOLMPEPBPBLHNHHNFL@D@@@@@DAN@NDDD@PDPDRFJNHL@N@JCLIPKLCHFDHBHBJ@HFFHHHDJBLHHHFJFJDLJPPKTUX]PSLSNSJOFM@SAWCWCWCUDILMTMxajS^MTEPINKR@TJRPNLRHPF@@@@@@^LNFTHLDVFHL@BCF@BDBLDDBBBDF@FBDBDDBFBDBD@FCFAFCLAF@BBBD@FBB@F@DBDB@@B@BAF@BJHBB@D@D@BDFB@BBFAFCBAD@DBF@FB@B@DAD@D@DBBDBHEBABSDEFEH@JBDDFBH@FAFC@C@@FCBA@C@A@ABAB@D@@@JDHFFBF@FBHBB@B@DBDDDFFHB@BDH@N@NCFA@@DADAHAD@FBFB@A@C@CAKDMJSJMLSLOHMDCLU"],"encodeOffsets":[[109461,24700]]}},{"type":"Feature","id":"451022","properties":{"name":"田东县","cp":[107.12426,23.600444],"childNum":1},"geometry":{"type":"Polygon","coordinates":["@@OEMEYAODKHKDIDGACICQAO@IAOEMAQ@IBKBGJMBMAKEKKIEKDEHGLIPITMLILMLOJOHGLIFG@EKAODKBIAKCKGGCIBKDMBIEGIGK@GDKDQHGLETCRALANAPGLENKFMFSAO@Q@SDODU@QAOCMCKGKEKAKHMJODIJGBE@EACCCMBOFCCA@A@ECIGECCECEDI@ABALIEEOIQBSBKCQIKKIOCOBMBMAIEMIKIMIIKKKIMEIEEACACBI@GCIAMCOEOEKIIIEEKIQEQEMCM@KFCLGNEFE@ICMEMGMG]QIIIIOIOISKMEMAK@M@QEQ@QASCC@A@ICKEG@CBAF@DHFBFAB@BCBOJAB@B@DBBLHDDBB@BA@@BC@A@C@GCE@C@E@IDABEDCBE@CBCBA@AACACEA@AAA@C@ABCFCF@FBJBDBHBF@H@JIFKDKDID[NKHILCFEJCHILEHGLEJEPCN@J@LALAJELGLKHKFKLAD@LFHDHFJFJ@FCL@FALAN@LBJFNJJLLJJBLCHCJHJJDLDLLBN@JGHGHGHAD@HFDNBNBNFHDJDRLHDLDNBLDJ@LBF@J@JBDF@DAFEDUBGAMDALHJJFLHJJH^AL@NBFJFJFPHHLLJFPFRFNJRJNDDDNALAN@T@N@LFLLLJHHLDRALEHMJMHKHGJKLGNCLDLJNHJRHRFTHR@N@PANBVDL@LFBLEREPFPAP@NAPBPBPBJBJBJDFDHFFBDDDDGDAHCF@LCTENCPGPENERCPANENAL@PHLJJJHJFNHLDFFDDBD@D@DCDE@A@CACCIAEBIDGFGHIFGDGFIDMDQDKFMDGFAPAJ@J@BADGBABCDAD@B@F@JCHCD@H@F@F@DDDFBHDF@@D@B@B@@@HEHGDIBIBOBKFOHMHCD@JBFBFAJGHMNSHMHMFI"],"encodeOffsets":[[110011,24408]]}},{"type":"Feature","id":"451024","properties":{"name":"德保县","cp":[106.618164,23.321464],"childNum":1},"geometry":{"type":"Polygon","coordinates":["@@@AACBGAC@AAA@@ACACBEBABEBCBAD@BAL@D@BD@DDD@F@DCDEBAB@BBD@@F@TEBA@CEQ@AIECCEAG@CBC@E@CCCA@C@AACGACCCCCA@A@@HEH@NFHFNHH@F@BIGIGIGMCIAIAIBGDEJILCRCNANAXIFCHEJGHMDIBI@IAI@KAIAMAG@I@CDEFEJCHALHJDJFJFNDRDNBTDR@TAPCPATARAVGdGVCPCNAJ@NCJ@FBFBBFAH@BEDE@G@EB@BBDDBDBJ@D@DBBB@DAD@DLHBF@B@BDDDBBD@BD@HAF@H@FBDADEFGFGDC@ADAHEJGHINKJCPAP@P@PAVAJ@P@X@TDVHTFT@T@TATALATANANAJANCF@H@FDDK@EEIEICGEG@KBCLKLELGHKFKBIBK@K@IDMFOFIHKFGJKDGFIDEJKLG\\MJCLCLCJE@I@GAEAGACAI@EDEDEBA@@CCAC@AAAA@KBC@A@MAMAMBYIKEKIKMIMIGEGCK@KAKAIEKIGIKGGMCOCUGKEUGSGKEGEMCK@KCQAKCQIKEUGCAAGBKBGFIFEBI@GCCGIIIGKEGEI@GDEFIDEBGAGEEEEGMBMFGDAJAFABKCCGEKAMCSIQIIGW_MGKCUEGF@F@JIJMBWDIEIHEFEPCNCJANMFMLQFIJGJGNENENINKPALBLJHLDNFNHNJJH@N@HENGLWDUDS@OAK@KDAHAPALENENSRMNEJ@NAP@NCPETELIJMLKDIAECIWGEIEGCOCM@Q@S@QBWBWHKHKFGLCLBLDPBNANAPFNFLDFAHEHMLKHMFQJOLKNINMHKAIEIIKIEIQCQBIBKFGJKHMPKDKBOAQAOFCDCLEJCFIJMHODcASAODOHKJOPMJKPKPGLCNEL@LFHJBPFJBFHHJFJHLDJDLAL@JBFBHBHBDBJDDAHEFEBGFGDIDGJADAH@JBJBHDFFNFLFJFFHDJAHCJCPEHCLEJ@JFBBBH@JBJ@LBLBNDJFHLHFDLCNBPBJBPBVATAV@P@LBLBHDJA@@BBBBJDRFFDD@BADBBBBA@@BGAIDADAF@B@D@DCDEDAD@FBHCFC"],"encodeOffsets":[[108946,24223]]}},{"type":"Feature","id":"451021","properties":{"name":"田阳县","cp":[106.904315,23.736079],"childNum":1},"geometry":{"type":"Polygon","coordinates":["@@CCACEECGCEAIAIAIAOAOBO@MBOEOFOFQAKKEK@UCMAOBM@Q@SGQEQGGIIMCKDKHMLKHILGNGNIFGBKCQGKIGKKEK@K@M@SBMBKCMCCIMIQEMEQEOKIGKOGIEIEAE@MBKG]IIKGIEGIBKNCHBVAFCBE@CCEIAI@E@KAI@KCMAKCGCQKICGCMEMAMAEC@GBCHGHGHG@IAMKKKCICGIDIDGAKIIKKIIEMAI@KBMBK@EECG@E@MDIBMBMBSBKBSBSBS@S@SEUGSCW@O@I@UBOBO@O@OBIDMLGJIHGFCB@BCDEHEHCFCBEAG@E@GBC@@AACCACC@A@AAEKG@CBC@CAACAC@I@CACAAC@AFAH@F@FC@ABGAEEAEAI@MDI@MBODUDcHUHQBSBOBODSBQ@SCMAQCMCIEIEICKGGBIDEFCF@D@JBHBNBJ@LBJ@JAJCJGNIHGFEDWJMBMBQDKDIJCFAHBJBJDJHNHJHJAJE@G@MGGEMEG@GF@@@BDBDDDDHBBD@B@DDBDDF@D@DAH@FBDDJF@BFR@DABSFE@@@AC@ABAFADC@C@ECC@CACC@K@ABC@ABADAFABAFBDBD@@BB@BBDAHBD@BBBJDJFHBBBDFBFBDFFBFBDDDPHHBHBD@DDBDBDAFAB@BDFBBB@BCJA@@H@RDFBFBJFD@D@DABA@A@CAAA@@AE@CA@A@CHA@@@ABABAB@F@D@FADAB@D@DDDFFDBBDBB@B@D@DDBDDBDDDBDDD@DAB@FDFBFDD@P@F@DBDF@BD@HAFAFEDAB@B@@B@B@DAB@DADADAB@B@B@BA@AAAAAAEBGDE@AB@BB@BB@BAB@BDDDDB@BBBHBDDBB@J@F@F@FGBEDCBAB@@@B@B@@A@@@A@@@AB@@@B@B@B@@@@@BA@@@@@@B@B@@@DBB@@@B@B@@BB@@@@@B@B@@@B@@@@B@B@@@D@BABAB@B@@@B@BAB@@AB@@A@@@@AA@@A@CA@@@@AA@C@ABA@@@AB@BA@@BB@@@B@B@@BB@@@@B@@@B@B@BAD@@BB@BB@@@B@@@BA@A@@B@@@B@B@BBB@@B@@@B@@BB@@@@BA@A@@BAB@BB@@BD@BBB@@@D@BAB@B@D@D@B@@@B@@BBBBB@BBB@B@DB@@BBB@BB@@B@@BB@@B@@@BA@@B@BB@D@FBFBFBD@HCBBBB@DBDB@NFDDBBBBBBB@D@LCLEPCJIH@D@HBFAHEFEFIFMDCDABADBHDLFHBLBJ@JANEJADBHBJFJHJBHDD@DADC@E@ECGAE@C@CBCHCREJAD@DBDHHRBL@J@J@JDFBD@B@@CDCHAFCBCHCPADCFEN@DBBFDJBJBDDBH@F@FADGD@DBHDF@NBJBDDBD@FAFGDKDCDCB@FBFDFDDDBBFDHDBD@FBBFBF@F@JBFBDAHCHCFCDABABAJCLINELCD@FBDADAHEFCJ@F@HDFDBHBLBX@B@D@F@D@@@BB@BCB@BFDD@FBDDHADABCFAD@D@D@FBD@FBDADBD@F@DHNBLCNERGPGPGLIJQJKFKLEJ@L@LBHBPBP@TCR@NDVBPCRONKHEN@NHLHNLJHHTMLKNINENBRJRJLFJ@BIKQKK@MRKXEXMLKRUHKROZIREVBNJLRJN@D@DBBB@DADCBAF@FAHCFAJAN@L@FADAH@FADB@BB@BDBBD@BAFCB@H@BADC@@JOFUFOHKJO@I@K"],"encodeOffsets":[[109717,24573]]}},{"type":"Feature","id":"451023","properties":{"name":"平果县","cp":[107.580403,23.320479],"childNum":1},"geometry":{"type":"Polygon","coordinates":["@@CCCAAAC@A@CACAC@ABA@AB@BAD@DBBBDA@CBCBCBC@A@A@A@AA@A@ACAA@A@A@@B@D@@EBA@C@A@CD@BABAAEAC@EA@B@B@B@DA@A@AAA@C@C@CAAAAACCA@CBC@CCAA@AAAAAA@EAGAAACAACBGBI@E@E@CBE@@@@@@@@@@@@@A@@@@@A@@A@@A@@@@@A@@A@@@@@@@@B@@@B@@@@@BA@@A@@@@AAA@@@@A@@A@@A@@@AA@@@@@@@@A@@A@@@@B@@A@@A@@@@@@@AA@@@@@A@@@@@A@B@@@@AA@@@@@@BA@@@@B@@A@@@@@A@@A@@@@@A@@BA@@@@A@@@@@A@@@@@BA@@@@@@@@@@@@AA@@A@@@@@A@@@@@@@@B@@@@@@A@@@@A@@@@A@@@@@@BA@@@A@@@@@@@@@@@@@@A@@A@@@@@AB@@@@@@@A@@@A@@@@@@A@@@@@@@@@@@AB@@A@@AA@@@@@@@AA@@@@@@A@@@A@@A@@@@@@@@@BA@@@@@AA@@@@A@@@@@@B@B@@@@@@A@@@@A@A@@@A@@@@@@@@A@@@@@A@@B@@A@@@@@A@@@@@@A@@@A@A@@@A@A@@@@B@B@@@@@@@@A@@A@@@A@@A@@@@B@@@@A@@A@@@@@@A@@B@@@B@@@@B@@@@@@@@@AB@@@@@@@@@BB@@@A@@@@B@@@B@@@@@@@@@@A@@@@@@A@@@@@@A@A@@@@@AA@@@A@@@@@@@@@A@@@@@@@@@@A@@@@@A@@@@@@@@@@A@@@@@@B@@A@@@@@@@@@@@A@@B@@@@@B@B@@@B@@@@@@A@@@@AA@@@A@@@@@@@@@@A@@A@@A@@AA@A@@AA@B@@@@@@@BA@@@@@A@@@@@@A@@@@@A@@@@@A@@AA@@@@@@@@@A@@@AAA@@@@A@@B@@A@A@@@A@@@A@@@A@@@CBC@A@A@AAA@ABC@C@AAAB@@@@ABAA@@AB@@C@A@A@EBCACAEACA@AAA@@A@A@AACAA@A@A@C@A@A@A@BF@D@DADABCBC@C@OBKBGBIDGBGBE@E@CAE@C@ABABC@AACAA@CAC@A@CBAA@AAC@A@A@CACCC@A@C@CDE@I@CCCCCCABCDCFGDEDCBC@GAECCAC@CDE@A@AA@IAIEGCAA@@CBABA@CA@AAABABCDABAACAEACAEAAGAGAE@E@E@A@CBA@AACCA@AACDCBCBEFAFCDCDADADADEBEBCBGBC@C@CBC@A@@B@@@DAD@B@BA@A@A@AACAAEA@C@ABABCD@@AAACACA@CAEBCACAA@CDEBCBABAD@@DBBAB@BBBDBF@@B@B@DJBBDBD@@DADADCBCBC@CACEA@AAA@ABCDADAD@@ABCAAA@A@A@AAAC@CBCBCBCAG@ABADAFABCBEDCBC@CACCACA@E@A@GAGECACCCAAC@ABC@C@AC@CAC@@@CB@DCDABCBC@C@CA@@ABCDEDABADAFBBBDDDD@BBBB@F@BADA@ABCBC@A@CAA@A@EBE@@B@D@@@B@B@B@B@B@D@B@B@BA@@@CBC@AB@BGHCDABAFALAJBPANEHCLEFKDQFUDG@SLBHDBFBJFNFLJLLJJJNJLFNBJANANDPJPLLRJLDTARAPJFFKJAB@BCJDFDFFDJHFDB@B@DDPENADDBD@FAFIHCJIPGNBLFLHLDLDNBP@RCVCP@T@RBPETENMLKFOHMBKBQBSDKFGHCRCL@HHLHJJFNALCJAHDLHLDJBLAPCLB@FEHKJGHIPKPKNKJSNOJKJGHCFFLLJFLBLANINAHAL@JBRFNBP@JBPDRDJHBJCLCLGPCZBNFPFDCF@H@HDJDLHFLDHFFDF@@@@BDHHRPRJF@JDDFFFFFLDLFHBJCNCJENAFGBGCIIGICEEAEAQBGDEFEJCL@JAN@REFC@KCM@M@GDILINIJCNEJEPELCNCPER@JDPFLFJHJHJHLFJFL@PCPGLANANDFDNANAR@DCKGGGAK@GFKJMLKDCL@NDPFLJNDLAPEFARSDODMLQHIFC@IDQAMCOAK@GAKAICIKGECKAIAKBKDKBKFK@SCGIEIGGMEMIQGMGOKKGAKAIAMAEAK@MBMDQDMHQBC@A@AAA@CBCBABCBABIBCBATMHEDGDIAGAGAGEGACACAC@EACBCDCDCDCBA@C@C@ACAACAC@CBAB@BADCB@BC@EAABABABE@CACCCAEAE@ABAHEBCDADAF@HBF@D@BBFBBBFDDBB@BABABCDEDEDAD@HAFADABADEBADAD@DBDBBBDDF@B@DCB@F@FBBADCB@BAD@BBBBDBF@BADABEDADBBBBBBDBBBDBBD@DAFAFAD@FDLFDDDD@DDDB@F@DCHAFEB@@A@A@AAEDC@C@CAACBAB@BA@AA@AACCAEAC@AACGGI@C@E@AB@DCBC@A@AACC@@ACCCACCAAAGCEAEEEECEAICEAE@CACAAAAC@AA@@CBGBG@EBABABC@AACCAG@EACA@CBCBAF@J@DBB@D@BA@@BA@ACAAC"],"encodeOffsets":[[110423,23898]]}},{"type":"Feature","id":"451081","properties":{"name":"靖西市","cp":[106.417549,23.134766],"childNum":1},"geometry":{"type":"Polygon","coordinates":["@@@IBKCKCIGKEIGIEGIAOEIAEG@KFKDMHKLOLONIPOLIPGPCTBdBPCNGJIDEFIDKDCPERBPBLALCNOLGHILEJARARDFJLJJJJFLBNGJMLMPKRINELGNKFGBGCEEKEMBOBMAMCOAKDKHKLELGXGXARAT@R@N@PDHDJFHFJXFDJBLCNKJIFKFSDO@MBO@MFINMTQFMFMBKBOBGLCL@PBT@VCXCHKFM@G@MIGMIMGMEKCIGAKBKLOJMFMFMHMHIJIRENKNEBMDIDMFOFEJGJFXCNAJI@I@EHEVFLDNHX`JHRJTJNDLBHFDDALFDDBHFFDHDFBHADAFABIFGDG@EGIGEGIAI@IBKBKAOGIOIMCOGKGIKGQEQKMICKAGCKGGKCKIKGK[SQIQKOMKMAKBMFKAA@C@GBMEGOKEEGDEFEHEBGDEDCBEAA@@D@FBF@DDDEDMJE@CFGPEPIPCHQJKCKEUEIAODpI@IEIIEICM@YCGOIMGSBGCGGE@MDGDGCCMKKOASFK@IGIMO@_D_BECCWEQKCM@MDUPK@EAQGKFOFKBWAMDSLWVAJFHNJDJ@HKNOPSZMNW\\OTQTIFEBIBK@aBIBKDMHIBQAM@OCQAK@KGE@SLMNGFKAOIEGMAKAOBQDO@KDMB@JBFFFDHDFBFAFCFCBEDIBIBGAMCMCG@KBIFIFMNKNEFELIXBHHHHFLHHFDF@TGJGPGJCHAN@PBLFLPLFHDH@FAJAHCJCNET@B@@DD@B@DABABA@@B@@HBBD@D@BHAD@BDBB@DCFADCBA@CAC@C@CDEBC@C@A@AB@B@D@BAFCF@@FFEF@B@BBDBDBBADABG@AB@DCF@BB@BBFFFBD@B@B@D@BABABCB@B@B@F@BBB@@@B@@AB@B@@@D@B@@BBBBH@D@@CD@B@BA@@@BBB@DBFBFCB@BBBB@FCDBBBBF@F@DABABBDFDF@@B@BCBAB@BBD@BAB@D@@D@@ABCBEBC@ABEB@BCBADAD@DDBDBFBTCD@H@@@LFHJFLHLJNFHJJHDLFLHNHNJLFJFJNDN@P@RETCTCTATERAPBNHNJPLPJRDLCLIDMFGHKJGHIFBJJPDJFLFFNHN@NLFLFNHPHJJDPFHDDBDFHAJGJGJGHEHEHEFCHCHCHC"],"encodeOffsets":[[108735,24106]]}},{"type":"Feature","id":"451026","properties":{"name":"那坡县","cp":[105.833553,23.400785],"childNum":1},"geometry":{"type":"Polygon","coordinates":["@@JEHGLIHGNEJCDKCKIQKOIOGMAMBOFQBSDSDSFS@Q@OCMIMIEKEMIMGKGKEGCIIEGIMGKEKGIKE@@G@C@SDEACACA@CBCBCDA@AFABAD@FADABA@@@CC@A@ABC@AAA@ABADA@@@CECEAAABCBE@E@AAAADC@EAAAAA@EDEACAA@AA@@B@@A@ADC@@@CAGAA@AA@C@@@A@A@@BA@@@A@AAE@A@A@A@ADABABC@A@A@C@EAEEAAA@@ADE@CBAH@BABCAAACAC@A@AFEEE@@DEBE@A@C@ABAB@D@D@FADCD@D@DBB@DABCDE@CAAACC@GB@A@CACGA@@@AB@BABA@C@ACC@@@AFSDMDIBGBI@ECGEGOKEKAK@OBMDGHIHOHI@SCEGEKGGEGGAGJWFKFELMNMJEJELAH@NDNDHBJAJAFCDADEBEAECECGEEAE@IEEEAIEGGAAFEHKBK@K@KCECCGGCECA@@A@@@A@A@@@@A@AA@A@A@EBIDEFCBKBGBIDG@E@A@ACBIAEAAEAIAOAIBGBGDCBCD@DC@IEKEGAIBIAC@EAAACEAC@IPIAGGAQ@IBK^EJEHSHCDBXIFGLKHAZCJKDKDI@SBMDMNEJIJEFGHIHMDIHKHIAC@MAMBKHCT@NINIHE@MGM@MDSB[HUJQLQFM@IMKKKCOFIDSFIBMCGCGCI@GAEBGDEHELENBNFJBLHL@FGR@HDLBTAJ@PARCRGPIHADU@@HBBBDB@A@@@@B@B@@BDFDDBA@ABAB@@@@A@AB@@@BA@@B@@AB@@@B@@@B@@@B@@@@A@@B@@@@@@AB@@@BA@@BABA@@BA@AB@B@@ABAB@@AB@@ABA@@B@FCJEP@LBHHHNDPBLFPFFHBLDPHPHJNNLPDJBBB@BBBB@@BFB@DBF@D@D@HBB@LAB@B@BB@B@@@BA@ABAB@D@B@@DBBD@BBB@@B@BADAD@FDDDFHJFDBFAD@DDDBB@BB@B@F@FB@FBF@B@HBD@D@BAD@BEBAJE@ABCAAEI@C@C@ADCHCDAD@BBFHBBBAB@FCF@DBBBD@BBBB@DAB@DEFCDA@ABADEBGJEDE@CAE@CBABAB@D@DBB@BDBF@HCD@B@D@DBBBDFDBBBBBBBADADCDCBE@EBGBC@CBAB@B@D@F@DEDEFA@A@A@@AA@CBADIDEFKFIBEAC@A@MF@@BBHBFBJBJ@LAHALADABBBBFHBD@@DAB@FAB@D@DC@@JCHCJAHDJHHFNLNLJFLHJHHJJLFJJJBJFFNFNDNDP@P@NBJ@HFDHBT@N@NBJDJJHJHTJRHPFPBP@NBL@LALEHGFIBKDIFEHEH@HFFDLHJBL@JIPILEJCNALAPCLALGFEDCBG@ECIIGCICE@EJKFAJ@LHJHJLHLFLFDLHJHHBJDNBNBJBJDFFBDBD"],"encodeOffsets":[[108619,24062]]}},{"type":"Feature","id":"451028","properties":{"name":"乐业县","cp":[106.559638,24.782204],"childNum":1},"geometry":{"type":"Polygon","coordinates":["@@B@@@@A@@B@@A@@@AB@@A@@B@@A@@@AB@@A@@@A@A@@BA@ABA@AB@BA@@BABABABABABA@A@@B@@AB@@ABA@@B@@AB@@ABAB@@@BA@@B@BA@@B@@AB@DA@@BA@@BABA@A@@DAB@@@BB@@B@B@B@BB@@B@B@DBH@BBB@BB@@@B@F@B@F@B@DB@B@B@H@DAB@B@NCF@HBHBFBD@BBB@@@DA@@BA@@FABABAFABAHBBDFDFFFFFD@BBDABBBDBD@DBDBBBDBDBFBBDABA@@B@B@B@B@@@B@@BB@BB@D@DBDBB@BBB@B@D@B@B@DBDDB@@BB@H@D@BAB@B@D@D@D@B@D@B@@@F@B@DADABAAABABEFEFE@ACEQIIE@ABA@@@ABA@E@A@ABABCFC@@DCB@BABABADEBA@ADADCBC@EBCDEBG@AGGWASFI@OMASBMNcV[RUPOJQJMVUPENCHCFEBK@IDEHERCTINQLOFIBIACDADCHI@A@G@G@EAAC@MF@@CBAD@B@D@DAB@@MGICCA@CBC@CAAIEEAA@CDABCACCAEAECAIEEAC@AA@CDAHEBA@A@CA@KKEKBM@KCGMGmLSNWROHWFUA]EUEQIGEMSAMT]\\WXMVI^ObQXAZGNKJMHSHMHEFERKTGJEBEAEEMMIMEQ@QAWCQCSCUCSKC@MFC@AA@CCCCACCACBCACECCCCEACCEIAGACACI@CAM@EAA@ADAB@HDDBJ@D@DBFDBBF@HABB@A@E@ACACACACAGECAEAA@ABABC@C@EACAAB@@ADCHABCDABECIACCG@I@EBE@A@A@CAEAAAECC@@AAA@@ACAAAA@E@C@CAABE@A@AAAA@C@AAA@ACAA@A@@CAC@CACAA@CAC@A@A@@B@B@BABABABAACBA@CAA@@AAA@@AA@CC@C@E@@@CBE@ABAB@DCBA@EBA@CBCBCDCDAD@D@F@FABAD@@A@C@@AA@@A@CAAC@EACACACBEDADA@CBC@EBAD@BCBCB@BAB@B@B@D@BAB@@C@A@ACAAEAIBAACCAAA@AAACBCBABABABCDABABA@A@ACCAAACACBABEAGAIAEEEECAAC@QBM@Y@U@@@@@@@WFMFKHMDO@OCCHEHAJCJC@GAKEIC@CBECAE@EBGDCFEDCB@FCDABCDCBE@CBE@CBEBGBE@E@@@@@CFAFBHHPBF@@AB@@@@A@C@EAEAE@C@@D@DFD@BFFDJBD@@CHCDIDABABCDCBABA@@@GFIJGJEDADEDKJABABADEBAB@BAB@@CBEDGL@B@D@DBD@D@B@DCDAHAFAD@D@H@B@@@B@B@BABABCDADAFBFBDFDBFBD@FEJCFEDGDEBGBCFA@@@S@K@SDQHMFWN]RSLMFBDBD@B@BCHAD@D@DBBFBHBBF@DDDDDBHBL@DBF@F@FAFBF@FDDDBBFBFAD@HCJAB@DCDADCDABAF@DDF@NCHCHABADEDEBCDCD@DADEFEFIPEFAHAFAFCDEHMFEDEHCF@D@@FFJJD@B@@@B@B@@@@@B@@@@@B@B@@AB@HAJAJCJGFAJ@HDBDDHDHFFFFJFDHBDDDFDL@NCHCLGHCHAFAJBDBFFFDFBN@PBD@HCHAJAHAJ@F@FBHFFFBDJDNDJDHAPBFBD@J@HDJDHDBDBBB@FBLDJDHBDBD@R@F@F@HJDDB@B@D@B@BDB@F@NDPDB@DAFDFFDJ@DBDDFD@DBHFHDDBD@NBNBD@JFFBF@B@HDH@HBHBHBHBB@FD@BBB@B@@BBBD@BBDBDFFFJB@@@@@@BB@@@@@B@@BB@B@BB@@DB@@@@@@B@@BB@@@B@@BB@D@FBB@BBBBBB@@B@@BB@@@B@@@@@B@BB@A@@B@@BB@B@B@B@B@@@B@BAB@@@B@@@B@B@@@B@B@@@@@B@@@"],"encodeOffsets":[[109129,25686]]}},{"type":"Feature","id":"451027","properties":{"name":"凌云县","cp":[106.56487,24.345643],"childNum":1},"geometry":{"type":"Polygon","coordinates":["@@B@BDDBF@D@B@F@BB@B@@@BABGBA@@D@BBDB@D@DAD@@BFFBBBAFCF@HBT@LIPKJMDO@MAQAMBM@G@KGMGMBQHSVUT@JDNKNWJ[AOEKGM@GBILGLELCRORQFMBK@GFQZOR@RHHBNCFMJKHMIISIKG@ILOLGHGBEGKIKGQCIHOJMHO@MFUFILGFELCFEFGAOEWCQGMIIMEQEQEQGIGCEKEEA@@EAEAC@GBCBCB@@EBMDM@G@ACA@EGCECCCAA@A@GAEAE@EAGEIC@@C@A@AB@B@B@DABED@@@DEDEBG@EACCIAG@EFCFATABGFCAAA@C@CBC@C@AEAE@CAC@ABEDEBAAA@CE@A@C@CAAIG@ABE@A@AA@AC@C@EAA@EACAAE@KBEDEBEDC@CAEACAACAC@ECEAACAKCCA@ADE@AGKUEKCSGME]K@@@@@@OEQGMKQOSIQ@MLOJSF]NiTwbSNKNCJDVDXDXBX@TENIPMTKTOTW^SVOLADAHAFGFADAJAFCFEBADBFBDCF@HBFDDDHDFD@FAFEJAF@DBDDDBDFDFBFBDAJ@JBJADCDEBIBCBGLGLEHG@I@IAGEEAIAA@BDBDB@@@BDAVBN@Z@DDFF@HALED@DB@B@NBBD@FBBDDHDJBH@F@@DNDVBTCRIFMBODCLDLHJJJLJJLBNARGT@PLJPDP@NCLGNEXE@@@@@@V@Z@N@RAD@BBFDFFBFBJBHAFABBDBDBBDD@B@BABABCBADABABABADBDBBB@BBDDBBJAFBBBBDB@D@@@BA@A@C@A@ABA@ADADA@ABCFAD@DAB@BCFCDADBDBFBD@BB@D@BB@@BD@B@@@BCBA@E@E@CBCDCDCDADAB@FAB@DA@CBABAF@DA@@F@D@D@@DBB@@BB@BB@DBB@DABBBABABA@A@A@AB@B@D@DBB@DBDBD@DB@@@BBBBDB@BBD@B@BB@B@BAFBB@D@D@FBBBBBD@@BB@BD@FDBBFBDBB@B@F@FAJ@H@DDJBFDBADCBADGBC@@BADBFBD@D@BABAB@FBDBHFDBDBDBDB@B@F@B"],"encodeOffsets":[[109277,25196]]}},{"type":"Feature","id":"451029","properties":{"name":"田林县","cp":[106.235047,24.290262],"childNum":1},"geometry":{"type":"Polygon","coordinates":["@@NETK^QXMNERGTCL@T@@@B@DEHAFAHCFCDEFI@EACAEECACAEBEBCDCBABA@A@A@A@@@A@G@CBCBEBGDC@C@A@CAC@C@C@AHKFCDA@@BA@ABAFABCBABALIFCBCFCHIJIHE@@B@BADADCBABAJCDCDG@@ACCIEE@AEC@C@CD@F@FBFBD@B@@@@@BA@@AEGOAGBEDE@@@@F@F@HAFADAF@DAF@DADCBADC@EDAFCDEHCFAF@DBAF@DJDLFHBD@DIBIFGDGKI@OHSBQAMIKKIIIGICKDKPCNAJEDQASCUCM@@@EAGCICGACEAC@AA@M@ACAC@KFGBE@CE@C@YAMBUAC@@A@ACACB@JBFBHFJBJ@H@FGHKHKDAJAFADCBCAI@IBIACAECECECACCCAE@IBEFEBC@CECGCCAE@GDEACAEBCFADEBEBIBCHEBEBGBCIOCKEIEIGGKGIAGCGGEE@GAIAGCGGEKDOLKJIDM@K@MGEICQCO@OCCMCM@CB@@@@C@K@MEGGGMAKAOFONOPKJEFKBOAICOEKEOEIMEQ@OAMBMHE@MEEGCMGMISGMKKMEKCGAG@GAGEGIGMGEOEEGGMAM@E@GEEMKGAEAGICEIGGM@G@I@M@KAGECECGAECIDGHGJAD@@ABA@A@@B@@@B@@@BABAB@BABADA@@@AB@@A@@@@@ABAD@@@BA@@@@BAB@@ABA@A@A@A@A@A@@@A@@AA@@@A@@BA@ABABA@ABA@@@@B@@BBBBBD@@@B@@BBB@B@D@BA@BB@B@@B@B@B@@@B@DHZ@DAFADGHCDCBE@GEA@E@ED@FEHIFMHCDAF@@AB@@@B@@@B@BAB@@@BBF@F@BAD@B@B@B@BB@@RCPCJAB@@@@A@@@A@@BA@@@A@@@@@A@@@A@@@A@@BA@@@@BA@@@A@@B@@A@@@A@@BA@@@A@@@A@@B@@A@@B@@@BA@@@@B@@ABA@C@A@@@@@A@@@@@@@@@@B@@@BAB@@C@C@CCCAE@EAABCDABADAD@BAD@BABCDCBABABAB@B@B@BBBDBD@B@FBB@BB@@A@ABG@GAIEMCOCC@CEICMCEBEBG@KHMFOHQ@IAGEIIEGGKCKBIBKBKBIAEFE@CCGAE@EBA@AEKAIEGECGACBCDEDEAC@EFADG@KBCBEFEFEAGBCA@EBE@CEICGAGCECCEAICC@CBIDC@EAGCKBEAOGE@GFEDCFBHBHDFFD@@FFJJDJELKHIFMDKBIBO@GEKEIEIEKEM@IDGDOBMDIBGAKGEKCIKGEGA@@AIGEAGAEBI@EACGEAEBCDEJCHABCRBHBFBHADGTERAR@J@H@AA@A@@@CBCB@@@B@DDJ@@@DCD@B@D@B@BA@@B@BBB@@@B@B@B@BABEDABA@@BA@A@A@@@@BABAD@@A@@@A@A@@AA@@@A@A@@BA@@@A@@BA@A@C@@@A@A@ABA@A@CBA@A@A@A@AA@@@AA@@A@AA@@@AAA@@@A@@AAAAC@@@@A@A@E@A@@@CBA@ABA@@@A@A@A@E@A@DRBH@PDPFTFLHNFTDR@PBNHTNNNPBPEPA@@BG@GBEAACCCI@K@GDG@EACAC@C@AFADABCL@BA@AAGEC@ABEDKFKFAB@@@B@D@B@DHNBB@BD@@BBB@BB@B@D@B@D@FDDDBF@J@F@@@F@B@BB@FHB@@BB@BA@@FG@@B@B@FDDDDD@@B@B@D@D@F@BBB@@B@F@B@DB@DAB@FCjKJCD@BBB@@B@@AF@DBB@BBBFFDD@BBHDFDDDB@BEBGBODMBSDKAGHE@EB@DBD@LC@SLGBCHD@FDFJJHDF@FDFFBHAH@FDDB@BD@B@B@B@LGB@@@BB@H@DH@F@DBHBFBDD@FDFDDBHBHHJDH@H@FBF@F@B@DBDHR@NAHGFIAICOGMEOEMAQ@QAUCKDIFBFFNFLHNPXX^LPLLJFPDRHLJFHBJHPNJJFRLHLDNBR@XAZBXFRJTHTBXB`@TA`G\\GVMZETHRNTPVNCTCHCFANKHCFEFAFGBAFEFCFEHCJAFAFCFADAB@B@BCHKDI@CBADAHCHCHCFCNEJEHADAB@DAB@F@D@J@J@JBB@D@LFLJPDDBBBFBFDDDDFBB@FDDBDD@H@H@BBD@B@@@D@@@BAD@@AB@BCB@@@@AB@BC@@@@DAF@LBNBF@L@JARBHBD@DBHAFA@AAEBCDCBABE@GBKDEFKBG@EDCLKBEHC@@BAB@@@B@@@BABABAF@HEHIB@BADADEDG@AAA@CBCD@DAFCJELGNIFAFAD@B@BBDDBH@DBBBBFFBFDDDFFDBFDJDLDH@HAD@DDFNJBDF@PLFDF@NHLFB@H@FBB@D@DAHDNHFBFDFJDLDBDBD@D@FDHBFDBDBDBB@F@JDFBH@D@BBDFHHF@@B@@@B@B@BADABAHCFAF@HBDDBDBDBDBHDHBFBDDFDDDD@@"],"encodeOffsets":[[108735,25381]]}},{"type":"Feature","id":"451030","properties":{"name":"西林县","cp":[105.095025,24.492041],"childNum":1},"geometry":{"type":"Polygon","coordinates":["@@@CEG@AYQCEBCHE@CAKK_@C@I@UBYHMHKHGJAH@NHHDD@DCBC@QBIDMAEB@BI@GAA@C@ABADAF@F@D@DAD@B@BCB@DBH@B@D@F@BADAD@DAD@FFB@BBB@@DDBB@D@DABBD@BBDHBDBDBBBFFFBBFDB@@BBB@B@BBDBBBBDBBBB@FABABG@ABABAB@B@FAHCH@FBDHBDFHD@D@DAD@D@F@D@B@F@B@DBB@BADCDEBADADABAB@F@JCHAFBHHDBD@LAFBFBHBFANEFBDDBDDBDBDBDH@D@FFDFDHDFDFBDBDDBFBBDBFEBC@CBA@KBCBCDEBC@EBCBGFCBCBC@GDEBCBADADCFGB@DC@AB@@BB@BDHRBDDBFB@BFBFBDBDBH@F@FCBC@GBCVGBADA@G@A@ACCIECAAA@AGM@A@A@A@@B@FBH@LFFBB@@A@CAA@G@CDEPELABBHJFBFDBBBBF@BBB@@A@C@CBAJCBBBHDDDBHBF@JBH@D@BA@AAC@C@@@ABABADAF@F@DCBA@C@CACGAAA@C@A@CAAA@CACC@CCCAE@I@MDCFEFEFEBC@A@A@AAACC@A@@@@BCHE@CACAG@A@AB@B@@@B@FFB@B@@@BABC@@B@B@@@BAD@B@BAFEDAHAH@HAH@D@FDBDB@B@DCHGFCFCFCDCDAFEDED@HBJBF@B@BGBKFIJODADAHBFDHDFFB@JILIHEH@BCB@FBHBJBJDF@H@BBD@BCDA@AB@BBHBB@DCBCFEFCN@H@FBFDLANFDBBCB@H@DBHAF@JCFAHBH@FAHCJBJCHADABC@CFCDAFAFBFBDDHHDFDBDBDADAFBDEFCHCJ@J@D@@C@AHEJEJE@@DGHATKD@@KAC@CFAF@HGLBTCNAPCHAFA@ACACCCEAG@ACCEEAA@AAA@CBE@@@AA@AAC@IDiLEDA@CBA@@C@A@E@AA@AAE@C@C@A@A@@@CCCCECA@A@@@EH@@ABA@@AA@EGA@@A@A@E@@@E@IAECCECC@A@C@A@A@@AAA@AC@@AAAGM@C@A@C@A@@BALELEFCBAD@HFBBB@@ADKBABCBED@D@DBFBH@HCL@J@DDBDFBHAH@@AB@FOAOMOMMGSAM@OCQESGMEKESCO@OAGCQ@@A@@@A@@@AAA@A@A@AAA@A@A@A@@@A@AAA@AAA@AAAAAAA@AA@@A@A@@@A@A@@@ABABABABA@AB@@C@@@ABA@A@A@A@A@A@A@@AA@AA@A@C@A@@@CBA@ADC@@BA@A@A@@AA@@AAAAA@@AAAA@AAAAAA@@AA@AA@@@@A@@A@@A@@@@@A@@AA@AAC@A@@@@@A@A@A@@@@AA@@@@@A@C@A@@@C@A@@@AB@@A@@@A@A@A@A@A@GAA@AAA@@@A@A@AAACCCEAA@AA@@A@A@E@C@C@A@@@AA@AA@AAC@@@@@@@AAA@@@@@@AA@@BA@AFIBCBA@@@E@E@C@AAAE@C@E@A@CCCEAAAACACBA@EBI@EDABABE@C@CBABCDEBEDE@E@EAEBCBED@@G@KBMBODODEFGFEJCJENAHCBC@CAE@ABC@CDC@EHADAFABC@C@EAGBINE@G@E@GD@JCDIFC@@AABAAAACB@B@DABCDAD@D@BADILEF@@G@ICIEG@E@CBCBCACECECICEC@CBEBG@C@@A@MFCBABAD@DA@ABEDADCF@DADA@C@C@AC@ECEKACA@CAE@GAG@CBGB@AAACACACBCBABADEHCBGDKBIBEFCDAFAFCDCBGBGFEDGHGHIFCLGVCFCDIDEFADBD@D@BCD@B@DB@BBBB@FADA@C@C@ADBFFHBF@D@DBDBAD@BCDABB@D@BD@BADBDABADABBBDBBH@BABABC@G@EDADDDDBBD@H@FBFBDD@L@JBBD@DBBBBD@JB@BBBD@HDLBH@H@DABCBC@CEABADADBBBF@BCDA@A@E@CAE@A@CCCAAACBCBEHKZ@JCNAHEDCDCBG@IAG@C@CB@B@DBBB@@@BB@BBFCDEFILGJCBG@C@AB@DJND@FAH@F@BB@DAHEDCFBHJLFHHFHDD@DFBBDDDF@@@NAHEHILIFMFKHKHMLQLGFMBGAUCMCIBIHGLAJBJFNFN@NAB@BA@A@@@@@A@@@A@@@@@@@A@@@@@@BA@@@@@@@@@A@@@@@AB@@A@@@@@@@@B@@A@@@@@@@A@@@@@AB@@@@@BA@@@@@@@A@@@@@A@@@@@A@@@@@@@@@A@@@@@@@@@@@@@@@A@@@@@@@@@@@A@@@@@@@@@A@@@@@@@@@@@A@@@@@@@@@@BA@@@@@@@@A@@AB@@@@@@@@@@@B@@@@@@A@@BA@@@@@A@@@@@@@@@@@@BA@@@@@@@@@A@@@@@@BA@@B@@A@@@A@@@@@@@AB@@AB@@A@@@@@@@A@@@@B@@@@A@@@@A@@@@A@@@@B@@A@@@@@@@@@@@@@@@@@@@@B@@@@@BA@@@@@A@@@@@@A@@A@@@@@@@A@@@@A@@@@@@@@A@@@@@@B@@@@A@@@@@@@@@@@@@A@@@@@@@@@@@@@A@@@@@@@@@@@@@@A@@@@AB@@@@A@@@@@@@@@@@@B@@@@@@A@@A@@@@@@@@A@@@@@BB@@@@AB@@@@@A@@@@A@@@@@@BA@@BA@@@@@A@@@@@@@@@AF@D@DADA@EBM@IAOAUAEAMEKEGICGGGMGMEK@QAK@OCOCQBIDIJEHGFIHIDIBMBOFMBQBUHOHQBIDIBIAQCOAM@KAQBQBEDIHCB@@AFADABABCBABE@GAGAC@AACA@EB[AECACBGBGFA@CBCBCBCBEDC@IEC@E@AAA@ACAECKAAAAA@AA@@AE@ACCAA@C@EBMBMFQDOFODKDSDKBUBKAKEKEGKEMAMDIJKFIJILIJKLEHIDOLKHA@IBEBC@CBA@IDEDIBC@C@@@@@ADBBFLDFFLDBNFBB@BCDCHCTEBA@A@AD@D@BABE@C@GAC@A@E@A@@B@@A@ABC@A@C@C@A@CACAAACAA@AAA@CBA@AD@BAB@BAD@B@B@D@BAD@B@BAD@BAB@@AB@D@BABA@DBBB@BBD@BAB@DAD@DABABABADAB@D@B@D@B@BBD@BAB@@@BCBA@C@A@CBEB@BABABABABAFA@BB@@ADABCBAB@BBB@B@DADADBBAD@@CDCB@B@B@@@BBDD@D@D@@B@BBB@DBD@D@BABABCBC@CBABAF@@ABABCDAB@BAB@BA@@@A@@CAAAAA@A@C@AB@BABA@@BC@A@AB@@@BBDABAD@DA@@DAD@D@DBBAB@B@BAB@BAB@D@D@D@BADABADABCBAB@BAD@D@D@B@D@BAB@@@B@DABABA@AB@F@D@DBB@BBD@BADBBAD@F@B@BBD@D@D@D@DBD@D@B@DCDCBC@CBCDABC@CBCBAB@B@DAFABC@E@EBEA@EAECGGAEAGAA@BDCBABC@EBEBADBHB@B@F@HCHADADBFBFFBHDDFBHBD@D@B@DBBBBDDDBDDFBDDFBF@BBDBHBF@D@D@D@BBD@DDBDBBDBFFFBFBF@F@DBBBDBBBF@D@D@DBB@BBBDBFBFBB@J@FAHAD@N@J@FAHEHGDEFEHA\\CFAFADABEBGDMJKTSLQHIDEBABAJCNAZA\\AbE^GLG@GGGAC@GFENI\\INARBLFFJDNBPDJLLNHNFZFL@PDLBHHHDLAL@FBPDRFDD"],"encodeOffsets":[[107361,25271]]}},{"type":"Feature","id":"451031","properties":{"name":"隆林各族自治县","cp":[105.342363,24.774318],"childNum":2},"geometry":{"type":"MultiPolygon","coordinates":[["@@@@HFDDHHFDDBBBD@B@BBBBBDDBB@BAD@BBB@BD@BBD@BBBBBBB@B@BBFBDDBBBB@BBDAB@BBD@B@B@D@FCBADABCB@B@D@@BFFHHBDFFDJBD@BFDBDB@BB@BBBF@FDFDJFDBDBF@F@D@FBF@D@B@DA@ABABAAA@CAA@A@@@A@E@ABAD@LAD@HBD@B@BABABCBC@A@AAEAA@A@CBAB@D@BADAD@D@FDDBBBB@B@B@BALCBC@@DEBE@AAAECA@ACAC@G@EHKDEDEDAH@J@H@B@DAB@D@JAJCL@PAF@F@J@N@LBDBBDDFDDFDDBFBHDDBH@D@FDHDH@DAD@JAHBHAH@D@@ABABADAF@F@NCFABBJEF@PCFEFADAFED@DCFEBGDG@A@A@@@@@CBA@CBE@EBCBE@CBCBCBIBC@E@@AC@A@CDABCHCDCBA@A@AAA@@@ABCHIDAFAFAFAFCDADEDCDEBEBEBE@IAOBABCBEDEFAFARCFAFAJCLAJBLAFADAL@D@H@HAL@F@H@HBFFDDHDJDLBFABAHAHAFG@EBE@C@ABC@@@A@@BA@ABADCBCBAB@B@BAJEFAJARAPCL@NBFBLBJBB@JADAOUMSGQFSNYHUH[B_@SA_AWGSISEQAWBY@WAQCMGKQKIEMIGOAIEGKIQGOCIEKKKOW]OWGMEKEMAEJELCVDRBR@NBPFNFPHJDJBHEBG@MGQAC@C@A@EAE@E@GCGGIAGAGCCCE@ECCEAGACAE@G@@C@GAA@@A@KHA@A@A@C@@ACAECG@GBEACE@ECEIGEIECC@@@IFIFGF@B@DC@I@I@GDEDCFEACBCBCACACEGGCCEAEAEBCBED@DADCBGBIDIAGDEBG@GAEBIDE@GBCAG@A@ADCAMEKBECEAG@M@EDEFADCDA@GAAAA@@BCBADC@AAG@E@ICIAGAEAA@ADG@GFKJIJA@EEGCECGACBCBIPEJALAHA@E@IAGAC@CFEFCBCDEDEDEDGHCDA@A@ACECC@G@GBG@GBCBEFABA@C@AB@@A@A@@@ADAB@@A@A@EEA@@@A@A@@B@BBHBD@DGFAD@@@@@BDDBB@B@B@BADEFEFEFCD@N@JBFDD@DDDDBB@BB@D@B@DBBHBBD@D@DABCDE@E@CBABAB@B@@@DBD@BABC@G@IAE@GACACCAGAAIDAB@D@D@BA@AAE@AAAAECEAGIAAKBOFCF@D@HBB@D@BA@EAKEG@EAA@@@@B@B@BHN@BBBDBJFDD@B@B@HCBABUHAD@HADEDE@G@CACAEAEA@AEACAACGQACA@@AA@@BCDA@EHCDCBABADCF@HADADEDAHAD@FADCFADAD@LAB@DADEFCAAAAECCCAEAECGCECEC@E@CCGCACACAACCCEAMFEBGAEAEAKBC@CAGGEAGBIDE@A@ABCBCBABCFCDABA@CAA@E@A@C@E@C@C@CBC@C@EGACCGEAG@GDEBA@A@ABAB@BAHABEBA@AACAAAAAAC@A@AAA@AA@ECAAEEAEAAACACCGAAC@AACBC@A@CA@CA@AAA@EEC@CBC@CBABE@C@A@G@CAA@ADA@C@CBC@E@E@CBAB@B@DBB@HAJA@BFCNAJ@RADCDC@GCMGG@IBGHGLGNAZ@V@J@DL`BL@DGFADDFZR@BFH@DDDPXNTDP@XHTRRTHPLLFVFZD`HdH@@L@lJ`VBLBBHAHEVGTBJFJLLBFBHDNBR@HEFCJBHBFRN`RPNDPBHBD@PFDHE@@@@@A@@@@@@@@@@@@@@@@B@@@B@@@B@@@@@@@B@@@@@B@@@@@@@B@@@@@B@@@@@@@@@@@@@B@@B@@@@@@@@BB@@@@@@@@@@@B@@B@@B@@@@B@@@@@@@@@@@B@@@@@@@@B@@@@@@B@@@@@@@@@@@@@@B@@B@@@@@@@@@@@B@@B@@@@@@@@@@@@@@B@@@@@@@@B@@@@@@@@@@@@@@@@@@@@@@@@@@B@@@@@@@@@@@@@@@@B@@@@@@@@@@B@@@@@@@@B@@@@@@@@@@@@@@B@@@@@@@@@@@@B@@@@@@@@@@@@@@@B@@AB@@@@@B@@@B@@@@@@@@A@@@@@@@@@@@A@@@@@@A@@A@@@"],["@@@@AA@@@@@@A@@@@A@@@@AA@@@@AA@@@@A@@A@@A@@@@@@@@AA@@@@@@@@@@@@@A@@@@AA@@@@@@@@@@@A@@@@@@AA@@@@@@@@@@@@A@@@@@@A@@A@@@@AA@@@@@@AA@@@@@AA@GFfT@@"]],"encodeOffsets":[[[107619,25527]],[[107619,25527]]]}}],"UTF8Encoding":true}