{"type":"FeatureCollection","features":[{"type":"Feature","id":"450602","properties":{"name":"港口区","cp":[108.346281,21.614406],"childNum":1},"geometry":{"type":"Polygon","coordinates":["@@USYYYiMMGGEEGGAA@AAE@GAEAICCECECCC@CACAECCmWCC@CBE@GAEEEKGOG[IWEYAKuDNS¸@DH\\@BFFFFDJHTHVFPFL@F@J@D@BBB@BB@ABADA@ABABC@ABCBCB@BAB@@A@AB@@ABABAB@BCDABADAB@D@BDFBBBHB@BDBB@@@@@BB@@@@A@@BA@@@A@@@A@@@@B@@@@@@@@@@@B@@@@B@@@@@@B@@@@@@@@@@@@@B@@B@@@B@B@@@@B@@@@@@B@@@@@@BB@@@B@@@@@@BA@@@A@@@@@@@@@@@@@A@@@@B@@@@B@@@@@@B@@B@@B@@@@@@@@@@@BA@@@@B@@@B@@@B@B@BBBB@@@@BB@@B@BB@A@@@@@A@AAA@@@C@A@ADAB@@@B@A@@B@@@@BB@@@@BB@@@BB@@BA@DBB@BB@@@@@B@BB@@B@@BA@@BABA@AB@@@BABA@@B@@A@@@A@@B@BB@@@B@@@BBBDBB@B@@@@A@@@CDB@BB@B@BA@AB@@@BCDAB@BABAB@@@B@BAB@@A@@B@B@@@@B@@@B@@AB@@@B@@B@B@BA@BB@@@BBDBB@B@@@BA@@@@@AD@BA@@B@B@BB@B@BB@D@B@@B@@AB@@@BBBBB@BABA@AD@B@@AD@@B@@@@@B@@@@B@B@@@D@@@B@BB@B@D@B@DB@@D@@BA@BF@@B@BA@B@@@BBBBA@@@@BA@@@ADABA@@BAB@@@@@@BAB@BB@@B@@@@AB@@@B@B@D@BBBB@@A@A@@BA@@BBB@@@B@B@@@B@@@@B@B@BDABBBBBBBB@@BBDBB@BBBBB@@@BBD@D@BA@@B@@A@A@ADCB@BBBAF@@CFAD@B@@@DBD@B@DAD@BADADAFADCFAHAB@DCBCJKJGDAHAD@@@BB@@B@BB@B@@HLBDB@FF@@B@BBD@DBDAFCDCHEFAFCHCB@D@BAB@BA@@FAB@FA@@FAFCDABABABABCBABCB@B@DCDA@ADC@G@ACECGAC@@@CAC@A"],"encodeOffsets":[[111198,22198]]}},{"type":"Feature","id":"450621","properties":{"name":"上思县","cp":[107.982139,22.151423],"childNum":1},"geometry":{"type":"Polygon","coordinates":["@@FHH@NCHCJEPCP@RFRFZJPBRCPEL@HHFJJHNDNDVBZFR@P@PDPHLHL@NCLCHAJ@H@H@JAFADAF@NBJBFDHHDDD@F@FCFADA@C@M@ABAB@DBJDNFBB@D@P@DCD@D@BFDHBBB@B@HAF@BHD@D@H@BHBDDDDDBFCHCJEBCD@JBBB@BADCLELAFBDBDDDNHBDBBDB@F@BDDDDJBHDHDDDF@JDBD@B@BABC@@B@B@@BB@BA@CBABA@@B@D@@@@@@@BHNJJLJNLDBFBF@JAPGRFJLFLHLHHRAVERHBD@@@@LVB@@BDBFDFBFAF@D@DCBGAC@C@CDCBADADAD@B@DDDAFCFCBAFIB@F@LEDABCAEACA@@@@C@A@C@@@A@CDAB@@A@CAAAA@A@CBCBCACBEBG@ADAF@D@FI@A@ADGBC@C@@BAD@DBJ@H@DADCFADABGFALCF@HGHFFJLLFFDDFEDCDCDBDFDDDBLEJEHG@ACGAKAKFEFCBAJCDCBCEC@EBKDIHCHBDAHE@GHAHDBCDEHEL@@A@I@KAIEHEAECECQIE@EE@@@@@CMBGCG@AAOGCCACAGC@CBSG@@CACC@CBAD@BA@CCAEAGEK@E@CCAIEK@C@AC@C@@AAC@ABC@EBAFCD@BCBAAA@ABCF@B@DGBEAKAELCHCB@F@JA@G@CACACEGCCCAE@@B@@EBA@@B@B@BEDA@@@ACAC@A@AF@B@@@@AACBC@ABCAAACBAB@BADC@AAC@AA@CA@@AAACAABEB@FAB@BC@C@EBA@@DAB@DAB@DA@@BAHAB@FCB@D@@A@ACEAAE@@AC@IKEA@CGCAAAA@ECC@@BGBGFC@ABCAEA@AA@CAC@AAA@@AEEKAECKGKKCKBQHCDKDG@CGAOEGOKMGWKOIKGOIIGYSOMGGGEOIMEMCMCSCWEIEGEGEGACBGBG@E@GAGCGAKGOIIGIASAM@SAMCUEOASGIEEEBCDGFCLIFI@KCEEAKCICMAKEQCQGSEMEO@M@QBOBQ@QAU@UEOGKEUIOGgIIGEEDKDEFM@GCAQKUEOCQESGY@OFEB@BKJGDE@GAEEIEMICACAE@ICECKGQGOCABE@A@ECCCA@OBBDAFAHGNADBD@DCBBBBB@FA@BLDLFNDHJFFJAFEHEJEJANBRDLFPJLHN@HCFCFAF@DBHBDADABCBCDABABCFCFADCBCDE@ABG@CH@DHLHN@BHDDBBBDDBB@DABGF@BA@@B@BFFDF@B@FAD@FB@D@DAFCB@BBDJDBDBFAH@DB@B@@CD@BANDPFRHNPJJNDPJJLFJHLXJRRH@PTBNAAT@PTLJNRPCNKNKBBRMD@H@HDHDLBHCHEHIDIFEHCJCJCLCNEJCPEJALBF"],"encodeOffsets":[[110213,22718]]}},{"type":"Feature","id":"450603","properties":{"name":"防城区","cp":[108.358426,21.764758],"childNum":1},"geometry":{"type":"Polygon","coordinates":["@@PAB@DDFDB@F@BAPDRHLHFDJDF@DBDBNJJFFFHBF@HCLI@AFAPEZ@THRFPDVFRLDB@HENCFCLFFJHhJPHVJLFPHVFV@RBR@PARAN@P@NFTFRHRDLFNBJDLDFBDF@LEJKJEDCHADFFJFTHPBVFNDTBN@TBJBJHPJLHHBHDHBF@H@HADAHBHFHFJFXFTDNDNDNFPJHFHHPNZTJHPJLHPJXLNHPLFHBPDHH@LCDCRGLALDHLDLHMLOLKHCVAR@HEJKBMAONIPBHGEMAIJKJE\\KRER@NDZHPHVHXALGJAH@\\LJFPBRMLILCJAHBHBNDLAHAJCLENGFEBAHIDIBE@CB@@A@C@A@ACC@A@A@CBA@@EE@CA@CI@KDIFGTUBANMRMHGPIDADCFEBCBC@CAEBE@G@EBEBK@CBA@CBC@@FCJEDA@@BC@A@AA@A@@@A@C@@BA@A@@BA@@AA@@A@A@AA@AAA@CACACAA@AACA@@@AAC@AACBC@A@A@C@A@A@ABA@A@@@A@A@@@EBE@AACAA@A@C@ACDA@GBEBCDEBCBCBABC@CBA@C@CA@@A@C@EB@DE@ABAAA@CD@B@B@BA@@@ABC@C@AA@@A@AAAAA@CAAA@@AAAAAAAACB@A@A@A@@A@@@A@A@@@A@AA@@AB@@@B@BA@AA@A@C@A@A@@BA@@@@@AA@@ABA@A@@@@A@AB@@ABCB@B@@AB@@@@ABAA@A@@@AABA@@@AEB@@AC@@@CAA@C@A@A@@A@A@@@C@@@A@A@@A@@@@@A@@@BC@@@ABCB@BA@AAAAA@A@@BA@@@AA@C@A@@A@AAAA@A@@@ABC@@B@@@@AB@@A@A@CAAA@@A@@AABA@A@@@@A@@BA@@@A@@@A@@A@A@@@@BA@ABA@@@A@ABABA@CBAD@@A@@BABA@A@@ACA@D@@@B@@A@A@CAAA@A@@@A@@AAA@@@@B@@@BA@@@ABAB@@A@@BABAB@@AB@@@AA@@A@A@@@@AAA@CAB@@AA@@A@@AA@@@@AA@@@@@AB@A@@@A@CB@B@B@D@@BB@B@B@@@@@BAAA@@@AA@@@@AAAAA@A@@@A@@@A@@@@@AB@@@@@@@@@@A@@@@AA@@@@@@@@A@@A@@@@@@B@@@@@@@@@@@@@B@@AB@@@@@@@A@@AA@@@@@@@A@@@@A@@@@@@A@A@@@AA@@@@@@@@@@@@@A@@@@@@@@A@@A@@@@@@@@@@@A@@@@@@B@@@B@@AB@@@B@@A@@A@@@@AAACA@AGAACE@A@CBABCBADC@ABABABA@@BAB@@@BA@ADADABAD@BABAB@BCBAA@@AAA@A@C@I@EEKEOGUGSCIEEEE@AG[@CT·QAOE}USGOGEGCCGEgMAI@I@EFCH@JDHHJTTVZFJBFDHJRJPBTBNCPAFEJKNIFMBG@O\\AHAHBJBLBFEJABEJANBLDDFPHTBNAJCFEFA@CDILEFCFCDC@C@WIKCICKEOGKEGCUKGBCA@A@CDGFWBGAECGCAICICCEAACAC@C@ABCFGFIDCBAFAJEDCBA@C@EAEAICQGCAA@CBCBGLCFCDEBEBAAGBCBIJEHCJCFGDIBCBIBEDCBCDAFCBICGFGNCBCBE@K@C@IFS@K@MBGAE@EDM@CAAAAAAA@E@G@ADCDADABC@C@GCCGCGCMECACCBADA@CBE@CACACCAEAAAAEAEAG@C@CDCBC@AEIAGACIMCAAAA@I@E@WI@@A@@B@@BD@B@B@B@B@B@BA@ABC@A@ABA@@@AB@@@BBB@BAB@BCBA@ABAAA@C@EB@@@B@@@D@@@BA@ABA@A@@@ACAAAAC@CAC@AAA@@A@@@C@A@CAA@@AAA@A@AB@@AB@@ABA@@@A@@A@@A@ABA@AB@BAFABEF@@CBA@A@A@A@A@@BCBABA@A@GBC@A@A@A@ABA@A@@@@A@AAA@@AAC@AAC@A@A@ABA@A@A@A@@@AAA@A@ABA@@BA@A@AAA@AA@@@A@C@A@AA@@@CAA@CBAAA@A@@AA@B@@A@@@A@@A@A@AAC@AAC@@@C@A@AAA@A@A@C@A@ABA@A@AACAC@EAA@@AA@AACCCAAAAA@AA@AAC@AAC@A@CAA@A@A@@@AA@@AC@@A@A@@A@@AA@@CACA@ACACAC@A@@AA@AAA@@AA@A@A@CA@@A@@@@BA@A@@@CCA@A@A@@@A@@AAA@AA@@@A@A@C@AAA@A@A@A@@@A@A@ABA@A@CBEDCBC@ABA@@@AAA@ECCAECECC@EAGAE@GAG@SAE@A@A@A@AACCAAA@AAG@E@A@A@A@ABCB@BA@EFGHCDCDABA@AB@@@BA@@BA@A@A@C@A@A@A@A@@@AA@@AA@AAA@A@@A@AA@@CBC@C@A@@@A@@@A@AAAA@AAAAA@@AA@AA@@AAAAAA@@A@A@AA@A@@A@@@@@A@AAAAEA@AA@CAA@@A@@@ABA@AB@@ABAD@@A@@@A@AA@@A@A@@@@A@@@AA@A@@AC@G@A@A@@BCB@@CB@@CB@@IBEBEBA@A@@@A@CA@@C@A@A@A@A@A@ABC@@@ABA@@@AB@@A@@@@@A@@@A@@@@@@@A@@@@@@@A@A@@@@@@@B@FDB@BBDDB@@@B@BB@@@BBB@B@@AB@@@BB@BDBB@BBD@BCFEFABCDEFAD@HANALALGHADNBHBHDJBJH@B@D@BCDCDGDAB@B@@DBBBD@F@B@B@DFFDFDDJFHFHLLDDHFJFDDAHBDDBLDLBDBBD"],"encodeOffsets":[[110140,22248]]}},{"type":"Feature","id":"450681","properties":{"name":"东兴市","cp":[107.97017,21.541172],"childNum":1},"geometry":{"type":"Polygon","coordinates":["@@B@@@XJF@J@B@BBDBJNBDBHFJ@BADCD@D@DBHBFBFBBFBDBBDBD@DAF@DCBABDDDBNFHDHDDD@H@DADCBCBCD@B@H@FBBBBBBDBN@FCF@HBNAL@T@JED@L@F@DADAHMHEJDDABEDCDAFCJADAJAHCDEDIFGJIDAHABBFAFADCDEHKDADAB@DBRHJDFBFBD@B@DAFCBIBEDAJCHEDEBAD@D@DBBBDFJDJDDBDHBFAHEXCH@D@BDBHAVLHDLFPHLFJDLDXJD@D@DCDEFEJKDCB@FEDEBIAMGSEOCCAKBMFIBAFIAEAKAIBGBGP[A@QESEMIGIEKEKCCOGYESGIIAA@ABCBCFCJChMTKJGDI@IEEOIoM{E_@SF\\UFEBGHCDEJCHEDIDMBGBGAIAG@A@CAABC@ABABAAC@AAC@@@A@AAE@E@A@A@ECA@C@A@C@CB@@AAA@@CAA@AA@AAA@ABA@A@@@A@@@AA@AAAAA@@A@A@A@ABA@A@C@AAC@A@ABCB@@AFELAFAHCFAFAFAD@B@BBB@B@@@BABCBCBCBCDCBCBABCDABAB@F@D@B@@AB@@C@A@AAA@EC@@A@@@ABA@ABA@@@A@A@@@ABABA@ABA@A@@@A@@@@A@@@A@A@A@@AAAB@@A@AB@@AB@@BB@@@@@B@B@B@@@BABA@AB@@A@A@AB@@A@A@@BAB@@@B@@B@BB@@BB@@@@@BAB@@@B@@@B@@ABA@EACB@@A@@BA@@B@@AB@@@BBB@@BBB@D@B@B@@BB@@B@B@@@B@@@BABA@@@A@@@ABA@@@@B@B@@B@@BBB@@BB@B@@AB@@CBABABA@A@A@@@A@A@@BAB@@"],"encodeOffsets":[[110471,22148]]}}],"UTF8Encoding":true}